Product Id,Product Handle,Product Title,Product Subtitle,Product Description,Product Status,Product Thumbnail,Product Weight,Product Length,Product Width,Product Height,Product HS Code,Product Origin Country,Product MID Code,Product Material,Shipping Profile Id,Product Sales Channel 1,Product Collection Id,Product Type Id,Product Tag 1,Product Discountable,Product External Id,Variant Id,Variant Title,Variant SKU,Variant Barcode,Variant Allow Backorder,Variant Manage Inventory,Variant Weight,Variant Length,Variant Width,Variant Height,Variant HS Code,Variant Origin Country,Variant MID Code,Variant Material,Variant Price EUR,Variant Price USD,Variant Option 1 Name,Variant Option 1 Value,Product Image 1 Url,Product Image 2 Url
,parfum-item-11981,Tanasuk Al Haramain,Product,"<p>Tanasuk&nbsp;de&nbsp;Al Haramain Perfumes&nbsp;es una fragancia de la familia olfativa Oriental Vainilla para Hombres y Mujeres. Las Notas de Salida son rosa, granadina y azafrán; las Notas de Corazón son notas amaderadas, ámbar y jazmín; las Notas de Fondo son vainilla, azúcar moreno y almizcle.</p><p>&nbsp;</p><p><em><strong>Tanasuk Extrait de Parfum de Al Haramain</strong>&nbsp;es una fragancia unisex que fusiona dulzura, elegancia y misterio en una composición oriental irresistible. Su salida vibrante mezcla rosa, azafrán y granadina, creando un inicio floral y frutal con acentos especiados. En el corazón, el ámbar, el jazmín y las notas amaderadas aportan profundidad y sensualidad. La base se funde en una estela cálida y golosa de vainilla, azúcar moreno y almizcle, dejando huella con su carácter envolvente.&nbsp;<strong>Tanasuk Extrait de Parfum</strong>&nbsp;es ideal para quienes buscan una experiencia olfativa intensa, romántica y sofisticada. Un perfume que transforma cada instante en un recuerdo dorado.</em></p>",published,346e0f_90ca61ddd9904bb489c6d6c00364b29a~mv2.jpg,100.0,,,,,,,,,,,,,true,item_11981,,Default variant,11981,,false,true,100.0,,,,,,,,295400.0,295400.0,Default option,Default,346e0f_90ca61ddd9904bb489c6d6c00364b29a~mv2.jpg,
,parfum-item-11980,Haramain Detour Rouge Al Haramain,Product,"<p>Détour Rouge&nbsp;de&nbsp;Al Haramain Perfumes&nbsp;es una fragancia de la familia olfativa Cítrica para Hombres y Mujeres.&nbsp;Détour Rouge&nbsp;se lanzó en 2022. Las Notas de Salida son lavanda, bergamota y cardamomo; las Notas de Corazón son té negro, tabaco y violeta; las Notas de Fondo son almizcle, haba tonka y cedro.</p>",published,346e0f_ef5393173c4b42cfa74d040406a06d97~mv2.jpg,100.0,,,,,,,,,,,,,true,item_11980,,Default variant,11980,,false,true,100.0,,,,,,,,316400.0,316400.0,Default option,Default,346e0f_ef5393173c4b42cfa74d040406a06d97~mv2.jpg,
,parfum-item-11979,Haramain Detour Exclusif Noir Al Haramain,Product,"<p>Detour Noir Exclusif&nbsp;de&nbsp;Al Haramain Perfumes&nbsp;es una fragancia de la familia olfativa Oriental Floral para Hombres y Mujeres.&nbsp;Detour Noir Exclusif&nbsp;se lanzó en 2024. Las Notas de Salida son almendra, notas acuosas, mandarina y bergamota; las Notas de Corazón son algalia (civet), geranio, rosa, nenúfar (lirio de agua) y gardenia; las Notas de Fondo son Oud laosiano, madera de gaiac, vainilla, sándalo, café, hojas de pachulí de Indonesia, ámbar, musgo de roble y pimienta rosa.</p>",published,346e0f_448e15b0cc7b46588e5e98ef2ffd317e~mv2.jpg,100.0,,,,,,,,,,,,,true,item_11979,,Default variant,11979,,false,true,100.0,,,,,,,,316400.0,316400.0,Default option,Default,346e0f_448e15b0cc7b46588e5e98ef2ffd317e~mv2.jpg,
,parfum-item-11978,Haramain Detour Eco Al Haramain,Product,"<p>Haramain Detour Eco&nbsp;de&nbsp;Al Haramain Perfumes&nbsp;es una fragancia de la familia olfativa Oriental Amaderada para Hombres y Mujeres.&nbsp;Haramain Detour Eco&nbsp;se lanzó en 2024. Las Notas de Salida son lavanda, esclarea y bergamota; las Notas de Corazón son azafrán y praliné; las Notas de Fondo son madera de oud y cedro.</p>",published,346e0f_339110678f7c46498ee6e7e3c7b0b172~mv2.jpg,100.0,,,,,,,,,,,,,true,item_11978,,Default variant,11978,,false,true,100.0,,,,,,,,316400.0,316400.0,Default option,Default,346e0f_339110678f7c46498ee6e7e3c7b0b172~mv2.jpg,
,parfum-item-11977,Amber Oud White Edition Al Haramain,Product,"<p>Amber Oud White Edition&nbsp;de&nbsp;Al Haramain Perfumes&nbsp;es una fragancia de la familia olfativa Chipre Floral para Hombres y Mujeres.&nbsp;Amber Oud White Edition&nbsp;se lanzó en 2022. Las Notas de Salida son bergamota y naranja; las Notas de Corazón son jazmín, rosa, fresia y ciclamen (violeta persa); las Notas de Fondo son pachulí, almizcle, vetiver y vainilla.</p>",published,346e0f_89891c37d77a460f8e1aa57b87c7425e~mv2.webp,200.0,,,,,,,,,,,,,true,item_11977,,Default variant,11977,,false,true,200.0,,,,,,,,595000.0,595000.0,Default option,Default,346e0f_89891c37d77a460f8e1aa57b87c7425e~mv2.webp,
,parfum-item-11976,Amber Oud Ultra Violet Al Haramain,Product,"<p>Amber Oud Ultra Violet&nbsp;de&nbsp;Al Haramain Perfumes&nbsp;es una fragancia de la familia olfativa Almizcle Floral Amaderado para Mujeres.&nbsp;Amber Oud Ultra Violet&nbsp;se lanzó en 2024. Las Notas de Salida son rosa, jengibre y bergamota; las Notas de Corazón son nardos, jazmín y flores blancas; las Notas de Fondo son almizcle, pachulí y roble.</p>",published,346e0f_6ccc2917fac64a3e87a8f524e22d4094~mv2.webp,60.0,,,,,,,,,,,,,true,item_11976,,Default variant,11976,,false,true,60.0,,,,,,,,368200.0,368200.0,Default option,Default,346e0f_6ccc2917fac64a3e87a8f524e22d4094~mv2.webp,
,parfum-item-11974,Velvet Desert Oud Dolce & Gabbana,Product,<p>Velvet Desert Oud&nbsp;de&nbsp;Dolce&amp;Gabbana&nbsp;es una fragancia de la familia olfativa Oriental para Hombres y Mujeres.&nbsp;Velvet Desert Oud&nbsp;se lanzó en 2013.</p>,published,346e0f_e6286a1c9f604cb3b9580e95acfe3f73~mv2.avif,100.0,,,,,,,,,,,,,true,item_11974,,Default variant,11974,,false,true,100.0,,,,,,,,1603000.0,1603000.0,Default option,Default,346e0f_e6286a1c9f604cb3b9580e95acfe3f73~mv2.avif,
,parfum-item-11973,Velvet Blue Musk Dolce & Gabbana,Product,"<p>Velvet Blue Musk&nbsp;de&nbsp;Dolce&amp;Gabbana&nbsp;es una fragancia de la familia olfativa Almizcle Amaderado Floral para Hombres y Mujeres.&nbsp;Velvet Blue Musk&nbsp;se lanzó en 2023. La Nariz detrás de esta fragrancia es Mathilde Bijaoui. Las Notas de Salida son cardamomo, azafrán y comino; las Notas de Corazón son sándalo, cipriol (nagarmota) y rosa de Damasco; las Notas de Fondo son almizcle, haba tonka y cedro.</p>",published,346e0f_d8d4b64ec0ac4a6f9fe97138d13f3529~mv2.avif,100.0,,,,,,,,,,,,,true,item_11973,,Default variant,11973,,false,true,100.0,,,,,,,,1603000.0,1603000.0,Default option,Default,346e0f_d8d4b64ec0ac4a6f9fe97138d13f3529~mv2.avif,
,parfum-item-11972,Velvet Zafferano Dolce & Gabbana,Product,"<p>Velvet Zafferano&nbsp;de&nbsp;Dolce&amp;Gabbana&nbsp;es una fragancia de la familia olfativa Oriental Especiada para Hombres y Mujeres. Esta fragrancia es nueva.&nbsp;Velvet Zafferano&nbsp;se lanzó en 2024. La Nariz detrás de esta fragrancia es Aurélien Guichard. La Nota de Salida es azafrán; las Notas de Corazón son tabaco y hojas de tabaco; las Notas de Fondo son ámbar, vainilla, pachulí y ládano.</p>",published,346e0f_f38b2564101e4c6cbfb25835a81c8d74~mv2.avif,100.0,,,,,,,,,,,,,true,item_11972,,Default variant,11972,,false,true,100.0,,,,,,,,1603000.0,1603000.0,Default option,Default,346e0f_f38b2564101e4c6cbfb25835a81c8d74~mv2.avif,
,parfum-item-11971,Fame In Love Rabanne Parfum Elixir,Product,"<p>Fame in Love&nbsp;de&nbsp;Rabanne&nbsp;es una fragancia de la familia olfativa Floral Frutal Gourmand para Mujeres. Esta fragrancia es nueva.&nbsp;Fame in Love&nbsp;se lanzó en 2025. Fame in Love fue creada por Dora Baghriche, Fabrice Pellegrin y Clement Gavarry. Las Notas de Salida son fresa, mandarina verde y albahaca; las Notas de Corazón son jazmín, incienso y raíz de lirio; las Notas de Fondo son absoluto de vainilla, Notas minerales y pachulí.</p>",published,346e0f_9ba79792c8894f6cae4a0e519ed79519~mv2.avif,80.0,,,,,,,,,,,,,true,item_11971,,Default variant,11971,,false,true,80.0,,,,,,,,842800.0,842800.0,Default option,Default,346e0f_9ba79792c8894f6cae4a0e519ed79519~mv2.avif,
,parfum-item-11969,Hawas Verde Rasasi,Product,<p>Hawas Verde&nbsp;de&nbsp;Rasasi&nbsp;es una fragancia de la familia olfativa Cítrica Aromática para Hombres. Esta fragrancia es nueva.&nbsp;Hawas Verde&nbsp;se lanzó en 2025.</p>,published,346e0f_7997b2d810cc46409ff59ce622f27170~mv2.jpg,100.0,,,,,,,,,,,,,true,item_11969,,Default variant,11969,,false,true,100.0,,,,,,,,478800.0,478800.0,Default option,Default,346e0f_7997b2d810cc46409ff59ce622f27170~mv2.jpg,
,parfum-item-11968,Jardin des Papillons Paris Corner,Product,"<p>Jardin des Papillons&nbsp;de&nbsp;PARIS CORNER&nbsp;es una fragancia de la familia olfativa Cítrica Aromática para Mujeres. Esta fragrancia es nueva.&nbsp;Jardin des Papillons&nbsp;se lanzó en 2025. Las Notas de Salida son mandarina, Limón confitado y naranja; las Notas de Corazón son flor de azahar del naranjo y jazmín; las Notas de Fondo son ambroxan, vainilla y azúcar.</p>",published,346e0f_9ba79792c8894f6cae4a0e519ed79519~mv2.avif,100.0,,,,,,,,,,,,,true,item_11968,,Default variant,11968,,false,true,100.0,,,,,,,,407400.0,407400.0,Default option,Default,346e0f_9ba79792c8894f6cae4a0e519ed79519~mv2.avif,
,parfum-item-11966,Candy White Grandeur,Product,<p>Candy White&nbsp;de&nbsp;Grandeur&nbsp;es una fragancia de la familia olfativa Floral Frutal Gourmand para Hombres y Mujeres.&nbsp;Candy White&nbsp;se lanzó en 2024. Las Notas de Salida son ciruela y almizcle; las Notas de Corazón son praliné y raíz de lirio; las Notas de Fondo son vainilla y coco.</p>,published,346e0f_57370ca1087d4338a90878f6e6d05a57~mv2.webp,100.0,,,,,,,,,,,,,true,item_11966,,Default variant,11966,,false,true,100.0,,,,,,,,354200.0,354200.0,Default option,Default,346e0f_57370ca1087d4338a90878f6e6d05a57~mv2.webp,
,parfum-item-11965,Lumina Bharara,Product,"<p>Lumina de Bharara Beauty (Eau de Parfum) es una fragancia femenina de perfil floral ambarado que combina un brillo inicial luminoso con un corazón suave y empolvado, y un cierre cálido de aire resinoso y elegante.</p>",published,346e0f_b017ee103bf14bc6b700e38e17be9264~mv2.webp,100.0,,,,,,,,,,,,,true,item_11965,,Default variant,11965,,false,true,100.0,,,,,,,,306600.0,306600.0,Default option,Default,346e0f_b017ee103bf14bc6b700e38e17be9264~mv2.webp,
,parfum-item-11964,Majesty Maktoub,Product,"<p>Su aroma es&nbsp;<strong>amaderado, frutal, dulce</strong>&nbsp;con acordes de ámbar</p><p>Abre con lo mas fino de la bergamota y la pera, pasa de una forma sutil a su corazón que tiene rosa y magnolia. Cierra con un sensual toque de madera &nbsp;que aporta carácter.</p>",published,346e0f_6a284c239be5400fbceabc66d272f819~mv2.webp,100.0,,,,,,,,,,,,,true,item_11964,,Default variant,11964,,false,true,100.0,,,,,,,,415800.0,415800.0,Default option,Default,346e0f_6a284c239be5400fbceabc66d272f819~mv2.webp,
,parfum-item-11963,Al Haramain Le Rêve D'Eve White Orchid,Product,"<p>Al Haramain Le Rêve D'Eve White Orchid&nbsp;es un&nbsp;<strong>Extrait de Parfum&nbsp;femenino, floral y lujoso que captura la elegancia de las orquídeas blancas con matices frescos, dulces y jabonosos</strong>. Destaca por su aroma ligero, sofisticado, de larga duración y una base cálida de almizcle, vainilla y ámbar, ideal para el uso diario o especial.&nbsp;</p>",published,346e0f_bcb465dfbfda4f9a8180a68a9e9a7b54~mv2.jpg,100.0,,,,,,,,,,,,,true,item_11963,,Default variant,11963,,false,true,100.0,,,,,,,,415800.0,415800.0,Default option,Default,346e0f_bcb465dfbfda4f9a8180a68a9e9a7b54~mv2.jpg,
,parfum-item-11962,Al Haramain Le Rêve d'Eve Red Jasper,Product,"<p>Al Haramain Le Rêve d'Eve Red Jasper&nbsp;es un&nbsp;<strong>Extrait de Parfum unisex audaz y sofisticado</strong>, destacado por su mezcla de azafrán, manzana, notas florales, cuero, oud y almizcle. Lanzado en 2024, ofrece una fragancia intensa, duradera y misteriosa, perfecta para la noche, presentada en un vibrante frasco rojo.&nbsp;</p>",published,346e0f_3299018cfc0e4bd794769ca8655192a0~mv2.jpg,100.0,,,,,,,,,,,,,true,item_11962,,Default variant,11962,,false,true,100.0,,,,,,,,415800.0,415800.0,Default option,Default,346e0f_3299018cfc0e4bd794769ca8655192a0~mv2.jpg,
,parfum-item-11961,Matai Noor,Product,"<p>Un juego entre lo cítrico y lo dulce. Limón, bergamota y fruta de la pasión dan paso a un corazón floral y un fondo gourmand con chocolate, caramelo y ámbar. Potente, pero bien estructurado.</p>",published,346e0f_1c119757d65f461c98e782f495afe3d7~mv2.png,50.0,,,,,,,,,,,,,true,item_11961,,Default variant,11961,,false,true,50.0,,,,,,,,408800.0,408800.0,Default option,Default,346e0f_1c119757d65f461c98e782f495afe3d7~mv2.png,
,parfum-item-11960,Matai Sahara,Product,"<p>Una fusión impecable de frescura y profundidad. La bergamota y la manzana roja abren con un brillo sutil antes de dar paso a la calidez especiada de la canela y la tuberosa. En el fondo, el ámbar, la mirra y el benjuí crean una estela envolvente y estructurada.</p>",published,346e0f_4aecc556fc534430891a424aa27be04e~mv2.webp,50.0,,,,,,,,,,,,,true,item_11960,,Default variant,11960,,false,true,50.0,,,,,,,,408800.0,408800.0,Default option,Default,346e0f_4aecc556fc534430891a424aa27be04e~mv2.webp,
,parfum-item-11959,Matai Zenith,Product,"<p>Fresco y envolvente. Cítricos y frutas en la salida, un corazón floral con jazmín y rosa, y un fondo cremoso de vainilla, ámbar y almizcle blanco. Ligero, pero con mucha presencia.</p>",published,346e0f_51f75021b96a41cb83f425a418ef8860~mv2.webp,50.0,,,,,,,,,,,,,true,item_11959,,Default variant,11959,,false,true,50.0,,,,,,,,408800.0,408800.0,Default option,Default,346e0f_51f75021b96a41cb83f425a418ef8860~mv2.webp,
,parfum-item-11958,Matai Nasim,Product,"<p>Especiado, floral y con carácter. Cardamomo, canela y bergamota en la salida, seguidos por un corazón de jazmín y patchouli. El fondo de sándalo y haba tonka aporta solidez y un acabado sofisticado.</p>",published,346e0f_09b034788b274673a253653c7cea2aeb~mv2.webp,50.0,,,,,,,,,,,,,true,item_11958,,Default variant,11958,,false,true,50.0,,,,,,,,408800.0,408800.0,Default option,Default,346e0f_09b034788b274673a253653c7cea2aeb~mv2.webp,
,parfum-item-11957,Flowers Serenade Oussal Parfum D´Origine,Product,"<p>Un homenaje a la belleza y el poder de las flores, este perfume radiante y encantador envuelve con su esencia blanca y cristalina. Inspirado en la gracia de la naturaleza, combina la dulzura de la Gardenia y el Kadupul con notas ozónicas frescas, ofreciendo una serenata olfativa que conforta y eleva el espíritu.</p>",published,346e0f_b8f667ab3fd74a3fb67ef87664f2ef4d~mv2.jpg,80.0,,,,,,,,,,,,,true,item_11957,,Default variant,11957,,false,true,80.0,,,,,,,,326200.0,326200.0,Default option,Default,346e0f_b8f667ab3fd74a3fb67ef87664f2ef4d~mv2.jpg,
,parfum-item-11970,Antartic Tsunami de Oussal Parfum D'Origine,Product,"<p>Una fragancia que recuerda la majestuosa helada del Ártico, capturando la frescura acuática y salada de colosales olas glaciares. Este perfume combina la sofisticación acuática con notas especiadas y tentadoras, evocando la supremacía del océano helado que domina con su poder descomunal. Perfecto para quienes buscan una esencia fresca y vigorizante.</p>",published,346e0f_16ac207a51ae4d3d9fbd76c0f8dcce04~mv2.jpg,80.0,,,,,,,,,,,,,true,item_11970,,Default variant,11970,,false,true,80.0,,,,,,,,326200.0,326200.0,Default option,Default,346e0f_16ac207a51ae4d3d9fbd76c0f8dcce04~mv2.jpg,
,parfum-item-11954,Uomo Intense Stallion 53 Emper,Product,"<p>Intenso by Stallion 53&nbsp;es más que un perfume; es una declaración de poder y masculinidad sin complejos. Esta fragancia multifacética está diseñada para el hombre que no solo vive el momento, sino que lo domina por completo. Su aroma, complejo y audaz, es una sinfonía de notas que se entrelazan para crear una estela inolvidable.</p><p>El perfume se abre con un estallido energizante de&nbsp;toronja&nbsp;y&nbsp;bergamota, mezclado con el toque picante de la&nbsp;pimienta rosa. Le siguen las notas dulces y afrutadas de&nbsp;grosellas negras&nbsp;y&nbsp;piña, que se vuelven exóticas con la calidez de la&nbsp;nuez moscada&nbsp;y el&nbsp;clavo de olor. En su corazón, la fragancia se calienta con la intensidad del&nbsp;jengibre, la&nbsp;canela&nbsp;y el&nbsp;cardamomo, equilibradas por el frescor de la&nbsp;cidra&nbsp;y la elegancia de la&nbsp;rosa. El viaje culmina en una base robusta y sensual, donde el&nbsp;pachulí, el&nbsp;vetiver&nbsp;y el&nbsp;sándalo&nbsp;se fusionan con el&nbsp;musgo de roble, el&nbsp;almizcle&nbsp;y la dulzura del&nbsp;haba tonka, creando una profundidad inigualable y duradera.</p><p>Intenso&nbsp;no es para todos; es para el hombre que no teme destacar y que proyecta una presencia poderosa y memorable.</p>",published,346e0f_7b303c7eae3041859e315f0839300844~mv2.webp,100.0,,,,,,,,,,,,,true,item_11954,,Default variant,11954,,false,true,100.0,,,,,,,,295400.0,295400.0,Default option,Default,346e0f_7b303c7eae3041859e315f0839300844~mv2.webp,
,parfum-item-11953,Hawas Viper Rasasi,Product,"<p>Hawas Viper&nbsp;de&nbsp;Rasasi&nbsp;es una fragancia de la familia olfativa Oriental para Hombres. Esta fragrancia es nueva.&nbsp;Hawas Viper&nbsp;se lanzó en 2025. Las Notas de Salida son azafrán, marihuana (cannabis), tomillo, notas verdes y Davana; las Notas de Corazón son tabaco, café, frambuesa, canela y violeta; las Notas de Fondo son haba tonka, almizcle y bálsamo de Gurjum.</p>",published,346e0f_1569483386864f25941afeb676540c77~mv2.webp,100.0,,,,,,,,,,,,,true,item_11953,,Default variant,11953,,false,true,100.0,,,,,,,,442400.0,442400.0,Default option,Default,346e0f_1569483386864f25941afeb676540c77~mv2.webp,
,parfum-item-11952,Paradoxe Radical Essence Prada,Product,"<p>Prada Paradoxe Radical Essence&nbsp;de&nbsp;Prada&nbsp;es una fragancia de la familia olfativa Almizcle Floral Amaderado para Mujeres. Esta fragrancia es nueva.&nbsp;Prada Paradoxe Radical Essence&nbsp;se lanzó en 2025. Prada Paradoxe Radical Essence fue creada por Antoine Maisondieu, Nadège Le Garlantezec y Shyamala Maisondieu. Las Notas de Salida son neroli y flor de azahar del naranjo; la Nota de Corazón es pistacho (pistache); la Nota de Fondo es sándalo.</p>",published,346e0f_c365d5dba09e41b7b9f5b902d6ab1101~mv2.jpg,90.0,,,,,,,,,,,,,true,item_11952,,Default variant,11952,,false,true,90.0,,,,,,,,1019200.0,1019200.0,Default option,Default,346e0f_c365d5dba09e41b7b9f5b902d6ab1101~mv2.jpg,
,parfum-item-11949,The Icon Supreme Banderas,Product,"<p>The Icon Supreme for Men&nbsp;de&nbsp;Antonio Banderas&nbsp;es una fragancia de la familia olfativa Aromática Verde para Hombres. Esta fragrancia es nueva.&nbsp;The Icon Supreme for Men&nbsp;se lanzó en 2025. Las Notas de Salida son bergamota, pimienta rosa, cardamomo y neroli; las Notas de Corazón son marihuana (cannabis), eucalipto, ciprés y romero; las Notas de Fondo son musgo, Humo, ámbar y Cistus Incanus.</p>",published,346e0f_acd91aebab694af088c6d1338f104f47~mv2.webp,100.0,,,,,,,,,,,,,true,item_11949,,Default variant,11949,,false,true,100.0,,,,,,,,273000.0,273000.0,Default option,Default,346e0f_acd91aebab694af088c6d1338f104f47~mv2.webp,
,parfum-item-11947,XLNC Titan Nayaat,Product,"<p>XLNC Titan&nbsp;de&nbsp;Nayaat&nbsp;es una fragancia de la familia olfativa Aromática Fougère para Hombres. Esta fragrancia es nueva.&nbsp;XLNC Titan&nbsp;se lanzó en 2025. Las Notas de Salida son Menta verde, casia, comino, abrótano y bergamota; las Notas de Corazón son lavanda, cardamomo, iris, violeta y elemí; las Notas de Fondo son vainilla, ámbar, musgo, notas amaderadas y almizcle.</p>",published,346e0f_26ab75703ac34befad97425079a081f2~mv2.avif,200.0,,,,,,,,,,,,,true,item_11947,,Default variant,11947,,false,true,200.0,,,,,,,,526400.0,526400.0,Default option,Default,346e0f_26ab75703ac34befad97425079a081f2~mv2.avif,
,parfum-item-11946,XLNC Imperium Nayaat,Product,"<p>XLNC Imperium&nbsp;de&nbsp;Nayaat&nbsp;es una fragancia de la familia olfativa Oriental Vainilla para Hombres. Esta fragrancia es nueva.&nbsp;XLNC Imperium&nbsp;se lanzó en 2025. Las Notas de Salida son coñac, ciruela y canela; las Notas de Corazón son mirra y iris; las Notas de Fondo son haba tonka, sándalo y vainilla.</p>",published,346e0f_7dc608f53b9d4c11a82fb83d556ef6a1~mv2.avif,200.0,,,,,,,,,,,,,true,item_11946,,Default variant,11946,,false,true,200.0,,,,,,,,526400.0,526400.0,Default option,Default,346e0f_7dc608f53b9d4c11a82fb83d556ef6a1~mv2.avif,
,parfum-item-11945,Dubai Delicacy Red Velvet Armaf Delights,Product,"<p>Armaf Delights Dubai Delicacy Red Velvet Eau de Parfum (70 ml) es una fragancia floral frutal gourmand lanzada en 2026, con un carácter dulce y luminoso: arranque chispeante y jugoso, corazón cremoso tipo “postre” y un fondo cálido y suave que deja una estela acogedora. En el universo de perfumes y fragancias gourmand modernas, se siente azucarada, aterciopelada y ligeramente floral.</p>",published,346e0f_0f6800c3975942108f0f1a1d9104a109~mv2.avif,70.0,,,,,,,,,,,,,true,item_11945,,Default variant,11945,,false,true,70.0,,,,,,,,352800.0,352800.0,Default option,Default,346e0f_0f6800c3975942108f0f1a1d9104a109~mv2.avif,
,parfum-item-11944,Dubai Delicacy Cotton Candy Armaf Delights,Product,"<p>Armaf Delights Dubai Delicacy Cotton Candy Eau de Parfum (70 ml) es un perfume con una estela floral frutal gourmand de espíritu goloso y contemporáneo: apertura frutal chispeante con un matiz especiado, corazón floral suave y un cierre cálido, avainillado y ligeramente amaderado que evoca un efecto “algodón de azúcar” pulido. Lanzamiento: 2026. En el lenguaje de perfumes y fragancias dulces, apuesta por una dulzura luminosa más suave que densa.</p>",published,346e0f_2addaf4b109d479b84d21bae4bf3eaac~mv2.webp,70.0,,,,,,,,,,,,,true,item_11944,,Default variant,11944,,false,true,70.0,,,,,,,,352800.0,352800.0,Default option,Default,346e0f_2addaf4b109d479b84d21bae4bf3eaac~mv2.webp,
,parfum-item-11943,Al Noor Arabiyat Prestige,Product,"<p>Al Noor&nbsp;de&nbsp;Arabiyat Prestige&nbsp;es una fragancia de la familia olfativa Oriental Especiada para Hombres y Mujeres. Esta fragrancia es nueva.&nbsp;Al Noor&nbsp;se lanzó en 2025. La Nariz detrás de esta fragrancia es Mustafa Firoz. Las Notas de Salida son cardamomo, azafrán y nuez moscada; las Notas de Corazón son higo, iris, ládano y vetiver; las Notas de Fondo son cuero, haba tonka, vainilla y pachulí.</p>",published,346e0f_077b29157e6a401c8ac041b7e923751d~mv2.avif,100.0,,,,,,,,,,,,,true,item_11943,,Default variant,11943,,false,true,100.0,,,,,,,,387800.0,387800.0,Default option,Default,346e0f_077b29157e6a401c8ac041b7e923751d~mv2.avif,
,parfum-item-11942,Safa Arabiyat Prestige,Product,"<p>Safa&nbsp;de&nbsp;Arabiyat Prestige&nbsp;es una fragancia de la familia olfativa Floral Frutal Gourmand para Mujeres. Esta fragrancia es nueva.&nbsp;Safa&nbsp;se lanzó en 2025. Las Notas de Salida son lichi, avellana y Frutas rojas; las Notas de Corazón son rosa, magnolia y cipriol (nagarmota); las Notas de Fondo son ámbar gris, vainilla y Acorde goloso.</p>",published,346e0f_a65f8d624cfb444bbde49d6f737111cb~mv2.avif,100.0,,,,,,,,,,,,,true,item_11942,,Default variant,11942,,false,true,100.0,,,,,,,,387800.0,387800.0,Default option,Default,346e0f_a65f8d624cfb444bbde49d6f737111cb~mv2.avif,
,parfum-item-11941,Marwa Arabiyat Prestige,Product,"<p>Marwa&nbsp;de&nbsp;Arabiyat Prestige&nbsp;es una fragancia de la familia olfativa Cítrica Aromática para Hombres. Esta fragrancia es nueva.&nbsp;Marwa&nbsp;se lanzó en 2025. Las Notas de Salida son bergamota de Calabria, limón (lima ácida) y naranja siciliana; las Notas de Corazón son jengibre nigeriano, canela de Ceylan y neroli de Túnez; las Notas de Fondo son ambroxan, incienso de olíbano (franquincienso), té negro de China y madera de gaiac.</p>",published,346e0f_862766e5b0fa480cb9f2d2765f44083f~mv2.avif,,,,,,,,,,,,,,true,item_11941,,Default variant,11941,,false,true,,,,,,,,,387800.0,387800.0,Default option,Default,346e0f_862766e5b0fa480cb9f2d2765f44083f~mv2.avif,
,parfum-item-11940,Bon Bon Armaf Delights,Product,"<p>Bon Bon&nbsp;de&nbsp;Armaf&nbsp;es una fragancia de la familia olfativa Floral Frutal Gourmand para Hombres y Mujeres. Esta fragrancia es nueva.&nbsp;Bon Bon&nbsp;se lanzó en 2026. Las Notas de Salida son mandarina, bergamota, manzana Granny Smith y papaya; las Notas de Corazón son peonía, Notas marinas, azucena, Flor de té verde y chabacano; las Notas de Fondo son almizcle, Acorde goloso y sándalo.</p>",published,346e0f_142a9476c2d44477a1bb0773cb927493~mv2.avif,100.0,,,,,,,,,,,,,true,item_11940,,Default variant,11940,,false,true,100.0,,,,,,,,424200.0,424200.0,Default option,Default,346e0f_142a9476c2d44477a1bb0773cb927493~mv2.avif,
,parfum-item-11939,Naya Niche Avenue,Product,"<p>Naya de Niche Avenue (Eau de Parfum) 100 ml es una fragancia unisex de carácter brillante y glamuroso, construida alrededor de un acorde frutal jugoso y un corazón floral sedoso que se apoya en un fondo cremoso y cálido. Su estilo se percibe alegre, envolvente y pulido, con un cierre avainillado-almizclado de aire moderno dentro del universo de los perfumes y las fragancias; el año de lanzamiento y el perfumista no aparecen publicados de forma verificable en las fichas consultadas.</p>",published,346e0f_67c2573aa0424726ab7892c169f22a42~mv2.webp,100.0,,,,,,,,,,,,,true,item_11939,,Default variant,11939,,false,true,100.0,,,,,,,,310800.0,310800.0,Default option,Default,346e0f_67c2573aa0424726ab7892c169f22a42~mv2.webp,
,parfum-item-11938,Fahed Niche Avenue,Product,,published,,100.0,,,,,,,,,,,,,true,item_11938,,Default variant,11938,,false,true,100.0,,,,,,,,310800.0,310800.0,Default option,Default,,
,parfum-item-11936,Id√¥le L‚ÄòEau de Parfum Lanc√¥me,Product,,published,,100.0,,,,,,,,,,,,,true,item_11936,,Default variant,11936,,false,true,100.0,,,,,,,,729400.0,729400.0,Default option,Default,,
,parfum-item-11935,Swiss Army For Her Apricot Rose Victorinox,Product,,published,,100.0,,,,,,,,,,,,,true,item_11935,,Default variant,11935,,false,true,100.0,,,,,,,,266000.0,266000.0,Default option,Default,,
,parfum-item-11933,Signatures No II Maison Alhambra,Product,,published,,50.0,,,,,,,,,,,,,true,item_11933,,Default variant,11933,,false,true,50.0,,,,,,,,274400.0,274400.0,Default option,Default,,
,parfum-item-11932,swiss army Lilac Jasmine de Victorinox,Product,,published,,100.0,,,,,,,,,,,,,true,item_11932,,Default variant,11932,,false,true,100.0,,,,,,,,266000.0,266000.0,Default option,Default,,
,parfum-item-11931,Island Dreams Khadlaj,Product,,published,,100.0,,,,,,,,,,,,,true,item_11931,,Default variant,11931,,false,true,100.0,,,,,,,,306600.0,306600.0,Default option,Default,,
,parfum-item-11930,Olymp√©a Absolu Paco Rabanne Parfum Intese,Product,,published,,80.0,,,,,,,,,,,,,true,item_11930,,Default variant,11930,,false,true,80.0,,,,,,,,721000.0,721000.0,Default option,Default,,
,parfum-item-11929,Flower Kenzo La R√©colte Parisienne Kenzo,Product,,published,,75.0,,,,,,,,,,,,,true,item_11929,,Default variant,11929,,false,true,75.0,,,,,,,,505400.0,505400.0,Default option,Default,,
,parfum-item-11914,Delphinus Creed,Product,,published,,100.0,,,,,,,,,,,,,true,item_11914,,Default variant,11914,,false,true,100.0,,,,,,,,2097200.0,2097200.0,Default option,Default,,
,parfum-item-11912,Oud Save The Queen Atkinsons,Product,,published,,100.0,,,,,,,,,,,,,true,item_11912,,Default variant,11912,,false,true,100.0,,,,,,,,897400.0,897400.0,Default option,Default,,
,parfum-item-11909,44 Gerrard Street Atkinsons,Product,,published,,100.0,,,,,,,,,,,,,true,item_11909,,Default variant,11909,,false,true,100.0,,,,,,,,613200.0,613200.0,Default option,Default,,
,parfum-item-11908,24 Old Bond Street Triple Extract Atkinsons,Product,,published,,100.0,,,,,,,,,,,,,true,item_11908,,Default variant,11908,,false,true,100.0,,,,,,,,639800.0,639800.0,Default option,Default,,
,parfum-item-11907,24 Old Bond Street Atkinsons,Product,,published,,100.0,,,,,,,,,,,,,true,item_11907,,Default variant,11907,,false,true,100.0,,,,,,,,613200.0,613200.0,Default option,Default,,
,parfum-item-11906,Mint & Tonic Atkinsons,Product,,published,,100.0,,,,,,,,,,,,,true,item_11906,,Default variant,11906,,false,true,100.0,,,,,,,,761600.0,761600.0,Default option,Default,,
,parfum-item-11905,James Atkinsons,Product,,published,,100.0,,,,,,,,,,,,,true,item_11905,,Default variant,11905,,false,true,100.0,,,,,,,,751800.0,751800.0,Default option,Default,,
,parfum-item-11904,Pirates Grand Reserve Atkinsons,Product,,published,,100.0,,,,,,,,,,,,,true,item_11904,,Default variant,11904,,false,true,100.0,,,,,,,,798000.0,798000.0,Default option,Default,,
,parfum-item-11903,Gold Fair In Mayfair Atkinsons,Product,,published,,100.0,,,,,,,,,,,,,true,item_11903,,Default variant,11903,,false,true,100.0,,,,,,,,816200.0,816200.0,Default option,Default,,
,parfum-item-11902,The Other Side Of Oud Atkinsons,Product,,published,,100.0,,,,,,,,,,,,,true,item_11902,,Default variant,11902,,false,true,100.0,,,,,,,,798000.0,798000.0,Default option,Default,,
,parfum-item-11901,His Majesty The Oud Atkinsons,Product,,published,,100.0,,,,,,,,,,,,,true,item_11901,,Default variant,11901,,false,true,100.0,,,,,,,,816200.0,816200.0,Default option,Default,,
,parfum-item-11895,Armani Code Giorgio Armani,Product,,published,,125.0,,,,,,,,,,,,,true,item_11895,,Default variant,11895,,false,true,125.0,,,,,,,,701400.0,701400.0,Default option,Default,,
,parfum-item-11894,Percival Parfums De Marly,Product,,published,,125.0,,,,,,,,,,,,,true,item_11894,,Default variant,11894,,false,true,125.0,,,,,,,,1754200.0,1754200.0,Default option,Default,,
,parfum-item-11893,Greenley Parfums De Marly,Product,,published,,125.0,,,,,,,,,,,,,true,item_11893,,Default variant,11893,,false,true,125.0,,,,,,,,1727600.0,1727600.0,Default option,Default,,
,parfum-item-11892,Gucci Flora Gorgeous Orchid,Product,,published,,100.0,,,,,,,,,,,,,true,item_11892,,Default variant,11892,,false,true,100.0,,,,,,,,674800.0,674800.0,Default option,Default,,
,parfum-item-11891,Gucci Flora Gorgeous Magnolia,Product,,published,,100.0,,,,,,,,,,,,,true,item_11891,,Default variant,11891,,false,true,100.0,,,,,,,,674800.0,674800.0,Default option,Default,,
,parfum-item-11890,Acqua Di Gioia Giorgio Armani EDP Intense,Product,,published,,100.0,,,,,,,,,,,,,true,item_11890,,Default variant,11890,,false,true,100.0,,,,,,,,798000.0,798000.0,Default option,Default,,
,parfum-item-11889,La Mia Bella Vita Guess,Product,,published,,100.0,,,,,,,,,,,,,true,item_11889,,Default variant,11889,,false,true,100.0,,,,,,,,316400.0,316400.0,Default option,Default,,
,parfum-item-11888,Freeze Riiffs Perfums,Product,,published,,100.0,,,,,,,,,,,,,true,item_11888,,Default variant,11888,,false,true,100.0,,,,,,,,331800.0,331800.0,Default option,Default,,
,parfum-item-11887,Rome Ivory Mast Perfume,Product,,published,,100.0,,,,,,,,,,,,,true,item_11887,,Default variant,11887,,false,true,100.0,,,,,,,,296800.0,296800.0,Default option,Default,,
,parfum-item-11885,Hawas Atlantis Rasasi,Product,,published,,100.0,,,,,,,,,,,,,true,item_11885,,Default variant,11885,,false,true,100.0,,,,,,,,478800.0,478800.0,Default option,Default,,
,parfum-item-11884,Vetiver Glacier Frozen Santal Montblanc,Product,,published,,125.0,,,,,,,,,,,,,true,item_11884,,Default variant,11884,,false,true,125.0,,,,,,,,721000.0,721000.0,Default option,Default,,
,parfum-item-11883,Patchouli Ink Dark Woods Montblanc,Product,,published,,125.0,,,,,,,,,,,,,true,item_11883,,Default variant,11883,,false,true,125.0,,,,,,,,721000.0,721000.0,Default option,Default,,
,parfum-item-11882,Extreme Leather Smoked Iris MontBlanc,Product,,published,,125.0,,,,,,,,,,,,,true,item_11882,,Default variant,11882,,false,true,125.0,,,,,,,,721000.0,721000.0,Default option,Default,,
,parfum-item-11881,Lacoste Original,Product,,published,,100.0,,,,,,,,,,,,,true,item_11881,,Default variant,11881,,false,true,100.0,,,,,,,,441000.0,441000.0,Default option,Default,,
,parfum-item-11880,Coach New York Gold,Product,,published,,90.0,,,,,,,,,,,,,true,item_11880,,Default variant,11880,,false,true,90.0,,,,,,,,478800.0,478800.0,Default option,Default,,
,parfum-item-11879,Le Beau Paradise Garden Jean Paul Gaultier,Product,,published,,75.0,,,,,,,,,,,,,true,item_11879,,Default variant,11879,,false,true,75.0,,,,,,,,532000.0,532000.0,Default option,Default,,
,parfum-item-11876,Irresistible Nude Velvet Givenchy,Product,,published,,50.0,,,,,,,,,,,,,true,item_11876,,Default variant,11876,,false,true,50.0,,,,,,,,579600.0,579600.0,Default option,Default,,
,parfum-item-11874,Mila‚Äòs Secret Find Your Way Lomani,Product,,published,,100.0,,,,,,,,,,,,,true,item_11874,,Default variant,11874,,false,true,100.0,,,,,,,,268800.0,268800.0,Default option,Default,,
,parfum-item-11873,Secret Black Sugar Lomani,Product,,published,,100.0,,,,,,,,,,,,,true,item_11873,,Default variant,11873,,false,true,100.0,,,,,,,,268800.0,268800.0,Default option,Default,,
,parfum-item-11868,Guilty Crush The House of Oud,Product,,published,,75.0,,,,,,,,,,,,,true,item_11868,,Default variant,11868,,false,true,75.0,,,,,,,,1069600.0,1069600.0,Default option,Default,,
,parfum-item-11866,Body Mist Cherry Baby Sabrina Carpenter,Product,,published,,236.0,,,,,,,,,,,,,true,item_11866,,Default variant,11866,,false,true,236.0,,,,,,,,110600.0,110600.0,Default option,Default,,
,parfum-item-11865,Body Mist Sweet Tooth Sabrina Carpenter,Product,,published,,236.0,,,,,,,,,,,,,true,item_11865,,Default variant,11865,,false,true,236.0,,,,,,,,110600.0,110600.0,Default option,Default,,
,parfum-item-11864,Body Mist Me Espresso Sabrina Carpenter,Product,,published,,236.0,,,,,,,,,,,,,true,item_11864,,Default variant,11864,,false,true,236.0,,,,,,,,110600.0,110600.0,Default option,Default,,
,parfum-item-11863,Body Mist Caramel Dream Sabrina Carpenter,Product,,published,,236.0,,,,,,,,,,,,,true,item_11863,,Default variant,11863,,false,true,236.0,,,,,,,,110600.0,110600.0,Default option,Default,,
,parfum-item-11862,Decant Bright Crystal Parfum de Versace,Product,,published,,10.0,,,,,,,,,,,,,true,item_11862,,Default variant,11862,,false,true,10.0,,,,,,,,82600.0,82600.0,Default option,Default,,
,parfum-item-11860,Decant Eau Fraiche Extreme Versace,Product,,published,,10.0,,,,,,,,,,,,,true,item_11860,,Default variant,11860,,false,true,10.0,,,,,,,,75600.0,75600.0,Default option,Default,,
,parfum-item-11859,Decant Michael Kors Absolu Pour Femme,Product,,published,,10.0,,,,,,,,,,,,,true,item_11859,,Default variant,11859,,false,true,10.0,,,,,,,,72800.0,72800.0,Default option,Default,,
,parfum-item-11858,Decant Michael Kors Absolu Pour Homme,Product,,published,,10.0,,,,,,,,,,,,,true,item_11858,,Default variant,11858,,false,true,10.0,,,,,,,,72800.0,72800.0,Default option,Default,,
,parfum-item-11850,Nitro Blue Dumont Paris,Product,,published,,100.0,,,,,,,,,,,,,true,item_11850,,Default variant,11850,,false,true,100.0,,,,,,,,306600.0,306600.0,Default option,Default,,
,parfum-item-11849,Cavort Fragrance Du Bois,Product,,published,,100.0,,,,,,,,,,,,,true,item_11849,,Default variant,11849,,false,true,100.0,,,,,,,,2115400.0,2115400.0,Default option,Default,,
,parfum-item-11848,Solstis Fragrance Du Bois,Product,,published,,100.0,,,,,,,,,,,,,true,item_11848,,Default variant,11848,,false,true,100.0,,,,,,,,2221800.0,2221800.0,Default option,Default,,
,parfum-item-11847,Milano Fragrance Du Bois,Product,,published,,100.0,,,,,,,,,,,,,true,item_11847,,Default variant,11847,,false,true,100.0,,,,,,,,1990800.0,1990800.0,Default option,Default,,
,parfum-item-11846,Lovers Fragrance Du Bois,Product,,published,,100.0,,,,,,,,,,,,,true,item_11846,,Default variant,11846,,false,true,100.0,,,,,,,,2339400.0,2339400.0,Default option,Default,,
,parfum-item-11845,Sir√©ne Fragrance Du Bois,Product,,published,,75.0,,,,,,,,,,,,,true,item_11845,,Default variant,11845,,false,true,75.0,,,,,,,,2094400.0,2094400.0,Default option,Default,,
,parfum-item-11837,Rojo De Shakira,Product,,published,,80.0,,,,,,,,,,,,,true,item_11837,,Default variant,11837,,false,true,80.0,,,,,,,,222600.0,222600.0,Default option,Default,,
,parfum-item-11834,Bella Vita Paradiso Guess,Product,,published,,100.0,,,,,,,,,,,,,true,item_11834,,Default variant,11834,,false,true,100.0,,,,,,,,316400.0,316400.0,Default option,Default,,
,parfum-item-11833,Speachless Lorenzo Pazzaglia,Product,,published,,50.0,,,,,,,,,,,,,true,item_11833,,Default variant,11833,,false,true,50.0,,,,,,,,1204000.0,1204000.0,Default option,Default,,
,parfum-item-11832,Sex Sea Lorenzo pazzaglia,Product,,published,,50.0,,,,,,,,,,,,,true,item_11832,,Default variant,11832,,false,true,50.0,,,,,,,,1135400.0,1135400.0,Default option,Default,,
,parfum-item-11831,Sun-Gria Lorenzo pazzaglia,Product,,published,,50.0,,,,,,,,,,,,,true,item_11831,,Default variant,11831,,false,true,50.0,,,,,,,,1135400.0,1135400.0,Default option,Default,,
,parfum-item-11830,Playing With The Devil Kilian,Product,,published,,50.0,,,,,,,,,,,,,true,item_11830,,Default variant,11830,,false,true,50.0,,,,,,,,1535800.0,1535800.0,Default option,Default,,
,parfum-item-11829,Castley Parfums De Marly,Product,,published,,125.0,,,,,,,,,,,,,true,item_11829,,Default variant,11829,,false,true,125.0,,,,,,,,1891400.0,1891400.0,Default option,Default,,
,parfum-item-11827,Costa Azzurra Tom Ford,Product,,published,,100.0,,,,,,,,,,,,,true,item_11827,,Default variant,11827,,false,true,100.0,,,,,,,,1708000.0,1708000.0,Default option,Default,,
,parfum-item-11826,724 Maison Francis Kurkdjian,Product,,published,,200.0,,,,,,,,,,,,,true,item_11826,,Default variant,11826,,false,true,200.0,,,,,,,,2675400.0,2675400.0,Default option,Default,,
,parfum-item-11825,Game Of Spades Emerald Jo Milano,Product,,published,,100.0,,,,,,,,,,,,,true,item_11825,,Default variant,11825,,false,true,100.0,,,,,,,,576800.0,576800.0,Default option,Default,,
,parfum-item-11824,Game Of Spades Double Bonus Jo Milano,Product,,published,,100.0,,,,,,,,,,,,,true,item_11824,,Default variant,11824,,false,true,100.0,,,,,,,,621600.0,621600.0,Default option,Default,,
,parfum-item-11823,Oud Satin Maison Francis Kurkdjian,Product,,published,,70.0,,,,,,,,,,,,,true,item_11823,,Default variant,11823,,false,true,70.0,,,,,,,,2312800.0,2312800.0,Default option,Default,,
,parfum-item-11822,Elysium Eau Intense Roja Parfums,Product,,published,,100.0,,,,,,,,,,,,,true,item_11822,,Default variant,11822,,false,true,100.0,,,,,,,,1621200.0,1621200.0,Default option,Default,,
,parfum-item-11821,Elysium Roja Parfums,Product,,published,,100.0,,,,,,,,,,,,,true,item_11821,,Default variant,11821,,false,true,100.0,,,,,,,,1506400.0,1506400.0,Default option,Default,,
,parfum-item-11819,Valentino Donna Born in Roma Ivory,Product,,published,,100.0,,,,,,,,,,,,,true,item_11819,,Default variant,11819,,false,true,100.0,,,,,,,,884800.0,884800.0,Default option,Default,,
,parfum-item-11818,Chance De Chanel Eau Splendide,Product,,published,,100.0,,,,,,,,,,,,,true,item_11818,,Default variant,11818,,false,true,100.0,,,,,,,,1444800.0,1444800.0,Default option,Default,,
,parfum-item-11817,Bleu De Chanel L'exclusif,Product,,published,,100.0,,,,,,,,,,,,,true,item_11817,,Default variant,11817,,false,true,100.0,,,,,,,,2168600.0,2168600.0,Default option,Default,,
,parfum-item-11816,Dance Stellar Shakira,Product,,published,,80.0,,,,,,,,,,,,,true,item_11816,,Default variant,11816,,false,true,80.0,,,,,,,,210000.0,210000.0,Default option,Default,,
,parfum-item-11815,Angel Fantasm Mugler,Product,,published,,100.0,,,,,,,,,,,,,true,item_11815,,Default variant,11815,,false,true,100.0,,,,,,,,701400.0,701400.0,Default option,Default,,
,parfum-item-11814,Libre L'Absolu Platine Yves Saint Lauren,Product,,published,,90.0,,,,,,,,,,,,,true,item_11814,,Default variant,11814,,false,true,90.0,,,,,,,,859600.0,859600.0,Default option,Default,,
,parfum-item-11813,Paradoxe Virtual Flower Prada,Product,,published,,90.0,,,,,,,,,,,,,true,item_11813,,Default variant,11813,,false,true,90.0,,,,,,,,898800.0,898800.0,Default option,Default,,
,parfum-item-11812,Thank U Next 2.0 Ariana Grande,Product,,published,,100.0,,,,,,,,,,,,,true,item_11812,,Default variant,11812,,false,true,100.0,,,,,,,,484400.0,484400.0,Default option,Default,,
,parfum-item-11811,Amor Amor de Cacharel,Product,,published,,100.0,,,,,,,,,,,,,true,item_11811,,Default variant,11811,,false,true,100.0,,,,,,,,344400.0,344400.0,Default option,Default,,
,parfum-item-11810,La Vie Est Belle Vanille Nude Lanc√¥me,Product,,published,,100.0,,,,,,,,,,,,,true,item_11810,,Default variant,11810,,false,true,100.0,,,,,,,,743400.0,743400.0,Default option,Default,,
,parfum-item-11809,Rayhaan Divine,Product,,published,,100.0,,,,,,,,,,,,,true,item_11809,,Default variant,11809,,false,true,100.0,,,,,,,,316400.0,316400.0,Default option,Default,,
,parfum-item-11808,903 Oud Ilam Bon Parfumeur,Product,,published,,100.0,,,,,,,,,,,,,true,item_11808,,Default variant,11808,,false,true,100.0,,,,,,,,1453200.0,1453200.0,Default option,Default,,
,parfum-item-11806,Tubbees sweet mango melody Grandeur,Product,,published,,50.0,,,,,,,,,,,,,true,item_11806,,Default variant,11806,,false,true,50.0,,,,,,,,191800.0,191800.0,Default option,Default,,
,parfum-item-11805,Tubbees Tira-miss-you Grandeur,Product,,published,,50.0,,,,,,,,,,,,,true,item_11805,,Default variant,11805,,false,true,50.0,,,,,,,,191800.0,191800.0,Default option,Default,,
,parfum-item-11804,Tubbees Candy Apple Grandeur,Product,,published,,50.0,,,,,,,,,,,,,true,item_11804,,Default variant,11804,,false,true,50.0,,,,,,,,191800.0,191800.0,Default option,Default,,
,parfum-item-11803,Tubbees Passion Fruit Mojito Grandeur,Product,,published,,50.0,,,,,,,,,,,,,true,item_11803,,Default variant,11803,,false,true,50.0,,,,,,,,191800.0,191800.0,Default option,Default,,
,parfum-item-11802,Tubbees Matcha Made In Heaven Grandeur,Product,,published,,50.0,,,,,,,,,,,,,true,item_11802,,Default variant,11802,,false,true,50.0,,,,,,,,191800.0,191800.0,Default option,Default,,
,parfum-item-11801,Tubbees Blueberry Sorbet Grandeur,Product,,published,,50.0,,,,,,,,,,,,,true,item_11801,,Default variant,11801,,false,true,50.0,,,,,,,,191800.0,191800.0,Default option,Default,,
,parfum-item-11800,Tubbees Golden Bliss Grandeur,Product,,published,,50.0,,,,,,,,,,,,,true,item_11800,,Default variant,11800,,false,true,50.0,,,,,,,,191800.0,191800.0,Default option,Default,,
,parfum-item-11799,Tubbees Tres Leches Grandeur,Product,,published,,50.0,,,,,,,,,,,,,true,item_11799,,Default variant,11799,,false,true,50.0,,,,,,,,191800.0,191800.0,Default option,Default,,
,parfum-item-11798,Tubbees Berry Explosion Grandeur,Product,,published,,50.0,,,,,,,,,,,,,true,item_11798,,Default variant,11798,,false,true,50.0,,,,,,,,191800.0,191800.0,Default option,Default,,
,parfum-item-11797,502 iris cartagena Bon Parfumeur,Product,,published,,100.0,,,,,,,,,,,,,true,item_11797,,Default variant,11797,,false,true,100.0,,,,,,,,1453200.0,1453200.0,Default option,Default,,
,parfum-item-11796,602 Bois Narcotique Intense Bon Parfumeur,Product,,published,,100.0,,,,,,,,,,,,,true,item_11796,,Default variant,11796,,false,true,100.0,,,,,,,,1453200.0,1453200.0,Default option,Default,,
,parfum-item-11795,Borabora Giardini di Toscana,Product,,published,,100.0,,,,,,,,,,,,,true,item_11795,,Default variant,11795,,false,true,100.0,,,,,,,,1121400.0,1121400.0,Default option,Default,,
,parfum-item-11793,Blu Indaco Giardini di Toscana,Product,,published,,100.0,,,,,,,,,,,,,true,item_11793,,Default variant,11793,,false,true,100.0,,,,,,,,1104600.0,1104600.0,Default option,Default,,
,parfum-item-11792,Rosso Rubino Giardini di Toscana,Product,,published,,100.0,,,,,,,,,,,,,true,item_11792,,Default variant,11792,,false,true,100.0,,,,,,,,1093400.0,1093400.0,Default option,Default,,
,parfum-item-11791,The $kull Philipp Plein,Product,,published,,125.0,,,,,,,,,,,,,true,item_11791,,Default variant,11791,,false,true,125.0,,,,,,,,1164800.0,1164800.0,Default option,Default,,
,parfum-item-11790,Coco Loco superz budapest,Product,,published,,50.0,,,,,,,,,,,,,true,item_11790,,Default variant,11790,,false,true,50.0,,,,,,,,701400.0,701400.0,Default option,Default,,
,parfum-item-11788,Venom Incarnat St√©phane Humbert Lucas 777,Product,,published,,50.0,,,,,,,,,,,,,true,item_11788,,Default variant,11788,,false,true,50.0,,,,,,,,1209600.0,1209600.0,Default option,Default,,
,parfum-item-11787,Pink Boa St√©phane Humbert Lucas 777,Product,,published,,50.0,,,,,,,,,,,,,true,item_11787,,Default variant,11787,,false,true,50.0,,,,,,,,1209600.0,1209600.0,Default option,Default,,
,parfum-item-11786,God of Fire St√©phane Humbert Lucas 777,Product,,published,,50.0,,,,,,,,,,,,,true,item_11786,,Default variant,11786,,false,true,50.0,,,,,,,,1197000.0,1197000.0,Default option,Default,,
,parfum-item-11785,Black Meisterstuck Absolute Incense Montblanc,Product,,published,,125.0,,,,,,,,,,,,,true,item_11785,,Default variant,11785,,false,true,125.0,,,,,,,,798000.0,798000.0,Default option,Default,,
,parfum-item-11784,Azzaro Chrome Parfum Azzaro,Product,,published,,100.0,,,,,,,,,,,,,true,item_11784,,Default variant,11784,,false,true,100.0,,,,,,,,392000.0,392000.0,Default option,Default,,
,parfum-item-11773,Vanilla Powder Matiere Premiere,Product,,published,,100.0,,,,,,,,,,,,,true,item_11773,,Default variant,11773,,false,true,100.0,,,,,,,,1586200.0,1586200.0,Default option,Default,,
,parfum-item-11772,Ombre Tonka de Mancera,Product,,published,,120.0,,,,,,,,,,,,,true,item_11772,,Default variant,11772,,false,true,120.0,,,,,,,,816200.0,816200.0,Default option,Default,,
,parfum-item-11771,Intense Starry Night Montale,Product,,published,,100.0,,,,,,,,,,,,,true,item_11771,,Default variant,11771,,false,true,100.0,,,,,,,,816200.0,816200.0,Default option,Default,,
,parfum-item-11770,Be My Plum De Montale,Product,,published,,100.0,,,,,,,,,,,,,true,item_11770,,Default variant,11770,,false,true,100.0,,,,,,,,761600.0,761600.0,Default option,Default,,
,parfum-item-11768,Gentleman Society Eau de Parfum Extr√™me Givenchy,Product,,published,,60.0,,,,,,,,,,,,,true,item_11768,,Default variant,11768,,false,true,60.0,,,,,,,,477400.0,477400.0,Default option,Default,,
,parfum-item-11765,Bonbon Pop The House of Oud,Product,,published,,75.0,,,,,,,,,,,,,true,item_11765,,Default variant,11765,,false,true,75.0,,,,,,,,833000.0,833000.0,Default option,Default,,
,parfum-item-11758,Chloe L'eau De Parfum Intense,Product,,published,,100.0,,,,,,,,,,,,,true,item_11758,,Default variant,11758,,false,true,100.0,,,,,,,,742000.0,742000.0,Default option,Default,,
,parfum-item-11757,Chloe 100  EDP Dama Recargable,Product,,published,,100.0,,,,,,,,,,,,,true,item_11757,,Default variant,11757,,false,true,100.0,,,,,,,,729400.0,729400.0,Default option,Default,,
,parfum-item-11755,L.12.12 Silver Rose Lacoste,Product,,published,,100.0,,,,,,,,,,,,,true,item_11755,,Default variant,11755,,false,true,100.0,,,,,,,,495600.0,495600.0,Default option,Default,,
,parfum-item-11747,Pepe Jeans Celebrate Dama,Product,,published,,80.0,,,,,,,,,,,,,true,item_11747,,Default variant,11747,,false,true,80.0,,,,,,,,274400.0,274400.0,Default option,Default,,
,parfum-item-11746,Pepe Jeans Celebrate Hombre,Product,,published,,100.0,,,,,,,,,,,,,true,item_11746,,Default variant,11746,,false,true,100.0,,,,,,,,274400.0,274400.0,Default option,Default,,
,parfum-item-11742,Tommy New York,Product,,published,,100.0,,,,,,,,,,,,,true,item_11742,,Default variant,11742,,false,true,100.0,,,,,,,,306600.0,306600.0,Default option,Default,,
,parfum-item-11741,Tommy Girl New York,Product,,published,,100.0,,,,,,,,,,,,,true,item_11741,,Default variant,11741,,false,true,100.0,,,,,,,,306600.0,306600.0,Default option,Default,,
,parfum-item-11740,My World Halloween,Product,,published,,100.0,,,,,,,,,,,,,true,item_11740,,Default variant,11740,,false,true,100.0,,,,,,,,406000.0,406000.0,Default option,Default,,
,parfum-item-11737,Vanilla Powder Matiere Premiere,Product,,published,,100.0,,,,,,,,,,,,,true,item_11737,,Default variant,11737,,false,true,100.0,,,,,,,,1143800.0,1143800.0,Default option,Default,,
,parfum-item-11736,Light Blue Dolce & Gabbana,Product,,published,,100.0,,,,,,,,,,,,,true,item_11736,,Default variant,11736,,false,true,100.0,,,,,,,,442400.0,442400.0,Default option,Default,,
,parfum-item-11735,Creed Absolu Aventus,Product,,published,,100.0,,,,,,,,,,,,,true,item_11735,,Default variant,11735,,false,true,100.0,,,,,,,,2380000.0,2380000.0,Default option,Default,,
,parfum-item-11731,Perfect Elixir Marc Jacobs,Product,,published,,100.0,,,,,,,,,,,,,true,item_11731,,Default variant,11731,,false,true,100.0,,,,,,,,701400.0,701400.0,Default option,Default,,
,parfum-item-11730,Sense Laverne,Product,,published,,100.0,,,,,,,,,,,,,true,item_11730,,Default variant,11730,,false,true,100.0,,,,,,,,512400.0,512400.0,Default option,Default,,
,parfum-item-11729,Yara Elixir Lattafa,Product,,published,,100.0,,,,,,,,,,,,,true,item_11729,,Default variant,11729,,false,true,100.0,,,,,,,,362600.0,362600.0,Default option,Default,,
,parfum-item-11728,Asad Elixir Lattafa,Product,,published,,100.0,,,,,,,,,,,,,true,item_11728,,Default variant,11728,,false,true,100.0,,,,,,,,376600.0,376600.0,Default option,Default,,
,parfum-item-11727,Irresistible Very Floral Givenchy,Product,,published,,50.0,,,,,,,,,,,,,true,item_11727,,Default variant,11727,,false,true,50.0,,,,,,,,491400.0,491400.0,Default option,Default,,
,parfum-item-11726,Teas Me French Avenue,Product,,published,,100.0,,,,,,,,,,,,,true,item_11726,,Default variant,11726,,false,true,100.0,,,,,,,,459200.0,459200.0,Default option,Default,,
,parfum-item-11725,Sun Kissed Aromatix X French Avenue,Product,,published,,100.0,,,,,,,,,,,,,true,item_11725,,Default variant,11725,,false,true,100.0,,,,,,,,459200.0,459200.0,Default option,Default,,
,parfum-item-11724,Forbidden Fruit French Avenue,Product,,published,,100.0,,,,,,,,,,,,,true,item_11724,,Default variant,11724,,false,true,100.0,,,,,,,,459200.0,459200.0,Default option,Default,,
,parfum-item-11723,Magnetiq French Avenue,Product,,published,,100.0,,,,,,,,,,,,,true,item_11723,,Default variant,11723,,false,true,100.0,,,,,,,,463400.0,463400.0,Default option,Default,,
,parfum-item-11721,L.12.12 Silver Grey Lacoste,Product,,published,,100.0,,,,,,,,,,,,,true,item_11721,,Default variant,11721,,false,true,100.0,,,,,,,,470400.0,470400.0,Default option,Default,,
,parfum-item-11720,Rome Extradose Pour Femme Mast Perfume,Product,,published,,100.0,,,,,,,,,,,,,true,item_11720,,Default variant,11720,,false,true,100.0,,,,,,,,296800.0,296800.0,Default option,Default,,
,parfum-item-11719,Bottled Absolu Parfum Intense Hugo Boss,Product,,published,,100.0,,,,,,,,,,,,,true,item_11719,,Default variant,11719,,false,true,100.0,,,,,,,,789600.0,789600.0,Default option,Default,,
,parfum-item-11718,Le Male Le Parfum Jean Paul Gaultier,Product,,published,,75.0,,,,,,,,,,,,,true,item_11718,,Default variant,11718,,false,true,75.0,,,,,,,,551600.0,551600.0,Default option,Default,,
,parfum-item-11717,Le Male Elixir Absolu Jean Paul Gaultier,Product,,published,,75.0,,,,,,,,,,,,,true,item_11717,,Default variant,11717,,false,true,75.0,,,,,,,,537600.0,537600.0,Default option,Default,,
,parfum-item-11714,Voyage Omanluxury,Product,,published,,100.0,,,,,,,,,,,,,true,item_11714,,Default variant,11714,,false,true,100.0,,,,,,,,877800.0,877800.0,Default option,Default,,
,parfum-item-11713,Royal Incense Omanluxury,Product,,published,,100.0,,,,,,,,,,,,,true,item_11713,,Default variant,11713,,false,true,100.0,,,,,,,,877800.0,877800.0,Default option,Default,,
,parfum-item-11712,Flowerlush Omanluxury,Product,,published,,100.0,,,,,,,,,,,,,true,item_11712,,Default variant,11712,,false,true,100.0,,,,,,,,883400.0,883400.0,Default option,Default,,
,parfum-item-11711,Le Male Elixir De Jean Paul Gaultier,Product,,published,,75.0,,,,,,,,,,,,,true,item_11711,,Default variant,11711,,false,true,75.0,,,,,,,,567000.0,567000.0,Default option,Default,,
,parfum-item-11710,Le Beau Le Parfum Intense Jean Paul Gaultier,Product,,published,,75.0,,,,,,,,,,,,,true,item_11710,,Default variant,11710,,false,true,75.0,,,,,,,,547400.0,547400.0,Default option,Default,,
,parfum-item-11708,Fame Feline Collector 2025 Paco Rabanne,Product,,published,,80.0,,,,,,,,,,,,,true,item_11708,,Default variant,11708,,false,true,80.0,,,,,,,,707000.0,707000.0,Default option,Default,,
,parfum-item-11706,Cocktail Maracuja New Notes,Product,,published,,50.0,,,,,,,,,,,,,true,item_11706,,Default variant,11706,,false,true,50.0,,,,,,,,779800.0,779800.0,Default option,Default,,
,parfum-item-11704,Latte di Mimosa New Notes,Product,,published,,50.0,,,,,,,,,,,,,true,item_11704,,Default variant,11704,,false,true,50.0,,,,,,,,798000.0,798000.0,Default option,Default,,
,parfum-item-11703,Bonbons A La Violette New Notes,Product,,published,,50.0,,,,,,,,,,,,,true,item_11703,,Default variant,11703,,false,true,50.0,,,,,,,,798000.0,798000.0,Default option,Default,,
,parfum-item-11701,Devotion Pour Homme Dolce & Gabbana,Product,,published,,50.0,,,,,,,,,,,,,true,item_11701,,Default variant,11701,,false,true,50.0,,,,,,,,586600.0,586600.0,Default option,Default,,
,parfum-item-11700,Caramelo Vanilla New Notes,Product,,published,,50.0,,,,,,,,,,,,,true,item_11700,,Default variant,11700,,false,true,50.0,,,,,,,,779800.0,779800.0,Default option,Default,,
,parfum-item-11699,French Flower Matiere,Product,,published,,100.0,,,,,,,,,,,,,true,item_11699,,Default variant,11699,,false,true,100.0,,,,,,,,1012200.0,1012200.0,Default option,Default,,
,parfum-item-11697,Tulipe Noire Atkinsons,Product,,published,,100.0,,,,,,,,,,,,,true,item_11697,,Default variant,11697,,false,true,100.0,,,,,,,,782600.0,782600.0,Default option,Default,,
,parfum-item-11695,Sauvage Elixir Dior,Product,,published,,100.0,,,,,,,,,,,,,true,item_11695,,Default variant,11695,,false,true,100.0,,,,,,,,1516200.0,1516200.0,Default option,Default,,
,parfum-item-11693,Cool Elixir Davidoff,Product,,published,,100.0,,,,,,,,,,,,,true,item_11693,,Default variant,11693,,false,true,100.0,,,,,,,,387800.0,387800.0,Default option,Default,,
,parfum-item-11692,Cool Elixir Davidoff,Product,,published,,100.0,,,,,,,,,,,,,true,item_11692,,Default variant,11692,,false,true,100.0,,,,,,,,387800.0,387800.0,Default option,Default,,
,parfum-item-11690,Club de Nuit Woman Parfum Extreme Armaf,Product,,published,,105.0,,,,,,,,,,,,,true,item_11690,,Default variant,11690,,false,true,105.0,,,,,,,,415800.0,415800.0,Default option,Default,,
,parfum-item-11689,Club de Nuit Intense Man Parfum Extreme Armaf,Product,,published,,105.0,,,,,,,,,,,,,true,item_11689,,Default variant,11689,,false,true,105.0,,,,,,,,421400.0,421400.0,Default option,Default,,
,parfum-item-11688,Light Blue Summer Vibes Dolce & Gabbana,Product,,published,,100.0,,,,,,,,,,,,,true,item_11688,,Default variant,11688,,false,true,100.0,,,,,,,,555800.0,555800.0,Default option,Default,,
,parfum-item-11687,Irresistible Very Floral Givenchy,Product,,published,,80.0,,,,,,,,,,,,,true,item_11687,,Default variant,11687,,false,true,80.0,,,,,,,,691600.0,691600.0,Default option,Default,,
,parfum-item-11686,Alexandria II Xerjoff,Product,,published,,100.0,,,,,,,,,,,,,true,item_11686,,Default variant,11686,,false,true,100.0,,,,,,,,2349200.0,2349200.0,Default option,Default,,
,parfum-item-11685,Odyssey Spectra Blue Edition,Product,,published,,100.0,,,,,,,,,,,,,true,item_11685,,Default variant,11685,,false,true,100.0,,,,,,,,376600.0,376600.0,Default option,Default,,
,parfum-item-11684,Ralph's Club Ralph Lauren Elixir,Product,,published,,75.0,,,,,,,,,,,,,true,item_11684,,Default variant,11684,,false,true,75.0,,,,,,,,770000.0,770000.0,Default option,Default,,
,parfum-item-11682,Boss Bottled Beyond Hugo Boss,Product,,published,,100.0,,,,,,,,,,,,,true,item_11682,,Default variant,11682,,false,true,100.0,,,,,,,,596400.0,596400.0,Default option,Default,,
,parfum-item-11681,Perle d'Or Armaf,Product,,published,,100.0,,,,,,,,,,,,,true,item_11681,,Default variant,11681,,false,true,100.0,,,,,,,,415800.0,415800.0,Default option,Default,,
,parfum-item-11680,Kaos Tous,Product,,published,,100.0,,,,,,,,,,,,,true,item_11680,,Default variant,11680,,false,true,100.0,,,,,,,,424200.0,424200.0,Default option,Default,,
,parfum-item-11679,Explorer Extreme Montblanc,Product,,published,,100.0,,,,,,,,,,,,,true,item_11679,,Default variant,11679,,false,true,100.0,,,,,,,,564200.0,564200.0,Default option,Default,,
,parfum-item-11678,Summer Hammer Lorenzo Pazzaglia,Product,,published,,50.0,,,,,,,,,,,,,true,item_11678,,Default variant,11678,,false,true,50.0,,,,,,,,1107400.0,1107400.0,Default option,Default,,
,parfum-item-11677,Que Chimba! Lorenzo Pazzaglia,Product,,published,,50.0,,,,,,,,,,,,,true,item_11677,,Default variant,11677,,false,true,50.0,,,,,,,,1188600.0,1188600.0,Default option,Default,,
,parfum-item-11676,Scandal Intense Jean Paul Gaultier,Product,,published,,80.0,,,,,,,,,,,,,true,item_11676,,Default variant,11676,,false,true,80.0,,,,,,,,730800.0,730800.0,Default option,Default,,
,parfum-item-11675,Antaeus De Chanel,Product,,published,,100.0,,,,,,,,,,,,,true,item_11675,,Default variant,11675,,false,true,100.0,,,,,,,,859600.0,859600.0,Default option,Default,,
,parfum-item-11674,Allure De Chanel,Product,,published,,100.0,,,,,,,,,,,,,true,item_11674,,Default variant,11674,,false,true,100.0,,,,,,,,907200.0,907200.0,Default option,Default,,
,parfum-item-11673,Victory Orientica Royal Collection,Product,,published,,80.0,,,,,,,,,,,,,true,item_11673,,Default variant,11673,,false,true,80.0,,,,,,,,674800.0,674800.0,Default option,Default,,
,parfum-item-11672,Noble Orientica Royal Collection,Product,,published,,80.0,,,,,,,,,,,,,true,item_11672,,Default variant,11672,,false,true,80.0,,,,,,,,674800.0,674800.0,Default option,Default,,
,parfum-item-11671,Island Breeze Armaf Delights,Product,,published,,100.0,,,,,,,,,,,,,true,item_11671,,Default variant,11671,,false,true,100.0,,,,,,,,448000.0,448000.0,Default option,Default,,
,parfum-item-11670,Nebras Elixir Lattafa,Product,,published,,100.0,,,,,,,,,,,,,true,item_11670,,Default variant,11670,,false,true,100.0,,,,,,,,387800.0,387800.0,Default option,Default,,
,parfum-item-11669,Bar√©nia H√©rme s,Product,,published,,100.0,,,,,,,,,,,,,true,item_11669,,Default variant,11669,,false,true,100.0,,,,,,,,399000.0,399000.0,Default option,Default,,
,parfum-item-11668,Just Different De Hugo Boss,Product,,published,,75.0,,,,,,,,,,,,,true,item_11668,,Default variant,11668,,false,true,75.0,,,,,,,,266000.0,266000.0,Default option,Default,,
,parfum-item-11661,Oud Zarian de Creed,Product,,published,,100.0,,,,,,,,,,,,,true,item_11661,,Default variant,11661,,false,true,100.0,,,,,,,,2835000.0,2835000.0,Default option,Default,,
,parfum-item-11660,Crystal Saffron Matiere Premiere,Product,,published,,100.0,,,,,,,,,,,,,true,item_11660,,Default variant,11660,,false,true,100.0,,,,,,,,1143800.0,1143800.0,Default option,Default,,
,parfum-item-11659,Anniversario Pantheon Roma,Product,,published,,100.0,,,,,,,,,,,,,true,item_11659,,Default variant,11659,,false,true,100.0,,,,,,,,1342600.0,1342600.0,Default option,Default,,
,parfum-item-11658,Annone Pantheon Roma,Product,,published,,100.0,,,,,,,,,,,,,true,item_11658,,Default variant,11658,,false,true,100.0,,,,,,,,1293600.0,1293600.0,Default option,Default,,
,parfum-item-11657,Rome Imagine Mast Perfume,Product,,published,,100.0,,,,,,,,,,,,,true,item_11657,,Default variant,11657,,false,true,100.0,,,,,,,,295400.0,295400.0,Default option,Default,,
,parfum-item-11656,Taureau De Gabat Lattafa,Product,,published,,100.0,,,,,,,,,,,,,true,item_11656,,Default variant,11656,,false,true,100.0,,,,,,,,368200.0,368200.0,Default option,Default,,
,parfum-item-11655,Dynasty Lattafa,Product,,published,,100.0,,,,,,,,,,,,,true,item_11655,,Default variant,11655,,false,true,100.0,,,,,,,,362600.0,362600.0,Default option,Default,,
,parfum-item-11653,Hawas Diva Rasasi,Product,,published,,100.0,,,,,,,,,,,,,true,item_11653,,Default variant,11653,,false,true,100.0,,,,,,,,387800.0,387800.0,Default option,Default,,
,parfum-item-11652,Tommy Forever Tommy Hilfiger,Product,,published,,100.0,,,,,,,,,,,,,true,item_11652,,Default variant,11652,,false,true,100.0,,,,,,,,298200.0,298200.0,Default option,Default,,
,parfum-item-11651,Tommy Forever Tommy Hilfiger,Product,,published,,100.0,,,,,,,,,,,,,true,item_11651,,Default variant,11651,,false,true,100.0,,,,,,,,309400.0,309400.0,Default option,Default,,
,parfum-item-11650,Cookie Crave Give Me Gourmand Lattafa,Product,,published,,75.0,,,,,,,,,,,,,true,item_11650,,Default variant,11650,,false,true,75.0,,,,,,,,368200.0,368200.0,Default option,Default,,
,parfum-item-11649,Mallow Madness Lattafa,Product,,published,,75.0,,,,,,,,,,,,,true,item_11649,,Default variant,11649,,false,true,75.0,,,,,,,,421400.0,421400.0,Default option,Default,,
,parfum-item-11648,Vanilla Freak Lattafa,Product,,published,,75.0,,,,,,,,,,,,,true,item_11648,,Default variant,11648,,false,true,75.0,,,,,,,,424200.0,424200.0,Default option,Default,,
,parfum-item-11647,Choco Overdose,Product,,published,,75.0,,,,,,,,,,,,,true,item_11647,,Default variant,11647,,false,true,75.0,,,,,,,,424200.0,424200.0,Default option,Default,,
,parfum-item-11646,Whipped Pleasure Lattafa,Product,,published,,75.0,,,,,,,,,,,,,true,item_11646,,Default variant,11646,,false,true,75.0,,,,,,,,424200.0,424200.0,Default option,Default,,
,parfum-item-11645,Berry On Top Give Me Gourmand Lattafa,Product,,published,,75.0,,,,,,,,,,,,,true,item_11645,,Default variant,11645,,false,true,75.0,,,,,,,,380800.0,380800.0,Default option,Default,,
,parfum-item-11643,Rome Yum Yum Mast Perfume,Product,,published,,100.0,,,,,,,,,,,,,true,item_11643,,Default variant,11643,,false,true,100.0,,,,,,,,296800.0,296800.0,Default option,Default,,
,parfum-item-11641,Odyssey Toffee Coffee Armaf,Product,,published,,100.0,,,,,,,,,,,,,true,item_11641,,Default variant,11641,,false,true,100.0,,,,,,,,415800.0,415800.0,Default option,Default,,
,parfum-item-11640,Odyssey Ba ha mas Tropical Armaf,Product,,published,,100.0,,,,,,,,,,,,,true,item_11640,,Default variant,11640,,false,true,100.0,,,,,,,,424200.0,424200.0,Default option,Default,,
,parfum-item-11639,Odyssey Black Forest Armaf,Product,,published,,100.0,,,,,,,,,,,,,true,item_11639,,Default variant,11639,,false,true,100.0,,,,,,,,415800.0,415800.0,Default option,Default,,
,parfum-item-11638,Odyssey Go Mango Armaf,Product,,published,,100.0,,,,,,,,,,,,,true,item_11638,,Default variant,11638,,false,true,100.0,,,,,,,,344400.0,344400.0,Default option,Default,,
,parfum-item-11637,Vulcan Sable French Avenue,Product,,published,,100.0,,,,,,,,,,,,,true,item_11637,,Default variant,11637,,false,true,100.0,,,,,,,,424200.0,424200.0,Default option,Default,,
,parfum-item-11636,Veneno Scarlet French Avenue,Product,,published,,100.0,,,,,,,,,,,,,true,item_11636,,Default variant,11636,,false,true,100.0,,,,,,,,429800.0,429800.0,Default option,Default,,
,parfum-item-11635,Veneno Bianco French Avenue,Product,,published,,100.0,,,,,,,,,,,,,true,item_11635,,Default variant,11635,,false,true,100.0,,,,,,,,424200.0,424200.0,Default option,Default,,
,parfum-item-11633,Mahd Al Dhahab Arabiyat Prestige,Product,,published,,100.0,,,,,,,,,,,,,true,item_11633,,Default variant,11633,,false,true,100.0,,,,,,,,393400.0,393400.0,Default option,Default,,
,parfum-item-11632,Pisces French Avenue,Product,,published,,90.0,,,,,,,,,,,,,true,item_11632,,Default variant,11632,,false,true,90.0,,,,,,,,415800.0,415800.0,Default option,Default,,
,parfum-item-11631,Aquarius French Avenue,Product,,published,,90.0,,,,,,,,,,,,,true,item_11631,,Default variant,11631,,false,true,90.0,,,,,,,,415800.0,415800.0,Default option,Default,,
,parfum-item-11630,Libra French Avenue,Product,,published,,90.0,,,,,,,,,,,,,true,item_11630,,Default variant,11630,,false,true,90.0,,,,,,,,415800.0,415800.0,Default option,Default,,
,parfum-item-11629,Eclaire Pistache De Lattafa,Product,,published,,100.0,,,,,,,,,,,,,true,item_11629,,Default variant,11629,,false,true,100.0,,,,,,,,359800.0,359800.0,Default option,Default,,
,parfum-item-11628,Eclaire Banoffi De Lattafa,Product,,published,,100.0,,,,,,,,,,,,,true,item_11628,,Default variant,11628,,false,true,100.0,,,,,,,,362600.0,362600.0,Default option,Default,,
,parfum-item-11627,Eau Fraiche Extreme Versace,Product,,published,,100.0,,,,,,,,,,,,,true,item_11627,,Default variant,11627,,false,true,100.0,,,,,,,,429800.0,429800.0,Default option,Default,,
,parfum-item-11626,Gaultier Divine Elixir Jean Paul Gaultier,Product,,published,,100.0,,,,,,,,,,,,,true,item_11626,,Default variant,11626,,false,true,100.0,,,,,,,,894600.0,894600.0,Default option,Default,,
,parfum-item-11625,S√¨ Giorgio Armani Eau De Parfum Intense,Product,,published,,100.0,,,,,,,,,,,,,true,item_11625,,Default variant,11625,,false,true,100.0,,,,,,,,761600.0,761600.0,Default option,Default,,
,parfum-item-11624,Million Gold Parfum Paco Rabanne,Product,,published,,90.0,,,,,,,,,,,,,true,item_11624,,Default variant,11624,,false,true,90.0,,,,,,,,641200.0,641200.0,Default option,Default,,
,parfum-item-11620,De Beso En Beso Agatha Ruiz De La Prada,Product,,published,,100.0,,,,,,,,,,,,,true,item_11620,,Default variant,11620,,false,true,100.0,,,,,,,,200200.0,200200.0,Default option,Default,,
,parfum-item-11619,Ombre D'or Armaf,Product,,published,,100.0,,,,,,,,,,,,,true,item_11619,,Default variant,11619,,false,true,100.0,,,,,,,,421400.0,421400.0,Default option,Default,,
,parfum-item-11618,La Panth√®re Parfum de Cartier,Product,,published,,100.0,,,,,,,,,,,,,true,item_11618,,Default variant,11618,,false,true,100.0,,,,,,,,770000.0,770000.0,Default option,Default,,
,parfum-item-11617,Game Of Spades Bonus Parfum JO Milano,Product,,published,,100.0,,,,,,,,,,,,,true,item_11617,,Default variant,11617,,false,true,100.0,,,,,,,,627200.0,627200.0,Default option,Default,,
,parfum-item-11616,Vulcan Baie French Avenue,Product,,published,,100.0,,,,,,,,,,,,,true,item_11616,,Default variant,11616,,false,true,100.0,,,,,,,,448000.0,448000.0,Default option,Default,,
,parfum-item-11615,Marshmallow Blush Paris Corner,Product,,published,,100.0,,,,,,,,,,,,,true,item_11615,,Default variant,11615,,false,true,100.0,,,,,,,,399000.0,399000.0,Default option,Default,,
,parfum-item-11614,La Yuqawam Orchid Prairie Rasasi,Product,,published,,75.0,,,,,,,,,,,,,true,item_11614,,Default variant,11614,,false,true,75.0,,,,,,,,376600.0,376600.0,Default option,Default,,
,parfum-item-11613,Signorina Unica Ferragamo,Product,,published,,100.0,,,,,,,,,,,,,true,item_11613,,Default variant,11613,,false,true,100.0,,,,,,,,495600.0,495600.0,Default option,Default,,
,parfum-item-11612,Sh‚ÄòMallow Fluff French Avenue,Product,,published,,100.0,,,,,,,,,,,,,true,item_11612,,Default variant,11612,,false,true,100.0,,,,,,,,442400.0,442400.0,Default option,Default,,
,parfum-item-11611,Hawas Kobra Rasasi,Product,,published,,100.0,,,,,,,,,,,,,true,item_11611,,Default variant,11611,,false,true,100.0,,,,,,,,368200.0,368200.0,Default option,Default,,
,parfum-item-11610,Hawas Malibu Rasasi,Product,,published,,100.0,,,,,,,,,,,,,true,item_11610,,Default variant,11610,,false,true,100.0,,,,,,,,424200.0,424200.0,Default option,Default,,
,parfum-item-11606,Impact Parfum Tommy Hilfiger,Product,,published,,100.0,,,,,,,,,,,,,true,item_11606,,Default variant,11606,,false,true,100.0,,,,,,,,450800.0,450800.0,Default option,Default,,
,parfum-item-11605,L√©onie Intense Maison Alhambra,Product,,published,,100.0,,,,,,,,,,,,,true,item_11605,,Default variant,11605,,false,true,100.0,,,,,,,,285600.0,285600.0,Default option,Default,,
,parfum-item-11604,Precious Gold Maison Alhambra,Product,,published,,80.0,,,,,,,,,,,,,true,item_11604,,Default variant,11604,,false,true,80.0,,,,,,,,285600.0,285600.0,Default option,Default,,
,parfum-item-11603,Toxic Desire Korbaj,Product,,published,,100.0,,,,,,,,,,,,,true,item_11603,,Default variant,11603,,false,true,100.0,,,,,,,,627200.0,627200.0,Default option,Default,,
,parfum-item-11601,Shuhrah Elixir Rasasi,Product,,published,,90.0,,,,,,,,,,,,,true,item_11601,,Default variant,11601,,false,true,90.0,,,,,,,,334600.0,334600.0,Default option,Default,,
,parfum-item-11600,Odyssey Marshmallow Armaf,Product,,published,,100.0,,,,,,,,,,,,,true,item_11600,,Default variant,11600,,false,true,100.0,,,,,,,,415800.0,415800.0,Default option,Default,,
,parfum-item-11599,Club De Nuit Pr√©cieux IV Extrait de Parfum Armaf,Product,,published,,55.0,,,,,,,,,,,,,true,item_11599,,Default variant,11599,,false,true,55.0,,,,,,,,466200.0,466200.0,Default option,Default,,
,parfum-item-11598,Ana Abiyedh Scarlet Lattafa,Product,,published,,100.0,,,,,,,,,,,,,true,item_11598,,Default variant,11598,,false,true,100.0,,,,,,,,274400.0,274400.0,Default option,Default,,
,parfum-item-11597,Turathi Electric Afnan,Product,,published,,90.0,,,,,,,,,,,,,true,item_11597,,Default variant,11597,,false,true,90.0,,,,,,,,387800.0,387800.0,Default option,Default,,
,parfum-item-11596,Cream Velvet Khadlaj,Product,,published,,100.0,,,,,,,,,,,,,true,item_11596,,Default variant,11596,,false,true,100.0,,,,,,,,313600.0,313600.0,Default option,Default,,
,parfum-item-11595,Shiyaaka Shadow Khadlaj,Product,,published,,100.0,,,,,,,,,,,,,true,item_11595,,Default variant,11595,,false,true,100.0,,,,,,,,292600.0,292600.0,Default option,Default,,
,parfum-item-11594,Burberry Her Elixir Parfum,Product,,published,,100.0,,,,,,,,,,,,,true,item_11594,,Default variant,11594,,false,true,100.0,,,,,,,,833000.0,833000.0,Default option,Default,,
,parfum-item-11593,Hawas Pink De Rasasi,Product,,published,,100.0,,,,,,,,,,,,,true,item_11593,,Default variant,11593,,false,true,100.0,,,,,,,,415800.0,415800.0,Default option,Default,,
,parfum-item-11592,Bvlgari Pour Homme,Product,,published,,100.0,,,,,,,,,,,,,true,item_11592,,Default variant,11592,,false,true,100.0,,,,,,,,683200.0,683200.0,Default option,Default,,
,parfum-item-11590,Zodiac Lunaris Paris Corner,Product,,published,,100.0,,,,,,,,,,,,,true,item_11590,,Default variant,11590,,false,true,100.0,,,,,,,,316400.0,316400.0,Default option,Default,,
,parfum-item-11589,Cloud Candy Khadlaj,Product,,published,,100.0,,,,,,,,,,,,,true,item_11589,,Default variant,11589,,false,true,100.0,,,,,,,,296800.0,296800.0,Default option,Default,,
,parfum-item-11588,Zodiac Solmaris Paris Corner,Product,,published,,100.0,,,,,,,,,,,,,true,item_11588,,Default variant,11588,,false,true,100.0,,,,,,,,316400.0,316400.0,Default option,Default,,
,parfum-item-11586,London Addictive Pepe Jeans,Product,,published,,80.0,,,,,,,,,,,,,true,item_11586,,Default variant,11586,,false,true,80.0,,,,,,,,266000.0,266000.0,Default option,Default,,
,parfum-item-11585,I Want choo Le Parfum Jimmy Choo,Product,,published,,100.0,,,,,,,,,,,,,true,item_11585,,Default variant,11585,,false,true,100.0,,,,,,,,567000.0,567000.0,Default option,Default,,
,parfum-item-11584,Red leather Ferragamo,Product,,published,,100.0,,,,,,,,,,,,,true,item_11584,,Default variant,11584,,false,true,100.0,,,,,,,,424200.0,424200.0,Default option,Default,,
,parfum-item-11587,Nitro Elixir Dumont Paris,Product,,published,,100.0,,,,,,,,,,,,,true,item_11587,,Default variant,11587,,false,true,100.0,,,,,,,,415800.0,415800.0,Default option,Default,,
,parfum-item-11580,Tony Iommi Monkey Special Xerjoff,Product,,published,,100.0,,,,,,,,,,,,,true,item_11580,,Default variant,11580,,false,true,100.0,,,,,,,,2261000.0,2261000.0,Default option,Default,,
,parfum-item-11579,Chaos Extrait French Avenue,Product,,published,,100.0,,,,,,,,,,,,,true,item_11579,,Default variant,11579,,false,true,100.0,,,,,,,,380800.0,380800.0,Default option,Default,,
,parfum-item-11578,Falcon Leather Matiere Premiere,Product,,published,,100.0,,,,,,,,,,,,,true,item_11578,,Default variant,11578,,false,true,100.0,,,,,,,,1045800.0,1045800.0,Default option,Default,,
,parfum-item-11576,The Icon Supreme Banderas,Product,,published,,100.0,,,,,,,,,,,,,true,item_11576,,Default variant,11576,,false,true,100.0,,,,,,,,238000.0,238000.0,Default option,Default,,
,parfum-item-11575,Royalty Garnet Maluma,Product,,published,,75.0,,,,,,,,,,,,,true,item_11575,,Default variant,11575,,false,true,75.0,,,,,,,,344400.0,344400.0,Default option,Default,,
,parfum-item-11574,Royalty Jade Maluma,Product,,published,,75.0,,,,,,,,,,,,,true,item_11574,,Default variant,11574,,false,true,75.0,,,,,,,,344400.0,344400.0,Default option,Default,,
,parfum-item-11573,Royalty Amethyst Maluma,Product,,published,,75.0,,,,,,,,,,,,,true,item_11573,,Default variant,11573,,false,true,75.0,,,,,,,,344400.0,344400.0,Default option,Default,,
,parfum-item-11571,Scandal Gold Jean Paul Gaultier,Product,,published,,80.0,,,,,,,,,,,,,true,item_11571,,Default variant,11571,,false,true,80.0,,,,,,,,761600.0,761600.0,Default option,Default,,
,parfum-item-11570,La Di Da Arabiyat Prestige Hombre,Product,,published,,100.0,,,,,,,,,,,,,true,item_11570,,Default variant,11570,,false,true,100.0,,,,,,,,380800.0,380800.0,Default option,Default,,
,parfum-item-11569,Intenso Stallion 53 Emper,Product,,published,,100.0,,,,,,,,,,,,,true,item_11569,,Default variant,11569,,false,true,100.0,,,,,,,,263200.0,263200.0,Default option,Default,,
,parfum-item-11568,Benetton Green Amazonia for Him,Product,,published,,100.0,,,,,,,,,,,,,true,item_11568,,Default variant,11568,,false,true,100.0,,,,,,,,189000.0,189000.0,Default option,Default,,
,parfum-item-11567,Habik For Men De Lattafa,Product,,published,,100.0,,,,,,,,,,,,,true,item_11567,,Default variant,11567,,false,true,100.0,,,,,,,,316400.0,316400.0,Default option,Default,,
,parfum-item-11566,Habik For Women De Lattafa,Product,,published,,100.0,,,,,,,,,,,,,true,item_11566,,Default variant,11566,,false,true,100.0,,,,,,,,316400.0,316400.0,Default option,Default,,
,parfum-item-11565,Prodigy Noir Paris Corner,Product,,published,,100.0,,,,,,,,,,,,,true,item_11565,,Default variant,11565,,false,true,100.0,,,,,,,,331800.0,331800.0,Default option,Default,,
,parfum-item-11564,Intense Oud Arabian Oryx Paris Corner,Product,,published,,100.0,,,,,,,,,,,,,true,item_11564,,Default variant,11564,,false,true,100.0,,,,,,,,259000.0,259000.0,Default option,Default,,
,parfum-item-11563,Rose De Nuit L‚ÄòEau de Parfum Pendora Scents,Product,,published,,,,,,,,,,,,,,,true,item_11563,,Default variant,11563,,false,true,,,,,,,,,266000.0,266000.0,Default option,Default,,
,parfum-item-11562,Noir d‚ÄòArabie de Pendora Scents,Product,,published,,100.0,,,,,,,,,,,,,true,item_11562,,Default variant,11562,,false,true,100.0,,,,,,,,259000.0,259000.0,Default option,Default,,
,parfum-item-11561,Camaro Homme Intense Pendora Scents,Product,,published,,100.0,,,,,,,,,,,,,true,item_11561,,Default variant,11561,,false,true,100.0,,,,,,,,266000.0,266000.0,Default option,Default,,
,parfum-item-11560,Taskeen Lactea Divina Paris Corner,Product,,published,,100.0,,,,,,,,,,,,,true,item_11560,,Default variant,11560,,false,true,100.0,,,,,,,,296800.0,296800.0,Default option,Default,,
,parfum-item-11559,Enigma Une French Avenue,Product,,published,,100.0,,,,,,,,,,,,,true,item_11559,,Default variant,11559,,false,true,100.0,,,,,,,,376600.0,376600.0,Default option,Default,,
,parfum-item-11558,Sweet Tooth Sabrina Carpenter,Product,,published,,75.0,,,,,,,,,,,,,true,item_11558,,Default variant,11558,,false,true,75.0,,,,,,,,424200.0,424200.0,Default option,Default,,
,parfum-item-11557,Sweet Tooth Cherry Baby Sabrina Carpenter,Product,,published,,75.0,,,,,,,,,,,,,true,item_11557,,Default variant,11557,,false,true,75.0,,,,,,,,361200.0,361200.0,Default option,Default,,
,parfum-item-11556,Sweet Tooth Caramel Dream Sabrina Carpenter,Product,,published,,75.0,,,,,,,,,,,,,true,item_11556,,Default variant,11556,,false,true,75.0,,,,,,,,361200.0,361200.0,Default option,Default,,
,parfum-item-11555,9 PM Elixir de Afnan,Product,,published,,100.0,,,,,,,,,,,,,true,item_11555,,Default variant,11555,,false,true,100.0,,,,,,,,438200.0,438200.0,Default option,Default,,
,parfum-item-11553,Tabac N‚Äò Coke by Fragrance World,Product,,published,,100.0,,,,,,,,,,,,,true,item_11553,,Default variant,11553,,false,true,100.0,,,,,,,,376600.0,376600.0,Default option,Default,,
,parfum-item-11552,Tobacco D'feu French Avenue,Product,,published,,100.0,,,,,,,,,,,,,true,item_11552,,Default variant,11552,,false,true,100.0,,,,,,,,376600.0,376600.0,Default option,Default,,
,parfum-item-11551,Eclair Affair French Avenue,Product,,published,,100.0,,,,,,,,,,,,,true,item_11551,,Default variant,11551,,false,true,100.0,,,,,,,,380800.0,380800.0,Default option,Default,,
,parfum-item-11550,Sultry Woods French Avenue,Product,,published,,100.0,,,,,,,,,,,,,true,item_11550,,Default variant,11550,,false,true,100.0,,,,,,,,376600.0,376600.0,Default option,Default,,
,parfum-item-11549,Luscious French Avenue,Product,,published,,100.0,,,,,,,,,,,,,true,item_11549,,Default variant,11549,,false,true,100.0,,,,,,,,376600.0,376600.0,Default option,Default,,
,parfum-item-11548,Meringue French Avenue,Product,,published,,100.0,,,,,,,,,,,,,true,item_11548,,Default variant,11548,,false,true,100.0,,,,,,,,376600.0,376600.0,Default option,Default,,
,parfum-item-11547,Sweet Paradise French Avenue,Product,,published,,100.0,,,,,,,,,,,,,true,item_11547,,Default variant,11547,,false,true,100.0,,,,,,,,380800.0,380800.0,Default option,Default,,
,parfum-item-11546,Tropical Kiss French Avenue,Product,,published,,80.0,,,,,,,,,,,,,true,item_11546,,Default variant,11546,,false,true,80.0,,,,,,,,376600.0,376600.0,Default option,Default,,
,parfum-item-11545,Caffe Latte Khadlaj,Product,,published,,100.0,,,,,,,,,,,,,true,item_11545,,Default variant,11545,,false,true,100.0,,,,,,,,354200.0,354200.0,Default option,Default,,
,parfum-item-11543,Amber D¬¥OR French Avenue,Product,,published,,100.0,,,,,,,,,,,,,true,item_11543,,Default variant,11543,,false,true,100.0,,,,,,,,376600.0,376600.0,Default option,Default,,
,parfum-item-11542,Invictus Victory Absolu Parfum Intense Paco Rabanne,Product,,published,,100.0,,,,,,,,,,,,,true,item_11542,,Default variant,11542,,false,true,100.0,,,,,,,,732200.0,732200.0,Default option,Default,,
,parfum-item-11541,Paradoxe Intense Prada,Product,,published,,90.0,,,,,,,,,,,,,true,item_11541,,Default variant,11541,,false,true,90.0,,,,,,,,1019200.0,1019200.0,Default option,Default,,
,parfum-item-11540,Mystic Leather French Avenue,Product,,published,,100.0,,,,,,,,,,,,,true,item_11540,,Default variant,11540,,false,true,100.0,,,,,,,,376600.0,376600.0,Default option,Default,,
,parfum-item-11539,Caf√© N¬¥Cream Fragrance World,Product,,published,,100.0,,,,,,,,,,,,,true,item_11539,,Default variant,11539,,false,true,100.0,,,,,,,,376600.0,376600.0,Default option,Default,,
,parfum-item-11538,Essence Blanc French Avenue,Product,,published,,100.0,,,,,,,,,,,,,true,item_11538,,Default variant,11538,,false,true,100.0,,,,,,,,403200.0,403200.0,Default option,Default,,
,parfum-item-11537,Hawas Tropical De Rasasi,Product,,published,,100.0,,,,,,,,,,,,,true,item_11537,,Default variant,11537,,false,true,100.0,,,,,,,,408800.0,408800.0,Default option,Default,,
,parfum-item-11536,Dania Orientica,Product,,published,,80.0,,,,,,,,,,,,,true,item_11536,,Default variant,11536,,false,true,80.0,,,,,,,,688800.0,688800.0,Default option,Default,,
,parfum-item-11535,Pistachio Kunafa Anfar,Product,,published,,80.0,,,,,,,,,,,,,true,item_11535,,Default variant,11535,,false,true,80.0,,,,,,,,334600.0,334600.0,Default option,Default,,
,parfum-item-11534,Vulcan Feu French Avenue,Product,,published,,100.0,,,,,,,,,,,,,true,item_11534,,Default variant,11534,,false,true,100.0,,,,,,,,403200.0,403200.0,Default option,Default,,
,parfum-item-11532,Essence de Noir French Avenue,Product,,published,,100.0,,,,,,,,,,,,,true,item_11532,,Default variant,11532,,false,true,100.0,,,,,,,,376600.0,376600.0,Default option,Default,,
,parfum-item-11531,All of Me De Narciso Rodriguez,Product,,published,,90.0,,,,,,,,,,,,,true,item_11531,,Default variant,11531,,false,true,90.0,,,,,,,,639800.0,639800.0,Default option,Default,,
,parfum-item-11530,Black Saffron Armaf,Product,,published,,100.0,,,,,,,,,,,,,true,item_11530,,Default variant,11530,,false,true,100.0,,,,,,,,334600.0,334600.0,Default option,Default,,
,parfum-item-11528,Victorioso Fearless Maison Alhambra,Product,,published,,100.0,,,,,,,,,,,,,true,item_11528,,Default variant,11528,,false,true,100.0,,,,,,,,268800.0,268800.0,Default option,Default,,
,parfum-item-11527,Lava Maison Alhambra,Product,,published,,100.0,,,,,,,,,,,,,true,item_11527,,Default variant,11527,,false,true,100.0,,,,,,,,266000.0,266000.0,Default option,Default,,
,parfum-item-11526,Dubai Queen JO Milano paris,Product,,published,,100.0,,,,,,,,,,,,,true,item_11526,,Default variant,11526,,false,true,100.0,,,,,,,,285600.0,285600.0,Default option,Default,,
,parfum-item-11525,Saudi King de JO Milano Paris,Product,,published,,100.0,,,,,,,,,,,,,true,item_11525,,Default variant,11525,,false,true,100.0,,,,,,,,285600.0,285600.0,Default option,Default,,
,parfum-item-11524,Qatar Queen JO Milano Paris,Product,,published,,100.0,,,,,,,,,,,,,true,item_11524,,Default variant,11524,,false,true,100.0,,,,,,,,295400.0,295400.0,Default option,Default,,
,parfum-item-11523,Odyssey Eau De Montagne Armaf,Product,,published,,100.0,,,,,,,,,,,,,true,item_11523,,Default variant,11523,,false,true,100.0,,,,,,,,371000.0,371000.0,Default option,Default,,
,parfum-item-11522,My Way Parfum De Giorgio Armani,Product,,published,,90.0,,,,,,,,,,,,,true,item_11522,,Default variant,11522,,false,true,90.0,,,,,,,,865200.0,865200.0,Default option,Default,,
,parfum-item-11518,Port La Mer Grandeur,Product,,published,,100.0,,,,,,,,,,,,,true,item_11518,,Default variant,11518,,false,true,100.0,,,,,,,,218400.0,218400.0,Default option,Default,,
,parfum-item-11517,Queen Of Arabia Lattafa Pride,Product,,published,,100.0,,,,,,,,,,,,,true,item_11517,,Default variant,11517,,false,true,100.0,,,,,,,,462000.0,462000.0,Default option,Default,,
,parfum-item-11516,Art of Arabia I Lattafa Pride,Product,,published,,100.0,,,,,,,,,,,,,true,item_11516,,Default variant,11516,,false,true,100.0,,,,,,,,399000.0,399000.0,Default option,Default,,
,parfum-item-11515,Il Ame de Ilmin,Product,,published,,30.0,,,,,,,,,,,,,true,item_11515,,Default variant,11515,,false,true,30.0,,,,,,,,716800.0,716800.0,Default option,Default,,
,parfum-item-11514,Virgo De Ahli,Product,,published,,60.0,,,,,,,,,,,,,true,item_11514,,Default variant,11514,,false,true,60.0,,,,,,,,548800.0,548800.0,Default option,Default,,
,parfum-item-11513,Ursa De Ahli,Product,,published,,60.0,,,,,,,,,,,,,true,item_11513,,Default variant,11513,,false,true,60.0,,,,,,,,553000.0,553000.0,Default option,Default,,
,parfum-item-11512,Macamel De Ahli,Product,,published,,60.0,,,,,,,,,,,,,true,item_11512,,Default variant,11512,,false,true,60.0,,,,,,,,586600.0,586600.0,Default option,Default,,
,parfum-item-11511,Aries De Ahli,Product,,published,,60.0,,,,,,,,,,,,,true,item_11511,,Default variant,11511,,false,true,60.0,,,,,,,,564200.0,564200.0,Default option,Default,,
,parfum-item-11508,Coach New York Green,Product,,published,,100.0,,,,,,,,,,,,,true,item_11508,,Default variant,11508,,false,true,100.0,,,,,,,,334600.0,334600.0,Default option,Default,,
,parfum-item-11506,Terre D‚ÄòHerm√®s Eau De Parfum Intense,Product,,published,,100.0,,,,,,,,,,,,,true,item_11506,,Default variant,11506,,false,true,100.0,,,,,,,,733600.0,733600.0,Default option,Default,,
,parfum-item-11505,D For Successful Living Diesel,Product,,published,,100.0,,,,,,,,,,,,,true,item_11505,,Default variant,11505,,false,true,100.0,,,,,,,,434000.0,434000.0,Default option,Default,,
,parfum-item-11504,Gucci Flora Gorgeous Jasmine,Product,,published,,100.0,,,,,,,,,,,,,true,item_11504,,Default variant,11504,,false,true,100.0,,,,,,,,674800.0,674800.0,Default option,Default,,
,parfum-item-11503,Gucci Flora Gorgeous Gardenia,Product,,published,,100.0,,,,,,,,,,,,,true,item_11503,,Default variant,11503,,false,true,100.0,,,,,,,,674800.0,674800.0,Default option,Default,,
,parfum-item-11502,AMG Silver Mercedes Benz,Product,,published,,100.0,,,,,,,,,,,,,true,item_11502,,Default variant,11502,,false,true,100.0,,,,,,,,415800.0,415800.0,Default option,Default,,
,parfum-item-11501,AMG Red Mercedes Benz,Product,,published,,100.0,,,,,,,,,,,,,true,item_11501,,Default variant,11501,,false,true,100.0,,,,,,,,415800.0,415800.0,Default option,Default,,
,parfum-item-11500,AMG Black Thrill Mercedes Benz,Product,,published,,100.0,,,,,,,,,,,,,true,item_11500,,Default variant,11500,,false,true,100.0,,,,,,,,415800.0,415800.0,Default option,Default,,
,parfum-item-11499,Your Turn Billie Eilish,Product,,published,,100.0,,,,,,,,,,,,,true,item_11499,,Default variant,11499,,false,true,100.0,,,,,,,,417200.0,417200.0,Default option,Default,,
,parfum-item-11498,Tous Your Powers De Tous,Product,,published,,90.0,,,,,,,,,,,,,true,item_11498,,Default variant,11498,,false,true,90.0,,,,,,,,285600.0,285600.0,Default option,Default,,
,parfum-item-11497,Masa De Lattafa Pride,Product,,published,,100.0,,,,,,,,,,,,,true,item_11497,,Default variant,11497,,false,true,100.0,,,,,,,,387800.0,387800.0,Default option,Default,,
,parfum-item-11496,Qissa Pink Emir Paris Corner,Product,,published,,100.0,,,,,,,,,,,,,true,item_11496,,Default variant,11496,,false,true,100.0,,,,,,,,316400.0,316400.0,Default option,Default,,
,parfum-item-11495,Qissa Delicious Emir Paris Corner,Product,,published,,100.0,,,,,,,,,,,,,true,item_11495,,Default variant,11495,,false,true,100.0,,,,,,,,326200.0,326200.0,Default option,Default,,
,parfum-item-11494,Pear Potion Emir Paris Corner,Product,,published,,100.0,,,,,,,,,,,,,true,item_11494,,Default variant,11494,,false,true,100.0,,,,,,,,316400.0,316400.0,Default option,Default,,
,parfum-item-11493,Molten Caramel Paris Corner,Product,,published,,100.0,,,,,,,,,,,,,true,item_11493,,Default variant,11493,,false,true,100.0,,,,,,,,326200.0,326200.0,Default option,Default,,
,parfum-item-11492,Minya Coco Lush Paris Corner,Product,,published,,100.0,,,,,,,,,,,,,true,item_11492,,Default variant,11492,,false,true,100.0,,,,,,,,320600.0,320600.0,Default option,Default,,
,parfum-item-11491,Mango Punch Emir Paris Corner,Product,,published,,100.0,,,,,,,,,,,,,true,item_11491,,Default variant,11491,,false,true,100.0,,,,,,,,316400.0,316400.0,Default option,Default,,
,parfum-item-11490,Khair Felicity Paris Corner,Product,,published,,100.0,,,,,,,,,,,,,true,item_11490,,Default variant,11490,,false,true,100.0,,,,,,,,316400.0,316400.0,Default option,Default,,
,parfum-item-11489,Nitro Black Dumont Paris,Product,,published,,100.0,,,,,,,,,,,,,true,item_11489,,Default variant,11489,,false,true,100.0,,,,,,,,306600.0,306600.0,Default option,Default,,
,parfum-item-11488,Mercedes Benz SEA Mercedes-Benz,Product,,published,,100.0,,,,,,,,,,,,,true,item_11488,,Default variant,11488,,false,true,100.0,,,,,,,,334600.0,334600.0,Default option,Default,,
,parfum-item-11487,Mercedes Benz LAND Mercedes-Benz,Product,,published,,100.0,,,,,,,,,,,,,true,item_11487,,Default variant,11487,,false,true,100.0,,,,,,,,334600.0,334600.0,Default option,Default,,
,parfum-item-11486,D Red Diesel,Product,,published,,100.0,,,,,,,,,,,,,true,item_11486,,Default variant,11486,,false,true,100.0,,,,,,,,399000.0,399000.0,Default option,Default,,
,parfum-item-11485,Phantom Elixir Parfum Intense Paco Rabanne,Product,,published,,100.0,,,,,,,,,,,,,true,item_11485,,Default variant,11485,,false,true,100.0,,,,,,,,772800.0,772800.0,Default option,Default,,
,parfum-item-11484,Michael Kors Pour Femme,Product,,published,,100.0,,,,,,,,,,,,,true,item_11484,,Default variant,11484,,false,true,100.0,,,,,,,,417200.0,417200.0,Default option,Default,,
,parfum-item-11483,Michael Kors Pour Homme,Product,,published,,100.0,,,,,,,,,,,,,true,item_11483,,Default variant,11483,,false,true,100.0,,,,,,,,418600.0,418600.0,Default option,Default,,
,parfum-item-11480,Xplicit Vanilla Mancera,Product,,published,,120.0,,,,,,,,,,,,,true,item_11480,,Default variant,11480,,false,true,120.0,,,,,,,,816200.0,816200.0,Default option,Default,,
,parfum-item-11479,Jacomo Paris For Men,Product,,published,,100.0,,,,,,,,,,,,,true,item_11479,,Default variant,11479,,false,true,100.0,,,,,,,,296800.0,296800.0,Default option,Default,,
,parfum-item-11478,Como Moiselle Maison Alhambra,Product,,published,,100.0,,,,,,,,,,,,,true,item_11478,,Default variant,11478,,false,true,100.0,,,,,,,,259000.0,259000.0,Default option,Default,,
,parfum-item-11477,Arabia Heroes Le Chameau,Product,,published,,100.0,,,,,,,,,,,,,true,item_11477,,Default variant,11477,,false,true,100.0,,,,,,,,263200.0,263200.0,Default option,Default,,
,parfum-item-11476,Genius Hayati Emper,Product,,published,,100.0,,,,,,,,,,,,,true,item_11476,,Default variant,11476,,false,true,100.0,,,,,,,,259000.0,259000.0,Default option,Default,,
,parfum-item-11475,Genius Rose Emper,Product,,published,,100.0,,,,,,,,,,,,,true,item_11475,,Default variant,11475,,false,true,100.0,,,,,,,,247800.0,247800.0,Default option,Default,,
,parfum-item-11474,Genius Blush Emper,Product,,published,,100.0,,,,,,,,,,,,,true,item_11474,,Default variant,11474,,false,true,100.0,,,,,,,,266000.0,266000.0,Default option,Default,,
,parfum-item-11473,Luxe Nightlife Maison Alhambra,Product,,published,,100.0,,,,,,,,,,,,,true,item_11473,,Default variant,11473,,false,true,100.0,,,,,,,,295400.0,295400.0,Default option,Default,,
,parfum-item-11472,Luxe Gold Maison Alhambra,Product,,published,,100.0,,,,,,,,,,,,,true,item_11472,,Default variant,11472,,false,true,100.0,,,,,,,,295400.0,295400.0,Default option,Default,,
,parfum-item-11471,Luxe Emerald Maison Alhambra,Product,,published,,100.0,,,,,,,,,,,,,true,item_11471,,Default variant,11471,,false,true,100.0,,,,,,,,295400.0,295400.0,Default option,Default,,
,parfum-item-11469,Odyssey Revolution Armaf,Product,,published,,100.0,,,,,,,,,,,,,true,item_11469,,Default variant,11469,,false,true,100.0,,,,,,,,376600.0,376600.0,Default option,Default,,
,parfum-item-11467,Najdia Intense Lattafa,Product,,published,,100.0,,,,,,,,,,,,,true,item_11467,,Default variant,11467,,false,true,100.0,,,,,,,,344400.0,344400.0,Default option,Default,,
,parfum-item-11466,Impact Together Tommy Hilfiger,Product,,published,,100.0,,,,,,,,,,,,,true,item_11466,,Default variant,11466,,false,true,100.0,,,,,,,,380800.0,380800.0,Default option,Default,,
,parfum-item-11465,Altha√Ør Parfums de Marly,Product,,published,,125.0,,,,,,,,,,,,,true,item_11465,,Default variant,11465,,false,true,125.0,,,,,,,,1744400.0,1744400.0,Default option,Default,,
,parfum-item-11464,Haltane de Parfums de Marly,Product,,published,,125.0,,,,,,,,,,,,,true,item_11464,,Default variant,11464,,false,true,125.0,,,,,,,,1939000.0,1939000.0,Default option,Default,,
,parfum-item-11463,P Iconic Paris Hilton,Product,,published,,100.0,,,,,,,,,,,,,true,item_11463,,Default variant,11463,,false,true,100.0,,,,,,,,334600.0,334600.0,Default option,Default,,
,parfum-item-11460,Mercedes Benz Club Black EDP,Product,,published,,100.0,,,,,,,,,,,,,true,item_11460,,Default variant,11460,,false,true,100.0,,,,,,,,357000.0,357000.0,Default option,Default,,
,parfum-item-11459,Vibrant Summer Tommy Hilfiger,Product,,published,,100.0,,,,,,,,,,,,,true,item_11459,,Default variant,11459,,false,true,100.0,,,,,,,,350000.0,350000.0,Default option,Default,,
,parfum-item-11458,Vibrant Summer Tommy Hilfiger,Product,,published,,100.0,,,,,,,,,,,,,true,item_11458,,Default variant,11458,,false,true,100.0,,,,,,,,350000.0,350000.0,Default option,Default,,
,parfum-item-11457,Game Of Spades Platinum Jo Milano Paris,Product,,published,,100.0,,,,,,,,,,,,,true,item_11457,,Default variant,11457,,false,true,100.0,,,,,,,,553000.0,553000.0,Default option,Default,,
,parfum-item-11455,Acqua Di Parisis Magic Red de Reyane Tradition,Product,,published,,100.0,,,,,,,,,,,,,true,item_11455,,Default variant,11455,,false,true,100.0,,,,,,,,210000.0,210000.0,Default option,Default,,
,parfum-item-11453,Millesime De Santalis,Product,,published,,90.0,,,,,,,,,,,,,true,item_11453,,Default variant,11453,,false,true,90.0,,,,,,,,259000.0,259000.0,Default option,Default,,
,parfum-item-11454,Apocalypse De Santalis,Product,,published,,90.0,,,,,,,,,,,,,true,item_11454,,Default variant,11454,,false,true,90.0,,,,,,,,259000.0,259000.0,Default option,Default,,
,parfum-item-11452,Tubbees Sweet Caramel Grandeur,Product,,published,,50.0,,,,,,,,,,,,,true,item_11452,,Default variant,11452,,false,true,50.0,,,,,,,,133000.0,133000.0,Default option,Default,,
,parfum-item-11451,Al Moumayaz Extrait De Parfum Santalis,Product,,published,,100.0,,,,,,,,,,,,,true,item_11451,,Default variant,11451,,false,true,100.0,,,,,,,,263200.0,263200.0,Default option,Default,,
,parfum-item-11450,Sorbet Garden Tous,Product,,published,,90.0,,,,,,,,,,,,,true,item_11450,,Default variant,11450,,false,true,90.0,,,,,,,,326200.0,326200.0,Default option,Default,,
,parfum-item-11449,King Soleil Bharara,Product,,published,,100.0,,,,,,,,,,,,,true,item_11449,,Default variant,11449,,false,true,100.0,,,,,,,,586600.0,586600.0,Default option,Default,,
,parfum-item-11446,Petra De Lattafa,Product,,published,,100.0,,,,,,,,,,,,,true,item_11446,,Default variant,11446,,false,true,100.0,,,,,,,,359800.0,359800.0,Default option,Default,,
,parfum-item-11445,Palatine Parfums de Marly,Product,,published,,75.0,,,,,,,,,,,,,true,item_11445,,Default variant,11445,,false,true,75.0,,,,,,,,1639400.0,1639400.0,Default option,Default,,
,parfum-item-11444,Born in Roma Extradose Donna Valentino,Product,,published,,100.0,,,,,,,,,,,,,true,item_11444,,Default variant,11444,,false,true,100.0,,,,,,,,1019200.0,1019200.0,Default option,Default,,
,parfum-item-11443,Torino 21 Xerjoff,Product,,published,,100.0,,,,,,,,,,,,,true,item_11443,,Default variant,11443,,false,true,100.0,,,,,,,,1650600.0,1650600.0,Default option,Default,,
,parfum-item-11442,Oud Pashmina Montale,Product,,published,,100.0,,,,,,,,,,,,,true,item_11442,,Default variant,11442,,false,true,100.0,,,,,,,,674800.0,674800.0,Default option,Default,,
,parfum-item-11441,Beast Love Montale,Product,,published,,100.0,,,,,,,,,,,,,true,item_11441,,Default variant,11441,,false,true,100.0,,,,,,,,743400.0,743400.0,Default option,Default,,
,parfum-item-11440,Arsenal Red Homme de Gilles Cantuel,Product,,published,,100.0,,,,,,,,,,,,,true,item_11440,,Default variant,11440,,false,true,100.0,,,,,,,,172200.0,172200.0,Default option,Default,,
,parfum-item-11439,Raa'd Matin Martin,Product,,published,,100.0,,,,,,,,,,,,,true,item_11439,,Default variant,11439,,false,true,100.0,,,,,,,,462000.0,462000.0,Default option,Default,,
,parfum-item-11438,Illusion Matin Martin,Product,,published,,100.0,,,,,,,,,,,,,true,item_11438,,Default variant,11438,,false,true,100.0,,,,,,,,462000.0,462000.0,Default option,Default,,
,parfum-item-11437,El Dorado Matin Martin,Product,,published,,100.0,,,,,,,,,,,,,true,item_11437,,Default variant,11437,,false,true,100.0,,,,,,,,462000.0,462000.0,Default option,Default,,
,parfum-item-11435,Million Gold Elixir Parfum Intense Paco Rabanne,Product,,published,,100.0,,,,,,,,,,,,,true,item_11435,,Default variant,11435,,false,true,100.0,,,,,,,,630000.0,630000.0,Default option,Default,,
,parfum-item-11434,Burberry Her De Burberry,Product,,published,,100.0,,,,,,,,,,,,,true,item_11434,,Default variant,11434,,false,true,100.0,,,,,,,,480200.0,480200.0,Default option,Default,,
,parfum-item-11430,Black Sea Lorenzo Pazzaglia,Product,,published,,50.0,,,,,,,,,,,,,true,item_11430,,Default variant,11430,,false,true,50.0,,,,,,,,1293600.0,1293600.0,Default option,Default,,
,parfum-item-11428,Allure Homme Sport Superleggera Chanel,Product,,published,,100.0,,,,,,,,,,,,,true,item_11428,,Default variant,11428,,false,true,100.0,,,,,,,,1162000.0,1162000.0,Default option,Default,,
,parfum-item-11427,Allure Homme Sport Cologne De Chanel,Product,,published,,150.0,,,,,,,,,,,,,true,item_11427,,Default variant,11427,,false,true,150.0,,,,,,,,1036000.0,1036000.0,Default option,Default,,
,parfum-item-11425,La Vie Est Belle Rose Extraordinaire Lanc√¥me,Product,,published,,100.0,,,,,,,,,,,,,true,item_11425,,Default variant,11425,,false,true,100.0,,,,,,,,914200.0,914200.0,Default option,Default,,
,parfum-item-11424,Luna Rossa Eau Sport Prada,Product,,published,,125.0,,,,,,,,,,,,,true,item_11424,,Default variant,11424,,false,true,125.0,,,,,,,,639800.0,639800.0,Default option,Default,,
,parfum-item-11423,Irida Extrait French Avenue,Product,,published,,100.0,,,,,,,,,,,,,true,item_11423,,Default variant,11423,,false,true,100.0,,,,,,,,399000.0,399000.0,Default option,Default,,
,parfum-item-11422,Colossus Insurrection Collection,Product,,published,,100.0,,,,,,,,,,,,,true,item_11422,,Default variant,11422,,false,true,100.0,,,,,,,,289800.0,289800.0,Default option,Default,,
,parfum-item-11421,Dominant Insurrection Collection,Product,,published,,100.0,,,,,,,,,,,,,true,item_11421,,Default variant,11421,,false,true,100.0,,,,,,,,289800.0,289800.0,Default option,Default,,
,parfum-item-11420,Sovereign Insurrection Collection,Product,,published,,100.0,,,,,,,,,,,,,true,item_11420,,Default variant,11420,,false,true,100.0,,,,,,,,289800.0,289800.0,Default option,Default,,
,parfum-item-11419,Hawas for Her √âclat Rasasi,Product,,published,,100.0,,,,,,,,,,,,,true,item_11419,,Default variant,11419,,false,true,100.0,,,,,,,,334600.0,334600.0,Default option,Default,,
,parfum-item-11418,Very Good Girl Elixir Carolina Herrera,Product,,published,,80.0,,,,,,,,,,,,,true,item_11418,,Default variant,11418,,false,true,80.0,,,,,,,,842800.0,842800.0,Default option,Default,,
,parfum-item-11417,Stronger With You Parfum Emporio Armani,Product,,published,,100.0,,,,,,,,,,,,,true,item_11417,,Default variant,11417,,false,true,100.0,,,,,,,,869400.0,869400.0,Default option,Default,,
,parfum-item-11416,Acqua di Gi√≤ Parfum Giorgio Armani,Product,,published,,100.0,,,,,,,,,,,,,true,item_11416,,Default variant,11416,,false,true,100.0,,,,,,,,833000.0,833000.0,Default option,Default,,
,parfum-item-11413,La Vie est Belle L'Elixir Lanc√¥me,Product,,published,,100.0,,,,,,,,,,,,,true,item_11413,,Default variant,11413,,false,true,100.0,,,,,,,,936600.0,936600.0,Default option,Default,,
,parfum-item-11411,Vintage Radio Lattafa,Product,,published,,100.0,,,,,,,,,,,,,true,item_11411,,Default variant,11411,,false,true,100.0,,,,,,,,399000.0,399000.0,Default option,Default,,
,parfum-item-11410,Scandal Jean Paul Gaultier EDP Intense,Product,,published,,100.0,,,,,,,,,,,,,true,item_11410,,Default variant,11410,,false,true,100.0,,,,,,,,775600.0,775600.0,Default option,Default,,
,parfum-item-11408,Azzaro Forever Wanted Elixir,Product,,published,,100.0,,,,,,,,,,,,,true,item_11408,,Default variant,11408,,false,true,100.0,,,,,,,,770000.0,770000.0,Default option,Default,,
,parfum-item-11404,Odyssey Artisto The Red Edition Armaf,Product,,published,,100.0,,,,,,,,,,,,,true,item_11404,,Default variant,11404,,false,true,100.0,,,,,,,,326200.0,326200.0,Default option,Default,,
,parfum-item-11403,Odyssey Mandarin Sky Elixir Armaf,Product,,published,,100.0,,,,,,,,,,,,,true,item_11403,,Default variant,11403,,false,true,100.0,,,,,,,,376600.0,376600.0,Default option,Default,,
,parfum-item-11397,Qaed Al Fursan Untamed Lattafa,Product,,published,,90.0,,,,,,,,,,,,,true,item_11397,,Default variant,11397,,false,true,90.0,,,,,,,,274400.0,274400.0,Default option,Default,,
,parfum-item-11395,L'interdit rouge ultime Givenchy,Product,,published,,80.0,,,,,,,,,,,,,true,item_11395,,Default variant,11395,,false,true,80.0,,,,,,,,620200.0,620200.0,Default option,Default,,
,parfum-item-11394,Y Yves Saint Laurent,Product,,published,,100.0,,,,,,,,,,,,,true,item_11394,,Default variant,11394,,false,true,100.0,,,,,,,,806400.0,806400.0,Default option,Default,,
,parfum-item-11393,Devotion Pour Homme Dolce & Gabbana,Product,,published,,100.0,,,,,,,,,,,,,true,item_11393,,Default variant,11393,,false,true,100.0,,,,,,,,606200.0,606200.0,Default option,Default,,
,parfum-item-11391,Club De Nuit Maleka Armaf,Product,,published,,100.0,,,,,,,,,,,,,true,item_11391,,Default variant,11391,,false,true,100.0,,,,,,,,415800.0,415800.0,Default option,Default,,
,parfum-item-11390,Nitro Green Dumont Paris,Product,,published,,100.0,,,,,,,,,,,,,true,item_11390,,Default variant,11390,,false,true,100.0,,,,,,,,334600.0,334600.0,Default option,Default,,
,parfum-item-11389,Nitro Intense Dumont Paris,Product,,published,,100.0,,,,,,,,,,,,,true,item_11389,,Default variant,11389,,false,true,100.0,,,,,,,,330400.0,330400.0,Default option,Default,,
,parfum-item-11387,La African Drummer Lattafa,Product,,published,,100.0,,,,,,,,,,,,,true,item_11387,,Default variant,11387,,false,true,100.0,,,,,,,,344400.0,344400.0,Default option,Default,,
,parfum-item-11386,Sceptre Amazonite Maison Alhambra,Product,,published,,100.0,,,,,,,,,,,,,true,item_11386,,Default variant,11386,,false,true,100.0,,,,,,,,320600.0,320600.0,Default option,Default,,
,parfum-item-11385,Glamour G Ainash Parfum,Product,,published,,100.0,,,,,,,,,,,,,true,item_11385,,Default variant,11385,,false,true,100.0,,,,,,,,407400.0,407400.0,Default option,Default,,
,parfum-item-11382,Kouros Silver Yves Saint Laurent,Product,,published,,100.0,,,,,,,,,,,,,true,item_11382,,Default variant,11382,,false,true,100.0,,,,,,,,558600.0,558600.0,Default option,Default,,
,parfum-item-11380,Bvlgari Man In Black,Product,,published,,100.0,,,,,,,,,,,,,true,item_11380,,Default variant,11380,,false,true,100.0,,,,,,,,816200.0,816200.0,Default option,Default,,
,parfum-item-11379,Eros Najim Versace,Product,,published,,100.0,,,,,,,,,,,,,true,item_11379,,Default variant,11379,,false,true,100.0,,,,,,,,498400.0,498400.0,Default option,Default,,
,parfum-item-11378,Atheeri Lattafa,Product,,published,,100.0,,,,,,,,,,,,,true,item_11378,,Default variant,11378,,false,true,100.0,,,,,,,,380800.0,380800.0,Default option,Default,,
,parfum-item-11377,Gorgeous Bharara,Product,,published,,100.0,,,,,,,,,,,,,true,item_11377,,Default variant,11377,,false,true,100.0,,,,,,,,301000.0,301000.0,Default option,Default,,
,parfum-item-11375,Irresistible Nude Velvet Givenchy,Product,,published,,80.0,,,,,,,,,,,,,true,item_11375,,Default variant,11375,,false,true,80.0,,,,,,,,592200.0,592200.0,Default option,Default,,
,parfum-item-11373,Wonderlust Michael Kors,Product,,published,,100.0,,,,,,,,,,,,,true,item_11373,,Default variant,11373,,false,true,100.0,,,,,,,,359800.0,359800.0,Default option,Default,,
,parfum-item-11372,Gorgeous Michael Kors,Product,,published,,100.0,,,,,,,,,,,,,true,item_11372,,Default variant,11372,,false,true,100.0,,,,,,,,399000.0,399000.0,Default option,Default,,
,parfum-item-11370,Eau Des Merveilles Herm√®s Dama,Product,,published,,100.0,,,,,,,,,,,,,true,item_11370,,Default variant,11370,,false,true,100.0,,,,,,,,466200.0,466200.0,Default option,Default,,
,parfum-item-11369,Halloween Bliss Halloween,Product,,published,,100.0,,,,,,,,,,,,,true,item_11369,,Default variant,11369,,false,true,100.0,,,,,,,,306600.0,306600.0,Default option,Default,,
,parfum-item-11368,Light Blue Capri In Love Dolce & Gabbana Mujer,Product,,published,,100.0,,,,,,,,,,,,,true,item_11368,,Default variant,11368,,false,true,100.0,,,,,,,,495600.0,495600.0,Default option,Default,,
,parfum-item-11367,Light Blue Capri In Love Dolce & Gabbana Hombre,Product,,published,,100.0,,,,,,,,,,,,,true,item_11367,,Default variant,11367,,false,true,100.0,,,,,,,,512400.0,512400.0,Default option,Default,,
,parfum-item-11366,Le Male Elixir Absolu Jean Paul Gaultier,Product,,published,,125.0,,,,,,,,,,,,,true,item_11366,,Default variant,11366,,false,true,125.0,,,,,,,,659400.0,659400.0,Default option,Default,,
,parfum-item-11365,Bad Boy Elixir Carolina Herrera,Product,,published,,100.0,,,,,,,,,,,,,true,item_11365,,Default variant,11365,,false,true,100.0,,,,,,,,800800.0,800800.0,Default option,Default,,
,parfum-item-11364,Alien Hypersense Mugler,Product,,published,,90.0,,,,,,,,,,,,,true,item_11364,,Default variant,11364,,false,true,90.0,,,,,,,,494200.0,494200.0,Default option,Default,,
,parfum-item-11359,Amarillo De Shakira,Product,,published,,80.0,,,,,,,,,,,,,true,item_11359,,Default variant,11359,,false,true,80.0,,,,,,,,232400.0,232400.0,Default option,Default,,
,parfum-item-11358,Fucsia De Shakira,Product,,published,,80.0,,,,,,,,,,,,,true,item_11358,,Default variant,11358,,false,true,80.0,,,,,,,,232400.0,232400.0,Default option,Default,,
,parfum-item-11347,Pure Gold Montale,Product,,published,,100.0,,,,,,,,,,,,,true,item_11347,,Default variant,11347,,false,true,100.0,,,,,,,,697200.0,697200.0,Default option,Default,,
,parfum-item-11345,K De Dolce & Gabbana,Product,,published,,200.0,,,,,,,,,,,,,true,item_11345,,Default variant,11345,,false,true,200.0,,,,,,,,609000.0,609000.0,Default option,Default,,
,parfum-item-11344,K De Dolce & Gabbana,Product,,published,,200.0,,,,,,,,,,,,,true,item_11344,,Default variant,11344,,false,true,200.0,,,,,,,,651000.0,651000.0,Default option,Default,,
,parfum-item-11343,Uomo Born In Roma Extradose Valentino,Product,,published,,100.0,,,,,,,,,,,,,true,item_11343,,Default variant,11343,,false,true,100.0,,,,,,,,974400.0,974400.0,Default option,Default,,
,parfum-item-11342,Indecent Eternal Love,Product,,published,,100.0,,,,,,,,,,,,,true,item_11342,,Default variant,11342,,false,true,100.0,,,,,,,,183400.0,183400.0,Default option,Default,,
,parfum-item-11341,Nitro Red Intensely Dumont Paris,Product,,published,,100.0,,,,,,,,,,,,,true,item_11341,,Default variant,11341,,false,true,100.0,,,,,,,,420000.0,420000.0,Default option,Default,,
,parfum-item-11340,Khamrah Dukhan Lattafa,Product,,published,,100.0,,,,,,,,,,,,,true,item_11340,,Default variant,11340,,false,true,100.0,,,,,,,,298200.0,298200.0,Default option,Default,,
,parfum-item-11337,Jasoor Lattafa,Product,,published,,100.0,,,,,,,,,,,,,true,item_11337,,Default variant,11337,,false,true,100.0,,,,,,,,301000.0,301000.0,Default option,Default,,
,parfum-item-11334,Club De Nuit Untold De Armaf,Product,,published,,200.0,,,,,,,,,,,,,true,item_11334,,Default variant,11334,,false,true,200.0,,,,,,,,550200.0,550200.0,Default option,Default,,
,parfum-item-11333,Amore Capri Guess,Product,,published,,100.0,,,,,,,,,,,,,true,item_11333,,Default variant,11333,,false,true,100.0,,,,,,,,266000.0,266000.0,Default option,Default,,
,parfum-item-11332,Amore Roma Guess,Product,,published,,100.0,,,,,,,,,,,,,true,item_11332,,Default variant,11332,,false,true,100.0,,,,,,,,266000.0,266000.0,Default option,Default,,
,parfum-item-11331,Amore Venezia Guess,Product,,published,,100.0,,,,,,,,,,,,,true,item_11331,,Default variant,11331,,false,true,100.0,,,,,,,,266000.0,266000.0,Default option,Default,,
,parfum-item-11329,Rose Night Montale,Product,,published,,100.0,,,,,,,,,,,,,true,item_11329,,Default variant,11329,,false,true,100.0,,,,,,,,697200.0,697200.0,Default option,Default,,
,parfum-item-11328,Acqua Di Gio Profondo Giorgio Armani,Product,,published,,100.0,,,,,,,,,,,,,true,item_11328,,Default variant,11328,,false,true,100.0,,,,,,,,761600.0,761600.0,Default option,Default,,
,parfum-item-11326,Radical Rose Matiere Premiere,Product,,published,,100.0,,,,,,,,,,,,,true,item_11326,,Default variant,11326,,false,true,100.0,,,,,,,,1033200.0,1033200.0,Default option,Default,,
,parfum-item-11323,Givenchy L'interdit,Product,,published,,80.0,,,,,,,,,,,,,true,item_11323,,Default variant,11323,,false,true,80.0,,,,,,,,599200.0,599200.0,Default option,Default,,
,parfum-item-11322,L'interdit Absolu Intense Givenchy,Product,,published,,80.0,,,,,,,,,,,,,true,item_11322,,Default variant,11322,,false,true,80.0,,,,,,,,674800.0,674800.0,Default option,Default,,
,parfum-item-11321,Nitro White Dumont Paris,Product,,published,,100.0,,,,,,,,,,,,,true,item_11321,,Default variant,11321,,false,true,100.0,,,,,,,,336000.0,336000.0,Default option,Default,,
,parfum-item-11315,Azzaro Sport De Azzaro,Product,,published,,100.0,,,,,,,,,,,,,true,item_11315,,Default variant,11315,,false,true,100.0,,,,,,,,316400.0,316400.0,Default option,Default,,
,parfum-item-11313,Prive Eva Aqua Emper,Product,,published,,100.0,,,,,,,,,,,,,true,item_11313,,Default variant,11313,,false,true,100.0,,,,,,,,210000.0,210000.0,Default option,Default,,
,parfum-item-11312,Historic Olmeda Afnan,Product,,published,,100.0,,,,,,,,,,,,,true,item_11312,,Default variant,11312,,false,true,100.0,,,,,,,,334600.0,334600.0,Default option,Default,,
,parfum-item-11311,Valentino Uomo Born In Roma The Gold,Product,,published,,100.0,,,,,,,,,,,,,true,item_11311,,Default variant,11311,,false,true,100.0,,,,,,,,824600.0,824600.0,Default option,Default,,
,parfum-item-11310,Boss Bottled Triumph Elixir Hugo Boss,Product,,published,,100.0,,,,,,,,,,,,,true,item_11310,,Default variant,11310,,false,true,100.0,,,,,,,,639800.0,639800.0,Default option,Default,,
,parfum-item-11309,You Are My Fire Rouge Zakat,Product,,published,,100.0,,,,,,,,,,,,,true,item_11309,,Default variant,11309,,false,true,100.0,,,,,,,,316400.0,316400.0,Default option,Default,,
,parfum-item-11307,Shouq Le Falcon√©,Product,,published,,100.0,,,,,,,,,,,,,true,item_11307,,Default variant,11307,,false,true,100.0,,,,,,,,302400.0,302400.0,Default option,Default,,
,parfum-item-11305,Qannas Le Falcon√©,Product,,published,,100.0,,,,,,,,,,,,,true,item_11305,,Default variant,11305,,false,true,100.0,,,,,,,,302400.0,302400.0,Default option,Default,,
,parfum-item-11304,Taskeen Marina Paris Corner,Product,,published,,100.0,,,,,,,,,,,,,true,item_11304,,Default variant,11304,,false,true,100.0,,,,,,,,295400.0,295400.0,Default option,Default,,
,parfum-item-11303,Minya Paris Corner,Product,,published,,100.0,,,,,,,,,,,,,true,item_11303,,Default variant,11303,,false,true,100.0,,,,,,,,334600.0,334600.0,Default option,Default,,
,parfum-item-11301,Club De Nuit Iconic De Armaf,Product,,published,,200.0,,,,,,,,,,,,,true,item_11301,,Default variant,11301,,false,true,200.0,,,,,,,,544600.0,544600.0,Default option,Default,,
,parfum-item-11299,Hayaati Florence Lattafa,Product,,published,,100.0,,,,,,,,,,,,,true,item_11299,,Default variant,11299,,false,true,100.0,,,,,,,,247800.0,247800.0,Default option,Default,,
,parfum-item-11298,Sensual Vanilla Maison Alhambra,Product,,published,,80.0,,,,,,,,,,,,,true,item_11298,,Default variant,11298,,false,true,80.0,,,,,,,,285600.0,285600.0,Default option,Default,,
,parfum-item-11297,Aruba Gold Emper,Product,,published,,100.0,,,,,,,,,,,,,true,item_11297,,Default variant,11297,,false,true,100.0,,,,,,,,278600.0,278600.0,Default option,Default,,
,parfum-item-11296,Rochas Man Intense Hombre,Product,,published,,100.0,,,,,,,,,,,,,true,item_11296,,Default variant,11296,,false,true,100.0,,,,,,,,326200.0,326200.0,Default option,Default,,
,parfum-item-11283,Tag Him Uomo Rosso Armaf Hombre,Product,,published,,100.0,,,,,,,,,,,,,true,item_11283,,Default variant,11283,,false,true,100.0,,,,,,,,294000.0,294000.0,Default option,Default,,
,parfum-item-11282,Beach Party Armaf,Product,,published,,100.0,,,,,,,,,,,,,true,item_11282,,Default variant,11282,,false,true,100.0,,,,,,,,326200.0,326200.0,Default option,Default,,
,parfum-item-11281,Victoria Lattafa,Product,,published,,100.0,,,,,,,,,,,,,true,item_11281,,Default variant,11281,,false,true,100.0,,,,,,,,352800.0,352800.0,Default option,Default,,
,parfum-item-11280,Chocola Addict French Avenue,Product,,published,,100.0,,,,,,,,,,,,,true,item_11280,,Default variant,11280,,false,true,100.0,,,,,,,,376600.0,376600.0,Default option,Default,,
,parfum-item-11279,Aether Extrait French Avenue,Product,,published,,100.0,,,,,,,,,,,,,true,item_11279,,Default variant,11279,,false,true,100.0,,,,,,,,399000.0,399000.0,Default option,Default,,
,parfum-item-11278,Hacivat X Nishane,Product,,published,,100.0,,,,,,,,,,,,,true,item_11278,,Default variant,11278,,false,true,100.0,,,,,,,,1428000.0,1428000.0,Default option,Default,,
,parfum-item-11277,Hacivat Nishane,Product,,published,,100.0,,,,,,,,,,,,,true,item_11277,,Default variant,11277,,false,true,100.0,,,,,,,,1428000.0,1428000.0,Default option,Default,,
,parfum-item-11275,Goddess Burberry Intense Mujer,Product,,published,,100.0,,,,,,,,,,,,,true,item_11275,,Default variant,11275,,false,true,100.0,,,,,,,,816200.0,816200.0,Default option,Default,,
,parfum-item-11274,CR7 Discover Cristiano Ronaldo,Product,,published,,100.0,,,,,,,,,,,,,true,item_11274,,Default variant,11274,,false,true,100.0,,,,,,,,306600.0,306600.0,Default option,Default,,
,parfum-item-11273,Rare Carbon Afnan Hombre,Product,,published,,100.0,,,,,,,,,,,,,true,item_11273,,Default variant,11273,,false,true,100.0,,,,,,,,326200.0,326200.0,Default option,Default,,
,parfum-item-11272,Rave Pure Desire Intense Man Lattafa,Product,,published,,100.0,,,,,,,,,,,,,true,item_11272,,Default variant,11272,,false,true,100.0,,,,,,,,266000.0,266000.0,Default option,Default,,
,parfum-item-11270,Inara White Armaf,Product,,published,,100.0,,,,,,,,,,,,,true,item_11270,,Default variant,11270,,false,true,100.0,,,,,,,,259000.0,259000.0,Default option,Default,,
,parfum-item-11269,Inara Black Hombre Armaf,Product,,published,,100.0,,,,,,,,,,,,,true,item_11269,,Default variant,11269,,false,true,100.0,,,,,,,,259000.0,259000.0,Default option,Default,,
,parfum-item-11268,Le√≥nie Maison Alhambra Mujer,Product,,published,,100.0,,,,,,,,,,,,,true,item_11268,,Default variant,11268,,false,true,100.0,,,,,,,,259000.0,259000.0,Default option,Default,,
,parfum-item-11267,Yum Yum Armaf Delights Dama,Product,,published,,100.0,,,,,,,,,,,,,true,item_11267,,Default variant,11267,,false,true,100.0,,,,,,,,553000.0,553000.0,Default option,Default,,
,parfum-item-11266,Island Bliss Armaf Delights Dama,Product,,published,,100.0,,,,,,,,,,,,,true,item_11266,,Default variant,11266,,false,true,100.0,,,,,,,,553000.0,553000.0,Default option,Default,,
,parfum-item-11264,Acqua Di Gio Giorgio Armani,Product,,published,,100.0,,,,,,,,,,,,,true,item_11264,,Default variant,11264,,false,true,100.0,,,,,,,,571200.0,571200.0,Default option,Default,,
,parfum-item-11263,Tubbees Unicorn Vanilla Grandeur,Product,,published,,50.0,,,,,,,,,,,,,true,item_11263,,Default variant,11263,,false,true,50.0,,,,,,,,168000.0,168000.0,Default option,Default,,
,parfum-item-11256,L.12.12 Rose Eau Intense Lacoste,Product,,published,,100.0,,,,,,,,,,,,,true,item_11256,,Default variant,11256,,false,true,100.0,,,,,,,,394800.0,394800.0,Default option,Default,,
,parfum-item-11251,Kelly Cal√©che Herm√©s EDT,Product,,published,,100.0,,,,,,,,,,,,,true,item_11251,,Default variant,11251,,false,true,100.0,,,,,,,,877800.0,877800.0,Default option,Default,,
,parfum-item-11255,Ralph's Club Parfum Ralph Lauren Hombre,Product,,published,,100.0,,,,,,,,,,,,,true,item_11255,,Default variant,11255,,false,true,100.0,,,,,,,,1051400.0,1051400.0,Default option,Default,,
,parfum-item-11250,Art d'Amour Armaf Mujer,Product,,published,,100.0,,,,,,,,,,,,,true,item_11250,,Default variant,11250,,false,true,100.0,,,,,,,,285600.0,285600.0,Default option,Default,,
,parfum-item-11249,Traditional Hugh Parsons Hombre,Product,,published,,100.0,,,,,,,,,,,,,true,item_11249,,Default variant,11249,,false,true,100.0,,,,,,,,828800.0,828800.0,Default option,Default,,
,parfum-item-11257,Savile Row Hugh Parsons Hombre,Product,,published,,100.0,,,,,,,,,,,,,true,item_11257,,Default variant,11257,,false,true,100.0,,,,,,,,828800.0,828800.0,Default option,Default,,
,parfum-item-11248,Odyssey Dubai Chocolat de Armaf,Product,,published,,100.0,,,,,,,,,,,,,true,item_11248,,Default variant,11248,,false,true,100.0,,,,,,,,295400.0,295400.0,Default option,Default,,
,parfum-item-11247,212 VIP Black Elixir Carolina Herrera,Product,,published,,100.0,,,,,,,,,,,,,true,item_11247,,Default variant,11247,,false,true,100.0,,,,,,,,667800.0,667800.0,Default option,Default,,
,parfum-item-11246,Dallacha√Ø Montale,Product,,published,,100.0,,,,,,,,,,,,,true,item_11246,,Default variant,11246,,false,true,100.0,,,,,,,,806400.0,806400.0,Default option,Default,,
,parfum-item-11245,Tubbees Strawberry Cheesecake Grandeur,Product,,published,,50.0,,,,,,,,,,,,,true,item_11245,,Default variant,11245,,false,true,50.0,,,,,,,,133000.0,133000.0,Default option,Default,,
,parfum-item-11243,Invictus Aqua Paco Rabanne,Product,,published,,100.0,,,,,,,,,,,,,true,item_11243,,Default variant,11243,,false,true,100.0,,,,,,,,656600.0,656600.0,Default option,Default,,
,parfum-item-11241,Hawas Elixir De Rasasi,Product,,published,,100.0,,,,,,,,,,,,,true,item_11241,,Default variant,11241,,false,true,100.0,,,,,,,,326200.0,326200.0,Default option,Default,,
,parfum-item-11240,La Panth√©re Cartier,Product,,published,,100.0,,,,,,,,,,,,,true,item_11240,,Default variant,11240,,false,true,100.0,,,,,,,,701400.0,701400.0,Default option,Default,,
,parfum-item-11237,Bad Boy Cobalt Elixir Carolina Herrera,Product,,published,,50.0,,,,,,,,,,,,,true,item_11237,,Default variant,11237,,false,true,50.0,,,,,,,,712600.0,712600.0,Default option,Default,,
,parfum-item-11236,Beverly Hills Polo Club Sport 9,Product,,published,,100.0,,,,,,,,,,,,,true,item_11236,,Default variant,11236,,false,true,100.0,,,,,,,,189000.0,189000.0,Default option,Default,,
,parfum-item-11235,Beverly Hills Polo Club Sport 8,Product,,published,,100.0,,,,,,,,,,,,,true,item_11235,,Default variant,11235,,false,true,100.0,,,,,,,,197400.0,197400.0,Default option,Default,,
,parfum-item-11232,Red Aoud De Montale,Product,,published,,100.0,,,,,,,,,,,,,true,item_11232,,Default variant,11232,,false,true,100.0,,,,,,,,697200.0,697200.0,Default option,Default,,
,parfum-item-11231,Powder Flowers De Montale,Product,,published,,100.0,,,,,,,,,,,,,true,item_11231,,Default variant,11231,,false,true,100.0,,,,,,,,684600.0,684600.0,Default option,Default,,
,parfum-item-11228,Rose Noire Giorgio Valenti,Product,,published,,100.0,,,,,,,,,,,,,true,item_11228,,Default variant,11228,,false,true,100.0,,,,,,,,147000.0,147000.0,Default option,Default,,
,parfum-item-11227,Hawas Fire De Rasasi,Product,,published,,100.0,,,,,,,,,,,,,true,item_11227,,Default variant,11227,,false,true,100.0,,,,,,,,442400.0,442400.0,Default option,Default,,
,parfum-item-11225,Tubbees Pink Sugar Grandeur,Product,,published,,50.0,,,,,,,,,,,,,true,item_11225,,Default variant,11225,,false,true,50.0,,,,,,,,168000.0,168000.0,Default option,Default,,
,parfum-item-11224,Tubbees Pacificrim Grandeur,Product,,published,,50.0,,,,,,,,,,,,,true,item_11224,,Default variant,11224,,false,true,50.0,,,,,,,,168000.0,168000.0,Default option,Default,,
,parfum-item-11223,Tubbees Dreamy Treats Grandeur,Product,,published,,50.0,,,,,,,,,,,,,true,item_11223,,Default variant,11223,,false,true,50.0,,,,,,,,168000.0,168000.0,Default option,Default,,
,parfum-item-11222,Tubbees Cotton Candy Grandeur,Product,,published,,50.0,,,,,,,,,,,,,true,item_11222,,Default variant,11222,,false,true,50.0,,,,,,,,168000.0,168000.0,Default option,Default,,
,parfum-item-11221,Tubbees Cherry Luxe Grandeur,Product,,published,,50.0,,,,,,,,,,,,,true,item_11221,,Default variant,11221,,false,true,50.0,,,,,,,,168000.0,168000.0,Default option,Default,,
,parfum-item-11219,Tubbees Berry Blast Grandeur,Product,,published,,50.0,,,,,,,,,,,,,true,item_11219,,Default variant,11219,,false,true,50.0,,,,,,,,168000.0,168000.0,Default option,Default,,
,parfum-item-11218,Tubbees Beary Love Grandeur,Product,,published,,50.0,,,,,,,,,,,,,true,item_11218,,Default variant,11218,,false,true,50.0,,,,,,,,168000.0,168000.0,Default option,Default,,
,parfum-item-11217,Tubbees Bubble Gum Grandeur,Product,,published,,50.0,,,,,,,,,,,,,true,item_11217,,Default variant,11217,,false,true,50.0,,,,,,,,168000.0,168000.0,Default option,Default,,
,parfum-item-11216,Tubbees Chocolate Fudge Grandeur,Product,,published,,50.0,,,,,,,,,,,,,true,item_11216,,Default variant,11216,,false,true,50.0,,,,,,,,133000.0,133000.0,Default option,Default,,
,parfum-item-11215,Tubbees Cookies And Cream Grandeur,Product,,published,,50.0,,,,,,,,,,,,,true,item_11215,,Default variant,11215,,false,true,50.0,,,,,,,,133000.0,133000.0,Default option,Default,,
,parfum-item-11213,Elixir 88 Stallion 53 Emper,Product,,published,,100.0,,,,,,,,,,,,,true,item_11213,,Default variant,11213,,false,true,100.0,,,,,,,,273000.0,273000.0,Default option,Default,,
,parfum-item-11212,Jean Lowe Vibe Maison Alhambra,Product,,published,,100.0,,,,,,,,,,,,,true,item_11212,,Default variant,11212,,false,true,100.0,,,,,,,,326200.0,326200.0,Default option,Default,,
,parfum-item-11211,Gharam Lattafa Pride,Product,,published,,100.0,,,,,,,,,,,,,true,item_11211,,Default variant,11211,,false,true,100.0,,,,,,,,344400.0,344400.0,Default option,Default,,
,parfum-item-11210,La collection d'antiquit√©s 1910 Lattafa Pride,Product,,published,,100.0,,,,,,,,,,,,,true,item_11210,,Default variant,11210,,false,true,100.0,,,,,,,,387800.0,387800.0,Default option,Default,,
,parfum-item-11209,Levante Blue Noir Jo Milano Paris,Product,,published,,100.0,,,,,,,,,,,,,true,item_11209,,Default variant,11209,,false,true,100.0,,,,,,,,368200.0,368200.0,Default option,Default,,
,parfum-item-11207,Levante Intense Jo Milano Paris,Product,,published,,100.0,,,,,,,,,,,,,true,item_11207,,Default variant,11207,,false,true,100.0,,,,,,,,368200.0,368200.0,Default option,Default,,
,parfum-item-11206,Z25 Zakat Parfum,Product,,published,,100.0,,,,,,,,,,,,,true,item_11206,,Default variant,11206,,false,true,100.0,,,,,,,,331800.0,331800.0,Default option,Default,,
,parfum-item-11205,Burberry Hero De Burberry,Product,,published,,100.0,,,,,,,,,,,,,true,item_11205,,Default variant,11205,,false,true,100.0,,,,,,,,697200.0,697200.0,Default option,Default,,
,parfum-item-11204,Game Of Spades High Roller Jo Milano,Product,,published,,100.0,,,,,,,,,,,,,true,item_11204,,Default variant,11204,,false,true,100.0,,,,,,,,592200.0,592200.0,Default option,Default,,
,parfum-item-11202,Devotion Intense Dolce & Gabbana,Product,,published,,100.0,,,,,,,,,,,,,true,item_11202,,Default variant,11202,,false,true,100.0,,,,,,,,530600.0,530600.0,Default option,Default,,
,parfum-item-11201,Pharaoh Ramesses II Bharara,Product,,published,,100.0,,,,,,,,,,,,,true,item_11201,,Default variant,11201,,false,true,100.0,,,,,,,,686000.0,686000.0,Default option,Default,,
,parfum-item-11200,Sehr De Lattafa,Product,,published,,100.0,,,,,,,,,,,,,true,item_11200,,Default variant,11200,,false,true,100.0,,,,,,,,386400.0,386400.0,Default option,Default,,
,parfum-item-11199,The Scent Of Karol Metropolis,Product,,published,,100.0,,,,,,,,,,,,,true,item_11199,,Default variant,11199,,false,true,100.0,,,,,,,,295400.0,295400.0,Default option,Default,,
,parfum-item-11198,Guess Iconic De Guess,Product,,published,,100.0,,,,,,,,,,,,,true,item_11198,,Default variant,11198,,false,true,100.0,,,,,,,,344400.0,344400.0,Default option,Default,,
,parfum-item-11197,Show Me Love Escada,Product,,published,,100.0,,,,,,,,,,,,,true,item_11197,,Default variant,11197,,false,true,100.0,,,,,,,,295400.0,295400.0,Default option,Default,,
,parfum-item-11196,Mashrabya Lattafa,Product,,published,,100.0,,,,,,,,,,,,,true,item_11196,,Default variant,11196,,false,true,100.0,,,,,,,,359800.0,359800.0,Default option,Default,,
,parfum-item-11193,Fame The Couture Edition Paco Rabanne,Product,,published,,80.0,,,,,,,,,,,,,true,item_11193,,Default variant,11193,,false,true,80.0,,,,,,,,859600.0,859600.0,Default option,Default,,
,parfum-item-11192,The Icon Attitude De Antonio Banderas,Product,,published,,100.0,,,,,,,,,,,,,true,item_11192,,Default variant,11192,,false,true,100.0,,,,,,,,229600.0,229600.0,Default option,Default,,
,parfum-item-11191,Le Beau Flower Edition Jean Paul Gaultier,Product,,published,,125.0,,,,,,,,,,,,,true,item_11191,,Default variant,11191,,false,true,125.0,,,,,,,,799400.0,799400.0,Default option,Default,,
,parfum-item-11190,Armani Code Parfum Giorgio Armani,Product,,published,,75.0,,,,,,,,,,,,,true,item_11190,,Default variant,11190,,false,true,75.0,,,,,,,,674800.0,674800.0,Default option,Default,,
,parfum-item-11189,Amber & Spices Montale,Product,,published,,100.0,,,,,,,,,,,,,true,item_11189,,Default variant,11189,,false,true,100.0,,,,,,,,630000.0,630000.0,Default option,Default,,
,parfum-item-11186,The Lion's Club F√©roce Armaf,Product,,published,,100.0,,,,,,,,,,,,,true,item_11186,,Default variant,11186,,false,true,100.0,,,,,,,,407400.0,407400.0,Default option,Default,,
,parfum-item-11185,The Lion's Club Monarque Armaf,Product,,published,,100.0,,,,,,,,,,,,,true,item_11185,,Default variant,11185,,false,true,100.0,,,,,,,,407400.0,407400.0,Default option,Default,,
,parfum-item-11182,Ansaam silver lattafa,Product,,published,,100.0,,,,,,,,,,,,,true,item_11182,,Default variant,11182,,false,true,100.0,,,,,,,,340200.0,340200.0,Default option,Default,,
,parfum-item-11181,The Lion's Rugir Armaf,Product,,published,,100.0,,,,,,,,,,,,,true,item_11181,,Default variant,11181,,false,true,100.0,,,,,,,,421400.0,421400.0,Default option,Default,,
,parfum-item-11180,Delilah Blanc Maison Alhambra,Product,,published,,100.0,,,,,,,,,,,,,true,item_11180,,Default variant,11180,,false,true,100.0,,,,,,,,238000.0,238000.0,Default option,Default,,
,parfum-item-11179,Club De Nuit Lionheart Armaf,Product,,published,,100.0,,,,,,,,,,,,,true,item_11179,,Default variant,11179,,false,true,100.0,,,,,,,,407400.0,407400.0,Default option,Default,,
,parfum-item-11178,Club De Nuit Lionheart Armaf,Product,,published,,100.0,,,,,,,,,,,,,true,item_11178,,Default variant,11178,,false,true,100.0,,,,,,,,421400.0,421400.0,Default option,Default,,
,parfum-item-11176,Lail Maleki Moroccan Blue Lattafa,Product,,published,,100.0,,,,,,,,,,,,,true,item_11176,,Default variant,11176,,false,true,100.0,,,,,,,,247800.0,247800.0,Default option,Default,,
,parfum-item-11173,Infinity Gold Armaf,Product,,published,,100.0,,,,,,,,,,,,,true,item_11173,,Default variant,11173,,false,true,100.0,,,,,,,,413000.0,413000.0,Default option,Default,,
,parfum-item-11172,Connoisseur Armaf,Product,,published,,100.0,,,,,,,,,,,,,true,item_11172,,Default variant,11172,,false,true,100.0,,,,,,,,407400.0,407400.0,Default option,Default,,
,parfum-item-11171,Connoisseur Armaf,Product,,published,,100.0,,,,,,,,,,,,,true,item_11171,,Default variant,11171,,false,true,100.0,,,,,,,,407400.0,407400.0,Default option,Default,,
,parfum-item-11170,Best Of The Best Adidas,Product,,published,,100.0,,,,,,,,,,,,,true,item_11170,,Default variant,11170,,false,true,100.0,,,,,,,,113400.0,113400.0,Default option,Default,,
,parfum-item-11169,Odyssey Candee Armaf,Product,,published,,100.0,,,,,,,,,,,,,true,item_11169,,Default variant,11169,,false,true,100.0,,,,,,,,334600.0,334600.0,Default option,Default,,
,parfum-item-11259,Cocoa Morado French Avenue,Product,,published,,100.0,,,,,,,,,,,,,true,item_11259,,Default variant,11259,,false,true,100.0,,,,,,,,379400.0,379400.0,Default option,Default,,
,parfum-item-11168,Art Of Universe Lattafa Pride,Product,,published,,100.0,,,,,,,,,,,,,true,item_11168,,Default variant,11168,,false,true,100.0,,,,,,,,403200.0,403200.0,Default option,Default,,
,parfum-item-11167,Rayhaan Lion De Rayhaan Parfum,Product,,published,,100.0,,,,,,,,,,,,,true,item_11167,,Default variant,11167,,false,true,100.0,,,,,,,,326200.0,326200.0,Default option,Default,,
,parfum-item-11164,Asad Bourbon Lattafa,Product,,published,,100.0,,,,,,,,,,,,,true,item_11164,,Default variant,11164,,false,true,100.0,,,,,,,,285600.0,285600.0,Default option,Default,,
,parfum-item-11258,Y Yves Saint Laurent EDP Intense,Product,,published,,100.0,,,,,,,,,,,,,true,item_11258,,Default variant,11258,,false,true,100.0,,,,,,,,812000.0,812000.0,Default option,Default,,
,parfum-item-11162,Mon Paris Intensement Yves Saint Laurent,Product,,published,,90.0,,,,,,,,,,,,,true,item_11162,,Default variant,11162,,false,true,90.0,,,,,,,,947800.0,947800.0,Default option,Default,,
,parfum-item-11262,Gucci Bloom,Product,,published,,150.0,,,,,,,,,,,,,true,item_11262,,Default variant,11262,,false,true,150.0,,,,,,,,847000.0,847000.0,Default option,Default,,
,parfum-item-11159,Gucci Bamboo De Gucci,Product,,published,,75.0,,,,,,,,,,,,,true,item_11159,,Default variant,11159,,false,true,75.0,,,,,,,,639800.0,639800.0,Default option,Default,,
,parfum-item-11157,Cloud Pink Ariana Grande,Product,,published,,100.0,,,,,,,,,,,,,true,item_11157,,Default variant,11157,,false,true,100.0,,,,,,,,438200.0,438200.0,Default option,Default,,
,parfum-item-11156,L'Homme Id√©al Extr√™me De Guerlain,Product,,published,,100.0,,,,,,,,,,,,,true,item_11156,,Default variant,11156,,false,true,100.0,,,,,,,,779800.0,779800.0,Default option,Default,,
,parfum-item-11148,Mercedes Benz Sign Mercedes-Benz,Product,,published,,50.0,,,,,,,,,,,,,true,item_11148,,Default variant,11148,,false,true,50.0,,,,,,,,344400.0,344400.0,Default option,Default,,
,parfum-item-11145,Gentleman Society Eau de Parfum Extr√™me Givenchy,Product,,published,,100.0,,,,,,,,,,,,,true,item_11145,,Default variant,11145,,false,true,100.0,,,,,,,,558600.0,558600.0,Default option,Default,,
,parfum-item-11144,Carpe Diem Maktoub,Product,,published,,100.0,,,,,,,,,,,,,true,item_11144,,Default variant,11144,,false,true,100.0,,,,,,,,413000.0,413000.0,Default option,Default,,
,parfum-item-11143,88 Maktoub,Product,,published,,100.0,,,,,,,,,,,,,true,item_11143,,Default variant,11143,,false,true,100.0,,,,,,,,406000.0,406000.0,Default option,Default,,
,parfum-item-11142,Eternal Maktoub,Product,,published,,100.0,,,,,,,,,,,,,true,item_11142,,Default variant,11142,,false,true,100.0,,,,,,,,406000.0,406000.0,Default option,Default,,
,parfum-item-11141,Next World Maktoub,Product,,published,,100.0,,,,,,,,,,,,,true,item_11141,,Default variant,11141,,false,true,100.0,,,,,,,,406000.0,406000.0,Default option,Default,,
,parfum-item-11140,Fame Parfum Paco Rabanne Dama,Product,,published,,80.0,,,,,,,,,,,,,true,item_11140,,Default variant,11140,,false,true,80.0,,,,,,,,711200.0,711200.0,Default option,Default,,
,parfum-item-11137,Supremacy Pink Afnan Mujer,Product,,published,,100.0,,,,,,,,,,,,,true,item_11137,,Default variant,11137,,false,true,100.0,,,,,,,,285600.0,285600.0,Default option,Default,,
,parfum-item-11136,Oscent White Alexandre.J,Product,,published,,100.0,,,,,,,,,,,,,true,item_11136,,Default variant,11136,,false,true,100.0,,,,,,,,889000.0,889000.0,Default option,Default,,
,parfum-item-11135,Lacoste Original De Lacoste Hombre,Product,,published,,100.0,,,,,,,,,,,,,true,item_11135,,Default variant,11135,,false,true,100.0,,,,,,,,422800.0,422800.0,Default option,Default,,
,parfum-item-11151,Gucci Guilty De Gucci Mujer,Product,,published,,90.0,,,,,,,,,,,,,true,item_11151,,Default variant,11151,,false,true,90.0,,,,,,,,551600.0,551600.0,Default option,Default,,
,parfum-item-11134,Libre Le Parfum Yves Saint Laurent Mujer,Product,,published,,90.0,,,,,,,,,,,,,true,item_11134,,Default variant,11134,,false,true,90.0,,,,,,,,884800.0,884800.0,Default option,Default,,
,parfum-item-11133,Bogart Story Red Jacques Bogart Hombre,Product,,published,,100.0,,,,,,,,,,,,,true,item_11133,,Default variant,11133,,false,true,100.0,,,,,,,,224000.0,224000.0,Default option,Default,,
,parfum-item-11131,Oscent Pink Alexandre.J,Product,,published,,100.0,,,,,,,,,,,,,true,item_11131,,Default variant,11131,,false,true,100.0,,,,,,,,817600.0,817600.0,Default option,Default,,
,parfum-item-11130,Hawas de Rasasi Mujer,Product,,published,,100.0,,,,,,,,,,,,,true,item_11130,,Default variant,11130,,false,true,100.0,,,,,,,,316400.0,316400.0,Default option,Default,,
,parfum-item-11129,L.12.12 Blanc Eau Fraiche Lacoste,Product,,published,,100.0,,,,,,,,,,,,,true,item_11129,,Default variant,11129,,false,true,100.0,,,,,,,,376600.0,376600.0,Default option,Default,,
,parfum-item-11128,L.12.12 Noir Intense de Lacoste,Product,,published,,100.0,,,,,,,,,,,,,true,item_11128,,Default variant,11128,,false,true,100.0,,,,,,,,399000.0,399000.0,Default option,Default,,
,parfum-item-11127,The Most Wanted Azzaro EDP Intense Hombre,Product,,published,,100.0,,,,,,,,,,,,,true,item_11127,,Default variant,11127,,false,true,100.0,,,,,,,,798000.0,798000.0,Default option,Default,,
,parfum-item-11126,The Secret Absolu De Antonio Banderas,Product,,published,,100.0,,,,,,,,,,,,,true,item_11126,,Default variant,11126,,false,true,100.0,,,,,,,,229600.0,229600.0,Default option,Default,,
,parfum-item-11125,Charlie Blue De Revlon,Product,,published,,100.0,,,,,,,,,,,,,true,item_11125,,Default variant,11125,,false,true,100.0,,,,,,,,113400.0,113400.0,Default option,Default,,
,parfum-item-11124,Histoire D¬¥Amour Parfum Aubusson,Product,,published,,100.0,,,,,,,,,,,,,true,item_11124,,Default variant,11124,,false,true,100.0,,,,,,,,205800.0,205800.0,Default option,Default,,
,parfum-item-11123,Signorina Libera Ferragamo,Product,,published,,100.0,,,,,,,,,,,,,true,item_11123,,Default variant,11123,,false,true,100.0,,,,,,,,434000.0,434000.0,Default option,Default,,
,parfum-item-11122,Rome Pour Femme Mast Parfum,Product,,published,,100.0,,,,,,,,,,,,,true,item_11122,,Default variant,11122,,false,true,100.0,,,,,,,,296800.0,296800.0,Default option,Default,,
,parfum-item-11121,Burberry Hero De Burberry,Product,,published,,100.0,,,,,,,,,,,,,true,item_11121,,Default variant,11121,,false,true,100.0,,,,,,,,595000.0,595000.0,Default option,Default,,
,parfum-item-11120,My Way Nectar Giorgio Armani,Product,,published,,90.0,,,,,,,,,,,,,true,item_11120,,Default variant,11120,,false,true,90.0,,,,,,,,844200.0,844200.0,Default option,Default,,
,parfum-item-11117,Afeef Lattafa,Product,,published,,100.0,,,,,,,,,,,,,true,item_11117,,Default variant,11117,,false,true,100.0,,,,,,,,380800.0,380800.0,Default option,Default,,
,parfum-item-11116,Art Du Parfum Abstracto Armaf,Product,,published,,100.0,,,,,,,,,,,,,true,item_11116,,Default variant,11116,,false,true,100.0,,,,,,,,295400.0,295400.0,Default option,Default,,
,parfum-item-11115,Kiaanna Angel Afnan,Product,,published,,100.0,,,,,,,,,,,,,true,item_11115,,Default variant,11115,,false,true,100.0,,,,,,,,399000.0,399000.0,Default option,Default,,
,parfum-item-11114,Kiaanna Crush Afnan,Product,,published,,100.0,,,,,,,,,,,,,true,item_11114,,Default variant,11114,,false,true,100.0,,,,,,,,470400.0,470400.0,Default option,Default,,
,parfum-item-11112,Messi,Product,,published,,100.0,,,,,,,,,,,,,true,item_11112,,Default variant,11112,,false,true,100.0,,,,,,,,387800.0,387800.0,Default option,Default,,
,parfum-item-11111,Eros Energy De Versace,Product,,published,,200.0,,,,,,,,,,,,,true,item_11111,,Default variant,11111,,false,true,200.0,,,,,,,,693000.0,693000.0,Default option,Default,,
,parfum-item-11106,9 PM Rebel Afnan,Product,,published,,100.0,,,,,,,,,,,,,true,item_11106,,Default variant,11106,,false,true,100.0,,,,,,,,340200.0,340200.0,Default option,Default,,
,parfum-item-11105,Acqua di Gi√≤ Profondo Parfum Giorgio Armani,Product,,published,,100.0,,,,,,,,,,,,,true,item_11105,,Default variant,11105,,false,true,100.0,,,,,,,,842800.0,842800.0,Default option,Default,,
,parfum-item-11103,Spicy Leather Salvatore Ferragamo,Product,,published,,100.0,,,,,,,,,,,,,true,item_11103,,Default variant,11103,,false,true,100.0,,,,,,,,478800.0,478800.0,Default option,Default,,
,parfum-item-11102,Caramel Cream Ainash Parfums,Product,,published,,100.0,,,,,,,,,,,,,true,item_11102,,Default variant,11102,,false,true,100.0,,,,,,,,407400.0,407400.0,Default option,Default,,
,parfum-item-11101,Kleon Ainash Parfums,Product,,published,,100.0,,,,,,,,,,,,,true,item_11101,,Default variant,11101,,false,true,100.0,,,,,,,,407400.0,407400.0,Default option,Default,,
,parfum-item-11100,Faucon Ainash Parfums,Product,,published,,100.0,,,,,,,,,,,,,true,item_11100,,Default variant,11100,,false,true,100.0,,,,,,,,407400.0,407400.0,Default option,Default,,
,parfum-item-11099,Lumiere Ainash Parfums,Product,,published,,100.0,,,,,,,,,,,,,true,item_11099,,Default variant,11099,,false,true,100.0,,,,,,,,407400.0,407400.0,Default option,Default,,
,parfum-item-11094,Teriaq Intense De Lattafa,Product,,published,,100.0,,,,,,,,,,,,,true,item_11094,,Default variant,11094,,false,true,100.0,,,,,,,,301000.0,301000.0,Default option,Default,,
,parfum-item-11093,Winsome De Maison Alhambra,Product,,published,,90.0,,,,,,,,,,,,,true,item_11093,,Default variant,11093,,false,true,90.0,,,,,,,,326200.0,326200.0,Default option,Default,,
,parfum-item-11092,Olymp√©a Flora Paco Rabanne,Product,,published,,80.0,,,,,,,,,,,,,true,item_11092,,Default variant,11092,,false,true,80.0,,,,,,,,590800.0,590800.0,Default option,Default,,
,parfum-item-11091,Qimmah For Men Lattafa,Product,,published,,100.0,,,,,,,,,,,,,true,item_11091,,Default variant,11091,,false,true,100.0,,,,,,,,313600.0,313600.0,Default option,Default,,
,parfum-item-11090,Qimmah For Women Lattafa,Product,,published,,100.0,,,,,,,,,,,,,true,item_11090,,Default variant,11090,,false,true,100.0,,,,,,,,322000.0,322000.0,Default option,Default,,
,parfum-item-11089,Kayaan Gold Al Wataniah,Product,,published,,100.0,,,,,,,,,,,,,true,item_11089,,Default variant,11089,,false,true,100.0,,,,,,,,326200.0,326200.0,Default option,Default,,
,parfum-item-11088,Ventana Marine De Armaf,Product,,published,,100.0,,,,,,,,,,,,,true,item_11088,,Default variant,11088,,false,true,100.0,,,,,,,,316400.0,316400.0,Default option,Default,,
,parfum-item-11086,Divine Le Parfum Jean Paul Gaultier EDP,Product,,published,,100.0,,,,,,,,,,,,,true,item_11086,,Default variant,11086,,false,true,100.0,,,,,,,,851200.0,851200.0,Default option,Default,,
,parfum-item-11085,Nitro Platinum Dumont Paris,Product,,published,,100.0,,,,,,,,,,,,,true,item_11085,,Default variant,11085,,false,true,100.0,,,,,,,,334600.0,334600.0,Default option,Default,,
,parfum-item-11084,Mayar Cherry Intense Lattafa,Product,,published,,100.0,,,,,,,,,,,,,true,item_11084,,Default variant,11084,,false,true,100.0,,,,,,,,285600.0,285600.0,Default option,Default,,
,parfum-item-11083,Olympea Paco Rabanne,Product,,published,,50.0,,,,,,,,,,,,,true,item_11083,,Default variant,11083,,false,true,50.0,,,,,,,,464800.0,464800.0,Default option,Default,,
,parfum-item-11081,L'Eau d'Issey Pure Issey Miyake,Product,,published,,50.0,,,,,,,,,,,,,true,item_11081,,Default variant,11081,,false,true,50.0,,,,,,,,438200.0,438200.0,Default option,Default,,
,parfum-item-11079,J'Adore Dior,Product,,published,,50.0,,,,,,,,,,,,,true,item_11079,,Default variant,11079,,false,true,50.0,,,,,,,,910000.0,910000.0,Default option,Default,,
,parfum-item-11078,J'Adore Infinissime Dior,Product,,published,,50.0,,,,,,,,,,,,,true,item_11078,,Default variant,11078,,false,true,50.0,,,,,,,,607600.0,607600.0,Default option,Default,,
,parfum-item-11077,Bad Boy Sparkling Ice Carolina Herrera,Product,,published,,100.0,,,,,,,,,,,,,true,item_11077,,Default variant,11077,,false,true,100.0,,,,,,,,729400.0,729400.0,Default option,Default,,
,parfum-item-11074,Haramain Natural Iris Al Haramain,Product,,published,,,,,,,,,,,,,,,true,item_11074,,Default variant,11074,,false,true,,,,,,,,,553000.0,553000.0,Default option,Default,,
,parfum-item-11073,Rome Pour Homme Mast Perfume,Product,,published,,100.0,,,,,,,,,,,,,true,item_11073,,Default variant,11073,,false,true,100.0,,,,,,,,295400.0,295400.0,Default option,Default,,
,parfum-item-11072,Haya Crush Le Chameau Emper,Product,,published,,100.0,,,,,,,,,,,,,true,item_11072,,Default variant,11072,,false,true,100.0,,,,,,,,299600.0,299600.0,Default option,Default,,
,parfum-item-11071,Arabia The Beauty Le Chameau Emper Hombre,Product,,published,,100.0,,,,,,,,,,,,,true,item_11071,,Default variant,11071,,false,true,100.0,,,,,,,,296800.0,296800.0,Default option,Default,,
,parfum-item-11070,Emotion Le Cameau Emper,Product,,published,,100.0,,,,,,,,,,,,,true,item_11070,,Default variant,11070,,false,true,100.0,,,,,,,,296800.0,296800.0,Default option,Default,,
,parfum-item-11069,K De Dolce & Gabbana EDP Intense,Product,,published,,100.0,,,,,,,,,,,,,true,item_11069,,Default variant,11069,,false,true,100.0,,,,,,,,586600.0,586600.0,Default option,Default,,
,parfum-item-11067,Brioche Vanille Lattafa,Product,,published,,100.0,,,,,,,,,,,,,true,item_11067,,Default variant,11067,,false,true,100.0,,,,,,,,376600.0,376600.0,Default option,Default,,
,parfum-item-11063,Riviera Neroli Flavia,Product,,published,,100.0,,,,,,,,,,,,,true,item_11063,,Default variant,11063,,false,true,100.0,,,,,,,,296800.0,296800.0,Default option,Default,,
,parfum-item-11060,The One Dolce & Gabbana Hombre EDP Intense,Product,,published,,100.0,,,,,,,,,,,,,true,item_11060,,Default variant,11060,,false,true,100.0,,,,,,,,534800.0,534800.0,Default option,Default,,
,parfum-item-11059,Tous Kids Bear,Product,,published,,100.0,,,,,,,,,,,,,true,item_11059,,Default variant,11059,,false,true,100.0,,,,,,,,267400.0,267400.0,Default option,Default,,
,parfum-item-11058,Q Dolce & Gabbana EDP Intense,Product,,published,,100.0,,,,,,,,,,,,,true,item_11058,,Default variant,11058,,false,true,100.0,,,,,,,,606200.0,606200.0,Default option,Default,,
,parfum-item-11056,Save Elixir Le Chameau,Product,,published,,85.0,,,,,,,,,,,,,true,item_11056,,Default variant,11056,,false,true,85.0,,,,,,,,306600.0,306600.0,Default option,Default,,
,parfum-item-11055,Lady Million Royal de Paco Rabanne,Product,,published,,80.0,,,,,,,,,,,,,true,item_11055,,Default variant,11055,,false,true,80.0,,,,,,,,618800.0,618800.0,Default option,Default,,
,parfum-item-11053,Goddess Burberry,Product,,published,,100.0,,,,,,,,,,,,,true,item_11053,,Default variant,11053,,false,true,100.0,,,,,,,,708400.0,708400.0,Default option,Default,,
,parfum-item-11050,Muharib Le Falcon√©,Product,,published,,85.0,,,,,,,,,,,,,true,item_11050,,Default variant,11050,,false,true,85.0,,,,,,,,302400.0,302400.0,Default option,Default,,
,parfum-item-11049,Eros Energy De Versace,Product,,published,,100.0,,,,,,,,,,,,,true,item_11049,,Default variant,11049,,false,true,100.0,,,,,,,,414400.0,414400.0,Default option,Default,,
,parfum-item-11048,Polo Red Ralph Lauren,Product,,published,,125.0,,,,,,,,,,,,,true,item_11048,,Default variant,11048,,false,true,125.0,,,,,,,,415800.0,415800.0,Default option,Default,,
,parfum-item-11047,Khair Confection Paris Corner,Product,,published,,100.0,,,,,,,,,,,,,true,item_11047,,Default variant,11047,,false,true,100.0,,,,,,,,316400.0,316400.0,Default option,Default,,
,parfum-item-11046,Jean Lowe Azure Maison Alhambra,Product,,published,,100.0,,,,,,,,,,,,,true,item_11046,,Default variant,11046,,false,true,100.0,,,,,,,,344400.0,344400.0,Default option,Default,,
,parfum-item-11045,King Gold Edition Bharara,Product,,published,,100.0,,,,,,,,,,,,,true,item_11045,,Default variant,11045,,false,true,100.0,,,,,,,,592200.0,592200.0,Default option,Default,,
,parfum-item-11044,Sky De Perry Ellis,Product,,published,,100.0,,,,,,,,,,,,,true,item_11044,,Default variant,11044,,false,true,100.0,,,,,,,,355600.0,355600.0,Default option,Default,,
,parfum-item-11043,Zaurac Spirit Of Kings,Product,,published,,100.0,,,,,,,,,,,,,true,item_11043,,Default variant,11043,,false,true,100.0,,,,,,,,1318800.0,1318800.0,Default option,Default,,
,parfum-item-11042,Matar Spirit Of Kings,Product,,published,,100.0,,,,,,,,,,,,,true,item_11042,,Default variant,11042,,false,true,100.0,,,,,,,,1318800.0,1318800.0,Default option,Default,,
,parfum-item-11041,Eau Tropicale Sisley Paris,Product,,published,,100.0,,,,,,,,,,,,,true,item_11041,,Default variant,11041,,false,true,100.0,,,,,,,,1187200.0,1187200.0,Default option,Default,,
,parfum-item-11038,Rohit Rouge Bharara,Product,,published,,100.0,,,,,,,,,,,,,true,item_11038,,Default variant,11038,,false,true,100.0,,,,,,,,306600.0,306600.0,Default option,Default,,
,parfum-item-11037,Bade'e Al Oud Noble Blush Lattafa,Product,,published,,100.0,,,,,,,,,,,,,true,item_11037,,Default variant,11037,,false,true,100.0,,,,,,,,302400.0,302400.0,Default option,Default,,
,parfum-item-11036,Haramain Green Dubai,Product,,published,,100.0,,,,,,,,,,,,,true,item_11036,,Default variant,11036,,false,true,100.0,,,,,,,,522200.0,522200.0,Default option,Default,,
,parfum-item-11154,Haramain Palm Dubai,Product,,published,,100.0,,,,,,,,,,,,,true,item_11154,,Default variant,11154,,false,true,100.0,,,,,,,,558600.0,558600.0,Default option,Default,,
,parfum-item-11035,Haramain Miracle Dubai,Product,,published,,100.0,,,,,,,,,,,,,true,item_11035,,Default variant,11035,,false,true,100.0,,,,,,,,558600.0,558600.0,Default option,Default,,
,parfum-item-11034,Live Irr√©sistible Givenchy,Product,,published,,75.0,,,,,,,,,,,,,true,item_11034,,Default variant,11034,,false,true,75.0,,,,,,,,586600.0,586600.0,Default option,Default,,
,parfum-item-11024,Cocktail Pepe Jeans London,Product,,published,,100.0,,,,,,,,,,,,,true,item_11024,,Default variant,11024,,false,true,100.0,,,,,,,,231000.0,231000.0,Default option,Default,,
,parfum-item-11023,Cocktail Pepe Jeans London,Product,,published,,100.0,,,,,,,,,,,,,true,item_11023,,Default variant,11023,,false,true,100.0,,,,,,,,231000.0,231000.0,Default option,Default,,
,parfum-item-11022,Perfect Intense De Marc Jacobs,Product,,published,,100.0,,,,,,,,,,,,,true,item_11022,,Default variant,11022,,false,true,100.0,,,,,,,,743400.0,743400.0,Default option,Default,,
,parfum-item-11018,Ch Pasion De Carolina Herrera,Product,,published,,100.0,,,,,,,,,,,,,true,item_11018,,Default variant,11018,,false,true,100.0,,,,,,,,701400.0,701400.0,Default option,Default,,
,parfum-item-11019,Bamb√∫ De Adolfo Dominguez,Product,,published,,120.0,,,,,,,,,,,,,true,item_11019,,Default variant,11019,,false,true,120.0,,,,,,,,259000.0,259000.0,Default option,Default,,
,parfum-item-11017,Z15 Zakat Parfum,Product,,published,,100.0,,,,,,,,,,,,,true,item_11017,,Default variant,11017,,false,true,100.0,,,,,,,,301000.0,301000.0,Default option,Default,,
,parfum-item-11016,Z17 Zakat Parfum,Product,,published,,100.0,,,,,,,,,,,,,true,item_11016,,Default variant,11016,,false,true,100.0,,,,,,,,301000.0,301000.0,Default option,Default,,
,parfum-item-11015,Z12 Zakat Parfum,Product,,published,,100.0,,,,,,,,,,,,,true,item_11015,,Default variant,11015,,false,true,100.0,,,,,,,,301000.0,301000.0,Default option,Default,,
,parfum-item-11014,Z19 Zakat Parfum,Product,,published,,100.0,,,,,,,,,,,,,true,item_11014,,Default variant,11014,,false,true,100.0,,,,,,,,301000.0,301000.0,Default option,Default,,
,parfum-item-11013,Z6 Zakat Parfum,Product,,published,,100.0,,,,,,,,,,,,,true,item_11013,,Default variant,11013,,false,true,100.0,,,,,,,,301000.0,301000.0,Default option,Default,,
,parfum-item-11012,Z2 Zakat Parfum,Product,,published,,100.0,,,,,,,,,,,,,true,item_11012,,Default variant,11012,,false,true,100.0,,,,,,,,301000.0,301000.0,Default option,Default,,
,parfum-item-11011,Bonita La Rose Le Falcon√©,Product,,published,,90.0,,,,,,,,,,,,,true,item_11011,,Default variant,11011,,false,true,90.0,,,,,,,,285600.0,285600.0,Default option,Default,,
,parfum-item-11010,Bonita Rouge Le Falcon√©,Product,,published,,100.0,,,,,,,,,,,,,true,item_11010,,Default variant,11010,,false,true,100.0,,,,,,,,285600.0,285600.0,Default option,Default,,
,parfum-item-11009,Just Lychee Fragrance World,Product,,published,,100.0,,,,,,,,,,,,,true,item_11009,,Default variant,11009,,false,true,100.0,,,,,,,,274400.0,274400.0,Default option,Default,,
,parfum-item-11008,Queen Check Mate Armaf,Product,,published,,100.0,,,,,,,,,,,,,true,item_11008,,Default variant,11008,,false,true,100.0,,,,,,,,442400.0,442400.0,Default option,Default,,
,parfum-item-11007,King Check Mate Armaf,Product,,published,,100.0,,,,,,,,,,,,,true,item_11007,,Default variant,11007,,false,true,100.0,,,,,,,,445200.0,445200.0,Default option,Default,,
,parfum-item-11006,Pegasus De Ahli,Product,,published,,60.0,,,,,,,,,,,,,true,item_11006,,Default variant,11006,,false,true,60.0,,,,,,,,553000.0,553000.0,Default option,Default,,
,parfum-item-11005,Overdose De Ahli,Product,,published,,60.0,,,,,,,,,,,,,true,item_11005,,Default variant,11005,,false,true,60.0,,,,,,,,553000.0,553000.0,Default option,Default,,
,parfum-item-11155,Karpos De Ahli,Product,,published,,60.0,,,,,,,,,,,,,true,item_11155,,Default variant,11155,,false,true,60.0,,,,,,,,553000.0,553000.0,Default option,Default,,
,parfum-item-11004,Delta De Ahli,Product,,published,,60.0,,,,,,,,,,,,,true,item_11004,,Default variant,11004,,false,true,60.0,,,,,,,,516600.0,516600.0,Default option,Default,,
,parfum-item-11003,Crux De Ahli,Product,,published,,60.0,,,,,,,,,,,,,true,item_11003,,Default variant,11003,,false,true,60.0,,,,,,,,586600.0,586600.0,Default option,Default,,
,parfum-item-11002,As F**K De Ahli,Product,,published,,60.0,,,,,,,,,,,,,true,item_11002,,Default variant,11002,,false,true,60.0,,,,,,,,604800.0,604800.0,Default option,Default,,
,parfum-item-11001,Antlia De Ahli,Product,,published,,60.0,,,,,,,,,,,,,true,item_11001,,Default variant,11001,,false,true,60.0,,,,,,,,553000.0,553000.0,Default option,Default,,
,parfum-item-11000,Il Sommet De Ilmin,Product,,published,,30.0,,,,,,,,,,,,,true,item_11000,,Default variant,11000,,false,true,30.0,,,,,,,,719600.0,719600.0,Default option,Default,,
,parfum-item-10997,Il Peace De Ilmin,Product,,published,,30.0,,,,,,,,,,,,,true,item_10997,,Default variant,10997,,false,true,30.0,,,,,,,,719600.0,719600.0,Default option,Default,,
,parfum-item-10996,Il Mer De Ilmin,Product,,published,,30.0,,,,,,,,,,,,,true,item_10996,,Default variant,10996,,false,true,30.0,,,,,,,,719600.0,719600.0,Default option,Default,,
,parfum-item-10995,Il Luxe De Ilmin,Product,,published,,30.0,,,,,,,,,,,,,true,item_10995,,Default variant,10995,,false,true,30.0,,,,,,,,719600.0,719600.0,Default option,Default,,
,parfum-item-10994,Il Lourd De Ilmin,Product,,published,,30.0,,,,,,,,,,,,,true,item_10994,,Default variant,10994,,false,true,30.0,,,,,,,,719600.0,719600.0,Default option,Default,,
,parfum-item-10993,Il Lavish De Ilmin,Product,,published,,30.0,,,,,,,,,,,,,true,item_10993,,Default variant,10993,,false,true,30.0,,,,,,,,719600.0,719600.0,Default option,Default,,
,parfum-item-10992,Rayhaan Elixir,Product,,published,,100.0,,,,,,,,,,,,,true,item_10992,,Default variant,10992,,false,true,100.0,,,,,,,,320600.0,320600.0,Default option,Default,,
,parfum-item-10991,Happy Brush Lattafa Pride,Product,,published,,75.0,,,,,,,,,,,,,true,item_10991,,Default variant,10991,,false,true,75.0,,,,,,,,266000.0,266000.0,Default option,Default,,
,parfum-item-10990,Sing Lattafa Pride,Product,,published,,75.0,,,,,,,,,,,,,true,item_10990,,Default variant,10990,,false,true,75.0,,,,,,,,266000.0,266000.0,Default option,Default,,
,parfum-item-10989,Riders Lattafa Pride,Product,,published,,75.0,,,,,,,,,,,,,true,item_10989,,Default variant,10989,,false,true,75.0,,,,,,,,266000.0,266000.0,Default option,Default,,
,parfum-item-10988,Stop Wait Go Lattafa Pride,Product,,published,,75.0,,,,,,,,,,,,,true,item_10988,,Default variant,10988,,false,true,75.0,,,,,,,,266000.0,266000.0,Default option,Default,,
,parfum-item-10987,Liquid Brun French Avenue,Product,,published,,80.0,,,,,,,,,,,,,true,item_10987,,Default variant,10987,,false,true,80.0,,,,,,,,393400.0,393400.0,Default option,Default,,
,parfum-item-10986,Sorrento De Emmir Milano,Product,,published,,50.0,,,,,,,,,,,,,true,item_10986,,Default variant,10986,,false,true,50.0,,,,,,,,917000.0,917000.0,Default option,Default,,
,parfum-item-10985,Firenze De Emmir Milano,Product,,published,,50.0,,,,,,,,,,,,,true,item_10985,,Default variant,10985,,false,true,50.0,,,,,,,,917000.0,917000.0,Default option,Default,,
,parfum-item-10984,Milano De Emmir Milano,Product,,published,,50.0,,,,,,,,,,,,,true,item_10984,,Default variant,10984,,false,true,50.0,,,,,,,,917000.0,917000.0,Default option,Default,,
,parfum-item-10983,Her Confession De Lattafa,Product,,published,,100.0,,,,,,,,,,,,,true,item_10983,,Default variant,10983,,false,true,100.0,,,,,,,,329000.0,329000.0,Default option,Default,,
,parfum-item-10981,Odyssey Spectra Armaf,Product,,published,,100.0,,,,,,,,,,,,,true,item_10981,,Default variant,10981,,false,true,100.0,,,,,,,,295400.0,295400.0,Default option,Default,,
,parfum-item-10980,Odyssey Limoni Fresh Armaf,Product,,published,,100.0,,,,,,,,,,,,,true,item_10980,,Default variant,10980,,false,true,100.0,,,,,,,,295400.0,295400.0,Default option,Default,,
,parfum-item-10979,Azzure Aoud French Avenue,Product,,published,,80.0,,,,,,,,,,,,,true,item_10979,,Default variant,10979,,false,true,80.0,,,,,,,,380800.0,380800.0,Default option,Default,,
,parfum-item-10978,Sondos Lattafa,Product,,published,,100.0,,,,,,,,,,,,,true,item_10978,,Default variant,10978,,false,true,100.0,,,,,,,,312200.0,312200.0,Default option,Default,,
,parfum-item-10977,Sweet Velvet Mast Perfume Bharara,Product,,published,,100.0,,,,,,,,,,,,,true,item_10977,,Default variant,10977,,false,true,100.0,,,,,,,,312200.0,312200.0,Default option,Default,,
,parfum-item-10976,√öniq Effects Armaf,Product,,published,,100.0,,,,,,,,,,,,,true,item_10976,,Default variant,10976,,false,true,100.0,,,,,,,,368200.0,368200.0,Default option,Default,,
,parfum-item-10975,√öniq Oud Forever Armaf,Product,,published,,100.0,,,,,,,,,,,,,true,item_10975,,Default variant,10975,,false,true,100.0,,,,,,,,368200.0,368200.0,Default option,Default,,
,parfum-item-10974,Aguafresca De Gardenia Adolfo Dominguez,Product,,published,,120.0,,,,,,,,,,,,,true,item_10974,,Default variant,10974,,false,true,120.0,,,,,,,,246400.0,246400.0,Default option,Default,,
,parfum-item-10973,Elegance Bharara,Product,,published,,100.0,,,,,,,,,,,,,true,item_10973,,Default variant,10973,,false,true,100.0,,,,,,,,553000.0,553000.0,Default option,Default,,
,parfum-item-10972,Essence Bharara,Product,,published,,100.0,,,,,,,,,,,,,true,item_10972,,Default variant,10972,,false,true,100.0,,,,,,,,553000.0,553000.0,Default option,Default,,
,parfum-item-10970,Enigma Bharara,Product,,published,,100.0,,,,,,,,,,,,,true,item_10970,,Default variant,10970,,false,true,100.0,,,,,,,,553000.0,553000.0,Default option,Default,,
,parfum-item-10969,Goddess De Bharara,Product,,published,,100.0,,,,,,,,,,,,,true,item_10969,,Default variant,10969,,false,true,100.0,,,,,,,,448000.0,448000.0,Default option,Default,,
,parfum-item-10967,Il France De Ilmin,Product,,published,,30.0,,,,,,,,,,,,,true,item_10967,,Default variant,10967,,false,true,30.0,,,,,,,,719600.0,719600.0,Default option,Default,,
,parfum-item-10966,Il Fort De Ilmin,Product,,published,,30.0,,,,,,,,,,,,,true,item_10966,,Default variant,10966,,false,true,30.0,,,,,,,,728000.0,728000.0,Default option,Default,,
,parfum-item-10965,Il Ciel De Ilmin,Product,,published,,30.0,,,,,,,,,,,,,true,item_10965,,Default variant,10965,,false,true,30.0,,,,,,,,732200.0,732200.0,Default option,Default,,
,parfum-item-10964,Il Chaleur De Ilmin,Product,,published,,30.0,,,,,,,,,,,,,true,item_10964,,Default variant,10964,,false,true,30.0,,,,,,,,732200.0,732200.0,Default option,Default,,
,parfum-item-10963,Il Albanian De Ilmin,Product,,published,,30.0,,,,,,,,,,,,,true,item_10963,,Default variant,10963,,false,true,30.0,,,,,,,,732200.0,732200.0,Default option,Default,,
,parfum-item-10962,His Confession De Lattafa,Product,,published,,100.0,,,,,,,,,,,,,true,item_10962,,Default variant,10962,,false,true,100.0,,,,,,,,329000.0,329000.0,Default option,Default,,
,parfum-item-10961,Queen Of Silk Creed,Product,,published,,75.0,,,,,,,,,,,,,true,item_10961,,Default variant,10961,,false,true,75.0,,,,,,,,1666000.0,1666000.0,Default option,Default,,
,parfum-item-10960,Very Good Girl Glam Parfum Carolina Herrera,Product,,published,,80.0,,,,,,,,,,,,,true,item_10960,,Default variant,10960,,false,true,80.0,,,,,,,,764400.0,764400.0,Default option,Default,,
,parfum-item-10959,Club De Nuit Intense Limited Pride Armaf,Product,,published,,105.0,,,,,,,,,,,,,true,item_10959,,Default variant,10959,,false,true,105.0,,,,,,,,550200.0,550200.0,Default option,Default,,
,parfum-item-10958,Angham Lattafa,Product,,published,,100.0,,,,,,,,,,,,,true,item_10958,,Default variant,10958,,false,true,100.0,,,,,,,,387800.0,387800.0,Default option,Default,,
,parfum-item-10957,Feu La For√©t,Product,,published,,100.0,,,,,,,,,,,,,true,item_10957,,Default variant,10957,,false,true,100.0,,,,,,,,453600.0,453600.0,Default option,Default,,
,parfum-item-10954,Dance Midnight Muse Shakira,Product,,published,,80.0,,,,,,,,,,,,,true,item_10954,,Default variant,10954,,false,true,80.0,,,,,,,,210000.0,210000.0,Default option,Default,,
,parfum-item-10952,Nitro Red Dumont Paris,Product,,published,,100.0,,,,,,,,,,,,,true,item_10952,,Default variant,10952,,false,true,100.0,,,,,,,,334600.0,334600.0,Default option,Default,,
,parfum-item-10951,Daisy Wild De Marc Jacobs,Product,,published,,100.0,,,,,,,,,,,,,true,item_10951,,Default variant,10951,,false,true,100.0,,,,,,,,613200.0,613200.0,Default option,Default,,
,parfum-item-10950,I Want Choo Forever Jimmy Choo,Product,,published,,100.0,,,,,,,,,,,,,true,item_10950,,Default variant,10950,,false,true,100.0,,,,,,,,470400.0,470400.0,Default option,Default,,
,parfum-item-10949,Electro Touch Tous,Product,,published,,100.0,,,,,,,,,,,,,true,item_10949,,Default variant,10949,,false,true,100.0,,,,,,,,316400.0,316400.0,Default option,Default,,
,parfum-item-10947,Hugo Intense De Hugo Boss,Product,,published,,125.0,,,,,,,,,,,,,true,item_10947,,Default variant,10947,,false,true,125.0,,,,,,,,648200.0,648200.0,Default option,Default,,
,parfum-item-10942,My Wish Halloween,Product,,published,,100.0,,,,,,,,,,,,,true,item_10942,,Default variant,10942,,false,true,100.0,,,,,,,,354200.0,354200.0,Default option,Default,,
,parfum-item-10941,Se√±orita Mon Amour El Ganso,Product,,published,,125.0,,,,,,,,,,,,,true,item_10941,,Default variant,10941,,false,true,125.0,,,,,,,,257600.0,257600.0,Default option,Default,,
,parfum-item-10934,Joy Dior De Christian Dior,Product,,published,,50.0,,,,,,,,,,,,,true,item_10934,,Default variant,10934,,false,true,50.0,,,,,,,,520800.0,520800.0,Default option,Default,,
,parfum-item-10933,Les Tops Tonos De Pimienta Blanca Jean Pascal,Product,,published,,120.0,,,,,,,,,,,,,true,item_10933,,Default variant,10933,,false,true,120.0,,,,,,,,443800.0,443800.0,Default option,Default,,
,parfum-item-10932,Les Tops Tambores Salvajes Jean Pascal,Product,,published,,120.0,,,,,,,,,,,,,true,item_10932,,Default variant,10932,,false,true,120.0,,,,,,,,443800.0,443800.0,Default option,Default,,
,parfum-item-10931,Les Tops Lavanda Absoluta Jean Pascal,Product,,published,,120.0,,,,,,,,,,,,,true,item_10931,,Default variant,10931,,false,true,120.0,,,,,,,,443800.0,443800.0,Default option,Default,,
,parfum-item-10930,Les Tops Espiritus Del Paramo Jean Pascal,Product,,published,,120.0,,,,,,,,,,,,,true,item_10930,,Default variant,10930,,false,true,120.0,,,,,,,,443800.0,443800.0,Default option,Default,,
,parfum-item-10929,Les Tops Amaranta Jean Pascal,Product,,published,,120.0,,,,,,,,,,,,,true,item_10929,,Default variant,10929,,false,true,120.0,,,,,,,,443800.0,443800.0,Default option,Default,,
,parfum-item-10925,Game Of Spades Full House Jo Milano,Product,,published,,100.0,,,,,,,,,,,,,true,item_10925,,Default variant,10925,,false,true,100.0,,,,,,,,579600.0,579600.0,Default option,Default,,
,parfum-item-10924,Game Of Spades WildCard Jo Milano,Product,,published,,100.0,,,,,,,,,,,,,true,item_10924,,Default variant,10924,,false,true,100.0,,,,,,,,564200.0,564200.0,Default option,Default,,
,parfum-item-10923,Hawas Black De Rasasi,Product,,published,,100.0,,,,,,,,,,,,,true,item_10923,,Default variant,10923,,false,true,100.0,,,,,,,,295400.0,295400.0,Default option,Default,,
,parfum-item-10921,Guess Seductive Blue,Product,,published,,75.0,,,,,,,,,,,,,true,item_10921,,Default variant,10921,,false,true,75.0,,,,,,,,218400.0,218400.0,Default option,Default,,
,parfum-item-10920,Realities Liz Claiborne,Product,,published,,100.0,,,,,,,,,,,,,true,item_10920,,Default variant,10920,,false,true,100.0,,,,,,,,215600.0,215600.0,Default option,Default,,
,parfum-item-10919,Good Girl Blush Elixir Carolina Herrera,Product,,published,,80.0,,,,,,,,,,,,,true,item_10919,,Default variant,10919,,false,true,80.0,,,,,,,,761600.0,761600.0,Default option,Default,,
,parfum-item-10918,Samsara Guerlain,Product,,published,,75.0,,,,,,,,,,,,,true,item_10918,,Default variant,10918,,false,true,75.0,,,,,,,,743400.0,743400.0,Default option,Default,,
,parfum-item-10915,Amber Oud Gold 999.9 Dubai Edition Al Haramain,Product,,published,,75.0,,,,,,,,,,,,,true,item_10915,,Default variant,10915,,false,true,75.0,,,,,,,,501200.0,501200.0,Default option,Default,,
,parfum-item-10914,Venetian Ambre Edition de Armaf,Product,,published,,100.0,,,,,,,,,,,,,true,item_10914,,Default variant,10914,,false,true,100.0,,,,,,,,295400.0,295400.0,Default option,Default,,
,parfum-item-10913,Olymp√©a Parfum Paco Rabanne,Product,,published,,80.0,,,,,,,,,,,,,true,item_10913,,Default variant,10913,,false,true,80.0,,,,,,,,723800.0,723800.0,Default option,Default,,
,parfum-item-10910,Miss Dior,Product,,published,,100.0,,,,,,,,,,,,,true,item_10910,,Default variant,10910,,false,true,100.0,,,,,,,,893200.0,893200.0,Default option,Default,,
,parfum-item-10909,Mercedes Benz Man Bright,Product,,published,,100.0,,,,,,,,,,,,,true,item_10909,,Default variant,10909,,false,true,100.0,,,,,,,,422800.0,422800.0,Default option,Default,,
,parfum-item-10908,Compassion 2 Irresistible Louis Cardin,Product,,published,,90.0,,,,,,,,,,,,,true,item_10908,,Default variant,10908,,false,true,90.0,,,,,,,,359800.0,359800.0,Default option,Default,,
,parfum-item-10906,Aire Loewe,Product,,published,,100.0,,,,,,,,,,,,,true,item_10906,,Default variant,10906,,false,true,100.0,,,,,,,,571200.0,571200.0,Default option,Default,,
,parfum-item-10904,Vintage John Varvatos,Product,,published,,125.0,,,,,,,,,,,,,true,item_10904,,Default variant,10904,,false,true,125.0,,,,,,,,355600.0,355600.0,Default option,Default,,
,parfum-item-10901,Naxos Xerjoff,Product,,published,,100.0,,,,,,,,,,,,,true,item_10901,,Default variant,10901,,false,true,100.0,,,,,,,,1565200.0,1565200.0,Default option,Default,,
,parfum-item-10900,The Kingdom Lattafa,Product,,published,,100.0,,,,,,,,,,,,,true,item_10900,,Default variant,10900,,false,true,100.0,,,,,,,,327600.0,327600.0,Default option,Default,,
,parfum-item-10899,The Kingdom Lattafa,Product,,published,,100.0,,,,,,,,,,,,,true,item_10899,,Default variant,10899,,false,true,100.0,,,,,,,,289800.0,289800.0,Default option,Default,,
,parfum-item-10898,Wardi Ana Al Awwal Nusuk,Product,,published,,100.0,,,,,,,,,,,,,true,item_10898,,Default variant,10898,,false,true,100.0,,,,,,,,254800.0,254800.0,Default option,Default,,
,parfum-item-10897,Terre D'hermes Parfum Pure Parfum,Product,,published,,75.0,,,,,,,,,,,,,true,item_10897,,Default variant,10897,,false,true,75.0,,,,,,,,743400.0,743400.0,Default option,Default,,
,parfum-item-10896,Urban Hero Gold Jimmy Choo,Product,,published,,100.0,,,,,,,,,,,,,true,item_10896,,Default variant,10896,,false,true,100.0,,,,,,,,386400.0,386400.0,Default option,Default,,
,parfum-item-10894,Scandal Absolu Jean Paul Gaultier,Product,,published,,80.0,,,,,,,,,,,,,true,item_10894,,Default variant,10894,,false,true,80.0,,,,,,,,809200.0,809200.0,Default option,Default,,
,parfum-item-10893,Scandal Absolu Jean Paul Gaultier,Product,,published,,100.0,,,,,,,,,,,,,true,item_10893,,Default variant,10893,,false,true,100.0,,,,,,,,704200.0,704200.0,Default option,Default,,
,parfum-item-10892,Mast Perfume Velvet Rose Bharara,Product,,published,,100.0,,,,,,,,,,,,,true,item_10892,,Default variant,10892,,false,true,100.0,,,,,,,,280000.0,280000.0,Default option,Default,,
,parfum-item-10891,L'Eau Super Majeure Intense Issey Miyake,Product,,published,,50.0,,,,,,,,,,,,,true,item_10891,,Default variant,10891,,false,true,50.0,,,,,,,,387800.0,387800.0,Default option,Default,,
,parfum-item-10889,Dolce & Gabbana Tradicional,Product,,published,,100.0,,,,,,,,,,,,,true,item_10889,,Default variant,10889,,false,true,100.0,,,,,,,,553000.0,553000.0,Default option,Default,,
,parfum-item-10888,West Side Bond No 9 NYC,Product,,published,,100.0,,,,,,,,,,,,,true,item_10888,,Default variant,10888,,false,true,100.0,,,,,,,,1544200.0,1544200.0,Default option,Default,,
,parfum-item-10885,Beverly Hills Polo Club Sport 2,Product,,published,,100.0,,,,,,,,,,,,,true,item_10885,,Default variant,10885,,false,true,100.0,,,,,,,,189000.0,189000.0,Default option,Default,,
,parfum-item-10882,Tour Beverly Hills Polo Club,Product,,published,,100.0,,,,,,,,,,,,,true,item_10882,,Default variant,10882,,false,true,100.0,,,,,,,,243600.0,243600.0,Default option,Default,,
,parfum-item-10881,Titan Beverly Hills Polo Club,Product,,published,,100.0,,,,,,,,,,,,,true,item_10881,,Default variant,10881,,false,true,100.0,,,,,,,,243600.0,243600.0,Default option,Default,,
,parfum-item-10880,Passion Beverly Hills Polo Club,Product,,published,,100.0,,,,,,,,,,,,,true,item_10880,,Default variant,10880,,false,true,100.0,,,,,,,,243600.0,243600.0,Default option,Default,,
,parfum-item-10879,Mystique Beverly Hills Polo Club,Product,,published,,100.0,,,,,,,,,,,,,true,item_10879,,Default variant,10879,,false,true,100.0,,,,,,,,243600.0,243600.0,Default option,Default,,
,parfum-item-10876,Miss Dior Parfum,Product,,published,,80.0,,,,,,,,,,,,,true,item_10876,,Default variant,10876,,false,true,80.0,,,,,,,,1122800.0,1122800.0,Default option,Default,,
,parfum-item-10873,Crystal Noir Parfum Versace,Product,,published,,90.0,,,,,,,,,,,,,true,item_10873,,Default variant,10873,,false,true,90.0,,,,,,,,567000.0,567000.0,Default option,Default,,
,parfum-item-10871,Kings Road Hugh Parsons Hombre,Product,,published,,100.0,,,,,,,,,,,,,true,item_10871,,Default variant,10871,,false,true,100.0,,,,,,,,828800.0,828800.0,Default option,Default,,
,parfum-item-10870,Ciao Bella! El Ganso,Product,,published,,125.0,,,,,,,,,,,,,true,item_10870,,Default variant,10870,,false,true,125.0,,,,,,,,242200.0,242200.0,Default option,Default,,
,parfum-item-10869,Uomo Born in Roma Green Stravaganza Valentino,Product,,published,,100.0,,,,,,,,,,,,,true,item_10869,,Default variant,10869,,false,true,100.0,,,,,,,,869400.0,869400.0,Default option,Default,,
,parfum-item-10867,Odyssey Homme White Edition De Armaf,Product,,published,,200.0,,,,,,,,,,,,,true,item_10867,,Default variant,10867,,false,true,200.0,,,,,,,,421400.0,421400.0,Default option,Default,,
,parfum-item-10866,Uomo Born in Roma Green Stravaganza Valentino,Product,,published,,100.0,,,,,,,,,,,,,true,item_10866,,Default variant,10866,,false,true,100.0,,,,,,,,753200.0,753200.0,Default option,Default,,
,parfum-item-10865,Taskeen Caramel Cascade Paris Corner,Product,,published,,100.0,,,,,,,,,,,,,true,item_10865,,Default variant,10865,,false,true,100.0,,,,,,,,344400.0,344400.0,Default option,Default,,
,parfum-item-10864,Khair Pistachio Paris Corner,Product,,published,,100.0,,,,,,,,,,,,,true,item_10864,,Default variant,10864,,false,true,100.0,,,,,,,,326200.0,326200.0,Default option,Default,,
,parfum-item-10863,Khair Fusion Paris Corner,Product,,published,,100.0,,,,,,,,,,,,,true,item_10863,,Default variant,10863,,false,true,100.0,,,,,,,,326200.0,326200.0,Default option,Default,,
,parfum-item-10862,Odyssey Mandarin Sky Armaf,Product,,published,,200.0,,,,,,,,,,,,,true,item_10862,,Default variant,10862,,false,true,200.0,,,,,,,,380800.0,380800.0,Default option,Default,,
,parfum-item-10860,Bella Bouquet Oscar de la Renta,Product,,published,,100.0,,,,,,,,,,,,,true,item_10860,,Default variant,10860,,false,true,100.0,,,,,,,,674800.0,674800.0,Default option,Default,,
,parfum-item-10859,Yara Candy Lattafa,Product,,published,,100.0,,,,,,,,,,,,,true,item_10859,,Default variant,10859,,false,true,100.0,,,,,,,,259000.0,259000.0,Default option,Default,,
,parfum-item-10858,Sceptre Oceana Maison Alhambra,Product,,published,,100.0,,,,,,,,,,,,,true,item_10858,,Default variant,10858,,false,true,100.0,,,,,,,,326200.0,326200.0,Default option,Default,,
,parfum-item-10855,Amber Oud Aqua Dubai Night Al Haramain,Product,,published,,75.0,,,,,,,,,,,,,true,item_10855,,Default variant,10855,,false,true,75.0,,,,,,,,415800.0,415800.0,Default option,Default,,
,parfum-item-10854,Amber Oud Aqua Dubai Night Al Haramain,Product,,published,,100.0,,,,,,,,,,,,,true,item_10854,,Default variant,10854,,false,true,100.0,,,,,,,,448000.0,448000.0,Default option,Default,,
,parfum-item-10857,Flower Ikebana Sakura Kenzo,Product,,published,,75.0,,,,,,,,,,,,,true,item_10857,,Default variant,10857,,false,true,75.0,,,,,,,,562800.0,562800.0,Default option,Default,,
,parfum-item-10856,Flower Ikebana Mimosa Kenzo,Product,,published,,75.0,,,,,,,,,,,,,true,item_10856,,Default variant,10856,,false,true,75.0,,,,,,,,588000.0,588000.0,Default option,Default,,
,parfum-item-10853,Tempel Comet Tiziana Terenzi,Product,,published,,100.0,,,,,,,,,,,,,true,item_10853,,Default variant,10853,,false,true,100.0,,,,,,,,2444400.0,2444400.0,Default option,Default,,
,parfum-item-10850,Amber Oud Aqua Dubai Al Haramain,Product,,published,,100.0,,,,,,,,,,,,,true,item_10850,,Default variant,10850,,false,true,100.0,,,,,,,,456400.0,456400.0,Default option,Default,,
,parfum-item-10849,Million Gold Rabanne,Product,,published,,90.0,,,,,,,,,,,,,true,item_10849,,Default variant,10849,,false,true,90.0,,,,,,,,733600.0,733600.0,Default option,Default,,
,parfum-item-10848,Million Gold EDP Intense Rabbanne,Product,,published,,100.0,,,,,,,,,,,,,true,item_10848,,Default variant,10848,,false,true,100.0,,,,,,,,628600.0,628600.0,Default option,Default,,
,parfum-item-10844,Burj Dubai Arina Le Chameau Emper,Product,,published,,100.0,,,,,,,,,,,,,true,item_10844,,Default variant,10844,,false,true,100.0,,,,,,,,259000.0,259000.0,Default option,Default,,
,parfum-item-10843,Desert Angel Le Chameau Emper,Product,,published,,100.0,,,,,,,,,,,,,true,item_10843,,Default variant,10843,,false,true,100.0,,,,,,,,247800.0,247800.0,Default option,Default,,
,parfum-item-10842,Arabia Haya Le Chameau Emper,Product,,published,,100.0,,,,,,,,,,,,,true,item_10842,,Default variant,10842,,false,true,100.0,,,,,,,,289800.0,289800.0,Default option,Default,,
,parfum-item-10841,The One Gold Intense Dolce&Gabbana Mujer,Product,,published,,75.0,,,,,,,,,,,,,true,item_10841,,Default variant,10841,,false,true,75.0,,,,,,,,540400.0,540400.0,Default option,Default,,
,parfum-item-10840,Carmina Creed,Product,,published,,75.0,,,,,,,,,,,,,true,item_10840,,Default variant,10840,,false,true,75.0,,,,,,,,1568000.0,1568000.0,Default option,Default,,
,parfum-item-10839,Admiral The Pride Of Armaf,Product,,published,,100.0,,,,,,,,,,,,,true,item_10839,,Default variant,10839,,false,true,100.0,,,,,,,,348600.0,348600.0,Default option,Default,,
,parfum-item-10837,Desired Rose Ainash Parfums,Product,,published,,75.0,,,,,,,,,,,,,true,item_10837,,Default variant,10837,,false,true,75.0,,,,,,,,354200.0,354200.0,Default option,Default,,
,parfum-item-10835,Coconut Candy Ainash Parfums,Product,,published,,75.0,,,,,,,,,,,,,true,item_10835,,Default variant,10835,,false,true,75.0,,,,,,,,354200.0,354200.0,Default option,Default,,
,parfum-item-10834,Affection love Lattafa Pride,Product,,published,,100.0,,,,,,,,,,,,,true,item_10834,,Default variant,10834,,false,true,100.0,,,,,,,,340200.0,340200.0,Default option,Default,,
,parfum-item-10830,Passion Fruit Ainash Parfums,Product,,published,,75.0,,,,,,,,,,,,,true,item_10830,,Default variant,10830,,false,true,75.0,,,,,,,,354200.0,354200.0,Default option,Default,,
,parfum-item-10829,Elion Ainash Parfums,Product,,published,,75.0,,,,,,,,,,,,,true,item_10829,,Default variant,10829,,false,true,75.0,,,,,,,,387800.0,387800.0,Default option,Default,,
,parfum-item-10828,Jimmy Choo Man Aqua,Product,,published,,100.0,,,,,,,,,,,,,true,item_10828,,Default variant,10828,,false,true,100.0,,,,,,,,399000.0,399000.0,Default option,Default,,
,parfum-item-10822,Bad Boy Cobalt Elixir Carolina Herrera,Product,,published,,100.0,,,,,,,,,,,,,true,item_10822,,Default variant,10822,,false,true,100.0,,,,,,,,743400.0,743400.0,Default option,Default,,
,parfum-item-10819,Infini Oud Joyous Maison Alhambra,Product,,published,,100.0,,,,,,,,,,,,,true,item_10819,,Default variant,10819,,false,true,100.0,,,,,,,,289800.0,289800.0,Default option,Default,,
,parfum-item-10818,Infini Elixir Maison Alhambra,Product,,published,,100.0,,,,,,,,,,,,,true,item_10818,,Default variant,10818,,false,true,100.0,,,,,,,,271600.0,271600.0,Default option,Default,,
,parfum-item-10817,Glacier Le Noir Maison Alhambra,Product,,published,,100.0,,,,,,,,,,,,,true,item_10817,,Default variant,10817,,false,true,100.0,,,,,,,,285600.0,285600.0,Default option,Default,,
,parfum-item-10814,Victorioso Maison Alhambra,Product,,published,,100.0,,,,,,,,,,,,,true,item_10814,,Default variant,10814,,false,true,100.0,,,,,,,,274400.0,274400.0,Default option,Default,,
,parfum-item-10806,Of The Wild De Mancera,Product,,published,,120.0,,,,,,,,,,,,,true,item_10806,,Default variant,10806,,false,true,120.0,,,,,,,,761600.0,761600.0,Default option,Default,,
,parfum-item-10805,Aqua Allegoria Rosa Rossa Guerlain,Product,,published,,125.0,,,,,,,,,,,,,true,item_10805,,Default variant,10805,,false,true,125.0,,,,,,,,816200.0,816200.0,Default option,Default,,
,parfum-item-10804,Aqua Allegoria Rosa Rossa Forte Guerlain,Product,,published,,200.0,,,,,,,,,,,,,true,item_10804,,Default variant,10804,,false,true,200.0,,,,,,,,571200.0,571200.0,Default option,Default,,
,parfum-item-10803,Aqua Allegoria Rosa Rossa Forte Guerlain,Product,,published,,125.0,,,,,,,,,,,,,true,item_10803,,Default variant,10803,,false,true,125.0,,,,,,,,1002400.0,1002400.0,Default option,Default,,
,parfum-item-10802,Aqua Allegoria Forte Rosa Rossa Guerlain,Product,,published,,75.0,,,,,,,,,,,,,true,item_10802,,Default variant,10802,,false,true,75.0,,,,,,,,623000.0,623000.0,Default option,Default,,
,parfum-item-10801,Aqua Allegoria Mandarine Basilic Harvest Guerlain,Product,,published,,125.0,,,,,,,,,,,,,true,item_10801,,Default variant,10801,,false,true,125.0,,,,,,,,1002400.0,1002400.0,Default option,Default,,
,parfum-item-10799,Aqua Allegoria Mandarine Basilic Guerlain,Product,,published,,75.0,,,,,,,,,,,,,true,item_10799,,Default variant,10799,,false,true,75.0,,,,,,,,761600.0,761600.0,Default option,Default,,
,parfum-item-10798,Dior Homme Christian Dior,Product,,published,,50.0,,,,,,,,,,,,,true,item_10798,,Default variant,10798,,false,true,50.0,,,,,,,,527800.0,527800.0,Default option,Default,,
,parfum-item-10796,Blue Seduction Wave Antonio Banderas,Product,,published,,100.0,,,,,,,,,,,,,true,item_10796,,Default variant,10796,,false,true,100.0,,,,,,,,259000.0,259000.0,Default option,Default,,
,parfum-item-10794,Cassandra Rose Rouge Jeanne Arthes,Product,,published,,100.0,,,,,,,,,,,,,true,item_10794,,Default variant,10794,,false,true,100.0,,,,,,,,138600.0,138600.0,Default option,Default,,
,parfum-item-10788,Invictus Parfum Paco Rabanne,Product,,published,,100.0,,,,,,,,,,,,,true,item_10788,,Default variant,10788,,false,true,100.0,,,,,,,,663600.0,663600.0,Default option,Default,,
,parfum-item-10783,Melody Of The Sun De Mancera,Product,,published,,120.0,,,,,,,,,,,,,true,item_10783,,Default variant,10783,,false,true,120.0,,,,,,,,761600.0,761600.0,Default option,Default,,
,parfum-item-10782,Black Noir De Mancera,Product,,published,,120.0,,,,,,,,,,,,,true,item_10782,,Default variant,10782,,false,true,120.0,,,,,,,,761600.0,761600.0,Default option,Default,,
,parfum-item-10781,Aoud S De Mancera,Product,,published,,120.0,,,,,,,,,,,,,true,item_10781,,Default variant,10781,,false,true,120.0,,,,,,,,761600.0,761600.0,Default option,Default,,
,parfum-item-10780,Amore Caff√® De Mancera,Product,,published,,120.0,,,,,,,,,,,,,true,item_10780,,Default variant,10780,,false,true,120.0,,,,,,,,779800.0,779800.0,Default option,Default,,
,parfum-item-10774,Turathi Blue Afnan,Product,,published,,100.0,,,,,,,,,,,,,true,item_10774,,Default variant,10774,,false,true,100.0,,,,,,,,341600.0,341600.0,Default option,Default,,
,parfum-item-10773,Sceptre Bronzite Maison Alhambra,Product,,published,,100.0,,,,,,,,,,,,,true,item_10773,,Default variant,10773,,false,true,100.0,,,,,,,,320600.0,320600.0,Default option,Default,,
,parfum-item-10770,Hugo Jeans Man Hugo Boss,Product,,published,,75.0,,,,,,,,,,,,,true,item_10770,,Default variant,10770,,false,true,75.0,,,,,,,,292600.0,292600.0,Default option,Default,,
,parfum-item-10767,Erba Gold Xerjoff,Product,,published,,100.0,,,,,,,,,,,,,true,item_10767,,Default variant,10767,,false,true,100.0,,,,,,,,1639400.0,1639400.0,Default option,Default,,
,parfum-item-10763,Odyssey Homme De Armaf,Product,,published,,200.0,,,,,,,,,,,,,true,item_10763,,Default variant,10763,,false,true,200.0,,,,,,,,359800.0,359800.0,Default option,Default,,
,parfum-item-10762,Perfume Oasis Armaf √âter,Product,,published,,100.0,,,,,,,,,,,,,true,item_10762,,Default variant,10762,,false,true,100.0,,,,,,,,376600.0,376600.0,Default option,Default,,
,parfum-item-10761,Deset Flower Armaf √âter,Product,,published,,100.0,,,,,,,,,,,,,true,item_10761,,Default variant,10761,,false,true,100.0,,,,,,,,376600.0,376600.0,Default option,Default,,
,parfum-item-10760,Arabian Sky Armaf √âter,Product,,published,,100.0,,,,,,,,,,,,,true,item_10760,,Default variant,10760,,false,true,100.0,,,,,,,,429800.0,429800.0,Default option,Default,,
,parfum-item-10759,Royal Crown King Of Kings Macarena,Product,,published,,100.0,,,,,,,,,,,,,true,item_10759,,Default variant,10759,,false,true,100.0,,,,,,,,501200.0,501200.0,Default option,Default,,
,parfum-item-10757,Royal Gold King Of Kings Macarena,Product,,published,,100.0,,,,,,,,,,,,,true,item_10757,,Default variant,10757,,false,true,100.0,,,,,,,,501200.0,501200.0,Default option,Default,,
,parfum-item-10754,Royal Sapphire Lattafa,Product,,published,,100.0,,,,,,,,,,,,,true,item_10754,,Default variant,10754,,false,true,100.0,,,,,,,,295400.0,295400.0,Default option,Default,,
,parfum-item-10753,Opulent Red De Lattafa Pride,Product,,published,,100.0,,,,,,,,,,,,,true,item_10753,,Default variant,10753,,false,true,100.0,,,,,,,,259000.0,259000.0,Default option,Default,,
,parfum-item-10752,Opulent Oud De Lattafa,Product,,published,,100.0,,,,,,,,,,,,,true,item_10752,,Default variant,10752,,false,true,100.0,,,,,,,,259000.0,259000.0,Default option,Default,,
,parfum-item-10751,Musk Salama Lattafa,Product,,published,,100.0,,,,,,,,,,,,,true,item_10751,,Default variant,10751,,false,true,100.0,,,,,,,,263200.0,263200.0,Default option,Default,,
,parfum-item-10750,Mohra Lattafa,Product,,published,,100.0,,,,,,,,,,,,,true,item_10750,,Default variant,10750,,false,true,100.0,,,,,,,,274400.0,274400.0,Default option,Default,,
,parfum-item-10749,Mahasin Crystal Banafsaj Lattafa,Product,,published,,100.0,,,,,,,,,,,,,true,item_10749,,Default variant,10749,,false,true,100.0,,,,,,,,285600.0,285600.0,Default option,Default,,
,parfum-item-10748,Mahasin Crystal Lattafa,Product,,published,,100.0,,,,,,,,,,,,,true,item_10748,,Default variant,10748,,false,true,100.0,,,,,,,,285600.0,285600.0,Default option,Default,,
,parfum-item-10746,Desert Rose Armaf √âter,Product,,published,,100.0,,,,,,,,,,,,,true,item_10746,,Default variant,10746,,false,true,100.0,,,,,,,,376600.0,376600.0,Default option,Default,,
,parfum-item-10745,Ejaazi Intensive Silver Lattafa,Product,,published,,100.0,,,,,,,,,,,,,true,item_10745,,Default variant,10745,,false,true,100.0,,,,,,,,285600.0,285600.0,Default option,Default,,
,parfum-item-10744,Lady Roza Matin Martin,Product,,published,,100.0,,,,,,,,,,,,,true,item_10744,,Default variant,10744,,false,true,100.0,,,,,,,,415800.0,415800.0,Default option,Default,,
,parfum-item-10743,Hayaati Gold Elixir Lattafa,Product,,published,,100.0,,,,,,,,,,,,,true,item_10743,,Default variant,10743,,false,true,100.0,,,,,,,,266000.0,266000.0,Default option,Default,,
,parfum-item-10742,Ameerat Al Arab Asdaaf Lattafa,Product,,published,,100.0,,,,,,,,,,,,,true,item_10742,,Default variant,10742,,false,true,100.0,,,,,,,,274400.0,274400.0,Default option,Default,,
,parfum-item-10741,Al Nashama Lattafa,Product,,published,,100.0,,,,,,,,,,,,,true,item_10741,,Default variant,10741,,false,true,100.0,,,,,,,,399000.0,399000.0,Default option,Default,,
,parfum-item-10740,Al Ameed Lattafa,Product,,published,,100.0,,,,,,,,,,,,,true,item_10740,,Default variant,10740,,false,true,100.0,,,,,,,,285600.0,285600.0,Default option,Default,,
,parfum-item-10738,Mill√©sime Imp√©rial Creed,Product,,published,,50.0,,,,,,,,,,,,,true,item_10738,,Default variant,10738,,false,true,50.0,,,,,,,,971600.0,971600.0,Default option,Default,,
,parfum-item-10737,Original Santal Creed,Product,,published,,50.0,,,,,,,,,,,,,true,item_10737,,Default variant,10737,,false,true,50.0,,,,,,,,1394400.0,1394400.0,Default option,Default,,
,parfum-item-10736,CK ALL Calvin Klein,Product,,published,,100.0,,,,,,,,,,,,,true,item_10736,,Default variant,10736,,false,true,100.0,,,,,,,,392000.0,392000.0,Default option,Default,,
,parfum-item-10734,212 VIP Ros√© Elixir Carolina Herrera,Product,,published,,80.0,,,,,,,,,,,,,true,item_10734,,Default variant,10734,,false,true,80.0,,,,,,,,693000.0,693000.0,Default option,Default,,
,parfum-item-10733,Big Pony 1 Ralph Lauren,Product,,published,,50.0,,,,,,,,,,,,,true,item_10733,,Default variant,10733,,false,true,50.0,,,,,,,,200200.0,200200.0,Default option,Default,,
,parfum-item-10732,Heritage Oud Beverly Hills Polo Club Prestige,Product,,published,,100.0,,,,,,,,,,,,,true,item_10732,,Default variant,10732,,false,true,100.0,,,,,,,,243600.0,243600.0,Default option,Default,,
,parfum-item-10731,Elegance Beverly Hills Polo Club,Product,,published,,100.0,,,,,,,,,,,,,true,item_10731,,Default variant,10731,,false,true,100.0,,,,,,,,243600.0,243600.0,Default option,Default,,
,parfum-item-10729,Agua de Loewe Mar De Coral Loewe,Product,,published,,100.0,,,,,,,,,,,,,true,item_10729,,Default variant,10729,,false,true,100.0,,,,,,,,490000.0,490000.0,Default option,Default,,
,parfum-item-10727,Twilly d'Herm√®s Eau Poivr√©e,Product,,published,,50.0,,,,,,,,,,,,,true,item_10727,,Default variant,10727,,false,true,50.0,,,,,,,,390600.0,390600.0,Default option,Default,,
,parfum-item-10724,Gucci Bloom EDT,Product,,published,,100.0,,,,,,,,,,,,,true,item_10724,,Default variant,10724,,false,true,100.0,,,,,,,,695800.0,695800.0,Default option,Default,,
,parfum-item-10723,Irresistible Fraiche Givenchy,Product,,published,,80.0,,,,,,,,,,,,,true,item_10723,,Default variant,10723,,false,true,80.0,,,,,,,,607600.0,607600.0,Default option,Default,,
,parfum-item-10720,La Petite Robe Noire Ma Robe Cocktail Guerlain,Product,,published,,100.0,,,,,,,,,,,,,true,item_10720,,Default variant,10720,,false,true,100.0,,,,,,,,410200.0,410200.0,Default option,Default,,
,parfum-item-10714,Placid Bharara,Product,,published,,100.0,,,,,,,,,,,,,true,item_10714,,Default variant,10714,,false,true,100.0,,,,,,,,421400.0,421400.0,Default option,Default,,
,parfum-item-10713,Queen De Bharara,Product,,published,,100.0,,,,,,,,,,,,,true,item_10713,,Default variant,10713,,false,true,100.0,,,,,,,,438200.0,438200.0,Default option,Default,,
,parfum-item-10711,Crown Matin Martin,Product,,published,,100.0,,,,,,,,,,,,,true,item_10711,,Default variant,10711,,false,true,100.0,,,,,,,,403200.0,403200.0,Default option,Default,,
,parfum-item-10709,Look Gold Agatha Ruiz De La Prada,Product,,published,,80.0,,,,,,,,,,,,,true,item_10709,,Default variant,10709,,false,true,80.0,,,,,,,,193200.0,193200.0,Default option,Default,,
,parfum-item-10707,Malik Maktoub,Product,,published,,100.0,,,,,,,,,,,,,true,item_10707,,Default variant,10707,,false,true,100.0,,,,,,,,406000.0,406000.0,Default option,Default,,
,parfum-item-10706,Rose Luv Maktoub,Product,,published,,100.0,,,,,,,,,,,,,true,item_10706,,Default variant,10706,,false,true,100.0,,,,,,,,406000.0,406000.0,Default option,Default,,
,parfum-item-10705,Forever Maktoub,Product,,published,,100.0,,,,,,,,,,,,,true,item_10705,,Default variant,10705,,false,true,100.0,,,,,,,,406000.0,406000.0,Default option,Default,,
,parfum-item-10704,Tonka Tonka Maktoub,Product,,published,,100.0,,,,,,,,,,,,,true,item_10704,,Default variant,10704,,false,true,100.0,,,,,,,,421400.0,421400.0,Default option,Default,,
,parfum-item-10703,Kudos Maktoub,Product,,published,,100.0,,,,,,,,,,,,,true,item_10703,,Default variant,10703,,false,true,100.0,,,,,,,,406000.0,406000.0,Default option,Default,,
,parfum-item-10700,Musk Al Tahara Louis Cardin Dama,Product,,published,,100.0,,,,,,,,,,,,,true,item_10700,,Default variant,10700,,false,true,100.0,,,,,,,,359800.0,359800.0,Default option,Default,,
,parfum-item-10691,Jour D'Hermes Dama,Product,,published,,85.0,,,,,,,,,,,,,true,item_10691,,Default variant,10691,,false,true,85.0,,,,,,,,660800.0,660800.0,Default option,Default,,
,parfum-item-10725,Scandal Le Parfum Jean Paul Gaultier Hombre,Product,,published,,100.0,,,,,,,,,,,,,true,item_10725,,Default variant,10725,,false,true,100.0,,,,,,,,681800.0,681800.0,Default option,Default,,
,parfum-item-10690,Scandal Le Parfum Jean Paul Gaultier Dama,Product,,published,,80.0,,,,,,,,,,,,,true,item_10690,,Default variant,10690,,false,true,80.0,,,,,,,,644000.0,644000.0,Default option,Default,,
,parfum-item-10726,Plein Fatale Philipp Plein Dama,Product,,published,,90.0,,,,,,,,,,,,,true,item_10726,,Default variant,10726,,false,true,90.0,,,,,,,,313600.0,313600.0,Default option,Default,,
,parfum-item-10687,Omnia Crystalline Bvlgari Dama,Product,,published,,100.0,,,,,,,,,,,,,true,item_10687,,Default variant,10687,,false,true,100.0,,,,,,,,735000.0,735000.0,Default option,Default,,
,parfum-item-10686,Omnia Coral Bvlgari Dama,Product,,published,,100.0,,,,,,,,,,,,,true,item_10686,,Default variant,10686,,false,true,100.0,,,,,,,,750400.0,750400.0,Default option,Default,,
,parfum-item-10685,Omnia Amethyste Bvlgari Dama,Product,,published,,100.0,,,,,,,,,,,,,true,item_10685,,Default variant,10685,,false,true,100.0,,,,,,,,701400.0,701400.0,Default option,Default,,
,parfum-item-10682,Eros Parfum Versace,Product,,published,,200.0,,,,,,,,,,,,,true,item_10682,,Default variant,10682,,false,true,200.0,,,,,,,,716800.0,716800.0,Default option,Default,,
,parfum-item-10680,Phantom Parfum Paco Rabanne,Product,,published,,100.0,,,,,,,,,,,,,true,item_10680,,Default variant,10680,,false,true,100.0,,,,,,,,736400.0,736400.0,Default option,Default,,
,parfum-item-10677,La Belle Paradise Garden Jean Paul Gaultier Dama,Product,,published,,100.0,,,,,,,,,,,,,true,item_10677,,Default variant,10677,,false,true,100.0,,,,,,,,656600.0,656600.0,Default option,Default,,
,parfum-item-10676,Peace Bharara Parfum Hombre,Product,,published,,100.0,,,,,,,,,,,,,true,item_10676,,Default variant,10676,,false,true,100.0,,,,,,,,421400.0,421400.0,Default option,Default,,
,parfum-item-10674,Boum De Jeanne Arthes Dama,Product,,published,,100.0,,,,,,,,,,,,,true,item_10674,,Default variant,10674,,false,true,100.0,,,,,,,,165200.0,165200.0,Default option,Default,,
,parfum-item-10673,First Snow Victorinox Swiss Army Dama,Product,,published,,100.0,,,,,,,,,,,,,true,item_10673,,Default variant,10673,,false,true,100.0,,,,,,,,306600.0,306600.0,Default option,Default,,
,parfum-item-10672,Ursa Tiziana Terenzi,Product,,published,,100.0,,,,,,,,,,,,,true,item_10672,,Default variant,10672,,false,true,100.0,,,,,,,,1764000.0,1764000.0,Default option,Default,,
,parfum-item-10671,Hayaati Lattafa,Product,,published,,100.0,,,,,,,,,,,,,true,item_10671,,Default variant,10671,,false,true,100.0,,,,,,,,266000.0,266000.0,Default option,Default,,
,parfum-item-10670,Bond Street Hugh Parsons Hombre,Product,,published,,100.0,,,,,,,,,,,,,true,item_10670,,Default variant,10670,,false,true,100.0,,,,,,,,828800.0,828800.0,Default option,Default,,
,parfum-item-10669,The One Gold Intense Dolce & Gabbana Hombre,Product,,published,,100.0,,,,,,,,,,,,,true,item_10669,,Default variant,10669,,false,true,100.0,,,,,,,,478800.0,478800.0,Default option,Default,,
,parfum-item-10668,Tequila Salud Hombre,Product,,published,,100.0,,,,,,,,,,,,,true,item_10668,,Default variant,10668,,false,true,100.0,,,,,,,,344400.0,344400.0,Default option,Default,,
,parfum-item-10666,Baiser Vole Lys Rose Cartier Mujer,Product,,published,,50.0,,,,,,,,,,,,,true,item_10666,,Default variant,10666,,false,true,50.0,,,,,,,,415800.0,415800.0,Default option,Default,,
,parfum-item-10665,Club de Nuit Precieux 1 Armaf,Product,,published,,55.0,,,,,,,,,,,,,true,item_10665,,Default variant,10665,,false,true,55.0,,,,,,,,484400.0,484400.0,Default option,Default,,
,parfum-item-10663,Victorinox Swiss Army Classic Red Edition,Product,,published,,100.0,,,,,,,,,,,,,true,item_10663,,Default variant,10663,,false,true,100.0,,,,,,,,238000.0,238000.0,Default option,Default,,
,parfum-item-10662,Tag Her Donna Di Terra Armaf Dama,Product,,published,,100.0,,,,,,,,,,,,,true,item_10662,,Default variant,10662,,false,true,100.0,,,,,,,,285600.0,285600.0,Default option,Default,,
,parfum-item-10661,Tag Her Donna Colorata Armaf Dama,Product,,published,,100.0,,,,,,,,,,,,,true,item_10661,,Default variant,10661,,false,true,100.0,,,,,,,,295400.0,295400.0,Default option,Default,,
,parfum-item-10660,Opulence Leather Maison Alhambra,Product,,published,,100.0,,,,,,,,,,,,,true,item_10660,,Default variant,10660,,false,true,100.0,,,,,,,,274400.0,274400.0,Default option,Default,,
,parfum-item-10659,Spicebomb Extreme Viktor & Rolf,Product,,published,,90.0,,,,,,,,,,,,,true,item_10659,,Default variant,10659,,false,true,90.0,,,,,,,,761600.0,761600.0,Default option,Default,,
,parfum-item-10658,Sceptre Malachite Maison Alhambra,Product,,published,,100.0,,,,,,,,,,,,,true,item_10658,,Default variant,10658,,false,true,100.0,,,,,,,,312200.0,312200.0,Default option,Default,,
,parfum-item-10656,Ultimate Mercedes Benz Hombre,Product,,published,,120.0,,,,,,,,,,,,,true,item_10656,,Default variant,10656,,false,true,120.0,,,,,,,,413000.0,413000.0,Default option,Default,,
,parfum-item-10654,Uomo Born In Roma Intense Valentino,Product,,published,,100.0,,,,,,,,,,,,,true,item_10654,,Default variant,10654,,false,true,100.0,,,,,,,,966000.0,966000.0,Default option,Default,,
,parfum-item-10651,Eclaire Lattafa Mujer,Product,,published,,100.0,,,,,,,,,,,,,true,item_10651,,Default variant,10651,,false,true,100.0,,,,,,,,327600.0,327600.0,Default option,Default,,
,parfum-item-10648,Perfume Oscent Black Alexandre.J,Product,,published,,100.0,,,,,,,,,,,,,true,item_10648,,Default variant,10648,,false,true,100.0,,,,,,,,901600.0,901600.0,Default option,Default,,
,parfum-item-10647,Private Key To My Soul Armaf Dama,Product,,published,,100.0,,,,,,,,,,,,,true,item_10647,,Default variant,10647,,false,true,100.0,,,,,,,,478800.0,478800.0,Default option,Default,,
,parfum-item-10646,Private Key To My Sucess Armaf,Product,,published,,100.0,,,,,,,,,,,,,true,item_10646,,Default variant,10646,,false,true,100.0,,,,,,,,478800.0,478800.0,Default option,Default,,
,parfum-item-10645,Private Key To My Love Armaf Unisex,Product,,published,,100.0,,,,,,,,,,,,,true,item_10645,,Default variant,10645,,false,true,100.0,,,,,,,,480200.0,480200.0,Default option,Default,,
,parfum-item-10644,Private Key To My Life Armaf,Product,,published,,100.0,,,,,,,,,,,,,true,item_10644,,Default variant,10644,,false,true,100.0,,,,,,,,509600.0,509600.0,Default option,Default,,
,parfum-item-10643,Private Key To My Dreams Armaf Hombre,Product,,published,,100.0,,,,,,,,,,,,,true,item_10643,,Default variant,10643,,false,true,100.0,,,,,,,,485800.0,485800.0,Default option,Default,,
,parfum-item-10640,Western Leather Black Alexandre. J,Product,,published,,100.0,,,,,,,,,,,,,true,item_10640,,Default variant,10640,,false,true,100.0,,,,,,,,901600.0,901600.0,Default option,Default,,
,parfum-item-10639,Western Leather White Alexandre. J,Product,,published,,100.0,,,,,,,,,,,,,true,item_10639,,Default variant,10639,,false,true,100.0,,,,,,,,901600.0,901600.0,Default option,Default,,
,parfum-item-10638,Iris Vainilla Adolfo Dominguez,Product,,published,,120.0,,,,,,,,,,,,,true,item_10638,,Default variant,10638,,false,true,120.0,,,,,,,,261800.0,261800.0,Default option,Default,,
,parfum-item-10634,Earth Loewe,Product,,published,,100.0,,,,,,,,,,,,,true,item_10634,,Default variant,10634,,false,true,100.0,,,,,,,,639800.0,639800.0,Default option,Default,,
,parfum-item-10628,Phantom Intense Paco Rabanne,Product,,published,,100.0,,,,,,,,,,,,,true,item_10628,,Default variant,10628,,false,true,100.0,,,,,,,,656600.0,656600.0,Default option,Default,,
,parfum-item-10627,Fame Intense Paco Rabanne Dama,Product,,published,,80.0,,,,,,,,,,,,,true,item_10627,,Default variant,10627,,false,true,80.0,,,,,,,,723800.0,723800.0,Default option,Default,,
,parfum-item-10626,Destino Al Haramain French Collection,Product,,published,,100.0,,,,,,,,,,,,,true,item_10626,,Default variant,10626,,false,true,100.0,,,,,,,,316400.0,316400.0,Default option,Default,,
,parfum-item-10625,Rouge Al Haramain French Collection,Product,,published,,100.0,,,,,,,,,,,,,true,item_10625,,Default variant,10625,,false,true,100.0,,,,,,,,316400.0,316400.0,Default option,Default,,
,parfum-item-10624,Noir Al Haramain French Collection,Product,,published,,100.0,,,,,,,,,,,,,true,item_10624,,Default variant,10624,,false,true,100.0,,,,,,,,316400.0,316400.0,Default option,Default,,
,parfum-item-10623,Blanche Al Haramain French Collection,Product,,published,,100.0,,,,,,,,,,,,,true,item_10623,,Default variant,10623,,false,true,100.0,,,,,,,,316400.0,316400.0,Default option,Default,,
,parfum-item-10622,Azure Al Haramain French Collection,Product,,published,,100.0,,,,,,,,,,,,,true,item_10622,,Default variant,10622,,false,true,100.0,,,,,,,,316400.0,316400.0,Default option,Default,,
,parfum-item-10621,Scarlet Bharara,Product,,published,,100.0,,,,,,,,,,,,,true,item_10621,,Default variant,10621,,false,true,100.0,,,,,,,,362600.0,362600.0,Default option,Default,,
,parfum-item-10620,Chocolate Bharara Hombre,Product,,published,,100.0,,,,,,,,,,,,,true,item_10620,,Default variant,10620,,false,true,100.0,,,,,,,,504000.0,504000.0,Default option,Default,,
,parfum-item-10619,Phantom My Hero Emper Hombre,Product,,published,,100.0,,,,,,,,,,,,,true,item_10619,,Default variant,10619,,false,true,100.0,,,,,,,,302400.0,302400.0,Default option,Default,,
,parfum-item-10618,New Street Bond 9 Dama,Product,,published,,100.0,,,,,,,,,,,,,true,item_10618,,Default variant,10618,,false,true,100.0,,,,,,,,1478400.0,1478400.0,Default option,Default,,
,parfum-item-10617,Signature Scent Bond 9 Dama,Product,,published,,100.0,,,,,,,,,,,,,true,item_10617,,Default variant,10617,,false,true,100.0,,,,,,,,2465400.0,2465400.0,Default option,Default,,
,parfum-item-10616,Queens Bond 9,Product,,published,,100.0,,,,,,,,,,,,,true,item_10616,,Default variant,10616,,false,true,100.0,,,,,,,,1171800.0,1171800.0,Default option,Default,,
,parfum-item-10615,La Collection D'antiquit√©s 1886 Lattafa,Product,,published,,100.0,,,,,,,,,,,,,true,item_10615,,Default variant,10615,,false,true,100.0,,,,,,,,326200.0,326200.0,Default option,Default,,
,parfum-item-10614,Now White Rave De Lattafa,Product,,published,,100.0,,,,,,,,,,,,,true,item_10614,,Default variant,10614,,false,true,100.0,,,,,,,,274400.0,274400.0,Default option,Default,,
,parfum-item-10613,Jean Lowe Noir Maison Alhambra,Product,,published,,100.0,,,,,,,,,,,,,true,item_10613,,Default variant,10613,,false,true,100.0,,,,,,,,310800.0,310800.0,Default option,Default,,
,parfum-item-10611,Musamam White Intense Lattafa Dama,Product,,published,,100.0,,,,,,,,,,,,,true,item_10611,,Default variant,10611,,false,true,100.0,,,,,,,,372400.0,372400.0,Default option,Default,,
,parfum-item-10610,Bayaan Lattafa Dama,Product,,published,,100.0,,,,,,,,,,,,,true,item_10610,,Default variant,10610,,false,true,100.0,,,,,,,,296800.0,296800.0,Default option,Default,,
,parfum-item-10604,Toy 2 Pearl Moschino Unisex,Product,,published,,100.0,,,,,,,,,,,,,true,item_10604,,Default variant,10604,,false,true,100.0,,,,,,,,350000.0,350000.0,Default option,Default,,
,parfum-item-10603,Onyx Bharara Hombre,Product,,published,,100.0,,,,,,,,,,,,,true,item_10603,,Default variant,10603,,false,true,100.0,,,,,,,,501200.0,501200.0,Default option,Default,,
,parfum-item-10602,Rose Bharara Dama,Product,,published,,100.0,,,,,,,,,,,,,true,item_10602,,Default variant,10602,,false,true,100.0,,,,,,,,491400.0,491400.0,Default option,Default,,
,parfum-item-10601,Fruit D'amour Pink Emanuel Ungaro Dama,Product,,published,,100.0,,,,,,,,,,,,,true,item_10601,,Default variant,10601,,false,true,100.0,,,,,,,,193200.0,193200.0,Default option,Default,,
,parfum-item-10600,Fruit D'amour Lilac Emanuel Ungaro Dama,Product,,published,,100.0,,,,,,,,,,,,,true,item_10600,,Default variant,10600,,false,true,100.0,,,,,,,,193200.0,193200.0,Default option,Default,,
,parfum-item-10599,Fruit D'amour Green Emanuel Ungaro Dama,Product,,published,,100.0,,,,,,,,,,,,,true,item_10599,,Default variant,10599,,false,true,100.0,,,,,,,,193200.0,193200.0,Default option,Default,,
,parfum-item-10598,Ungaro Emanuel Ungaro Dama,Product,,published,,90.0,,,,,,,,,,,,,true,item_10598,,Default variant,10598,,false,true,90.0,,,,,,,,193200.0,193200.0,Default option,Default,,
,parfum-item-10596,The Most Wanted Azzaro Hombre,Product,,published,,100.0,,,,,,,,,,,,,true,item_10596,,Default variant,10596,,false,true,100.0,,,,,,,,674800.0,674800.0,Default option,Default,,
,parfum-item-10595,Fatima Velvet Love Zimaya Dama,Product,,published,,100.0,,,,,,,,,,,,,true,item_10595,,Default variant,10595,,false,true,100.0,,,,,,,,296800.0,296800.0,Default option,Default,,
,parfum-item-10594,Rose Of Dreams Zimaya Dama,Product,,published,,100.0,,,,,,,,,,,,,true,item_10594,,Default variant,10594,,false,true,100.0,,,,,,,,334600.0,334600.0,Default option,Default,,
,parfum-item-10591,Emeer De Lattafa Unisex,Product,,published,,100.0,,,,,,,,,,,,,true,item_10591,,Default variant,10591,,false,true,100.0,,,,,,,,348600.0,348600.0,Default option,Default,,
,parfum-item-10588,Ilang 62 Emper,Product,,published,,100.0,,,,,,,,,,,,,true,item_10588,,Default variant,10588,,false,true,100.0,,,,,,,,296800.0,296800.0,Default option,Default,,
,parfum-item-10587,L'aventure Fra√Æche Al Haramain,Product,,published,,100.0,,,,,,,,,,,,,true,item_10587,,Default variant,10587,,false,true,100.0,,,,,,,,415800.0,415800.0,Default option,Default,,
,parfum-item-10586,L'aventure Iris Al Haramain,Product,,published,,100.0,,,,,,,,,,,,,true,item_10586,,Default variant,10586,,false,true,100.0,,,,,,,,344400.0,344400.0,Default option,Default,,
,parfum-item-10585,L'aventure Grapefruit Al Haramain,Product,,published,,100.0,,,,,,,,,,,,,true,item_10585,,Default variant,10585,,false,true,100.0,,,,,,,,415800.0,415800.0,Default option,Default,,
,parfum-item-10584,L'aventure Ciel Al Haramain,Product,,published,,100.0,,,,,,,,,,,,,true,item_10584,,Default variant,10584,,false,true,100.0,,,,,,,,415800.0,415800.0,Default option,Default,,
,parfum-item-10582,Hawas Ice Rasasi,Product,,published,,100.0,,,,,,,,,,,,,true,item_10582,,Default variant,10582,,false,true,100.0,,,,,,,,362600.0,362600.0,Default option,Default,,
,parfum-item-10581,Game Of Spades Yellow Sapphire Jo Milano,Product,,published,,100.0,,,,,,,,,,,,,true,item_10581,,Default variant,10581,,false,true,100.0,,,,,,,,572600.0,572600.0,Default option,Default,,
,parfum-item-10580,Game Of Spades Ruby Jo Milano,Product,,published,,100.0,,,,,,,,,,,,,true,item_10580,,Default variant,10580,,false,true,100.0,,,,,,,,526400.0,526400.0,Default option,Default,,
,parfum-item-10577,Game Of Spades Jackpot Jo Milano,Product,,published,,100.0,,,,,,,,,,,,,true,item_10577,,Default variant,10577,,false,true,100.0,,,,,,,,448000.0,448000.0,Default option,Default,,
,parfum-item-10575,Game Of Spades Gold Jo Milano,Product,,published,,100.0,,,,,,,,,,,,,true,item_10575,,Default variant,10575,,false,true,100.0,,,,,,,,609000.0,609000.0,Default option,Default,,
,parfum-item-10574,Game Of Spades Diamond Jo Milano,Product,,published,,100.0,,,,,,,,,,,,,true,item_10574,,Default variant,10574,,false,true,100.0,,,,,,,,618800.0,618800.0,Default option,Default,,
,parfum-item-10573,Game Of Spades Boston Jo Milano,Product,,published,,100.0,,,,,,,,,,,,,true,item_10573,,Default variant,10573,,false,true,100.0,,,,,,,,604800.0,604800.0,Default option,Default,,
,parfum-item-10572,Sexy Boy Irreversible Jeanne Arthes,Product,,published,,100.0,,,,,,,,,,,,,true,item_10572,,Default variant,10572,,false,true,100.0,,,,,,,,138600.0,138600.0,Default option,Default,,
,parfum-item-10571,Rocky Man White Jeanne Arthes,Product,,published,,100.0,,,,,,,,,,,,,true,item_10571,,Default variant,10571,,false,true,100.0,,,,,,,,133000.0,133000.0,Default option,Default,,
,parfum-item-10570,Magnetic Power Navy Jeanne Arthes Hombre,Product,,published,,100.0,,,,,,,,,,,,,true,item_10570,,Default variant,10570,,false,true,100.0,,,,,,,,165200.0,165200.0,Default option,Default,,
,parfum-item-10569,Magnetic Power Jeanne Arthes Hombre,Product,,published,,100.0,,,,,,,,,,,,,true,item_10569,,Default variant,10569,,false,true,100.0,,,,,,,,166600.0,166600.0,Default option,Default,,
,parfum-item-10568,Love Never Dies Jeanne Arthes Dama,Product,,published,,60.0,,,,,,,,,,,,,true,item_10568,,Default variant,10568,,false,true,60.0,,,,,,,,96600.0,96600.0,Default option,Default,,
,parfum-item-10567,Fuel Power Jeanne Arthes Dama,Product,,published,,100.0,,,,,,,,,,,,,true,item_10567,,Default variant,10567,,false,true,100.0,,,,,,,,96600.0,96600.0,Default option,Default,,
,parfum-item-10566,Boum Sport Jeanne Arthes Hombre,Product,,published,,100.0,,,,,,,,,,,,,true,item_10566,,Default variant,10566,,false,true,100.0,,,,,,,,166600.0,166600.0,Default option,Default,,
,parfum-item-10563,Faconnable L'original French Rivera,Product,,published,,90.0,,,,,,,,,,,,,true,item_10563,,Default variant,10563,,false,true,90.0,,,,,,,,238000.0,238000.0,Default option,Default,,
,parfum-item-10548,Flowerbomb Dew Viktor&rolf Dama,Product,,published,,100.0,,,,,,,,,,,,,true,item_10548,,Default variant,10548,,false,true,100.0,,,,,,,,816200.0,816200.0,Default option,Default,,
,parfum-item-10546,Dolce Rose Dolce & Gabbana Dama,Product,,published,,75.0,,,,,,,,,,,,,true,item_10546,,Default variant,10546,,false,true,75.0,,,,,,,,504000.0,504000.0,Default option,Default,,
,parfum-item-10545,You Desigual Dama,Product,,published,,100.0,,,,,,,,,,,,,true,item_10545,,Default variant,10545,,false,true,100.0,,,,,,,,232400.0,232400.0,Default option,Default,,
,parfum-item-10544,Royal Mirage,Product,,published,,120.0,,,,,,,,,,,,,true,item_10544,,Default variant,10544,,false,true,120.0,,,,,,,,158200.0,158200.0,Default option,Default,,
,parfum-item-10543,Unique Men Louis Cardin Hombre,Product,,published,,100.0,,,,,,,,,,,,,true,item_10543,,Default variant,10543,,false,true,100.0,,,,,,,,359800.0,359800.0,Default option,Default,,
,parfum-item-10542,Silver Louis Cardin Hombre,Product,,published,,100.0,,,,,,,,,,,,,true,item_10542,,Default variant,10542,,false,true,100.0,,,,,,,,359800.0,359800.0,Default option,Default,,
,parfum-item-10541,Sacred Louis Cardin Hombre,Product,,published,,100.0,,,,,,,,,,,,,true,item_10541,,Default variant,10541,,false,true,100.0,,,,,,,,359800.0,359800.0,Default option,Default,,
,parfum-item-10538,Blue Touch Franck Olivier,Product,,published,,100.0,,,,,,,,,,,,,true,item_10538,,Default variant,10538,,false,true,100.0,,,,,,,,305200.0,305200.0,Default option,Default,,
,parfum-item-10537,Voyage Bleu Armaf Hombre,Product,,published,,100.0,,,,,,,,,,,,,true,item_10537,,Default variant,10537,,false,true,100.0,,,,,,,,296800.0,296800.0,Default option,Default,,
,parfum-item-10535,Now Women Rave Lattafa,Product,,published,,100.0,,,,,,,,,,,,,true,item_10535,,Default variant,10535,,false,true,100.0,,,,,,,,274400.0,274400.0,Default option,Default,,
,parfum-item-10533,Asad Zanzibar Lattafa,Product,,published,,100.0,,,,,,,,,,,,,true,item_10533,,Default variant,10533,,false,true,100.0,,,,,,,,261800.0,261800.0,Default option,Default,,
,parfum-item-10532,Loveme The Emerald Elixir Tous Dama,Product,,published,,90.0,,,,,,,,,,,,,true,item_10532,,Default variant,10532,,false,true,90.0,,,,,,,,407400.0,407400.0,Default option,Default,,
,parfum-item-10531,Golden Dream Shakira Dama,Product,,published,,80.0,,,,,,,,,,,,,true,item_10531,,Default variant,10531,,false,true,80.0,,,,,,,,193200.0,193200.0,Default option,Default,,
,parfum-item-10528,Encre Indigo Lalique Hombre,Product,,published,,100.0,,,,,,,,,,,,,true,item_10528,,Default variant,10528,,false,true,100.0,,,,,,,,306600.0,306600.0,Default option,Default,,
,parfum-item-10526,Azure Fantasy Orientica,Product,,published,,80.0,,,,,,,,,,,,,true,item_10526,,Default variant,10526,,false,true,80.0,,,,,,,,635600.0,635600.0,Default option,Default,,
,parfum-item-10525,L'homme Lacoste Hombre,Product,,published,,150.0,,,,,,,,,,,,,true,item_10525,,Default variant,10525,,false,true,150.0,,,,,,,,376600.0,376600.0,Default option,Default,,
,parfum-item-10519,Club De Nuit Oud De Armaf Unisex,Product,,published,,105.0,,,,,,,,,,,,,true,item_10519,,Default variant,10519,,false,true,105.0,,,,,,,,481600.0,481600.0,Default option,Default,,
,parfum-item-10517,One Jennifer Lopez Dama,Product,,published,,100.0,,,,,,,,,,,,,true,item_10517,,Default variant,10517,,false,true,100.0,,,,,,,,359800.0,359800.0,Default option,Default,,
,parfum-item-10514,Intimation Emper,Product,,published,,100.0,,,,,,,,,,,,,true,item_10514,,Default variant,10514,,false,true,100.0,,,,,,,,274400.0,274400.0,Default option,Default,,
,parfum-item-10492,Sign Mercedes Benz,Product,,published,,100.0,,,,,,,,,,,,,true,item_10492,,Default variant,10492,,false,true,100.0,,,,,,,,417200.0,417200.0,Default option,Default,,
,parfum-item-10491,Jimmy Choo L'eau Jimmy Choo,Product,,published,,90.0,,,,,,,,,,,,,true,item_10491,,Default variant,10491,,false,true,90.0,,,,,,,,401800.0,401800.0,Default option,Default,,
,parfum-item-10490,Gucci Bloom Profumo Di Fiori Gucci Dama,Product,,published,,100.0,,,,,,,,,,,,,true,item_10490,,Default variant,10490,,false,true,100.0,,,,,,,,830200.0,830200.0,Default option,Default,,
,parfum-item-10489,Manege Rouge Al Haramain Dama,Product,,published,,75.0,,,,,,,,,,,,,true,item_10489,,Default variant,10489,,false,true,75.0,,,,,,,,586600.0,586600.0,Default option,Default,,
,parfum-item-10488,Manege Blanche Al Haramain Dama,Product,,published,,75.0,,,,,,,,,,,,,true,item_10488,,Default variant,10488,,false,true,75.0,,,,,,,,586600.0,586600.0,Default option,Default,,
,parfum-item-10486,Atlas Lattafa Hombre,Product,,published,,55.0,,,,,,,,,,,,,true,item_10486,,Default variant,10486,,false,true,55.0,,,,,,,,376600.0,376600.0,Default option,Default,,
,parfum-item-10485,Love Story Chlo√© Dama,Product,,published,,75.0,,,,,,,,,,,,,true,item_10485,,Default variant,10485,,false,true,75.0,,,,,,,,705600.0,705600.0,Default option,Default,,
,parfum-item-10484,Conquest Chevignon Hombre,Product,,published,,100.0,,,,,,,,,,,,,true,item_10484,,Default variant,10484,,false,true,100.0,,,,,,,,299600.0,299600.0,Default option,Default,,
,parfum-item-10483,Amber Wave Matin Martin Unisex,Product,,published,,100.0,,,,,,,,,,,,,true,item_10483,,Default variant,10483,,false,true,100.0,,,,,,,,415800.0,415800.0,Default option,Default,,
,parfum-item-10482,Santorini Matin Martin Hombre,Product,,published,,100.0,,,,,,,,,,,,,true,item_10482,,Default variant,10482,,false,true,100.0,,,,,,,,421400.0,421400.0,Default option,Default,,
,parfum-item-10481,Jungle Fantasy Britney Spears,Product,,published,,100.0,,,,,,,,,,,,,true,item_10481,,Default variant,10481,,false,true,100.0,,,,,,,,259000.0,259000.0,Default option,Default,,
,parfum-item-10479,Le Jardin De Monsieur Li Herm√®s,Product,,published,,100.0,,,,,,,,,,,,,true,item_10479,,Default variant,10479,,false,true,100.0,,,,,,,,819000.0,819000.0,Default option,Default,,
,parfum-item-10478,Eau De Pamplemousse Rose H√©rme s Unisex,Product,,published,,100.0,,,,,,,,,,,,,true,item_10478,,Default variant,10478,,false,true,100.0,,,,,,,,386400.0,386400.0,Default option,Default,,
,parfum-item-10477,Eau Des Merveilles Bleue Herm√®s Dama,Product,,published,,100.0,,,,,,,,,,,,,true,item_10477,,Default variant,10477,,false,true,100.0,,,,,,,,658000.0,658000.0,Default option,Default,,
,parfum-item-10475,Eau De Rhubarbe Ecarlate Herm√®s,Product,,published,,100.0,,,,,,,,,,,,,true,item_10475,,Default variant,10475,,false,true,100.0,,,,,,,,420000.0,420000.0,Default option,Default,,
,parfum-item-10474,24 Faubourg Herm√®s Dama,Product,,published,,100.0,,,,,,,,,,,,,true,item_10474,,Default variant,10474,,false,true,100.0,,,,,,,,603400.0,603400.0,Default option,Default,,
,parfum-item-10473,Kenzo World Intense Dama,Product,,published,,50.0,,,,,,,,,,,,,true,item_10473,,Default variant,10473,,false,true,50.0,,,,,,,,326200.0,326200.0,Default option,Default,,
,parfum-item-10472,L'Origine Or Intemporel Noir Premier Lalique Unisex,Product,,published,,100.0,,,,,,,,,,,,,true,item_10472,,Default variant,10472,,false,true,100.0,,,,,,,,1542800.0,1542800.0,Default option,Default,,
,parfum-item-10471,Illusion Captive Lalique Unisex,Product,,published,,100.0,,,,,,,,,,,,,true,item_10471,,Default variant,10471,,false,true,100.0,,,,,,,,1542800.0,1542800.0,Default option,Default,,
,parfum-item-10470,Rose Royale Lalique Dama,Product,,published,,100.0,,,,,,,,,,,,,true,item_10470,,Default variant,10470,,false,true,100.0,,,,,,,,1542800.0,1542800.0,Default option,Default,,
,parfum-item-10468,Sagira Spirit Of Kings,Product,,published,,100.0,,,,,,,,,,,,,true,item_10468,,Default variant,10468,,false,true,100.0,,,,,,,,1318800.0,1318800.0,Default option,Default,,
,parfum-item-10467,Errai Spirit Of Kings,Product,,published,,100.0,,,,,,,,,,,,,true,item_10467,,Default variant,10467,,false,true,100.0,,,,,,,,1318800.0,1318800.0,Default option,Default,,
,parfum-item-10466,Opera Sospiro Dama,Product,,published,,100.0,,,,,,,,,,,,,true,item_10466,,Default variant,10466,,false,true,100.0,,,,,,,,1710800.0,1710800.0,Default option,Default,,
,parfum-item-10465,N¬∞5 L'eau Chanel Dama,Product,,published,,100.0,,,,,,,,,,,,,true,item_10465,,Default variant,10465,,false,true,100.0,,,,,,,,931000.0,931000.0,Default option,Default,,
,parfum-item-10464,Odyssey Aqua Edition Armaf,Product,,published,,100.0,,,,,,,,,,,,,true,item_10464,,Default variant,10464,,false,true,100.0,,,,,,,,302400.0,302400.0,Default option,Default,,
,parfum-item-10463,Gold Louis Cardin Dama,Product,,published,,100.0,,,,,,,,,,,,,true,item_10463,,Default variant,10463,,false,true,100.0,,,,,,,,359800.0,359800.0,Default option,Default,,
,parfum-item-10462,Ferocious Louis Cardin Dama,Product,,published,,100.0,,,,,,,,,,,,,true,item_10462,,Default variant,10462,,false,true,100.0,,,,,,,,359800.0,359800.0,Default option,Default,,
,parfum-item-10461,Bloom Louis Cardin Dama,Product,,published,,100.0,,,,,,,,,,,,,true,item_10461,,Default variant,10461,,false,true,100.0,,,,,,,,359800.0,359800.0,Default option,Default,,
,parfum-item-10460,Eau De Mandarine Ambr√©e Herm√®s,Product,,published,,100.0,,,,,,,,,,,,,true,item_10460,,Default variant,10460,,false,true,100.0,,,,,,,,410200.0,410200.0,Default option,Default,,
,parfum-item-10458,Accento Sospiro,Product,,published,,100.0,,,,,,,,,,,,,true,item_10458,,Default variant,10458,,false,true,100.0,,,,,,,,1468600.0,1468600.0,Default option,Default,,
,parfum-item-10456,Hale Bopp Tiziana Terenzi,Product,,published,,100.0,,,,,,,,,,,,,true,item_10456,,Default variant,10456,,false,true,100.0,,,,,,,,2444400.0,2444400.0,Default option,Default,,
,parfum-item-10455,Foconero Tiziana Terenzi,Product,,published,,100.0,,,,,,,,,,,,,true,item_10455,,Default variant,10455,,false,true,100.0,,,,,,,,1356600.0,1356600.0,Default option,Default,,
,parfum-item-10454,White Fire Tiziana Terenzi,Product,,published,,100.0,,,,,,,,,,,,,true,item_10454,,Default variant,10454,,false,true,100.0,,,,,,,,1356600.0,1356600.0,Default option,Default,,
,parfum-item-10453,Xix March Tiziana Terenzi,Product,,published,,100.0,,,,,,,,,,,,,true,item_10453,,Default variant,10453,,false,true,100.0,,,,,,,,1356600.0,1356600.0,Default option,Default,,
,parfum-item-10452,Kaff Tiziana Terenzi,Product,,published,,100.0,,,,,,,,,,,,,true,item_10452,,Default variant,10452,,false,true,100.0,,,,,,,,2626400.0,2626400.0,Default option,Default,,
,parfum-item-10451,Tyrenum Tiziana Terenzi,Product,,published,,100.0,,,,,,,,,,,,,true,item_10451,,Default variant,10451,,false,true,100.0,,,,,,,,1324400.0,1324400.0,Default option,Default,,
,parfum-item-10450,Boss Bottled Parfum Hugo Boss,Product,,published,,100.0,,,,,,,,,,,,,true,item_10450,,Default variant,10450,,false,true,100.0,,,,,,,,539000.0,539000.0,Default option,Default,,
,parfum-item-10445,Aludra Spirit Of Kings Unisex,Product,,published,,100.0,,,,,,,,,,,,,true,item_10445,,Default variant,10445,,false,true,100.0,,,,,,,,1318800.0,1318800.0,Default option,Default,,
,parfum-item-10444,Izia La Nuit Sisley Dama,Product,,published,,100.0,,,,,,,,,,,,,true,item_10444,,Default variant,10444,,false,true,100.0,,,,,,,,1818600.0,1818600.0,Default option,Default,,
,parfum-item-10442,Roberto Cavalli Dama,Product,,published,,75.0,,,,,,,,,,,,,true,item_10442,,Default variant,10442,,false,true,75.0,,,,,,,,376600.0,376600.0,Default option,Default,,
,parfum-item-10441,Ungaro Love Emanuel Ungaro Dama,Product,,published,,90.0,,,,,,,,,,,,,true,item_10441,,Default variant,10441,,false,true,90.0,,,,,,,,189000.0,189000.0,Default option,Default,,
,parfum-item-10440,Booster Lacoste Hombre,Product,,published,,125.0,,,,,,,,,,,,,true,item_10440,,Default variant,10440,,false,true,125.0,,,,,,,,368200.0,368200.0,Default option,Default,,
,parfum-item-10439,Fraiche Jean Lowe Maison Alhambra,Product,,published,,100.0,,,,,,,,,,,,,true,item_10439,,Default variant,10439,,false,true,100.0,,,,,,,,296800.0,296800.0,Default option,Default,,
,parfum-item-10438,Le Beau Paradise Garden Jean Paul Gaultier,Product,,published,,125.0,,,,,,,,,,,,,true,item_10438,,Default variant,10438,,false,true,125.0,,,,,,,,677600.0,677600.0,Default option,Default,,
,parfum-item-10437,Ajwad Pink To Pink Lattafa Dama,Product,,published,,60.0,,,,,,,,,,,,,true,item_10437,,Default variant,10437,,false,true,60.0,,,,,,,,243600.0,243600.0,Default option,Default,,
,parfum-item-10435,Gold Rose Oudh Tiziana Terenzi,Product,,published,,100.0,,,,,,,,,,,,,true,item_10435,,Default variant,10435,,false,true,100.0,,,,,,,,1356600.0,1356600.0,Default option,Default,,
,parfum-item-10434,Highness Iii De Afnan Hombre,Product,,published,,100.0,,,,,,,,,,,,,true,item_10434,,Default variant,10434,,false,true,100.0,,,,,,,,523600.0,523600.0,Default option,Default,,
,parfum-item-10432,Highness V De Afnan Dama,Product,,published,,100.0,,,,,,,,,,,,,true,item_10432,,Default variant,10432,,false,true,100.0,,,,,,,,526400.0,526400.0,Default option,Default,,
,parfum-item-10431,Highness Vi De Afnan Hombre,Product,,published,,100.0,,,,,,,,,,,,,true,item_10431,,Default variant,10431,,false,true,100.0,,,,,,,,533400.0,533400.0,Default option,Default,,
,parfum-item-10428,Highness X De Afnan Hombre,Product,,published,,100.0,,,,,,,,,,,,,true,item_10428,,Default variant,10428,,false,true,100.0,,,,,,,,518000.0,518000.0,Default option,Default,,
,parfum-item-10427,Wood Swiss Army,Product,,published,,100.0,,,,,,,,,,,,,true,item_10427,,Default variant,10427,,false,true,100.0,,,,,,,,350000.0,350000.0,Default option,Default,,
,parfum-item-10423,Flower Kenzo Eau De Lumi√©re Kenzo,Product,,published,,100.0,,,,,,,,,,,,,true,item_10423,,Default variant,10423,,false,true,100.0,,,,,,,,425600.0,425600.0,Default option,Default,,
,parfum-item-10421,Mayar Natural Intense Lattafa Dama,Product,,published,,100.0,,,,,,,,,,,,,true,item_10421,,Default variant,10421,,false,true,100.0,,,,,,,,296800.0,296800.0,Default option,Default,,
,parfum-item-10419,Icon Elite Absolute Alfred Dunhill,Product,,published,,100.0,,,,,,,,,,,,,true,item_10419,,Default variant,10419,,false,true,100.0,,,,,,,,428400.0,428400.0,Default option,Default,,
,parfum-item-10417,L'eau Couture Elie Saab,Product,,published,,90.0,,,,,,,,,,,,,true,item_10417,,Default variant,10417,,false,true,90.0,,,,,,,,558600.0,558600.0,Default option,Default,,
,parfum-item-10414,Bvlgari Man Wood Essence Hombre,Product,,published,,150.0,,,,,,,,,,,,,true,item_10414,,Default variant,10414,,false,true,150.0,,,,,,,,911400.0,911400.0,Default option,Default,,
,parfum-item-10413,Boss Bottled Elixir Hugo Boss Hombre,Product,,published,,100.0,,,,,,,,,,,,,true,item_10413,,Default variant,10413,,false,true,100.0,,,,,,,,648200.0,648200.0,Default option,Default,,
,parfum-item-10403,Boum Vanille Sa Pomme D'amour Jeanne Arthes,Product,,published,,100.0,,,,,,,,,,,,,true,item_10403,,Default variant,10403,,false,true,100.0,,,,,,,,163800.0,163800.0,Default option,Default,,
,parfum-item-10400,Amore Mio Jeanne Arthes Paris Dama,Product,,published,,100.0,,,,,,,,,,,,,true,item_10400,,Default variant,10400,,false,true,100.0,,,,,,,,163800.0,163800.0,Default option,Default,,
,parfum-item-10398,Glacier Bold Maison Alhambra Hombre,Product,,published,,100.0,,,,,,,,,,,,,true,item_10398,,Default variant,10398,,false,true,100.0,,,,,,,,285600.0,285600.0,Default option,Default,,
,parfum-item-10397,Glacier Ultra Maison Alhambra Hombre,Product,,published,,100.0,,,,,,,,,,,,,true,item_10397,,Default variant,10397,,false,true,100.0,,,,,,,,285600.0,285600.0,Default option,Default,,
,parfum-item-10395,Khamrah Qahwa Lattafa,Product,,published,,100.0,,,,,,,,,,,,,true,item_10395,,Default variant,10395,,false,true,100.0,,,,,,,,302400.0,302400.0,Default option,Default,,
,parfum-item-10394,Lalique Le Parfum,Product,,published,,100.0,,,,,,,,,,,,,true,item_10394,,Default variant,10394,,false,true,100.0,,,,,,,,326200.0,326200.0,Default option,Default,,
,parfum-item-10393,Match Point De Lacoste,Product,,published,,100.0,,,,,,,,,,,,,true,item_10393,,Default variant,10393,,false,true,100.0,,,,,,,,478800.0,478800.0,Default option,Default,,
,parfum-item-10391,Encore V Luniche Dama,Product,,published,,80.0,,,,,,,,,,,,,true,item_10391,,Default variant,10391,,false,true,80.0,,,,,,,,586600.0,586600.0,Default option,Default,,
,parfum-item-10389,Thouq Lattafa Dama,Product,,published,,80.0,,,,,,,,,,,,,true,item_10389,,Default variant,10389,,false,true,80.0,,,,,,,,362600.0,362600.0,Default option,Default,,
,parfum-item-10388,Wajood Lattafa,Product,,published,,100.0,,,,,,,,,,,,,true,item_10388,,Default variant,10388,,false,true,100.0,,,,,,,,312200.0,312200.0,Default option,Default,,
,parfum-item-10387,Winners Trophy Gold Lattafa Dama,Product,,published,,100.0,,,,,,,,,,,,,true,item_10387,,Default variant,10387,,false,true,100.0,,,,,,,,348600.0,348600.0,Default option,Default,,
,parfum-item-10386,Winners Trophy Silver Lattafa,Product,,published,,100.0,,,,,,,,,,,,,true,item_10386,,Default variant,10386,,false,true,100.0,,,,,,,,340200.0,340200.0,Default option,Default,,
,parfum-item-10385,Jasmin Exclusif Mancera,Product,,published,,120.0,,,,,,,,,,,,,true,item_10385,,Default variant,10385,,false,true,120.0,,,,,,,,656600.0,656600.0,Default option,Default,,
,parfum-item-10384,Fabulous Yuzu Mancera,Product,,published,,120.0,,,,,,,,,,,,,true,item_10384,,Default variant,10384,,false,true,120.0,,,,,,,,761600.0,761600.0,Default option,Default,,
,parfum-item-10383,Ecstasy Tiziana Terenzi,Product,,published,,100.0,,,,,,,,,,,,,true,item_10383,,Default variant,10383,,false,true,100.0,,,,,,,,1356600.0,1356600.0,Default option,Default,,
,parfum-item-10382,Delox Tiziana Terenzi,Product,,published,,100.0,,,,,,,,,,,,,true,item_10382,,Default variant,10382,,false,true,100.0,,,,,,,,1356600.0,1356600.0,Default option,Default,,
,parfum-item-10381,Nude Musk Adolfo Dominguez Dama,Product,,published,,120.0,,,,,,,,,,,,,true,item_10381,,Default variant,10381,,false,true,120.0,,,,,,,,261800.0,261800.0,Default option,Default,,
,parfum-item-10380,Lima Tonka Aguafresca Adolfo Dominguez,Product,,published,,120.0,,,,,,,,,,,,,true,item_10380,,Default variant,10380,,false,true,120.0,,,,,,,,267400.0,267400.0,Default option,Default,,
,parfum-item-10378,Jazm√≠n Tonka Adolfo Dominguez,Product,,published,,120.0,,,,,,,,,,,,,true,item_10378,,Default variant,10378,,false,true,120.0,,,,,,,,341600.0,341600.0,Default option,Default,,
,parfum-item-10377,Aguafresca De Mimosa Coriandro Adolfo Dominguez,Product,,published,,120.0,,,,,,,,,,,,,true,item_10377,,Default variant,10377,,false,true,120.0,,,,,,,,246400.0,246400.0,Default option,Default,,
,parfum-item-10376,Yes I Am Delicious Cacharel,Product,,published,,75.0,,,,,,,,,,,,,true,item_10376,,Default variant,10376,,false,true,75.0,,,,,,,,250600.0,250600.0,Default option,Default,,
,parfum-item-10375,La Petite Robe Noire Guerlain,Product,,published,,100.0,,,,,,,,,,,,,true,item_10375,,Default variant,10375,,false,true,100.0,,,,,,,,457800.0,457800.0,Default option,Default,,
,parfum-item-10373,Aqua Allegoria Nerolia Vetiver Harvest,Product,,published,,125.0,,,,,,,,,,,,,true,item_10373,,Default variant,10373,,false,true,125.0,,,,,,,,880600.0,880600.0,Default option,Default,,
,parfum-item-10372,Artisan Blue John Varvatos Hombre,Product,,published,,125.0,,,,,,,,,,,,,true,item_10372,,Default variant,10372,,false,true,125.0,,,,,,,,470400.0,470400.0,Default option,Default,,
,parfum-item-10371,Artisan Acqua John Varvatos Hombre,Product,,published,,125.0,,,,,,,,,,,,,true,item_10371,,Default variant,10371,,false,true,125.0,,,,,,,,327600.0,327600.0,Default option,Default,,
,parfum-item-10369,Luxe Rush Paris Hilton Dama,Product,,published,,100.0,,,,,,,,,,,,,true,item_10369,,Default variant,10369,,false,true,100.0,,,,,,,,263200.0,263200.0,Default option,Default,,
,parfum-item-10367,Pacha Ibiza Be Insane Hombre,Product,,published,,100.0,,,,,,,,,,,,,true,item_10367,,Default variant,10367,,false,true,100.0,,,,,,,,152600.0,152600.0,Default option,Default,,
,parfum-item-10366,Pacha Ibiza Be Insane Dama,Product,,published,,80.0,,,,,,,,,,,,,true,item_10366,,Default variant,10366,,false,true,80.0,,,,,,,,152600.0,152600.0,Default option,Default,,
,parfum-item-10365,Pacha Ibiza Priv√© Hombre,Product,,published,,100.0,,,,,,,,,,,,,true,item_10365,,Default variant,10365,,false,true,100.0,,,,,,,,152600.0,152600.0,Default option,Default,,
,parfum-item-10364,Pacha Ibiza Ros√© Dama,Product,,published,,80.0,,,,,,,,,,,,,true,item_10364,,Default variant,10364,,false,true,80.0,,,,,,,,152600.0,152600.0,Default option,Default,,
,parfum-item-10361,Aqua Allegoria Bergamota Calabria Guerlain,Product,,published,,125.0,,,,,,,,,,,,,true,item_10361,,Default variant,10361,,false,true,125.0,,,,,,,,835800.0,835800.0,Default option,Default,,
,parfum-item-10360,L'homme Ideal L'intense Guerlain,Product,,published,,100.0,,,,,,,,,,,,,true,item_10360,,Default variant,10360,,false,true,100.0,,,,,,,,816200.0,816200.0,Default option,Default,,
,parfum-item-10356,Poison Girl De Dior,Product,,published,,100.0,,,,,,,,,,,,,true,item_10356,,Default variant,10356,,false,true,100.0,,,,,,,,998200.0,998200.0,Default option,Default,,
,parfum-item-10355,Premium Blend Original Penguin,Product,,published,,100.0,,,,,,,,,,,,,true,item_10355,,Default variant,10355,,false,true,100.0,,,,,,,,341600.0,341600.0,Default option,Default,,
,parfum-item-10354,Lua Xerjoff,Product,,published,,50.0,,,,,,,,,,,,,true,item_10354,,Default variant,10354,,false,true,50.0,,,,,,,,1393000.0,1393000.0,Default option,Default,,
,parfum-item-10353,Cassiopea Tiziana Terenzi,Product,,published,,100.0,,,,,,,,,,,,,true,item_10353,,Default variant,10353,,false,true,100.0,,,,,,,,1764000.0,1764000.0,Default option,Default,,
,parfum-item-10352,Cas Tiziana Terenzi,Product,,published,,100.0,,,,,,,,,,,,,true,item_10352,,Default variant,10352,,false,true,100.0,,,,,,,,2626400.0,2626400.0,Default option,Default,,
,parfum-item-10351,Tyl Assoluto Tiziana Terenzi,Product,,published,,100.0,,,,,,,,,,,,,true,item_10351,,Default variant,10351,,false,true,100.0,,,,,,,,3494400.0,3494400.0,Default option,Default,,
,parfum-item-10350,Arethusa Tiziana Terenzi,Product,,published,,100.0,,,,,,,,,,,,,true,item_10350,,Default variant,10350,,false,true,100.0,,,,,,,,1356600.0,1356600.0,Default option,Default,,
,parfum-item-10348,Afrodite Tiziana Terenzi,Product,,published,,100.0,,,,,,,,,,,,,true,item_10348,,Default variant,10348,,false,true,100.0,,,,,,,,2444400.0,2444400.0,Default option,Default,,
,parfum-item-10347,Lucrethia V Canto,Product,,published,,100.0,,,,,,,,,,,,,true,item_10347,,Default variant,10347,,false,true,100.0,,,,,,,,760200.0,760200.0,Default option,Default,,
,parfum-item-10346,Splendida Magnolia Sensuel Bvlgari,Product,,published,,100.0,,,,,,,,,,,,,true,item_10346,,Default variant,10346,,false,true,100.0,,,,,,,,821800.0,821800.0,Default option,Default,,
,parfum-item-10345,Rose Goldea Blossom Delight Bvlgari,Product,,published,,75.0,,,,,,,,,,,,,true,item_10345,,Default variant,10345,,false,true,75.0,,,,,,,,648200.0,648200.0,Default option,Default,,
,parfum-item-10342,Animale Instinct Homme,Product,,published,,100.0,,,,,,,,,,,,,true,item_10342,,Default variant,10342,,false,true,100.0,,,,,,,,250600.0,250600.0,Default option,Default,,
,parfum-item-10341,Animale Instinct Femme,Product,,published,,100.0,,,,,,,,,,,,,true,item_10341,,Default variant,10341,,false,true,100.0,,,,,,,,253400.0,253400.0,Default option,Default,,
,parfum-item-10340,Kenzo Flower De Kenzo,Product,,published,,100.0,,,,,,,,,,,,,true,item_10340,,Default variant,10340,,false,true,100.0,,,,,,,,411600.0,411600.0,Default option,Default,,
,parfum-item-10339,Idole Aura De Lancome,Product,,published,,100.0,,,,,,,,,,,,,true,item_10339,,Default variant,10339,,false,true,100.0,,,,,,,,904400.0,904400.0,Default option,Default,,
,parfum-item-10337,Bordeux Emper,Product,,published,,100.0,,,,,,,,,,,,,true,item_10337,,Default variant,10337,,false,true,100.0,,,,,,,,210000.0,210000.0,Default option,Default,,
,parfum-item-10336,Prive Lotus De Emper,Product,,published,,100.0,,,,,,,,,,,,,true,item_10336,,Default variant,10336,,false,true,100.0,,,,,,,,191800.0,191800.0,Default option,Default,,
,parfum-item-10334,Priv√© Ethos Night De Emper,Product,,published,,100.0,,,,,,,,,,,,,true,item_10334,,Default variant,10334,,false,true,100.0,,,,,,,,210000.0,210000.0,Default option,Default,,
,parfum-item-10333,Prive Dori De Emper,Product,,published,,90.0,,,,,,,,,,,,,true,item_10333,,Default variant,10333,,false,true,90.0,,,,,,,,210000.0,210000.0,Default option,Default,,
,parfum-item-10332,Prive Doll De Emper,Product,,published,,90.0,,,,,,,,,,,,,true,item_10332,,Default variant,10332,,false,true,90.0,,,,,,,,210000.0,210000.0,Default option,Default,,
,parfum-item-10329,Fruits Of Musk De Montale,Product,,published,,100.0,,,,,,,,,,,,,true,item_10329,,Default variant,10329,,false,true,100.0,,,,,,,,639800.0,639800.0,Default option,Default,,
,parfum-item-10328,Loewe Pour Homme,Product,,published,,100.0,,,,,,,,,,,,,true,item_10328,,Default variant,10328,,false,true,100.0,,,,,,,,483000.0,483000.0,Default option,Default,,
,parfum-item-10323,Eau De Basilic Pourpre Herm√®s,Product,,published,,100.0,,,,,,,,,,,,,true,item_10323,,Default variant,10323,,false,true,100.0,,,,,,,,355600.0,355600.0,Default option,Default,,
,parfum-item-10321,Mon Sparkling Bouquet Guerlain,Product,,published,,100.0,,,,,,,,,,,,,true,item_10321,,Default variant,10321,,false,true,100.0,,,,,,,,576800.0,576800.0,Default option,Default,,
,parfum-item-10318,Alien Goddess Supra Florale Mugler,Product,,published,,90.0,,,,,,,,,,,,,true,item_10318,,Default variant,10318,,false,true,90.0,,,,,,,,551600.0,551600.0,Default option,Default,,
,parfum-item-10317,Gentleman Givenchy Intense,Product,,published,,100.0,,,,,,,,,,,,,true,item_10317,,Default variant,10317,,false,true,100.0,,,,,,,,530600.0,530600.0,Default option,Default,,
,parfum-item-10316,Irr√©sistible Rose Velvet Givenchy,Product,,published,,80.0,,,,,,,,,,,,,true,item_10316,,Default variant,10316,,false,true,80.0,,,,,,,,683200.0,683200.0,Default option,Default,,
,parfum-item-10315,Sunday Mood El Ganso Hombre,Product,,published,,125.0,,,,,,,,,,,,,true,item_10315,,Default variant,10315,,false,true,125.0,,,,,,,,287000.0,287000.0,Default option,Default,,
,parfum-item-10314,Hey Sunshine El Ganso Dama,Product,,published,,125.0,,,,,,,,,,,,,true,item_10314,,Default variant,10314,,false,true,125.0,,,,,,,,260400.0,260400.0,Default option,Default,,
,parfum-item-10313,Like Father Like Son El Ganso,Product,,published,,125.0,,,,,,,,,,,,,true,item_10313,,Default variant,10313,,false,true,125.0,,,,,,,,261800.0,261800.0,Default option,Default,,
,parfum-item-10304,Hala De Lattafa,Product,,published,,100.0,,,,,,,,,,,,,true,item_10304,,Default variant,10304,,false,true,100.0,,,,,,,,399000.0,399000.0,Default option,Default,,
,parfum-item-10301,Ejaazi Lattafa,Product,,published,,100.0,,,,,,,,,,,,,true,item_10301,,Default variant,10301,,false,true,100.0,,,,,,,,259000.0,259000.0,Default option,Default,,
,parfum-item-10300,Awraq Al Oud Lattafa,Product,,published,,100.0,,,,,,,,,,,,,true,item_10300,,Default variant,10300,,false,true,100.0,,,,,,,,274400.0,274400.0,Default option,Default,,
,parfum-item-10299,Ansaam Gold De Lattafa,Product,,published,,100.0,,,,,,,,,,,,,true,item_10299,,Default variant,10299,,false,true,100.0,,,,,,,,372400.0,372400.0,Default option,Default,,
,parfum-item-10298,Ajayeb Dubai De Lattafa,Product,,published,,100.0,,,,,,,,,,,,,true,item_10298,,Default variant,10298,,false,true,100.0,,,,,,,,316400.0,316400.0,Default option,Default,,
,parfum-item-10297,Adeeb De Lattafa,Product,,published,,80.0,,,,,,,,,,,,,true,item_10297,,Default variant,10297,,false,true,80.0,,,,,,,,326200.0,326200.0,Default option,Default,,
,parfum-item-10296,Prive Diva Emper,Product,,published,,100.0,,,,,,,,,,,,,true,item_10296,,Default variant,10296,,false,true,100.0,,,,,,,,191800.0,191800.0,Default option,Default,,
,parfum-item-10295,Prive Coral Party Emper,Product,,published,,95.0,,,,,,,,,,,,,true,item_10295,,Default variant,10295,,false,true,95.0,,,,,,,,210000.0,210000.0,Default option,Default,,
,parfum-item-10294,Prive Butik Emper,Product,,published,,100.0,,,,,,,,,,,,,true,item_10294,,Default variant,10294,,false,true,100.0,,,,,,,,210000.0,210000.0,Default option,Default,,
,parfum-item-10293,Prive Ballet Emper,Product,,published,,100.0,,,,,,,,,,,,,true,item_10293,,Default variant,10293,,false,true,100.0,,,,,,,,210000.0,210000.0,Default option,Default,,
,parfum-item-10292,Prive Affair Emper,Product,,published,,100.0,,,,,,,,,,,,,true,item_10292,,Default variant,10292,,false,true,100.0,,,,,,,,210000.0,210000.0,Default option,Default,,
,parfum-item-10291,Prive Affair Emper,Product,,published,,100.0,,,,,,,,,,,,,true,item_10291,,Default variant,10291,,false,true,100.0,,,,,,,,205800.0,205800.0,Default option,Default,,
,parfum-item-10289,Odyssey Wild One Gold Edition Armaf,Product,,published,,100.0,,,,,,,,,,,,,true,item_10289,,Default variant,10289,,false,true,100.0,,,,,,,,274400.0,274400.0,Default option,Default,,
,parfum-item-10288,Halloween Man Mystery,Product,,published,,125.0,,,,,,,,,,,,,true,item_10288,,Default variant,10288,,false,true,125.0,,,,,,,,329000.0,329000.0,Default option,Default,,
,parfum-item-10287,Al Fares Malikat Al Sohraa,Product,,published,,100.0,,,,,,,,,,,,,true,item_10287,,Default variant,10287,,false,true,100.0,,,,,,,,191800.0,191800.0,Default option,Default,,
,parfum-item-10285,6Th Sense Priv√© De Emper,Product,,published,,100.0,,,,,,,,,,,,,true,item_10285,,Default variant,10285,,false,true,100.0,,,,,,,,210000.0,210000.0,Default option,Default,,
,parfum-item-10284,6Th Sense Priv√© De Emper,Product,,published,,100.0,,,,,,,,,,,,,true,item_10284,,Default variant,10284,,false,true,100.0,,,,,,,,210000.0,210000.0,Default option,Default,,
,parfum-item-10282,Cosmic Pepper De Mancera,Product,,published,,120.0,,,,,,,,,,,,,true,item_10282,,Default variant,10282,,false,true,120.0,,,,,,,,761600.0,761600.0,Default option,Default,,
,parfum-item-10278,Blue Prisme Patek Maison,Product,,published,,90.0,,,,,,,,,,,,,true,item_10278,,Default variant,10278,,false,true,90.0,,,,,,,,442400.0,442400.0,Default option,Default,,
,parfum-item-10277,Luminous Noir Patek Maison,Product,,published,,100.0,,,,,,,,,,,,,true,item_10277,,Default variant,10277,,false,true,100.0,,,,,,,,478800.0,478800.0,Default option,Default,,
,parfum-item-10276,Luminous Ghost Patek Maison,Product,,published,,100.0,,,,,,,,,,,,,true,item_10276,,Default variant,10276,,false,true,100.0,,,,,,,,478800.0,478800.0,Default option,Default,,
,parfum-item-10275,Luminous Azure Patek Maison,Product,,published,,100.0,,,,,,,,,,,,,true,item_10275,,Default variant,10275,,false,true,100.0,,,,,,,,478800.0,478800.0,Default option,Default,,
,parfum-item-10272,Noir Prisme Patek Maison,Product,,published,,90.0,,,,,,,,,,,,,true,item_10272,,Default variant,10272,,false,true,90.0,,,,,,,,450800.0,450800.0,Default option,Default,,
,parfum-item-10271,Bordeaux Prisme Patek Maison,Product,,published,,90.0,,,,,,,,,,,,,true,item_10271,,Default variant,10271,,false,true,90.0,,,,,,,,446600.0,446600.0,Default option,Default,,
,parfum-item-10270,Spirit Millionaire Gold Icon Le Parfum Lomani,Product,,published,,100.0,,,,,,,,,,,,,true,item_10270,,Default variant,10270,,false,true,100.0,,,,,,,,238000.0,238000.0,Default option,Default,,
,parfum-item-10269,Spicebomb Night Vision Viktor&rolf,Product,,published,,90.0,,,,,,,,,,,,,true,item_10269,,Default variant,10269,,false,true,90.0,,,,,,,,564200.0,564200.0,Default option,Default,,
,parfum-item-10268,Uomo Born In Roma Coral Fantasy Valentino,Product,,published,,100.0,,,,,,,,,,,,,true,item_10268,,Default variant,10268,,false,true,100.0,,,,,,,,722400.0,722400.0,Default option,Default,,
,parfum-item-10266,Il Lonve De Ilmin Oro 24K,Product,,published,,30.0,,,,,,,,,,,,,true,item_10266,,Default variant,10266,,false,true,30.0,,,,,,,,935200.0,935200.0,Default option,Default,,
,parfum-item-10265,Il Fin De Ilmin Oro 24K,Product,,published,,30.0,,,,,,,,,,,,,true,item_10265,,Default variant,10265,,false,true,30.0,,,,,,,,935200.0,935200.0,Default option,Default,,
,parfum-item-10263,Il Azzurro De Ilmin,Product,,published,,30.0,,,,,,,,,,,,,true,item_10263,,Default variant,10263,,false,true,30.0,,,,,,,,728000.0,728000.0,Default option,Default,,
,parfum-item-10260,Original Blend Penguin,Product,,published,,100.0,,,,,,,,,,,,,true,item_10260,,Default variant,10260,,false,true,100.0,,,,,,,,306600.0,306600.0,Default option,Default,,
,parfum-item-10259,Brume 75 Eau Parfum√©e Jean Pascal,Product,,published,,100.0,,,,,,,,,,,,,true,item_10259,,Default variant,10259,,false,true,100.0,,,,,,,,154000.0,154000.0,Default option,Default,,
,parfum-item-10257,Nuit 43 Eau Parfum√©e Jean Pascal,Product,,published,,100.0,,,,,,,,,,,,,true,item_10257,,Default variant,10257,,false,true,100.0,,,,,,,,154000.0,154000.0,Default option,Default,,
,parfum-item-10256,Ivoire 59 Eau Parfum√©e Jean Pascal,Product,,published,,100.0,,,,,,,,,,,,,true,item_10256,,Default variant,10256,,false,true,100.0,,,,,,,,154000.0,154000.0,Default option,Default,,
,parfum-item-10255,Flores De Abril Jean Pascal,Product,,published,,100.0,,,,,,,,,,,,,true,item_10255,,Default variant,10255,,false,true,100.0,,,,,,,,165200.0,165200.0,Default option,Default,,
,parfum-item-10254,Tasman Santal Premiere Note Paris,Product,,published,,100.0,,,,,,,,,,,,,true,item_10254,,Default variant,10254,,false,true,100.0,,,,,,,,1626800.0,1626800.0,Default option,Default,,
,parfum-item-10253,Rose Sheherazade Premiere Note Paris,Product,,published,,100.0,,,,,,,,,,,,,true,item_10253,,Default variant,10253,,false,true,100.0,,,,,,,,1626800.0,1626800.0,Default option,Default,,
,parfum-item-10252,Himalayan Oud Premiere Note Paris,Product,,published,,100.0,,,,,,,,,,,,,true,item_10252,,Default variant,10252,,false,true,100.0,,,,,,,,1626800.0,1626800.0,Default option,Default,,
,parfum-item-10251,Aura Tonka Premiere Note Paris,Product,,published,,100.0,,,,,,,,,,,,,true,item_10251,,Default variant,10251,,false,true,100.0,,,,,,,,1626800.0,1626800.0,Default option,Default,,
,parfum-item-10250,Ambre Kashmir Premiere Note Paris,Product,,published,,100.0,,,,,,,,,,,,,true,item_10250,,Default variant,10250,,false,true,100.0,,,,,,,,1626800.0,1626800.0,Default option,Default,,
,parfum-item-10249,Espada Azul Le Chameau,Product,,published,,100.0,,,,,,,,,,,,,true,item_10249,,Default variant,10249,,false,true,100.0,,,,,,,,218400.0,218400.0,Default option,Default,,
,parfum-item-10240,Casamorati Bouquet Ideale Xerjoff,Product,,published,,100.0,,,,,,,,,,,,,true,item_10240,,Default variant,10240,,false,true,100.0,,,,,,,,1688400.0,1688400.0,Default option,Default,,
,parfum-item-10239,Casamorati 1888 Xerjoff,Product,,published,,100.0,,,,,,,,,,,,,true,item_10239,,Default variant,10239,,false,true,100.0,,,,,,,,1688400.0,1688400.0,Default option,Default,,
,parfum-item-10238,Light Blue Dolce&gabbana,Product,,published,,75.0,,,,,,,,,,,,,true,item_10238,,Default variant,10238,,false,true,75.0,,,,,,,,609000.0,609000.0,Default option,Default,,
,parfum-item-10237,Secret Of Love Gourmet M. Micallef,Product,,published,,75.0,,,,,,,,,,,,,true,item_10237,,Default variant,10237,,false,true,75.0,,,,,,,,1002400.0,1002400.0,Default option,Default,,
,parfum-item-10236,Secret Of Love Glamour M. Micallef,Product,,published,,75.0,,,,,,,,,,,,,true,item_10236,,Default variant,10236,,false,true,75.0,,,,,,,,1002400.0,1002400.0,Default option,Default,,
,parfum-item-10235,Royal Muska M. Micallef,Product,,published,,100.0,,,,,,,,,,,,,true,item_10235,,Default variant,10235,,false,true,100.0,,,,,,,,1393000.0,1393000.0,Default option,Default,,
,parfum-item-10234,Black Ananda M. Micallef,Product,,published,,100.0,,,,,,,,,,,,,true,item_10234,,Default variant,10234,,false,true,100.0,,,,,,,,1398600.0,1398600.0,Default option,Default,,
,parfum-item-10233,Secret Of Love Delice M. Micallef,Product,,published,,75.0,,,,,,,,,,,,,true,item_10233,,Default variant,10233,,false,true,75.0,,,,,,,,1002400.0,1002400.0,Default option,Default,,
,parfum-item-10232,Impact Intense De Tommy Hilfiger,Product,,published,,100.0,,,,,,,,,,,,,true,item_10232,,Default variant,10232,,false,true,100.0,,,,,,,,408800.0,408800.0,Default option,Default,,
,parfum-item-10229,Elixir Blanc De Stendhal,Product,,published,,90.0,,,,,,,,,,,,,true,item_10229,,Default variant,10229,,false,true,90.0,,,,,,,,376600.0,376600.0,Default option,Default,,
,parfum-item-10227,Latin Lover Carner Barcelona,Product,,published,,100.0,,,,,,,,,,,,,true,item_10227,,Default variant,10227,,false,true,100.0,,,,,,,,1057000.0,1057000.0,Default option,Default,,
,parfum-item-10226,Ambar Del Sur Carner Barcelona,Product,,published,,100.0,,,,,,,,,,,,,true,item_10226,,Default variant,10226,,false,true,100.0,,,,,,,,1057000.0,1057000.0,Default option,Default,,
,parfum-item-10225,Issey Miyake L'eau D'issey Pure,Product,,published,,90.0,,,,,,,,,,,,,true,item_10225,,Default variant,10225,,false,true,90.0,,,,,,,,508200.0,508200.0,Default option,Default,,
,parfum-item-10222,Look Kool De Agatha Ruiz De La Prada,Product,,published,,80.0,,,,,,,,,,,,,true,item_10222,,Default variant,10222,,false,true,80.0,,,,,,,,186200.0,186200.0,Default option,Default,,
,parfum-item-10220,Igo Fusion D'issey Issey Miyake,Product,,published,,100.0,,,,,,,,,,,,,true,item_10220,,Default variant,10220,,false,true,100.0,,,,,,,,526400.0,526400.0,Default option,Default,,
,parfum-item-10219,L'eau D'issey Igo Issey Miyake Dama,Product,,published,,80.0,,,,,,,,,,,,,true,item_10219,,Default variant,10219,,false,true,80.0,,,,,,,,526400.0,526400.0,Default option,Default,,
,parfum-item-10217,A Drop D'issey Issey Miyake,Product,,published,,90.0,,,,,,,,,,,,,true,item_10217,,Default variant,10217,,false,true,90.0,,,,,,,,620200.0,620200.0,Default option,Default,,
,parfum-item-10214,Terracota Musk Adolfo Dominguez,Product,,published,,120.0,,,,,,,,,,,,,true,item_10214,,Default variant,10214,,false,true,120.0,,,,,,,,267400.0,267400.0,Default option,Default,,
,parfum-item-10209,Sisterland Yellow Peony De Benetton,Product,,published,,80.0,,,,,,,,,,,,,true,item_10209,,Default variant,10209,,false,true,80.0,,,,,,,,218400.0,218400.0,Default option,Default,,
,parfum-item-10208,Aguafresca Citrus Cedro Adolfo Dominguez,Product,,published,,120.0,,,,,,,,,,,,,true,item_10208,,Default variant,10208,,false,true,120.0,,,,,,,,302400.0,302400.0,Default option,Default,,
,parfum-item-10201,Eau D'orange Verte Herm√®s,Product,,published,,100.0,,,,,,,,,,,,,true,item_10201,,Default variant,10201,,false,true,100.0,,,,,,,,410200.0,410200.0,Default option,Default,,
,parfum-item-10200,Vetiver Essence Ferrari,Product,,published,,100.0,,,,,,,,,,,,,true,item_10200,,Default variant,10200,,false,true,100.0,,,,,,,,259000.0,259000.0,Default option,Default,,
,parfum-item-10198,Fantastic Basilic De Montale,Product,,published,,100.0,,,,,,,,,,,,,true,item_10198,,Default variant,10198,,false,true,100.0,,,,,,,,711200.0,711200.0,Default option,Default,,
,parfum-item-10197,Dark Purple De Montale,Product,,published,,100.0,,,,,,,,,,,,,true,item_10197,,Default variant,10197,,false,true,100.0,,,,,,,,639800.0,639800.0,Default option,Default,,
,parfum-item-10196,Dark Aoud De Montale,Product,,published,,100.0,,,,,,,,,,,,,true,item_10196,,Default variant,10196,,false,true,100.0,,,,,,,,639800.0,639800.0,Default option,Default,,
,parfum-item-10192,Ch Pasion De Carolina Herrera,Product,,published,,100.0,,,,,,,,,,,,,true,item_10192,,Default variant,10192,,false,true,100.0,,,,,,,,639800.0,639800.0,Default option,Default,,
,parfum-item-10191,Double Bleu De Bharara,Product,,published,,100.0,,,,,,,,,,,,,true,item_10191,,Default variant,10191,,false,true,100.0,,,,,,,,406000.0,406000.0,Default option,Default,,
,parfum-item-10190,Mia Me Mine Halloween,Product,,published,,100.0,,,,,,,,,,,,,true,item_10190,,Default variant,10190,,false,true,100.0,,,,,,,,183400.0,183400.0,Default option,Default,,
,parfum-item-10189,Baiser Vol√© Parfum De Cartier,Product,,published,,100.0,,,,,,,,,,,,,true,item_10189,,Default variant,10189,,false,true,100.0,,,,,,,,711200.0,711200.0,Default option,Default,,
,parfum-item-10187,United Dreams Together Benetton Hombre,Product,,published,,100.0,,,,,,,,,,,,,true,item_10187,,Default variant,10187,,false,true,100.0,,,,,,,,182000.0,182000.0,Default option,Default,,
,parfum-item-10184,Bad Boy Extreme Carolina Herrera,Product,,published,,100.0,,,,,,,,,,,,,true,item_10184,,Default variant,10184,,false,true,100.0,,,,,,,,637000.0,637000.0,Default option,Default,,
,parfum-item-10172,Very Sexy Orchid Victoria's Secret Mist Luxe,Product,,published,,250.0,,,,,,,,,,,,,true,item_10172,,Default variant,10172,,false,true,250.0,,,,,,,,176400.0,176400.0,Default option,Default,,
,parfum-item-10162,Blanc Capones,Product,,published,,100.0,,,,,,,,,,,,,true,item_10162,,Default variant,10162,,false,true,100.0,,,,,,,,309400.0,309400.0,Default option,Default,,
,parfum-item-10161,Beaute Noire Capones,Product,,published,,100.0,,,,,,,,,,,,,true,item_10161,,Default variant,10161,,false,true,100.0,,,,,,,,306600.0,306600.0,Default option,Default,,
,parfum-item-10160,Absolute Black Capones,Product,,published,,100.0,,,,,,,,,,,,,true,item_10160,,Default variant,10160,,false,true,100.0,,,,,,,,273000.0,273000.0,Default option,Default,,
,parfum-item-10157,Beautiful Belle Est√©e Lauder,Product,,published,,100.0,,,,,,,,,,,,,true,item_10157,,Default variant,10157,,false,true,100.0,,,,,,,,406000.0,406000.0,Default option,Default,,
,parfum-item-10156,Splendida Patchouli Tentation Bvlgari,Product,,published,,100.0,,,,,,,,,,,,,true,item_10156,,Default variant,10156,,false,true,100.0,,,,,,,,903000.0,903000.0,Default option,Default,,
,parfum-item-10155,Halloween Blossom,Product,,published,,100.0,,,,,,,,,,,,,true,item_10155,,Default variant,10155,,false,true,100.0,,,,,,,,299600.0,299600.0,Default option,Default,,
,parfum-item-10150,Orientica Amber Rouge De Al Haramain,Product,,published,,150.0,,,,,,,,,,,,,true,item_10150,,Default variant,10150,,false,true,150.0,,,,,,,,595000.0,595000.0,Default option,Default,,
,parfum-item-10149,Part Time Hero El Ganso,Product,,published,,125.0,,,,,,,,,,,,,true,item_10149,,Default variant,10149,,false,true,125.0,,,,,,,,193200.0,193200.0,Default option,Default,,
,parfum-item-10148,After Game El Ganso,Product,,published,,125.0,,,,,,,,,,,,,true,item_10148,,Default variant,10148,,false,true,125.0,,,,,,,,168000.0,168000.0,Default option,Default,,
,parfum-item-10144,Azahar Aguafresca Adolfo Dominguez Dama,Product,,published,,120.0,,,,,,,,,,,,,true,item_10144,,Default variant,10144,,false,true,120.0,,,,,,,,257600.0,257600.0,Default option,Default,,
,parfum-item-10143,Rosas Aguafresca Adolfo Dominguez,Product,,published,,120.0,,,,,,,,,,,,,true,item_10143,,Default variant,10143,,false,true,120.0,,,,,,,,267400.0,267400.0,Default option,Default,,
,parfum-item-10139,Azlan Oud Bleu Edition Al Haramain,Product,,published,,100.0,,,,,,,,,,,,,true,item_10139,,Default variant,10139,,false,true,100.0,,,,,,,,618800.0,618800.0,Default option,Default,,
,parfum-item-10138,Devotion Dolce & Gabbana,Product,,published,,100.0,,,,,,,,,,,,,true,item_10138,,Default variant,10138,,false,true,100.0,,,,,,,,509600.0,509600.0,Default option,Default,,
,parfum-item-10136,Bois De Yuzu Karl Lagerfeld,Product,,published,,100.0,,,,,,,,,,,,,true,item_10136,,Default variant,10136,,false,true,100.0,,,,,,,,287000.0,287000.0,Default option,Default,,
,parfum-item-10135,Elsatys Homme Intense De Reyane,Product,,published,,100.0,,,,,,,,,,,,,true,item_10135,,Default variant,10135,,false,true,100.0,,,,,,,,191800.0,191800.0,Default option,Default,,
,parfum-item-10133,Liam Blue Shine De Lattafa,Product,,published,,100.0,,,,,,,,,,,,,true,item_10133,,Default variant,10133,,false,true,100.0,,,,,,,,289800.0,289800.0,Default option,Default,,
,parfum-item-10126,Miss Armaf Voce Viva,Product,,published,,100.0,,,,,,,,,,,,,true,item_10126,,Default variant,10126,,false,true,100.0,,,,,,,,376600.0,376600.0,Default option,Default,,
,parfum-item-10124,Miss Armaf Mystique,Product,,published,,100.0,,,,,,,,,,,,,true,item_10124,,Default variant,10124,,false,true,100.0,,,,,,,,376600.0,376600.0,Default option,Default,,
,parfum-item-10121,Miss Armaf Grandeur,Product,,published,,100.0,,,,,,,,,,,,,true,item_10121,,Default variant,10121,,false,true,100.0,,,,,,,,376600.0,376600.0,Default option,Default,,
,parfum-item-10120,More More Pink Tous,Product,,published,,90.0,,,,,,,,,,,,,true,item_10120,,Default variant,10120,,false,true,90.0,,,,,,,,387800.0,387800.0,Default option,Default,,
,parfum-item-10118,Mini Coach Dreams Sunset,Product,,published,,5.0,,,,,,,,,,,,,true,item_10118,,Default variant,10118,,false,true,5.0,,,,,,,,91000.0,91000.0,Default option,Default,,
,parfum-item-10115,Mini Floral Jimmy Choo,Product,,published,,5.0,,,,,,,,,,,,,true,item_10115,,Default variant,10115,,false,true,5.0,,,,,,,,81200.0,81200.0,Default option,Default,,
,parfum-item-10109,Mini Miracle Blossom Lanc√¥me,Product,,published,,5.0,,,,,,,,,,,,,true,item_10109,,Default variant,10109,,false,true,5.0,,,,,,,,93800.0,93800.0,Default option,Default,,
,parfum-item-10108,Mini La Femme L'eau Prada Milano,Product,,published,,9.0,,,,,,,,,,,,,true,item_10108,,Default variant,10108,,false,true,9.0,,,,,,,,109200.0,109200.0,Default option,Default,,
,parfum-item-10106,Moncler Pour Homme,Product,,published,,100.0,,,,,,,,,,,,,true,item_10106,,Default variant,10106,,false,true,100.0,,,,,,,,859600.0,859600.0,Default option,Default,,
,parfum-item-10105,Moncler Pour Femme,Product,,published,,100.0,,,,,,,,,,,,,true,item_10105,,Default variant,10105,,false,true,100.0,,,,,,,,859600.0,859600.0,Default option,Default,,
,parfum-item-10104,Cloud 2.0 Intense De Ariana Grande,Product,,published,,100.0,,,,,,,,,,,,,true,item_10104,,Default variant,10104,,false,true,100.0,,,,,,,,484400.0,484400.0,Default option,Default,,
,parfum-item-10103,Taurus De Ahli,Product,,published,,60.0,,,,,,,,,,,,,true,item_10103,,Default variant,10103,,false,true,60.0,,,,,,,,674800.0,674800.0,Default option,Default,,
,parfum-item-10100,Le Male Elixir De Jean Paul Gaultier,Product,,published,,125.0,,,,,,,,,,,,,true,item_10100,,Default variant,10100,,false,true,125.0,,,,,,,,677600.0,677600.0,Default option,Default,,
,parfum-item-10099,Gaultier Divine De Jean Paul Gaultier,Product,,published,,100.0,,,,,,,,,,,,,true,item_10099,,Default variant,10099,,false,true,100.0,,,,,,,,798000.0,798000.0,Default option,Default,,
,parfum-item-10098,Lyra De Ahli,Product,,published,,60.0,,,,,,,,,,,,,true,item_10098,,Default variant,10098,,false,true,60.0,,,,,,,,553000.0,553000.0,Default option,Default,,
,parfum-item-10097,Gemini De Ahli,Product,,published,,60.0,,,,,,,,,,,,,true,item_10097,,Default variant,10097,,false,true,60.0,,,,,,,,553000.0,553000.0,Default option,Default,,
,parfum-item-10096,Beta De Ahli,Product,,published,,60.0,,,,,,,,,,,,,true,item_10096,,Default variant,10096,,false,true,60.0,,,,,,,,498400.0,498400.0,Default option,Default,,
,parfum-item-10095,Alpha De Ahli,Product,,published,,60.0,,,,,,,,,,,,,true,item_10095,,Default variant,10095,,false,true,60.0,,,,,,,,522200.0,522200.0,Default option,Default,,
,parfum-item-10094,Bvlgari Man Rain Essence De Bvlgari,Product,,published,,100.0,,,,,,,,,,,,,true,item_10094,,Default variant,10094,,false,true,100.0,,,,,,,,586600.0,586600.0,Default option,Default,,
,parfum-item-10092,Hamsah Al Lail Emper,Product,,published,,100.0,,,,,,,,,,,,,true,item_10092,,Default variant,10092,,false,true,100.0,,,,,,,,191800.0,191800.0,Default option,Default,,
,parfum-item-10091,Signature Absolue De Montblanc,Product,,published,,90.0,,,,,,,,,,,,,true,item_10091,,Default variant,10091,,false,true,90.0,,,,,,,,387800.0,387800.0,Default option,Default,,
,parfum-item-10089,Amber Noir Orientica,Product,,published,,80.0,,,,,,,,,,,,,true,item_10089,,Default variant,10089,,false,true,80.0,,,,,,,,572600.0,572600.0,Default option,Default,,
,parfum-item-10088,Bade'e Al Oud Honor & Glory Lattafa,Product,,published,,100.0,,,,,,,,,,,,,true,item_10088,,Default variant,10088,,false,true,100.0,,,,,,,,263200.0,263200.0,Default option,Default,,
,parfum-item-10087,Eilish No 2 De Billie Eilish,Product,,published,,100.0,,,,,,,,,,,,,true,item_10087,,Default variant,10087,,false,true,100.0,,,,,,,,369600.0,369600.0,Default option,Default,,
,parfum-item-10086,We Are Tribe De Benetton,Product,,published,,90.0,,,,,,,,,,,,,true,item_10086,,Default variant,10086,,false,true,90.0,,,,,,,,204400.0,204400.0,Default option,Default,,
,parfum-item-10085,We Are Tribe Intense De Benetton,Product,,published,,90.0,,,,,,,,,,,,,true,item_10085,,Default variant,10085,,false,true,90.0,,,,,,,,211400.0,211400.0,Default option,Default,,
,parfum-item-10084,Dylan Purple Versace,Product,,published,,100.0,,,,,,,,,,,,,true,item_10084,,Default variant,10084,,false,true,100.0,,,,,,,,462000.0,462000.0,Default option,Default,,
,parfum-item-10083,Amber Oud Private Edition Al Haramain,Product,,published,,60.0,,,,,,,,,,,,,true,item_10083,,Default variant,10083,,false,true,60.0,,,,,,,,421400.0,421400.0,Default option,Default,,
,parfum-item-10082,Amber Oud Ultra Violet Al Haramain,Product,,published,,60.0,,,,,,,,,,,,,true,item_10082,,Default variant,10082,,false,true,60.0,,,,,,,,530600.0,530600.0,Default option,Default,,
,parfum-item-10080,Viking Rio De Bharara,Product,,published,,100.0,,,,,,,,,,,,,true,item_10080,,Default variant,10080,,false,true,100.0,,,,,,,,470400.0,470400.0,Default option,Default,,
,parfum-item-10079,Mod Blush De Ariana Grande,Product,,published,,100.0,,,,,,,,,,,,,true,item_10079,,Default variant,10079,,false,true,100.0,,,,,,,,438200.0,438200.0,Default option,Default,,
,parfum-item-10078,Mod Vanilla De Ariana Grande,Product,,published,,100.0,,,,,,,,,,,,,true,item_10078,,Default variant,10078,,false,true,100.0,,,,,,,,413000.0,413000.0,Default option,Default,,
,parfum-item-10077,Polo Blue De Ralph Lauren Parfum,Product,,published,,125.0,,,,,,,,,,,,,true,item_10077,,Default variant,10077,,false,true,125.0,,,,,,,,735000.0,735000.0,Default option,Default,,
,parfum-item-10076,Stallion 53 De Emper,Product,,published,,100.0,,,,,,,,,,,,,true,item_10076,,Default variant,10076,,false,true,100.0,,,,,,,,271600.0,271600.0,Default option,Default,,
,parfum-item-10075,Explorer Platinum De Montblanc,Product,,published,,100.0,,,,,,,,,,,,,true,item_10075,,Default variant,10075,,false,true,100.0,,,,,,,,420000.0,420000.0,Default option,Default,,
,parfum-item-10070,Beautiful Day In Love Castelbajac,Product,,published,,100.0,,,,,,,,,,,,,true,item_10070,,Default variant,10070,,false,true,100.0,,,,,,,,347200.0,347200.0,Default option,Default,,
,parfum-item-10069,Beautiful Day L'bonheur Castelbajac,Product,,published,,100.0,,,,,,,,,,,,,true,item_10069,,Default variant,10069,,false,true,100.0,,,,,,,,347200.0,347200.0,Default option,Default,,
,parfum-item-10068,Beautiful Day L'original Castelbajac,Product,,published,,100.0,,,,,,,,,,,,,true,item_10068,,Default variant,10068,,false,true,100.0,,,,,,,,347200.0,347200.0,Default option,Default,,
,parfum-item-10067,Homme De Castelbajac,Product,,published,,100.0,,,,,,,,,,,,,true,item_10067,,Default variant,10067,,false,true,100.0,,,,,,,,347200.0,347200.0,Default option,Default,,
,parfum-item-10066,Homme Sport De Castelbajac,Product,,published,,100.0,,,,,,,,,,,,,true,item_10066,,Default variant,10066,,false,true,100.0,,,,,,,,347200.0,347200.0,Default option,Default,,
,parfum-item-10065,Homme Cool De Castelbajac,Product,,published,,100.0,,,,,,,,,,,,,true,item_10065,,Default variant,10065,,false,true,100.0,,,,,,,,347200.0,347200.0,Default option,Default,,
,parfum-item-10064,Sakeena De Lattafa,Product,,published,,100.0,,,,,,,,,,,,,true,item_10064,,Default variant,10064,,false,true,100.0,,,,,,,,312200.0,312200.0,Default option,Default,,
,parfum-item-10063,Emaan De Lattafa,Product,,published,,100.0,,,,,,,,,,,,,true,item_10063,,Default variant,10063,,false,true,100.0,,,,,,,,271600.0,271600.0,Default option,Default,,
,parfum-item-10062,Jawhar Al Oud Al Fares,Product,,published,,100.0,,,,,,,,,,,,,true,item_10062,,Default variant,10062,,false,true,100.0,,,,,,,,191800.0,191800.0,Default option,Default,,
,parfum-item-10060,Oud Al Shahamah Al Fares,Product,,published,,100.0,,,,,,,,,,,,,true,item_10060,,Default variant,10060,,false,true,100.0,,,,,,,,210000.0,210000.0,Default option,Default,,
,parfum-item-10059,Seufi Al Fares,Product,,published,,100.0,,,,,,,,,,,,,true,item_10059,,Default variant,10059,,false,true,100.0,,,,,,,,229600.0,229600.0,Default option,Default,,
,parfum-item-10058,Il Pi√©t√© De Ilmin,Product,,published,,30.0,,,,,,,,,,,,,true,item_10058,,Default variant,10058,,false,true,30.0,,,,,,,,719600.0,719600.0,Default option,Default,,
,parfum-item-10057,Baroque Rouge 540 Maison Alhambra,Product,,published,,100.0,,,,,,,,,,,,,true,item_10057,,Default variant,10057,,false,true,100.0,,,,,,,,259000.0,259000.0,Default option,Default,,
,parfum-item-10056,Musk Al Ghazal De Emper,Product,,published,,100.0,,,,,,,,,,,,,true,item_10056,,Default variant,10056,,false,true,100.0,,,,,,,,210000.0,210000.0,Default option,Default,,
,parfum-item-10055,Odyssey Tyrant Armaf,Product,,published,,100.0,,,,,,,,,,,,,true,item_10055,,Default variant,10055,,false,true,100.0,,,,,,,,285600.0,285600.0,Default option,Default,,
,parfum-item-10054,Odyssey Mega Armaf,Product,,published,,100.0,,,,,,,,,,,,,true,item_10054,,Default variant,10054,,false,true,100.0,,,,,,,,285600.0,285600.0,Default option,Default,,
,parfum-item-10053,Odyssey Mandarin Sky Armaf,Product,,published,,100.0,,,,,,,,,,,,,true,item_10053,,Default variant,10053,,false,true,100.0,,,,,,,,294000.0,294000.0,Default option,Default,,
,parfum-item-10052,Odyssey Aoud Armaf,Product,,published,,100.0,,,,,,,,,,,,,true,item_10052,,Default variant,10052,,false,true,100.0,,,,,,,,274400.0,274400.0,Default option,Default,,
,parfum-item-10051,Auriga De Ahli,Product,,published,,60.0,,,,,,,,,,,,,true,item_10051,,Default variant,10051,,false,true,60.0,,,,,,,,553000.0,553000.0,Default option,Default,,
,parfum-item-10050,Ara De Ahli,Product,,published,,60.0,,,,,,,,,,,,,true,item_10050,,Default variant,10050,,false,true,60.0,,,,,,,,533400.0,533400.0,Default option,Default,,
,parfum-item-10049,Apus De Ahli,Product,,published,,60.0,,,,,,,,,,,,,true,item_10049,,Default variant,10049,,false,true,60.0,,,,,,,,533400.0,533400.0,Default option,Default,,
,parfum-item-10048,Gamma De Ahli,Product,,published,,60.0,,,,,,,,,,,,,true,item_10048,,Default variant,10048,,false,true,60.0,,,,,,,,555800.0,555800.0,Default option,Default,,
,parfum-item-10047,Corvus De Ahli,Product,,published,,60.0,,,,,,,,,,,,,true,item_10047,,Default variant,10047,,false,true,60.0,,,,,,,,553000.0,553000.0,Default option,Default,,
,parfum-item-10046,Il Bordeaux De Ilmin,Product,,published,,30.0,,,,,,,,,,,,,true,item_10046,,Default variant,10046,,false,true,30.0,,,,,,,,732200.0,732200.0,Default option,Default,,
,parfum-item-10043,Maahir Legacy De Lattafa,Product,,published,,100.0,,,,,,,,,,,,,true,item_10043,,Default variant,10043,,false,true,100.0,,,,,,,,289800.0,289800.0,Default option,Default,,
,parfum-item-10042,Fakhar Gold De Lattafa,Product,,published,,100.0,,,,,,,,,,,,,true,item_10042,,Default variant,10042,,false,true,100.0,,,,,,,,271600.0,271600.0,Default option,Default,,
,parfum-item-10041,King Parfum De Bharara,Product,,published,,100.0,,,,,,,,,,,,,true,item_10041,,Default variant,10041,,false,true,100.0,,,,,,,,572600.0,572600.0,Default option,Default,,
,parfum-item-10040,Al Qiam Gold De Lattafa Pride,Product,,published,,100.0,,,,,,,,,,,,,true,item_10040,,Default variant,10040,,false,true,100.0,,,,,,,,289800.0,289800.0,Default option,Default,,
,parfum-item-10039,Arabia Madame Le Chameau,Product,,published,,100.0,,,,,,,,,,,,,true,item_10039,,Default variant,10039,,false,true,100.0,,,,,,,,274400.0,274400.0,Default option,Default,,
,parfum-item-10036,Arabia Explorer Le Chameau,Product,,published,,100.0,,,,,,,,,,,,,true,item_10036,,Default variant,10036,,false,true,100.0,,,,,,,,285600.0,285600.0,Default option,Default,,
,parfum-item-10035,My Way Intense De Giorgio Armani,Product,,published,,90.0,,,,,,,,,,,,,true,item_10035,,Default variant,10035,,false,true,90.0,,,,,,,,827400.0,827400.0,Default option,Default,,
,parfum-item-10034,Good Girl Gold Fantasy Carolina Herrera,Product,,published,,80.0,,,,,,,,,,,,,true,item_10034,,Default variant,10034,,false,true,80.0,,,,,,,,798000.0,798000.0,Default option,Default,,
,parfum-item-10033,Maharjan Gold De Lattafa,Product,,published,,100.0,,,,,,,,,,,,,true,item_10033,,Default variant,10033,,false,true,100.0,,,,,,,,345800.0,345800.0,Default option,Default,,
,parfum-item-10032,Blue Sapphire De Lattafa,Product,,published,,100.0,,,,,,,,,,,,,true,item_10032,,Default variant,10032,,false,true,100.0,,,,,,,,320600.0,320600.0,Default option,Default,,
,parfum-item-10031,Al Areeq Gold De Lattafa,Product,,published,,100.0,,,,,,,,,,,,,true,item_10031,,Default variant,10031,,false,true,100.0,,,,,,,,320600.0,320600.0,Default option,Default,,
,parfum-item-10030,Afaq De Lattafa Pride,Product,,published,,100.0,,,,,,,,,,,,,true,item_10030,,Default variant,10030,,false,true,100.0,,,,,,,,306600.0,306600.0,Default option,Default,,
,parfum-item-10029,Musk Mood De Lattafa,Product,,published,,100.0,,,,,,,,,,,,,true,item_10029,,Default variant,10029,,false,true,100.0,,,,,,,,362600.0,362600.0,Default option,Default,,
,parfum-item-10028,Haya De Lattafa,Product,,published,,100.0,,,,,,,,,,,,,true,item_10028,,Default variant,10028,,false,true,100.0,,,,,,,,285600.0,285600.0,Default option,Default,,
,parfum-item-10027,Al Fares Dalal De Emper,Product,,published,,100.0,,,,,,,,,,,,,true,item_10027,,Default variant,10027,,false,true,100.0,,,,,,,,191800.0,191800.0,Default option,Default,,
,parfum-item-10025,Q De Dolce & Gabbana,Product,,published,,100.0,,,,,,,,,,,,,true,item_10025,,Default variant,10025,,false,true,100.0,,,,,,,,558600.0,558600.0,Default option,Default,,
,parfum-item-10023,Areej Al Oud De Al Fares,Product,,published,,100.0,,,,,,,,,,,,,true,item_10023,,Default variant,10023,,false,true,100.0,,,,,,,,191800.0,191800.0,Default option,Default,,
,parfum-item-10022,Ahlaami Al Fares Emper,Product,,published,,80.0,,,,,,,,,,,,,true,item_10022,,Default variant,10022,,false,true,80.0,,,,,,,,191800.0,191800.0,Default option,Default,,
,parfum-item-10021,Dyamante De Daddy Yankee,Product,,published,,100.0,,,,,,,,,,,,,true,item_10021,,Default variant,10021,,false,true,100.0,,,,,,,,191800.0,191800.0,Default option,Default,,
,parfum-item-10020,Daddy Yankee,Product,,published,,100.0,,,,,,,,,,,,,true,item_10020,,Default variant,10020,,false,true,100.0,,,,,,,,191800.0,191800.0,Default option,Default,,
,parfum-item-10019,Reveal De Calvin Klein,Product,,published,,100.0,,,,,,,,,,,,,true,item_10019,,Default variant,10019,,false,true,100.0,,,,,,,,399000.0,399000.0,Default option,Default,,
,parfum-item-10018,Open Road De Coach,Product,,published,,100.0,,,,,,,,,,,,,true,item_10018,,Default variant,10018,,false,true,100.0,,,,,,,,387800.0,387800.0,Default option,Default,,
,parfum-item-10017,Togs Unlimited White De Chevignon,Product,,published,,100.0,,,,,,,,,,,,,true,item_10017,,Default variant,10017,,false,true,100.0,,,,,,,,296800.0,296800.0,Default option,Default,,
,parfum-item-10016,Togs Unlimited De Chevignon,Product,,published,,100.0,,,,,,,,,,,,,true,item_10016,,Default variant,10016,,false,true,100.0,,,,,,,,296800.0,296800.0,Default option,Default,,
,parfum-item-10015,Espada Prime Le Chameau,Product,,published,,100.0,,,,,,,,,,,,,true,item_10015,,Default variant,10015,,false,true,100.0,,,,,,,,218400.0,218400.0,Default option,Default,,
,parfum-item-10014,La Rouge Baroque Extreme De Maison Alhambra,Product,,published,,100.0,,,,,,,,,,,,,true,item_10014,,Default variant,10014,,false,true,100.0,,,,,,,,254800.0,254800.0,Default option,Default,,
,parfum-item-10013,Bad Boy Cobalt Electrique De Carolina Herrera,Product,,published,,100.0,,,,,,,,,,,,,true,item_10013,,Default variant,10013,,false,true,100.0,,,,,,,,621600.0,621600.0,Default option,Default,,
,parfum-item-10012,Amber Oud Black Edition De Al Haramain,Product,,published,,60.0,,,,,,,,,,,,,true,item_10012,,Default variant,10012,,false,true,60.0,,,,,,,,340200.0,340200.0,Default option,Default,,
,parfum-item-10010,9 Am De Afnan,Product,,published,,100.0,,,,,,,,,,,,,true,item_10010,,Default variant,10010,,false,true,100.0,,,,,,,,280000.0,280000.0,Default option,Default,,
,parfum-item-10008,Amber Oud Black Edition De Al Haramain,Product,,published,,150.0,,,,,,,,,,,,,true,item_10008,,Default variant,10008,,false,true,150.0,,,,,,,,526400.0,526400.0,Default option,Default,,
,parfum-item-10007,Amber Oud Black Edition De Al Haramain,Product,,published,,200.0,,,,,,,,,,,,,true,item_10007,,Default variant,10007,,false,true,200.0,,,,,,,,585200.0,585200.0,Default option,Default,,
,parfum-item-10006,9 Am Dive De Afnan,Product,,published,,100.0,,,,,,,,,,,,,true,item_10006,,Default variant,10006,,false,true,100.0,,,,,,,,289800.0,289800.0,Default option,Default,,
,parfum-item-10005,Supremacy Not Only Intense De Afnan,Product,,published,,150.0,,,,,,,,,,,,,true,item_10005,,Default variant,10005,,false,true,150.0,,,,,,,,462000.0,462000.0,Default option,Default,,
,parfum-item-10004,Supremacy Not Only Intense De Afnan,Product,,published,,100.0,,,,,,,,,,,,,true,item_10004,,Default variant,10004,,false,true,100.0,,,,,,,,372400.0,372400.0,Default option,Default,,
,parfum-item-9995,Gentleman Society De Givenchy,Product,,published,,100.0,,,,,,,,,,,,,true,item_9995,,Default variant,9995,,false,true,100.0,,,,,,,,666400.0,666400.0,Default option,Default,,
,parfum-item-9994,1 Million Royal Parfum De Paco Rabanne,Product,,published,,100.0,,,,,,,,,,,,,true,item_9994,,Default variant,9994,,false,true,100.0,,,,,,,,673400.0,673400.0,Default option,Default,,
,parfum-item-9992,Yara Tous De Lattafa,Product,,published,,100.0,,,,,,,,,,,,,true,item_9992,,Default variant,9992,,false,true,100.0,,,,,,,,259000.0,259000.0,Default option,Default,,
,parfum-item-9991,Maharjan Silver Lattafa,Product,,published,,100.0,,,,,,,,,,,,,true,item_9991,,Default variant,9991,,false,true,100.0,,,,,,,,401800.0,401800.0,Default option,Default,,
,parfum-item-9986,Acqua Di Parisis Capri Palace De Reyane Tradition,Product,,published,,100.0,,,,,,,,,,,,,true,item_9986,,Default variant,9986,,false,true,100.0,,,,,,,,210000.0,210000.0,Default option,Default,,
,parfum-item-9985,Acqua Di Parisis Miami Sunset EDP Reyane Tradition Unisex,Product,,published,,100.0,,,,,,,,,,,,,true,item_9985,,Default variant,9985,,false,true,100.0,,,,,,,,210000.0,210000.0,Default option,Default,,
,parfum-item-9984,Game Of Spades Queen De Jo Milano,Product,,published,,100.0,,,,,,,,,,,,,true,item_9984,,Default variant,9984,,false,true,100.0,,,,,,,,509600.0,509600.0,Default option,Default,,
,parfum-item-9983,Game Of Spades Royale De Jo Milano,Product,,published,,100.0,,,,,,,,,,,,,true,item_9983,,Default variant,9983,,false,true,100.0,,,,,,,,564200.0,564200.0,Default option,Default,,
,parfum-item-9981,Game Of Spades Bid De Jo Milano,Product,,published,,100.0,,,,,,,,,,,,,true,item_9981,,Default variant,9981,,false,true,100.0,,,,,,,,544600.0,544600.0,Default option,Default,,
,parfum-item-9980,Game Of Spades Rouge De Jo Milano,Product,,published,,100.0,,,,,,,,,,,,,true,item_9980,,Default variant,9980,,false,true,100.0,,,,,,,,544600.0,544600.0,Default option,Default,,
,parfum-item-9977,Yeah De Maison Alhambra,Product,,published,,100.0,,,,,,,,,,,,,true,item_9977,,Default variant,9977,,false,true,100.0,,,,,,,,280000.0,280000.0,Default option,Default,,
,parfum-item-9976,White Amber De Santalis,Product,,published,,90.0,,,,,,,,,,,,,true,item_9976,,Default variant,9976,,false,true,90.0,,,,,,,,259000.0,259000.0,Default option,Default,,
,parfum-item-9975,Aventura De Santalis,Product,,published,,90.0,,,,,,,,,,,,,true,item_9975,,Default variant,9975,,false,true,90.0,,,,,,,,259000.0,259000.0,Default option,Default,,
,parfum-item-9974,Al Hayba De Santalis,Product,,published,,100.0,,,,,,,,,,,,,true,item_9974,,Default variant,9974,,false,true,100.0,,,,,,,,259000.0,259000.0,Default option,Default,,
,parfum-item-9971,Velvet Rose De Lattafa,Product,,published,,100.0,,,,,,,,,,,,,true,item_9971,,Default variant,9971,,false,true,100.0,,,,,,,,274400.0,274400.0,Default option,Default,,
,parfum-item-9969,Voyage Titan De Armaf,Product,,published,,100.0,,,,,,,,,,,,,true,item_9969,,Default variant,9969,,false,true,100.0,,,,,,,,285600.0,285600.0,Default option,Default,,
,parfum-item-9968,Art Du`parfum De Armaf,Product,,published,,100.0,,,,,,,,,,,,,true,item_9968,,Default variant,9968,,false,true,100.0,,,,,,,,285600.0,285600.0,Default option,Default,,
,parfum-item-9967,Ego Exotic De Armaf,Product,,published,,100.0,,,,,,,,,,,,,true,item_9967,,Default variant,9967,,false,true,100.0,,,,,,,,316400.0,316400.0,Default option,Default,,
,parfum-item-9965,Cassius De Maison Alhambra,Product,,published,,100.0,,,,,,,,,,,,,true,item_9965,,Default variant,9965,,false,true,100.0,,,,,,,,229600.0,229600.0,Default option,Default,,
,parfum-item-9961,Good Girl Blush De Carolina Herrera,Product,,published,,80.0,,,,,,,,,,,,,true,item_9961,,Default variant,9961,,false,true,80.0,,,,,,,,743400.0,743400.0,Default option,Default,,
,parfum-item-9960,Reyna De Maison Alhambra,Product,,published,,100.0,,,,,,,,,,,,,true,item_9960,,Default variant,9960,,false,true,100.0,,,,,,,,266000.0,266000.0,Default option,Default,,
,parfum-item-9959,Al Areeq Silver De Lattafa Pride,Product,,published,,100.0,,,,,,,,,,,,,true,item_9959,,Default variant,9959,,false,true,100.0,,,,,,,,383600.0,383600.0,Default option,Default,,
,parfum-item-9958,Ishq Al Shuyukh Gold De Lattafa,Product,,published,,100.0,,,,,,,,,,,,,true,item_9958,,Default variant,9958,,false,true,100.0,,,,,,,,331800.0,331800.0,Default option,Default,,
,parfum-item-9955,Love Rush De Paris Hilton,Product,,published,,100.0,,,,,,,,,,,,,true,item_9955,,Default variant,9955,,false,true,100.0,,,,,,,,260400.0,260400.0,Default option,Default,,
,parfum-item-9954,Bade'e Al Oud Sublime De Lattafa,Product,,published,,100.0,,,,,,,,,,,,,true,item_9954,,Default variant,9954,,false,true,100.0,,,,,,,,280000.0,280000.0,Default option,Default,,
,parfum-item-9953,Supremacy In Oud De Afnan,Product,,published,,100.0,,,,,,,,,,,,,true,item_9953,,Default variant,9953,,false,true,100.0,,,,,,,,387800.0,387800.0,Default option,Default,,
,parfum-item-9952,Viking Kashmir De Bharara,Product,,published,,100.0,,,,,,,,,,,,,true,item_9952,,Default variant,9952,,false,true,100.0,,,,,,,,501200.0,501200.0,Default option,Default,,
,parfum-item-9950,Mayar De Lattafa,Product,,published,,100.0,,,,,,,,,,,,,true,item_9950,,Default variant,9950,,false,true,100.0,,,,,,,,296800.0,296800.0,Default option,Default,,
,parfum-item-9949,Toscano Leather De Maison Alhambra,Product,,published,,80.0,,,,,,,,,,,,,true,item_9949,,Default variant,9949,,false,true,80.0,,,,,,,,271600.0,271600.0,Default option,Default,,
,parfum-item-9947,Vega Gold De Ahli,Product,,published,,60.0,,,,,,,,,,,,,true,item_9947,,Default variant,9947,,false,true,60.0,,,,,,,,798000.0,798000.0,Default option,Default,,
,parfum-item-9946,Andromeda De Ahli,Product,,published,,60.0,,,,,,,,,,,,,true,item_9946,,Default variant,9946,,false,true,60.0,,,,,,,,553000.0,553000.0,Default option,Default,,
,parfum-item-9944,Naos De Ahli,Product,,published,,60.0,,,,,,,,,,,,,true,item_9944,,Default variant,9944,,false,true,60.0,,,,,,,,553000.0,553000.0,Default option,Default,,
,parfum-item-9943,Roses Vanille De Mancera,Product,,published,,120.0,,,,,,,,,,,,,true,item_9943,,Default variant,9943,,false,true,120.0,,,,,,,,697200.0,697200.0,Default option,Default,,
,parfum-item-9941,The Icon The Perfume Antonio Banderas,Product,,published,,100.0,,,,,,,,,,,,,true,item_9941,,Default variant,9941,,false,true,100.0,,,,,,,,197400.0,197400.0,Default option,Default,,
,parfum-item-9939,Expose Blanc Maison Alhambra,Product,,published,,100.0,,,,,,,,,,,,,true,item_9939,,Default variant,9939,,false,true,100.0,,,,,,,,210000.0,210000.0,Default option,Default,,
,parfum-item-9938,Expose Intense Men De Maison Alhambra,Product,,published,,100.0,,,,,,,,,,,,,true,item_9938,,Default variant,9938,,false,true,100.0,,,,,,,,235200.0,235200.0,Default option,Default,,
,parfum-item-9936,Ana Al Awwal Maleki De Nusuk,Product,,published,,100.0,,,,,,,,,,,,,true,item_9936,,Default variant,9936,,false,true,100.0,,,,,,,,218400.0,218400.0,Default option,Default,,
,parfum-item-9934,Al Noble Wazeer De Lattafa,Product,,published,,100.0,,,,,,,,,,,,,true,item_9934,,Default variant,9934,,false,true,100.0,,,,,,,,260400.0,260400.0,Default option,Default,,
,parfum-item-9933,Al Noble Ameer De Lattafa,Product,,published,,100.0,,,,,,,,,,,,,true,item_9933,,Default variant,9933,,false,true,100.0,,,,,,,,274400.0,274400.0,Default option,Default,,
,parfum-item-9932,Al Noble Safeer De Lattafa,Product,,published,,100.0,,,,,,,,,,,,,true,item_9932,,Default variant,9932,,false,true,100.0,,,,,,,,260400.0,260400.0,Default option,Default,,
,parfum-item-9928,Viking Cairo De Bharara,Product,,published,,100.0,,,,,,,,,,,,,true,item_9928,,Default variant,9928,,false,true,100.0,,,,,,,,512400.0,512400.0,Default option,Default,,
,parfum-item-9927,Al Qiam Silver De Lattafa Pride,Product,,published,,100.0,,,,,,,,,,,,,true,item_9927,,Default variant,9927,,false,true,100.0,,,,,,,,301000.0,301000.0,Default option,Default,,
,parfum-item-9926,Viking Beirut De Bharara,Product,,published,,100.0,,,,,,,,,,,,,true,item_9926,,Default variant,9926,,false,true,100.0,,,,,,,,495600.0,495600.0,Default option,Default,,
,parfum-item-9925,Sparkle De Kate Spade,Product,,published,,100.0,,,,,,,,,,,,,true,item_9925,,Default variant,9925,,false,true,100.0,,,,,,,,407400.0,407400.0,Default option,Default,,
,parfum-item-9921,Dafa Al Rooh De Al Wataniah,Product,,published,,100.0,,,,,,,,,,,,,true,item_9921,,Default variant,9921,,false,true,100.0,,,,,,,,284200.0,284200.0,Default option,Default,,
,parfum-item-9920,Lahdath De Lattafa Pride,Product,,published,,80.0,,,,,,,,,,,,,true,item_9920,,Default variant,9920,,false,true,80.0,,,,,,,,372400.0,372400.0,Default option,Default,,
,parfum-item-9919,Valentino Uomo Intense De Valentino,Product,,published,,100.0,,,,,,,,,,,,,true,item_9919,,Default variant,9919,,false,true,100.0,,,,,,,,824600.0,824600.0,Default option,Default,,
,parfum-item-9918,Oud Al Rumaan Wasam De Lattafa,Product,,published,,100.0,,,,,,,,,,,,,true,item_9918,,Default variant,9918,,false,true,100.0,,,,,,,,302400.0,302400.0,Default option,Default,,
,parfum-item-9916,Kismet Magic Maison Alhambra,Product,,published,,100.0,,,,,,,,,,,,,true,item_9916,,Default variant,9916,,false,true,100.0,,,,,,,,291200.0,291200.0,Default option,Default,,
,parfum-item-9911,King De Bharara,Product,,published,,200.0,,,,,,,,,,,,,true,item_9911,,Default variant,9911,,false,true,200.0,,,,,,,,564200.0,564200.0,Default option,Default,,
,parfum-item-9910,Ristretto Intense Caf√® De Montale,Product,,published,,100.0,,,,,,,,,,,,,true,item_9910,,Default variant,9910,,false,true,100.0,,,,,,,,701400.0,701400.0,Default option,Default,,
,parfum-item-9909,Tonka Cola De Mancera,Product,,published,,120.0,,,,,,,,,,,,,true,item_9909,,Default variant,9909,,false,true,120.0,,,,,,,,761600.0,761600.0,Default option,Default,,
,parfum-item-9908,Defy De Calvin Klein,Product,,published,,100.0,,,,,,,,,,,,,true,item_9908,,Default variant,9908,,false,true,100.0,,,,,,,,376600.0,376600.0,Default option,Default,,
,parfum-item-9906,Tuscany Leather De Fragrance World,Product,,published,,80.0,,,,,,,,,,,,,true,item_9906,,Default variant,9906,,false,true,80.0,,,,,,,,327600.0,327600.0,Default option,Default,,
,parfum-item-9905,Chrome Under The Pole De Azzaro,Product,,published,,100.0,,,,,,,,,,,,,true,item_9905,,Default variant,9905,,false,true,100.0,,,,,,,,326200.0,326200.0,Default option,Default,,
,parfum-item-9903,Oud Desert Gold Cool & Cool,Product,,published,,100.0,,,,,,,,,,,,,true,item_9903,,Default variant,9903,,false,true,100.0,,,,,,,,359800.0,359800.0,Default option,Default,,
,parfum-item-9902,Musk Eternal Vogue Cool & Cool,Product,,published,,100.0,,,,,,,,,,,,,true,item_9902,,Default variant,9902,,false,true,100.0,,,,,,,,372400.0,372400.0,Default option,Default,,
,parfum-item-9901,Bakhoor Royal Ocean Cool & Cool,Product,,published,,100.0,,,,,,,,,,,,,true,item_9901,,Default variant,9901,,false,true,100.0,,,,,,,,368200.0,368200.0,Default option,Default,,
,parfum-item-9900,Amber Divine Passion Cool & Cool,Product,,published,,100.0,,,,,,,,,,,,,true,item_9900,,Default variant,9900,,false,true,100.0,,,,,,,,359800.0,359800.0,Default option,Default,,
,parfum-item-9899,Bleecker Street Bond 9,Product,,published,,100.0,,,,,,,,,,,,,true,item_9899,,Default variant,9899,,false,true,100.0,,,,,,,,1904000.0,1904000.0,Default option,Default,,
,parfum-item-9897,Roses Musk De Montale,Product,,published,,100.0,,,,,,,,,,,,,true,item_9897,,Default variant,9897,,false,true,100.0,,,,,,,,621600.0,621600.0,Default option,Default,,
,parfum-item-9893,Hala De Al Wataniah,Product,,published,,100.0,,,,,,,,,,,,,true,item_9893,,Default variant,9893,,false,true,100.0,,,,,,,,229600.0,229600.0,Default option,Default,,
,parfum-item-9889,Inebriante Hnd,Product,,published,,100.0,,,,,,,,,,,,,true,item_9889,,Default variant,9889,,false,true,100.0,,,,,,,,354200.0,354200.0,Default option,Default,,
,parfum-item-9882,9 Pm De Afnan,Product,,published,,100.0,,,,,,,,,,,,,true,item_9882,,Default variant,9882,,false,true,100.0,,,,,,,,295400.0,295400.0,Default option,Default,,
,parfum-item-9878,9 Am Pour Femme De Afnan,Product,,published,,100.0,,,,,,,,,,,,,true,item_9878,,Default variant,9878,,false,true,100.0,,,,,,,,306600.0,306600.0,Default option,Default,,
,parfum-item-9872,Hayati De Al Haramain,Product,,published,,100.0,,,,,,,,,,,,,true,item_9872,,Default variant,9872,,false,true,100.0,,,,,,,,618800.0,618800.0,Default option,Default,,
,parfum-item-9871,Prada Amber Pour Homme Intense,Product,,published,,100.0,,,,,,,,,,,,,true,item_9871,,Default variant,9871,,false,true,100.0,,,,,,,,959000.0,959000.0,Default option,Default,,
,parfum-item-9870,Yara Moi De Lattafa,Product,,published,,100.0,,,,,,,,,,,,,true,item_9870,,Default variant,9870,,false,true,100.0,,,,,,,,264600.0,264600.0,Default option,Default,,
,parfum-item-9869,Oud Mood Reminiscence De Lattafa,Product,,published,,100.0,,,,,,,,,,,,,true,item_9869,,Default variant,9869,,false,true,100.0,,,,,,,,247800.0,247800.0,Default option,Default,,
,parfum-item-9868,Oud Mood Elixir De Lattafa,Product,,published,,100.0,,,,,,,,,,,,,true,item_9868,,Default variant,9868,,false,true,100.0,,,,,,,,229600.0,229600.0,Default option,Default,,
,parfum-item-9866,Rose Petals De Maison Alhambra,Product,,published,,80.0,,,,,,,,,,,,,true,item_9866,,Default variant,9866,,false,true,80.0,,,,,,,,259000.0,259000.0,Default option,Default,,
,parfum-item-9864,Bright Peach De Maison Alhambra,Product,,published,,80.0,,,,,,,,,,,,,true,item_9864,,Default variant,9864,,false,true,80.0,,,,,,,,266000.0,266000.0,Default option,Default,,
,parfum-item-9862,Salvo De Maison Alhambra,Product,,published,,100.0,,,,,,,,,,,,,true,item_9862,,Default variant,9862,,false,true,100.0,,,,,,,,336000.0,336000.0,Default option,Default,,
,parfum-item-9861,Viking Dubai De Bharara,Product,,published,,100.0,,,,,,,,,,,,,true,item_9861,,Default variant,9861,,false,true,100.0,,,,,,,,536200.0,536200.0,Default option,Default,,
,parfum-item-9859,Amber & Leather Maison Alhambra,Product,,published,,100.0,,,,,,,,,,,,,true,item_9859,,Default variant,9859,,false,true,100.0,,,,,,,,266000.0,266000.0,Default option,Default,,
,parfum-item-9858,Club De Nuit Urban Man Elixir De Armaf,Product,,published,,105.0,,,,,,,,,,,,,true,item_9858,,Default variant,9858,,false,true,105.0,,,,,,,,326200.0,326200.0,Default option,Default,,
,parfum-item-9855,Il Noir De Ilmin,Product,,published,,30.0,,,,,,,,,,,,,true,item_9855,,Default variant,9855,,false,true,30.0,,,,,,,,719600.0,719600.0,Default option,Default,,
,parfum-item-9854,Il Rojo De Ilmin,Product,,published,,30.0,,,,,,,,,,,,,true,item_9854,,Default variant,9854,,false,true,30.0,,,,,,,,725200.0,725200.0,Default option,Default,,
,parfum-item-9852,Il √ârotique De Ilmin Oro 24K,Product,,published,,30.0,,,,,,,,,,,,,true,item_9852,,Default variant,9852,,false,true,30.0,,,,,,,,935200.0,935200.0,Default option,Default,,
,parfum-item-9853,Il √ârotique De Ilmin,Product,,published,,30.0,,,,,,,,,,,,,true,item_9853,,Default variant,9853,,false,true,30.0,,,,,,,,719600.0,719600.0,Default option,Default,,
,parfum-item-9850,Il Ego De Ilmin,Product,,published,,30.0,,,,,,,,,,,,,true,item_9850,,Default variant,9850,,false,true,30.0,,,,,,,,719600.0,719600.0,Default option,Default,,
,parfum-item-9849,Il Oomph De Ilmin,Product,,published,,30.0,,,,,,,,,,,,,true,item_9849,,Default variant,9849,,false,true,30.0,,,,,,,,719600.0,719600.0,Default option,Default,,
,parfum-item-9848,Il Mexico De Ilmin,Product,,published,,30.0,,,,,,,,,,,,,true,item_9848,,Default variant,9848,,false,true,30.0,,,,,,,,719600.0,719600.0,Default option,Default,,
,parfum-item-9845,Viva La Juicy Petals Please Juicy Couture,Product,,published,,100.0,,,,,,,,,,,,,true,item_9845,,Default variant,9845,,false,true,100.0,,,,,,,,376600.0,376600.0,Default option,Default,,
,parfum-item-9844,Versus Red Jeans De Versace,Product,,published,,75.0,,,,,,,,,,,,,true,item_9844,,Default variant,9844,,false,true,75.0,,,,,,,,210000.0,210000.0,Default option,Default,,
,parfum-item-9843,Merak√°i Bliss De Patek Maison,Product,,published,,100.0,,,,,,,,,,,,,true,item_9843,,Default variant,9843,,false,true,100.0,,,,,,,,478800.0,478800.0,Default option,Default,,
,parfum-item-9841,Il Bee De Ilmin,Product,,published,,30.0,,,,,,,,,,,,,true,item_9841,,Default variant,9841,,false,true,30.0,,,,,,,,719600.0,719600.0,Default option,Default,,
,parfum-item-9838,Il Aroma De Ilmin,Product,,published,,30.0,,,,,,,,,,,,,true,item_9838,,Default variant,9838,,false,true,30.0,,,,,,,,732200.0,732200.0,Default option,Default,,
,parfum-item-9837,Il Dolce De Ilmin Oro 24K,Product,,published,,30.0,,,,,,,,,,,,,true,item_9837,,Default variant,9837,,false,true,30.0,,,,,,,,935200.0,935200.0,Default option,Default,,
,parfum-item-9835,Il Sexuel De Ilmin,Product,,published,,30.0,,,,,,,,,,,,,true,item_9835,,Default variant,9835,,false,true,30.0,,,,,,,,728000.0,728000.0,Default option,Default,,
,parfum-item-9834,Il Snob De Ilmin,Product,,published,,30.0,,,,,,,,,,,,,true,item_9834,,Default variant,9834,,false,true,30.0,,,,,,,,767200.0,767200.0,Default option,Default,,
,parfum-item-9833,Il Sont De Ilmin,Product,,published,,30.0,,,,,,,,,,,,,true,item_9833,,Default variant,9833,,false,true,30.0,,,,,,,,719600.0,719600.0,Default option,Default,,
,parfum-item-9832,Il Vert De Ilmin,Product,,published,,30.0,,,,,,,,,,,,,true,item_9832,,Default variant,9832,,false,true,30.0,,,,,,,,719600.0,719600.0,Default option,Default,,
,parfum-item-9830,Invictus Platinum De Paco Rabanne,Product,,published,,100.0,,,,,,,,,,,,,true,item_9830,,Default variant,9830,,false,true,100.0,,,,,,,,581000.0,581000.0,Default option,Default,,
,parfum-item-9829,Salvatore Pour Homme De Salvatore Ferragamo,Product,,published,,100.0,,,,,,,,,,,,,true,item_9829,,Default variant,9829,,false,true,100.0,,,,,,,,285600.0,285600.0,Default option,Default,,
,parfum-item-9828,Fantasy Naked Britney Spears,Product,,published,,100.0,,,,,,,,,,,,,true,item_9828,,Default variant,9828,,false,true,100.0,,,,,,,,266000.0,266000.0,Default option,Default,,
,parfum-item-9824,Ra'ed Silver Lattafa,Product,,published,,100.0,,,,,,,,,,,,,true,item_9824,,Default variant,9824,,false,true,100.0,,,,,,,,243600.0,243600.0,Default option,Default,,
,parfum-item-9823,Ramz Silver De Lattafa,Product,,published,,100.0,,,,,,,,,,,,,true,item_9823,,Default variant,9823,,false,true,100.0,,,,,,,,296800.0,296800.0,Default option,Default,,
,parfum-item-9822,High Line Bond No 9 Nyc,Product,,published,,100.0,,,,,,,,,,,,,true,item_9822,,Default variant,9822,,false,true,100.0,,,,,,,,2086000.0,2086000.0,Default option,Default,,
,parfum-item-9821,Stronger With You Absolutely Emporio Armani,Product,,published,,100.0,,,,,,,,,,,,,true,item_9821,,Default variant,9821,,false,true,100.0,,,,,,,,865200.0,865200.0,Default option,Default,,
,parfum-item-9819,Club De Nuit Untold De Armaf,Product,,published,,105.0,,,,,,,,,,,,,true,item_9819,,Default variant,9819,,false,true,105.0,,,,,,,,368200.0,368200.0,Default option,Default,,
,parfum-item-9818,Club De Nuit Iconic De Armaf,Product,,published,,105.0,,,,,,,,,,,,,true,item_9818,,Default variant,9818,,false,true,105.0,,,,,,,,359800.0,359800.0,Default option,Default,,
,parfum-item-9817,Club De Nuit White Imperiale Armaf,Product,,published,,105.0,,,,,,,,,,,,,true,item_9817,,Default variant,9817,,false,true,105.0,,,,,,,,368200.0,368200.0,Default option,Default,,
,parfum-item-9816,Young Sexy Lovely De Ysl,Product,,published,,75.0,,,,,,,,,,,,,true,item_9816,,Default variant,9816,,false,true,75.0,,,,,,,,644000.0,644000.0,Default option,Default,,
,parfum-item-9810,Rave Now Black Edition De Lattafa,Product,,published,,100.0,,,,,,,,,,,,,true,item_9810,,Default variant,9810,,false,true,100.0,,,,,,,,254800.0,254800.0,Default option,Default,,
,parfum-item-9808,Dance Diamonds De Shakira,Product,,published,,80.0,,,,,,,,,,,,,true,item_9808,,Default variant,9808,,false,true,80.0,,,,,,,,214200.0,214200.0,Default option,Default,,
,parfum-item-9807,Dance Red Midnight De Shakira,Product,,published,,80.0,,,,,,,,,,,,,true,item_9807,,Default variant,9807,,false,true,80.0,,,,,,,,211400.0,211400.0,Default option,Default,,
,parfum-item-9806,Dream De Shakira,Product,,published,,80.0,,,,,,,,,,,,,true,item_9806,,Default variant,9806,,false,true,80.0,,,,,,,,191800.0,191800.0,Default option,Default,,
,parfum-item-9804,Tous Man Chill,Product,,published,,100.0,,,,,,,,,,,,,true,item_9804,,Default variant,9804,,false,true,100.0,,,,,,,,292600.0,292600.0,Default option,Default,,
,parfum-item-9801,Wall Street Bond No 9 Nyc,Product,,published,,100.0,,,,,,,,,,,,,true,item_9801,,Default variant,9801,,false,true,100.0,,,,,,,,2188200.0,2188200.0,Default option,Default,,
,parfum-item-9800,Central Park West Bond No 9 Nyc,Product,,published,,100.0,,,,,,,,,,,,,true,item_9800,,Default variant,9800,,false,true,100.0,,,,,,,,1642200.0,1642200.0,Default option,Default,,
,parfum-item-9798,Amber Oud Gold Edition Al Haramain,Product,,published,,100.0,,,,,,,,,,,,,true,item_9798,,Default variant,9798,,false,true,100.0,,,,,,,,407400.0,407400.0,Default option,Default,,
,parfum-item-9796,Eilish De Billie Eilish,Product,,published,,100.0,,,,,,,,,,,,,true,item_9796,,Default variant,9796,,false,true,100.0,,,,,,,,380800.0,380800.0,Default option,Default,,
,parfum-item-9795,French Riviera De Mancera,Product,,published,,120.0,,,,,,,,,,,,,true,item_9795,,Default variant,9795,,false,true,120.0,,,,,,,,806400.0,806400.0,Default option,Default,,
,parfum-item-9788,Jean Lowe Nouveau De Maison Alhambra,Product,,published,,100.0,,,,,,,,,,,,,true,item_9788,,Default variant,9788,,false,true,100.0,,,,,,,,313600.0,313600.0,Default option,Default,,
,parfum-item-9787,Jean Lowe Maitre De Maison Alhambra,Product,,published,,100.0,,,,,,,,,,,,,true,item_9787,,Default variant,9787,,false,true,100.0,,,,,,,,274400.0,274400.0,Default option,Default,,
,parfum-item-9785,Jean Lowe Immortel Maison Alhambra,Product,,published,,100.0,,,,,,,,,,,,,true,item_9785,,Default variant,9785,,false,true,100.0,,,,,,,,292600.0,292600.0,Default option,Default,,
,parfum-item-9783,Khamrah De Lattafa,Product,,published,,100.0,,,,,,,,,,,,,true,item_9783,,Default variant,9783,,false,true,100.0,,,,,,,,295400.0,295400.0,Default option,Default,,
,parfum-item-9780,Tharwah Gold De Lattafa,Product,,published,,100.0,,,,,,,,,,,,,true,item_9780,,Default variant,9780,,false,true,100.0,,,,,,,,348600.0,348600.0,Default option,Default,,
,parfum-item-9779,Awaan De Lattafa,Product,,published,,100.0,,,,,,,,,,,,,true,item_9779,,Default variant,9779,,false,true,100.0,,,,,,,,316400.0,316400.0,Default option,Default,,
,parfum-item-9776,Il Kakuno De Ilmin,Product,,published,,30.0,,,,,,,,,,,,,true,item_9776,,Default variant,9776,,false,true,30.0,,,,,,,,719600.0,719600.0,Default option,Default,,
,parfum-item-9774,Night Party De Metropolis,Product,,published,,100.0,,,,,,,,,,,,,true,item_9774,,Default variant,9774,,false,true,100.0,,,,,,,,285600.0,285600.0,Default option,Default,,
,parfum-item-9773,Masterpiece De Metropolis,Product,,published,,100.0,,,,,,,,,,,,,true,item_9773,,Default variant,9773,,false,true,100.0,,,,,,,,285600.0,285600.0,Default option,Default,,
,parfum-item-9772,Hot Lips De Metropolis,Product,,published,,100.0,,,,,,,,,,,,,true,item_9772,,Default variant,9772,,false,true,100.0,,,,,,,,285600.0,285600.0,Default option,Default,,
,parfum-item-9771,Green Valley Village De Metropolis,Product,,published,,100.0,,,,,,,,,,,,,true,item_9771,,Default variant,9771,,false,true,100.0,,,,,,,,285600.0,285600.0,Default option,Default,,
,parfum-item-9769,Loewe 7 Cobalt De Loewe,Product,,published,,100.0,,,,,,,,,,,,,true,item_9769,,Default variant,9769,,false,true,100.0,,,,,,,,743400.0,743400.0,Default option,Default,,
,parfum-item-9768,Aura Floral De Loewe,Product,,published,,100.0,,,,,,,,,,,,,true,item_9768,,Default variant,9768,,false,true,100.0,,,,,,,,833000.0,833000.0,Default option,Default,,
,parfum-item-9766,Gentleman De Givenchy,Product,,published,,100.0,,,,,,,,,,,,,true,item_9766,,Default variant,9766,,false,true,100.0,,,,,,,,586600.0,586600.0,Default option,Default,,
,parfum-item-9761,Aqua Palma De Montale,Product,,published,,100.0,,,,,,,,,,,,,true,item_9761,,Default variant,9761,,false,true,100.0,,,,,,,,674800.0,674800.0,Default option,Default,,
,parfum-item-9758,Good Fortune Viktor & Rolf,Product,,published,,90.0,,,,,,,,,,,,,true,item_9758,,Default variant,9758,,false,true,90.0,,,,,,,,963200.0,963200.0,Default option,Default,,
,parfum-item-9755,Amber Oud Bleu Edition Al Haramain,Product,,published,,200.0,,,,,,,,,,,,,true,item_9755,,Default variant,9755,,false,true,200.0,,,,,,,,624400.0,624400.0,Default option,Default,,
,parfum-item-9754,Supremacy Silver De Afnan,Product,,published,,100.0,,,,,,,,,,,,,true,item_9754,,Default variant,9754,,false,true,100.0,,,,,,,,285600.0,285600.0,Default option,Default,,
,parfum-item-9753,Supremacy Noir De Afnan,Product,,published,,100.0,,,,,,,,,,,,,true,item_9753,,Default variant,9753,,false,true,100.0,,,,,,,,274400.0,274400.0,Default option,Default,,
,parfum-item-9752,Supremacy Gold De Afnan,Product,,published,,100.0,,,,,,,,,,,,,true,item_9752,,Default variant,9752,,false,true,100.0,,,,,,,,306600.0,306600.0,Default option,Default,,
,parfum-item-9750,9 Pm De Afnan,Product,,published,,100.0,,,,,,,,,,,,,true,item_9750,,Default variant,9750,,false,true,100.0,,,,,,,,285600.0,285600.0,Default option,Default,,
,parfum-item-9749,Kedu De Memo Paris,Product,,published,,75.0,,,,,,,,,,,,,true,item_9749,,Default variant,9749,,false,true,75.0,,,,,,,,1232000.0,1232000.0,Default option,Default,,
,parfum-item-9747,Ishq Al Shuyukh Silver De Lattafa,Product,,published,,100.0,,,,,,,,,,,,,true,item_9747,,Default variant,9747,,false,true,100.0,,,,,,,,289800.0,289800.0,Default option,Default,,
,parfum-item-9746,Shaheen Gold De Lattafa,Product,,published,,100.0,,,,,,,,,,,,,true,item_9746,,Default variant,9746,,false,true,100.0,,,,,,,,285600.0,285600.0,Default option,Default,,
,parfum-item-9744,Eternal Oud De Lattafa,Product,,published,,100.0,,,,,,,,,,,,,true,item_9744,,Default variant,9744,,false,true,100.0,,,,,,,,289800.0,289800.0,Default option,Default,,
,parfum-item-9739,Delilah De Maison Alhambra,Product,,published,,100.0,,,,,,,,,,,,,true,item_9739,,Default variant,9739,,false,true,100.0,,,,,,,,229600.0,229600.0,Default option,Default,,
,parfum-item-9737,Invictus De Paco Rabanne,Product,,published,,200.0,,,,,,,,,,,,,true,item_9737,,Default variant,9737,,false,true,200.0,,,,,,,,792400.0,792400.0,Default option,Default,,
,parfum-item-9734,Lail Maleki De Lattafa,Product,,published,,100.0,,,,,,,,,,,,,true,item_9734,,Default variant,9734,,false,true,100.0,,,,,,,,225400.0,225400.0,Default option,Default,,
,parfum-item-9733,Galatea Maison Alhambra,Product,,published,,100.0,,,,,,,,,,,,,true,item_9733,,Default variant,9733,,false,true,100.0,,,,,,,,289800.0,289800.0,Default option,Default,,
,parfum-item-9730,Musamam De Lattafa,Product,,published,,100.0,,,,,,,,,,,,,true,item_9730,,Default variant,9730,,false,true,100.0,,,,,,,,326200.0,326200.0,Default option,Default,,
,parfum-item-9729,Shaheen Silver De Lattafa,Product,,published,,100.0,,,,,,,,,,,,,true,item_9729,,Default variant,9729,,false,true,100.0,,,,,,,,289800.0,289800.0,Default option,Default,,
,parfum-item-9728,Suqraat De Lattafa,Product,,published,,100.0,,,,,,,,,,,,,true,item_9728,,Default variant,9728,,false,true,100.0,,,,,,,,285600.0,285600.0,Default option,Default,,
,parfum-item-9727,Nebras De Lattafa,Product,,published,,100.0,,,,,,,,,,,,,true,item_9727,,Default variant,9727,,false,true,100.0,,,,,,,,302400.0,302400.0,Default option,Default,,
,parfum-item-9626,Blue Oud De Lattafa,Product,,published,,100.0,,,,,,,,,,,,,true,item_9626,,Default variant,9626,,false,true,100.0,,,,,,,,266000.0,266000.0,Default option,Default,,
,parfum-item-9624,Drakkar Intense De Guy Laroche,Product,,published,,100.0,,,,,,,,,,,,,true,item_9624,,Default variant,9624,,false,true,100.0,,,,,,,,322000.0,322000.0,Default option,Default,,
,parfum-item-9619,Asad De Lattafa,Product,,published,,100.0,,,,,,,,,,,,,true,item_9619,,Default variant,9619,,false,true,100.0,,,,,,,,261800.0,261800.0,Default option,Default,,
,parfum-item-9618,Qaed Al Fursan Unlimited De Lattafa,Product,,published,,90.0,,,,,,,,,,,,,true,item_9618,,Default variant,9618,,false,true,90.0,,,,,,,,229600.0,229600.0,Default option,Default,,
,parfum-item-9617,Qaed Al Fursan De Lattafa,Product,,published,,90.0,,,,,,,,,,,,,true,item_9617,,Default variant,9617,,false,true,90.0,,,,,,,,229600.0,229600.0,Default option,Default,,
,parfum-item-9615,Ameer Al Oudh Intense Oud De Lattafa,Product,,published,,100.0,,,,,,,,,,,,,true,item_9615,,Default variant,9615,,false,true,100.0,,,,,,,,281400.0,281400.0,Default option,Default,,
,parfum-item-9614,Oud Mood De Lattafa,Product,,published,,100.0,,,,,,,,,,,,,true,item_9614,,Default variant,9614,,false,true,100.0,,,,,,,,235200.0,235200.0,Default option,Default,,
,parfum-item-9613,Opulent Musk De Lattafa,Product,,published,,100.0,,,,,,,,,,,,,true,item_9613,,Default variant,9613,,false,true,100.0,,,,,,,,218400.0,218400.0,Default option,Default,,
,parfum-item-9602,Jannat De Memo Paris,Product,,published,,75.0,,,,,,,,,,,,,true,item_9602,,Default variant,9602,,false,true,75.0,,,,,,,,1232000.0,1232000.0,Default option,Default,,
,parfum-item-9600,Irish Leather De Memo Paris,Product,,published,,100.0,,,,,,,,,,,,,true,item_9600,,Default variant,9600,,false,true,100.0,,,,,,,,1232000.0,1232000.0,Default option,Default,,
,parfum-item-9599,Ajwad De Lattafa,Product,,published,,60.0,,,,,,,,,,,,,true,item_9599,,Default variant,9599,,false,true,60.0,,,,,,,,285600.0,285600.0,Default option,Default,,
,parfum-item-9598,Maahir De Lattafa,Product,,published,,100.0,,,,,,,,,,,,,true,item_9598,,Default variant,9598,,false,true,100.0,,,,,,,,280000.0,280000.0,Default option,Default,,
,parfum-item-9597,Maahir Black Edition De Lattafa,Product,,published,,100.0,,,,,,,,,,,,,true,item_9597,,Default variant,9597,,false,true,100.0,,,,,,,,280000.0,280000.0,Default option,Default,,
,parfum-item-9594,Ilha Do Mel De Memo Paris,Product,,published,,75.0,,,,,,,,,,,,,true,item_9594,,Default variant,9594,,false,true,75.0,,,,,,,,1197000.0,1197000.0,Default option,Default,,
,parfum-item-9586,Fleur De Pecher Karl Lagerfeld,Product,,published,,100.0,,,,,,,,,,,,,true,item_9586,,Default variant,9586,,false,true,100.0,,,,,,,,296800.0,296800.0,Default option,Default,,
,parfum-item-9584,Flower De Kenzo L'absolue,Product,,published,,100.0,,,,,,,,,,,,,true,item_9584,,Default variant,9584,,false,true,100.0,,,,,,,,539000.0,539000.0,Default option,Default,,
,parfum-item-9581,Xo Xclusif Oud Classic De Orientica,Product,,published,,60.0,,,,,,,,,,,,,true,item_9581,,Default variant,9581,,false,true,60.0,,,,,,,,604800.0,604800.0,Default option,Default,,
,parfum-item-9580,Xo Xclusif Oud Sport De Orientica,Product,,published,,60.0,,,,,,,,,,,,,true,item_9580,,Default variant,9580,,false,true,60.0,,,,,,,,604800.0,604800.0,Default option,Default,,
,parfum-item-9579,Xo Xclusif Oud Bleu De Orientica,Product,,published,,60.0,,,,,,,,,,,,,true,item_9579,,Default variant,9579,,false,true,60.0,,,,,,,,424200.0,424200.0,Default option,Default,,
,parfum-item-9577,Amber Oud Gold Edition Extreme De Al Haramain,Product,,published,,100.0,,,,,,,,,,,,,true,item_9577,,Default variant,9577,,false,true,100.0,,,,,,,,553000.0,553000.0,Default option,Default,,
,parfum-item-9576,Amber Oud Gold Edition Extreme De Al Haramain,Product,,published,,200.0,,,,,,,,,,,,,true,item_9576,,Default variant,9576,,false,true,200.0,,,,,,,,761600.0,761600.0,Default option,Default,,
,parfum-item-9573,Loveme The Silver Parfum De Tous,Product,,published,,90.0,,,,,,,,,,,,,true,item_9573,,Default variant,9573,,false,true,90.0,,,,,,,,359800.0,359800.0,Default option,Default,,
,parfum-item-9570,Kismet Moscow De Maison Alhambra,Product,,published,,100.0,,,,,,,,,,,,,true,item_9570,,Default variant,9570,,false,true,100.0,,,,,,,,271600.0,271600.0,Default option,Default,,
,parfum-item-9569,Kismet De Maison Alhambra,Product,,published,,100.0,,,,,,,,,,,,,true,item_9569,,Default variant,9569,,false,true,100.0,,,,,,,,243600.0,243600.0,Default option,Default,,
,parfum-item-9568,Kismet De Maison Alhambra,Product,,published,,100.0,,,,,,,,,,,,,true,item_9568,,Default variant,9568,,false,true,100.0,,,,,,,,243600.0,243600.0,Default option,Default,,
,parfum-item-9565,Game Of Spades Win De Jo Milano,Product,,published,,100.0,,,,,,,,,,,,,true,item_9565,,Default variant,9565,,false,true,100.0,,,,,,,,544600.0,544600.0,Default option,Default,,
,parfum-item-9563,L'aventure Gold De Al Haramain,Product,,published,,200.0,,,,,,,,,,,,,true,item_9563,,Default variant,9563,,false,true,200.0,,,,,,,,526400.0,526400.0,Default option,Default,,
,parfum-item-9562,L'aventure Gold De Al Haramain,Product,,published,,100.0,,,,,,,,,,,,,true,item_9562,,Default variant,9562,,false,true,100.0,,,,,,,,316400.0,316400.0,Default option,Default,,
,parfum-item-9561,Dynamic De Bharara,Product,,published,,100.0,,,,,,,,,,,,,true,item_9561,,Default variant,9561,,false,true,100.0,,,,,,,,289800.0,289800.0,Default option,Default,,
,parfum-item-9560,L¬•aventure Rose De Al Haramain,Product,,published,,200.0,,,,,,,,,,,,,true,item_9560,,Default variant,9560,,false,true,200.0,,,,,,,,372400.0,372400.0,Default option,Default,,
,parfum-item-9559,Infini Rose De Maison Alhambra,Product,,published,,100.0,,,,,,,,,,,,,true,item_9559,,Default variant,9559,,false,true,100.0,,,,,,,,271600.0,271600.0,Default option,Default,,
,parfum-item-9556,Coach Wild Rose De Coach,Product,,published,,90.0,,,,,,,,,,,,,true,item_9556,,Default variant,9556,,false,true,90.0,,,,,,,,413000.0,413000.0,Default option,Default,,
,parfum-item-9555,Delina Exclusif Parfums De Marly,Product,,published,,75.0,,,,,,,,,,,,,true,item_9555,,Default variant,9555,,false,true,75.0,,,,,,,,1797600.0,1797600.0,Default option,Default,,
,parfum-item-9554,Orientica Royal Bleu De Al Haramain,Product,,published,,80.0,,,,,,,,,,,,,true,item_9554,,Default variant,9554,,false,true,80.0,,,,,,,,487200.0,487200.0,Default option,Default,,
,parfum-item-9552,I Want Choo De Jimmy Choo,Product,,published,,100.0,,,,,,,,,,,,,true,item_9552,,Default variant,9552,,false,true,100.0,,,,,,,,478800.0,478800.0,Default option,Default,,
,parfum-item-9551,Yara De Lattafa,Product,,published,,100.0,,,,,,,,,,,,,true,item_9551,,Default variant,9551,,false,true,100.0,,,,,,,,264600.0,264600.0,Default option,Default,,
,parfum-item-9549,Washwashah De Lattafa Pure Concentrated,Product,,published,,25.0,,,,,,,,,,,,,true,item_9549,,Default variant,9549,,false,true,25.0,,,,,,,,218400.0,218400.0,Default option,Default,,
,parfum-item-9544,Guess Effect De Guess,Product,,published,,100.0,,,,,,,,,,,,,true,item_9544,,Default variant,9544,,false,true,100.0,,,,,,,,247800.0,247800.0,Default option,Default,,
,parfum-item-9541,Tous Gems Party De Tous,Product,,published,,90.0,,,,,,,,,,,,,true,item_9541,,Default variant,9541,,false,true,90.0,,,,,,,,368200.0,368200.0,Default option,Default,,
,parfum-item-9540,Fig Extasy De Mancera,Product,,published,,120.0,,,,,,,,,,,,,true,item_9540,,Default variant,9540,,false,true,120.0,,,,,,,,621600.0,621600.0,Default option,Default,,
,parfum-item-9539,Lady Million Fabulous De Paco Rabanne,Product,,published,,80.0,,,,,,,,,,,,,true,item_9539,,Default variant,9539,,false,true,80.0,,,,,,,,604800.0,604800.0,Default option,Default,,
,parfum-item-9537,Ana Al Awwal De Nusuk Silver,Product,,published,,100.0,,,,,,,,,,,,,true,item_9537,,Default variant,9537,,false,true,100.0,,,,,,,,210000.0,210000.0,Default option,Default,,
,parfum-item-9534,Our Moment De One Direction,Product,,published,,100.0,,,,,,,,,,,,,true,item_9534,,Default variant,9534,,false,true,100.0,,,,,,,,266000.0,266000.0,Default option,Default,,
,parfum-item-9528,Amber Oud Gold Edition De Al Haramain,Product,,published,,200.0,,,,,,,,,,,,,true,item_9528,,Default variant,9528,,false,true,200.0,,,,,,,,550200.0,550200.0,Default option,Default,,
,parfum-item-9525,Erba Pura De Xerjoff,Product,,published,,100.0,,,,,,,,,,,,,true,item_9525,,Default variant,9525,,false,true,100.0,,,,,,,,1503600.0,1503600.0,Default option,Default,,
,parfum-item-9522,Burberry Her Blossom De Burberry,Product,,published,,100.0,,,,,,,,,,,,,true,item_9522,,Default variant,9522,,false,true,100.0,,,,,,,,547400.0,547400.0,Default option,Default,,
,parfum-item-9511,Light Blue Italian Love Dolce & Gabbana,Product,,published,,100.0,,,,,,,,,,,,,true,item_9511,,Default variant,9511,,false,true,100.0,,,,,,,,614600.0,614600.0,Default option,Default,,
,parfum-item-9502,Chypre Fruite De Montale,Product,,published,,100.0,,,,,,,,,,,,,true,item_9502,,Default variant,9502,,false,true,100.0,,,,,,,,630000.0,630000.0,Default option,Default,,
,parfum-item-9500,Classique De Jean Paul Gaultier,Product,,published,,100.0,,,,,,,,,,,,,true,item_9500,,Default variant,9500,,false,true,100.0,,,,,,,,574000.0,574000.0,Default option,Default,,
,parfum-item-9499,Bella Vita De Guess,Product,,published,,100.0,,,,,,,,,,,,,true,item_9499,,Default variant,9499,,false,true,100.0,,,,,,,,316400.0,316400.0,Default option,Default,,
,parfum-item-9498,Bella Vita Rosa De Guess,Product,,published,,100.0,,,,,,,,,,,,,true,item_9498,,Default variant,9498,,false,true,100.0,,,,,,,,316400.0,316400.0,Default option,Default,,
,parfum-item-9497,Wind Flowers De Creed,Product,,published,,75.0,,,,,,,,,,,,,true,item_9497,,Default variant,9497,,false,true,75.0,,,,,,,,2007600.0,2007600.0,Default option,Default,,
,parfum-item-9495,Lacoste Red De Lacoste,Product,,published,,125.0,,,,,,,,,,,,,true,item_9495,,Default variant,9495,,false,true,125.0,,,,,,,,362600.0,362600.0,Default option,Default,,
,parfum-item-9494,Colors Rose Intenso De Benetton,Product,,published,,80.0,,,,,,,,,,,,,true,item_9494,,Default variant,9494,,false,true,80.0,,,,,,,,197400.0,197400.0,Default option,Default,,
,parfum-item-9493,Colors Man Black Intenso De Benetton,Product,,published,,100.0,,,,,,,,,,,,,true,item_9493,,Default variant,9493,,false,true,100.0,,,,,,,,238000.0,238000.0,Default option,Default,,
,parfum-item-9492,Aqua Extreme Perry Ellis,Product,,published,,200.0,,,,,,,,,,,,,true,item_9492,,Default variant,9492,,false,true,200.0,,,,,,,,301000.0,301000.0,Default option,Default,,
,parfum-item-9490,Nina Rose De Nina Ricci,Product,,published,,80.0,,,,,,,,,,,,,true,item_9490,,Default variant,9490,,false,true,80.0,,,,,,,,414400.0,414400.0,Default option,Default,,
,parfum-item-9488,Bassano Extremis Intense,Product,,published,,100.0,,,,,,,,,,,,,true,item_9488,,Default variant,9488,,false,true,100.0,,,,,,,,210000.0,210000.0,Default option,Default,,
,parfum-item-9487,Bassano Extremis Black,Product,,published,,100.0,,,,,,,,,,,,,true,item_9487,,Default variant,9487,,false,true,100.0,,,,,,,,210000.0,210000.0,Default option,Default,,
,parfum-item-9485,Ahli Orion,Product,,published,,60.0,,,,,,,,,,,,,true,item_9485,,Default variant,9485,,false,true,60.0,,,,,,,,533400.0,533400.0,Default option,Default,,
,parfum-item-9484,Ahli Canes,Product,,published,,60.0,,,,,,,,,,,,,true,item_9484,,Default variant,9484,,false,true,60.0,,,,,,,,553000.0,553000.0,Default option,Default,,
,parfum-item-9483,Sisterland Blue Neroli De Benetton,Product,,published,,80.0,,,,,,,,,,,,,true,item_9483,,Default variant,9483,,false,true,80.0,,,,,,,,194600.0,194600.0,Default option,Default,,
,parfum-item-9482,Ana Al Awwal De Nusuk,Product,,published,,100.0,,,,,,,,,,,,,true,item_9482,,Default variant,9482,,false,true,100.0,,,,,,,,218400.0,218400.0,Default option,Default,,
,parfum-item-9481,Bade'e Al Oud Amethyst De Lattafa,Product,,published,,100.0,,,,,,,,,,,,,true,item_9481,,Default variant,9481,,false,true,100.0,,,,,,,,263200.0,263200.0,Default option,Default,,
,parfum-item-9478,Neon Candy De Tous,Product,,published,,90.0,,,,,,,,,,,,,true,item_9478,,Default variant,9478,,false,true,90.0,,,,,,,,295400.0,295400.0,Default option,Default,,
,parfum-item-9477,God Is A Woman De Ariana Grande,Product,,published,,100.0,,,,,,,,,,,,,true,item_9477,,Default variant,9477,,false,true,100.0,,,,,,,,326200.0,326200.0,Default option,Default,,
,parfum-item-9476,Bade'e Al Oud For Glory De Lattafa,Product,,published,,100.0,,,,,,,,,,,,,true,item_9476,,Default variant,9476,,false,true,100.0,,,,,,,,263200.0,263200.0,Default option,Default,,
,parfum-item-9473,Escada Fairy Love,Product,,published,,100.0,,,,,,,,,,,,,true,item_9473,,Default variant,9473,,false,true,100.0,,,,,,,,376600.0,376600.0,Default option,Default,,
,parfum-item-9471,Eros Parfum De Versace,Product,,published,,100.0,,,,,,,,,,,,,true,item_9471,,Default variant,9471,,false,true,100.0,,,,,,,,495600.0,495600.0,Default option,Default,,
,parfum-item-9470,Cedrat Boise Intense De Mancera,Product,,published,,120.0,,,,,,,,,,,,,true,item_9470,,Default variant,9470,,false,true,120.0,,,,,,,,779800.0,779800.0,Default option,Default,,
,parfum-item-9466,One Man Show De Jacques Bogart,Product,,published,,100.0,,,,,,,,,,,,,true,item_9466,,Default variant,9466,,false,true,100.0,,,,,,,,168000.0,168000.0,Default option,Default,,
,parfum-item-9464,Acqua Di Gioia De Giorgio Armani,Product,,published,,150.0,,,,,,,,,,,,,true,item_9464,,Default variant,9464,,false,true,150.0,,,,,,,,798000.0,798000.0,Default option,Default,,
,parfum-item-9463,Boss Man De Hugo Boss,Product,,published,,100.0,,,,,,,,,,,,,true,item_9463,,Default variant,9463,,false,true,100.0,,,,,,,,295400.0,295400.0,Default option,Default,,
,parfum-item-9458,Paco Rabanne Pour Homme,Product,,published,,100.0,,,,,,,,,,,,,true,item_9458,,Default variant,9458,,false,true,100.0,,,,,,,,316400.0,316400.0,Default option,Default,,
,parfum-item-9455,Perry Ellis 18 Fuego,Product,,published,,100.0,,,,,,,,,,,,,true,item_9455,,Default variant,9455,,false,true,100.0,,,,,,,,259000.0,259000.0,Default option,Default,,
,parfum-item-9454,Passion De Elizabeth Taylor's,Product,,published,,74.0,,,,,,,,,,,,,true,item_9454,,Default variant,9454,,false,true,74.0,,,,,,,,229600.0,229600.0,Default option,Default,,
,parfum-item-9453,Passion For Men De Elizabeth Taylor's,Product,,published,,118.0,,,,,,,,,,,,,true,item_9453,,Default variant,9453,,false,true,118.0,,,,,,,,177800.0,177800.0,Default option,Default,,
,parfum-item-9452,Rumba De Ted Lapidus,Product,,published,,100.0,,,,,,,,,,,,,true,item_9452,,Default variant,9452,,false,true,100.0,,,,,,,,218400.0,218400.0,Default option,Default,,
,parfum-item-9451,Rose Noire Black De Giorgio Valenti,Product,,published,,100.0,,,,,,,,,,,,,true,item_9451,,Default variant,9451,,false,true,100.0,,,,,,,,107800.0,107800.0,Default option,Default,,
,parfum-item-9449,Legend Red De Montblanc,Product,,published,,100.0,,,,,,,,,,,,,true,item_9449,,Default variant,9449,,false,true,100.0,,,,,,,,334600.0,334600.0,Default option,Default,,
,parfum-item-9448,Intense Tiare De Montale,Product,,published,,100.0,,,,,,,,,,,,,true,item_9448,,Default variant,9448,,false,true,100.0,,,,,,,,630000.0,630000.0,Default option,Default,,
,parfum-item-9447,Cr7 Origins De Cristiano Ronaldo,Product,,published,,100.0,,,,,,,,,,,,,true,item_9447,,Default variant,9447,,false,true,100.0,,,,,,,,306600.0,306600.0,Default option,Default,,
,parfum-item-9446,Ruby Rush De Paris Hilton,Product,,published,,100.0,,,,,,,,,,,,,true,item_9446,,Default variant,9446,,false,true,100.0,,,,,,,,263200.0,263200.0,Default option,Default,,
,parfum-item-9441,Perfect De Marc Jacobs,Product,,published,,100.0,,,,,,,,,,,,,true,item_9441,,Default variant,9441,,false,true,100.0,,,,,,,,609000.0,609000.0,Default option,Default,,
,parfum-item-9440,Le Beau Le Parfum Intense Jean Paul Gaultier,Product,,published,,125.0,,,,,,,,,,,,,true,item_9440,,Default variant,9440,,false,true,125.0,,,,,,,,707000.0,707000.0,Default option,Default,,
,parfum-item-9439,Fame De Paco Rabanne,Product,,published,,80.0,,,,,,,,,,,,,true,item_9439,,Default variant,9439,,false,true,80.0,,,,,,,,702800.0,702800.0,Default option,Default,,
,parfum-item-9436,Animale Sexy,Product,,published,,100.0,,,,,,,,,,,,,true,item_9436,,Default variant,9436,,false,true,100.0,,,,,,,,247800.0,247800.0,Default option,Default,,
,parfum-item-9435,Miss Dior De Christian Dior,Product,,published,,100.0,,,,,,,,,,,,,true,item_9435,,Default variant,9435,,false,true,100.0,,,,,,,,1111600.0,1111600.0,Default option,Default,,
,parfum-item-9434,212 Heroes Forever Young Carolina Herrera,Product,,published,,80.0,,,,,,,,,,,,,true,item_9434,,Default variant,9434,,false,true,80.0,,,,,,,,618800.0,618800.0,Default option,Default,,
,parfum-item-9430,Olympea Solar Paco Rabanne 80  EDP Intense Dama,Product,,published,,80.0,,,,,,,,,,,,,true,item_9430,,Default variant,9430,,false,true,80.0,,,,,,,,674800.0,674800.0,Default option,Default,,
,parfum-item-9427,Oud Edition De Montale,Product,,published,,100.0,,,,,,,,,,,,,true,item_9427,,Default variant,9427,,false,true,100.0,,,,,,,,639800.0,639800.0,Default option,Default,,
,parfum-item-9425,Crazy In Love De Montale,Product,,published,,100.0,,,,,,,,,,,,,true,item_9425,,Default variant,9425,,false,true,100.0,,,,,,,,743400.0,743400.0,Default option,Default,,
,parfum-item-9421,Gold Flowers De Montale,Product,,published,,100.0,,,,,,,,,,,,,true,item_9421,,Default variant,9421,,false,true,100.0,,,,,,,,630000.0,630000.0,Default option,Default,,
,parfum-item-9420,Full Incense De Montale,Product,,published,,100.0,,,,,,,,,,,,,true,item_9420,,Default variant,9420,,false,true,100.0,,,,,,,,656600.0,656600.0,Default option,Default,,
,parfum-item-9419,Chypre Vanille De Montale,Product,,published,,100.0,,,,,,,,,,,,,true,item_9419,,Default variant,9419,,false,true,100.0,,,,,,,,639800.0,639800.0,Default option,Default,,
,parfum-item-9408,Candy Rose De Montale,Product,,published,,100.0,,,,,,,,,,,,,true,item_9408,,Default variant,9408,,false,true,100.0,,,,,,,,639800.0,639800.0,Default option,Default,,
,parfum-item-9406,Tribu De Benetton,Product,,published,,100.0,,,,,,,,,,,,,true,item_9406,,Default variant,9406,,false,true,100.0,,,,,,,,218400.0,218400.0,Default option,Default,,
,parfum-item-9403,Attar De Montale,Product,,published,,100.0,,,,,,,,,,,,,true,item_9403,,Default variant,9403,,false,true,100.0,,,,,,,,630000.0,630000.0,Default option,Default,,
,parfum-item-9402,Idole L'intense De Lancome,Product,,published,,75.0,,,,,,,,,,,,,true,item_9402,,Default variant,9402,,false,true,75.0,,,,,,,,968800.0,968800.0,Default option,Default,,
,parfum-item-9401,Festive Fantasy Britney Spears,Product,,published,,100.0,,,,,,,,,,,,,true,item_9401,,Default variant,9401,,false,true,100.0,,,,,,,,218400.0,218400.0,Default option,Default,,
,parfum-item-9400,Blissful Fantasy Britney Spears,Product,,published,,100.0,,,,,,,,,,,,,true,item_9400,,Default variant,9400,,false,true,100.0,,,,,,,,242200.0,242200.0,Default option,Default,,
,parfum-item-9398,Too Sexy De Cuba Paris,Product,,published,,100.0,,,,,,,,,,,,,true,item_9398,,Default variant,9398,,false,true,100.0,,,,,,,,107800.0,107800.0,Default option,Default,,
,parfum-item-9396,My Love De Cuba Paris,Product,,published,,100.0,,,,,,,,,,,,,true,item_9396,,Default variant,9396,,false,true,100.0,,,,,,,,107800.0,107800.0,Default option,Default,,
,parfum-item-9394,Milestone De Cuba Paris,Product,,published,,100.0,,,,,,,,,,,,,true,item_9394,,Default variant,9394,,false,true,100.0,,,,,,,,109200.0,109200.0,Default option,Default,,
,parfum-item-9393,Club De Nuit Intense Pure Perfume De Armaf,Product,,published,,150.0,,,,,,,,,,,,,true,item_9393,,Default variant,9393,,false,true,150.0,,,,,,,,429800.0,429800.0,Default option,Default,,
,parfum-item-9392,Very Purple De Perry Ellis,Product,,published,,100.0,,,,,,,,,,,,,true,item_9392,,Default variant,9392,,false,true,100.0,,,,,,,,274400.0,274400.0,Default option,Default,,
,parfum-item-9383,Terre D'hermes Eau Intense Vetiver,Product,,published,,100.0,,,,,,,,,,,,,true,item_9383,,Default variant,9383,,false,true,100.0,,,,,,,,729400.0,729400.0,Default option,Default,,
,parfum-item-9381,Guess Uomo,Product,,published,,100.0,,,,,,,,,,,,,true,item_9381,,Default variant,9381,,false,true,100.0,,,,,,,,259000.0,259000.0,Default option,Default,,
,parfum-item-9379,Guess Man Forever,Product,,published,,75.0,,,,,,,,,,,,,true,item_9379,,Default variant,9379,,false,true,75.0,,,,,,,,238000.0,238000.0,Default option,Default,,
,parfum-item-9378,Gucci Guilty Pour Femme,Product,,published,,90.0,,,,,,,,,,,,,true,item_9378,,Default variant,9378,,false,true,90.0,,,,,,,,695800.0,695800.0,Default option,Default,,
,parfum-item-9374,Fantasy Sheer De Britney Spears,Product,,published,,100.0,,,,,,,,,,,,,true,item_9374,,Default variant,9374,,false,true,100.0,,,,,,,,238000.0,238000.0,Default option,Default,,
,parfum-item-9367,Loverdose De Diesel,Product,,published,,75.0,,,,,,,,,,,,,true,item_9367,,Default variant,9367,,false,true,75.0,,,,,,,,459200.0,459200.0,Default option,Default,,
,parfum-item-9364,Curve De Liz Claiborne,Product,,published,,100.0,,,,,,,,,,,,,true,item_9364,,Default variant,9364,,false,true,100.0,,,,,,,,218400.0,218400.0,Default option,Default,,
,parfum-item-9363,Curious Britney Spears,Product,,published,,100.0,,,,,,,,,,,,,true,item_9363,,Default variant,9363,,false,true,100.0,,,,,,,,201600.0,201600.0,Default option,Default,,
,parfum-item-9359,Acqua Di Parisis Venizia Reyane Tradition Dama,Product,,published,,100.0,,,,,,,,,,,,,true,item_9359,,Default variant,9359,,false,true,100.0,,,,,,,,210000.0,210000.0,Default option,Default,,
,parfum-item-9356,Delina La Ros√©e De Marly Paris,Product,,published,,75.0,,,,,,,,,,,,,true,item_9356,,Default variant,9356,,false,true,75.0,,,,,,,,1639400.0,1639400.0,Default option,Default,,
,parfum-item-9355,Kalan De Marly Paris,Product,,published,,125.0,,,,,,,,,,,,,true,item_9355,,Default variant,9355,,false,true,125.0,,,,,,,,1744400.0,1744400.0,Default option,Default,,
,parfum-item-9354,Layton Exclusif De Marly Paris,Product,,published,,125.0,,,,,,,,,,,,,true,item_9354,,Default variant,9354,,false,true,125.0,,,,,,,,1906800.0,1906800.0,Default option,Default,,
,parfum-item-9351,Gentleman Bois√©e De Givenchy,Product,,published,,100.0,,,,,,,,,,,,,true,item_9351,,Default variant,9351,,false,true,100.0,,,,,,,,595000.0,595000.0,Default option,Default,,
,parfum-item-9348,L'aventure Intense De Al Haramain,Product,,published,,100.0,,,,,,,,,,,,,true,item_9348,,Default variant,9348,,false,true,100.0,,,,,,,,316400.0,316400.0,Default option,Default,,
,parfum-item-9340,Sauvage Elixir De Dior,Product,,published,,60.0,,,,,,,,,,,,,true,item_9340,,Default variant,9340,,false,true,60.0,,,,,,,,1682800.0,1682800.0,Default option,Default,,
,parfum-item-9339,1 Million Elixir Parfum Intense De Paco Rabanne Hombre,Product,,published,,100.0,,,,,,,,,,,,,true,item_9339,,Default variant,9339,,false,true,100.0,,,,,,,,639800.0,639800.0,Default option,Default,,
,parfum-item-9338,Fakhar Black De Lattafa,Product,,published,,100.0,,,,,,,,,,,,,true,item_9338,,Default variant,9338,,false,true,100.0,,,,,,,,280000.0,280000.0,Default option,Default,,
,parfum-item-9337,Fakhar White De Lattafa,Product,,published,,100.0,,,,,,,,,,,,,true,item_9337,,Default variant,9337,,false,true,100.0,,,,,,,,280000.0,280000.0,Default option,Default,,
,parfum-item-9335,Hugo Man Extreme De Hugo Boss,Product,,published,,75.0,,,,,,,,,,,,,true,item_9335,,Default variant,9335,,false,true,75.0,,,,,,,,296800.0,296800.0,Default option,Default,,
,parfum-item-9329,Dreams Sunset De Coach,Product,,published,,90.0,,,,,,,,,,,,,true,item_9329,,Default variant,9329,,false,true,90.0,,,,,,,,390600.0,390600.0,Default option,Default,,
,parfum-item-9327,Phantom De Paco Rabanne,Product,,published,,100.0,,,,,,,,,,,,,true,item_9327,,Default variant,9327,,false,true,100.0,,,,,,,,599200.0,599200.0,Default option,Default,,
,parfum-item-9322,Boss Alive Hugo Boss,Product,,published,,80.0,,,,,,,,,,,,,true,item_9322,,Default variant,9322,,false,true,80.0,,,,,,,,565600.0,565600.0,Default option,Default,,
,parfum-item-9321,Halloween I'm Unique,Product,,published,,100.0,,,,,,,,,,,,,true,item_9321,,Default variant,9321,,false,true,100.0,,,,,,,,196000.0,196000.0,Default option,Default,,
,parfum-item-9315,Melodie De Orientica,Product,,published,,90.0,,,,,,,,,,,,,true,item_9315,,Default variant,9315,,false,true,90.0,,,,,,,,564200.0,564200.0,Default option,Default,,
,parfum-item-9310,Tequila Gold,Product,,published,,100.0,,,,,,,,,,,,,true,item_9310,,Default variant,9310,,false,true,100.0,,,,,,,,306600.0,306600.0,Default option,Default,,
,parfum-item-9307,Musk Maliki De Al Haramain,Product,,published,,100.0,,,,,,,,,,,,,true,item_9307,,Default variant,9307,,false,true,100.0,,,,,,,,473200.0,473200.0,Default option,Default,,
,parfum-item-9305,Musk Collection De Al Haramain,Product,,published,,100.0,,,,,,,,,,,,,true,item_9305,,Default variant,9305,,false,true,100.0,,,,,,,,473200.0,473200.0,Default option,Default,,
,parfum-item-9304,Royal Musk De Al Haramain,Product,,published,,100.0,,,,,,,,,,,,,true,item_9304,,Default variant,9304,,false,true,100.0,,,,,,,,473200.0,473200.0,Default option,Default,,
,parfum-item-9294,Blanc L.12.12 De Lacoste,Product,,published,,100.0,,,,,,,,,,,,,true,item_9294,,Default variant,9294,,false,true,100.0,,,,,,,,411600.0,411600.0,Default option,Default,,
,parfum-item-9293,H24 De Herm√©s,Product,,published,,100.0,,,,,,,,,,,,,true,item_9293,,Default variant,9293,,false,true,100.0,,,,,,,,291200.0,291200.0,Default option,Default,,
,parfum-item-9285,Merak√°i Essence De Patek Maison,Product,,published,,100.0,,,,,,,,,,,,,true,item_9285,,Default variant,9285,,false,true,100.0,,,,,,,,505400.0,505400.0,Default option,Default,,
,parfum-item-9276,Sauvage De Dior,Product,,published,,200.0,,,,,,,,,,,,,true,item_9276,,Default variant,9276,,false,true,200.0,,,,,,,,1345400.0,1345400.0,Default option,Default,,
,parfum-item-9266,Don De Bharara,Product,,published,,100.0,,,,,,,,,,,,,true,item_9266,,Default variant,9266,,false,true,100.0,,,,,,,,429800.0,429800.0,Default option,Default,,
,parfum-item-9263,Shades Of Kolam De Issey Miyake,Product,,published,,100.0,,,,,,,,,,,,,true,item_9263,,Default variant,9263,,false,true,100.0,,,,,,,,385000.0,385000.0,Default option,Default,,
,parfum-item-9262,Explorer De Montblanc,Product,,published,,200.0,,,,,,,,,,,,,true,item_9262,,Default variant,9262,,false,true,200.0,,,,,,,,624400.0,624400.0,Default option,Default,,
,parfum-item-9261,Vanilla Extasy De Montale,Product,,published,,100.0,,,,,,,,,,,,,true,item_9261,,Default variant,9261,,false,true,100.0,,,,,,,,630000.0,630000.0,Default option,Default,,
,parfum-item-9259,White Musk De Montale,Product,,published,,100.0,,,,,,,,,,,,,true,item_9259,,Default variant,9259,,false,true,100.0,,,,,,,,697200.0,697200.0,Default option,Default,,
,parfum-item-9258,Amber Oud Carbon Edition Al Haramain,Product,,published,,100.0,,,,,,,,,,,,,true,item_9258,,Default variant,9258,,false,true,100.0,,,,,,,,495600.0,495600.0,Default option,Default,,
,parfum-item-9256,Amber Oud White Edition Al Haramain,Product,,published,,100.0,,,,,,,,,,,,,true,item_9256,,Default variant,9256,,false,true,100.0,,,,,,,,470400.0,470400.0,Default option,Default,,
,parfum-item-9248,Chinatown De Bond No 9,Product,,published,,100.0,,,,,,,,,,,,,true,item_9248,,Default variant,9248,,false,true,100.0,,,,,,,,2090200.0,2090200.0,Default option,Default,,
,parfum-item-9247,Arsenal Gc 001 Gilles Cantuel,Product,,published,,100.0,,,,,,,,,,,,,true,item_9247,,Default variant,9247,,false,true,100.0,,,,,,,,168000.0,168000.0,Default option,Default,,
,parfum-item-9245,Invictus Victory De Paco Rabanne 200  Hombre EDP Extr√™me,Product,,published,,200.0,,,,,,,,,,,,,true,item_9245,,Default variant,9245,,false,true,200.0,,,,,,,,784000.0,784000.0,Default option,Default,,
,parfum-item-9242,I Am Juicy Couture De Juicy Couture,Product,,published,,100.0,,,,,,,,,,,,,true,item_9242,,Default variant,9242,,false,true,100.0,,,,,,,,413000.0,413000.0,Default option,Default,,
,parfum-item-9241,R.e.m De Ariana Grande,Product,,published,,100.0,,,,,,,,,,,,,true,item_9241,,Default variant,9241,,false,true,100.0,,,,,,,,403200.0,403200.0,Default option,Default,,
,parfum-item-9239,Diavolo De Antonio Banderas,Product,,published,,100.0,,,,,,,,,,,,,true,item_9239,,Default variant,9239,,false,true,100.0,,,,,,,,166600.0,166600.0,Default option,Default,,
,parfum-item-9238,Queen Lively Muse De Antonio Banderas,Product,,published,,80.0,,,,,,,,,,,,,true,item_9238,,Default variant,9238,,false,true,80.0,,,,,,,,261800.0,261800.0,Default option,Default,,
,parfum-item-9237,Orientica Velvet Gold De Al Haramain,Product,,published,,80.0,,,,,,,,,,,,,true,item_9237,,Default variant,9237,,false,true,80.0,,,,,,,,484400.0,484400.0,Default option,Default,,
,parfum-item-9236,Loveme The Onyx Parfum De Tous,Product,,published,,90.0,,,,,,,,,,,,,true,item_9236,,Default variant,9236,,false,true,90.0,,,,,,,,399000.0,399000.0,Default option,Default,,
,parfum-item-9235,Savane Di Seta De Salvatore Ferragamo,Product,,published,,100.0,,,,,,,,,,,,,true,item_9235,,Default variant,9235,,false,true,100.0,,,,,,,,376600.0,376600.0,Default option,Default,,
,parfum-item-9232,Giungle Di Seta De Salvatore Ferragamo,Product,,published,,100.0,,,,,,,,,,,,,true,item_9232,,Default variant,9232,,false,true,100.0,,,,,,,,424200.0,424200.0,Default option,Default,,
,parfum-item-9231,Niche Sapphire De Armaf,Product,,published,,90.0,,,,,,,,,,,,,true,item_9231,,Default variant,9231,,false,true,90.0,,,,,,,,296800.0,296800.0,Default option,Default,,
,parfum-item-9230,Club De Nuit Woman De Armaf,Product,,published,,200.0,,,,,,,,,,,,,true,item_9230,,Default variant,9230,,false,true,200.0,,,,,,,,368200.0,368200.0,Default option,Default,,
,parfum-item-9225,Guess Seductive Red,Product,,published,,100.0,,,,,,,,,,,,,true,item_9225,,Default variant,9225,,false,true,100.0,,,,,,,,238000.0,238000.0,Default option,Default,,
,parfum-item-9217,White Aoud De Montale,Product,,published,,100.0,,,,,,,,,,,,,true,item_9217,,Default variant,9217,,false,true,100.0,,,,,,,,630000.0,630000.0,Default option,Default,,
,parfum-item-9216,Vetiver Patchouli De Montale,Product,,published,,100.0,,,,,,,,,,,,,true,item_9216,,Default variant,9216,,false,true,100.0,,,,,,,,630000.0,630000.0,Default option,Default,,
,parfum-item-9213,Bakhoor De Montale,Product,,published,,100.0,,,,,,,,,,,,,true,item_9213,,Default variant,9213,,false,true,100.0,,,,,,,,639800.0,639800.0,Default option,Default,,
,parfum-item-9211,Spicy Aoud De Montale,Product,,published,,100.0,,,,,,,,,,,,,true,item_9211,,Default variant,9211,,false,true,100.0,,,,,,,,630000.0,630000.0,Default option,Default,,
,parfum-item-9210,Soleil De Capri Montale,Product,,published,,100.0,,,,,,,,,,,,,true,item_9210,,Default variant,9210,,false,true,100.0,,,,,,,,586600.0,586600.0,Default option,Default,,
,parfum-item-9209,So Iris Intense De Montale,Product,,published,,100.0,,,,,,,,,,,,,true,item_9209,,Default variant,9209,,false,true,100.0,,,,,,,,630000.0,630000.0,Default option,Default,,
,parfum-item-9207,Santal Wood De Montale,Product,,published,,100.0,,,,,,,,,,,,,true,item_9207,,Default variant,9207,,false,true,100.0,,,,,,,,630000.0,630000.0,Default option,Default,,
,parfum-item-9206,Sandflowers De Montale,Product,,published,,100.0,,,,,,,,,,,,,true,item_9206,,Default variant,9206,,false,true,100.0,,,,,,,,630000.0,630000.0,Default option,Default,,
,parfum-item-9205,Royal Aoud De Montale,Product,,published,,100.0,,,,,,,,,,,,,true,item_9205,,Default variant,9205,,false,true,100.0,,,,,,,,630000.0,630000.0,Default option,Default,,
,parfum-item-9203,Shuhrah Pour Femme De Rasasi,Product,,published,,100.0,,,,,,,,,,,,,true,item_9203,,Default variant,9203,,false,true,100.0,,,,,,,,274400.0,274400.0,Default option,Default,,
,parfum-item-9202,Morning Dew Victorinox Swiss Army,Product,,published,,100.0,,,,,,,,,,,,,true,item_9202,,Default variant,9202,,false,true,100.0,,,,,,,,350000.0,350000.0,Default option,Default,,
,parfum-item-9197,Hawas De Rasasi,Product,,published,,100.0,,,,,,,,,,,,,true,item_9197,,Default variant,9197,,false,true,100.0,,,,,,,,266000.0,266000.0,Default option,Default,,
,parfum-item-9195,Pasha De Cartier Parfum,Product,,published,,100.0,,,,,,,,,,,,,true,item_9195,,Default variant,9195,,false,true,100.0,,,,,,,,674800.0,674800.0,Default option,Default,,
,parfum-item-9194,D√©claration Parfum De Cartier,Product,,published,,100.0,,,,,,,,,,,,,true,item_9194,,Default variant,9194,,false,true,100.0,,,,,,,,630000.0,630000.0,Default option,Default,,
,parfum-item-9191,La Belle Le Parfum Jean Paul Gaultier EDP Intense,Product,,published,,100.0,,,,,,,,,,,,,true,item_9191,,Default variant,9191,,false,true,100.0,,,,,,,,653800.0,653800.0,Default option,Default,,
,parfum-item-9187,Original Santal Creed,Product,,published,,100.0,,,,,,,,,,,,,true,item_9187,,Default variant,9187,,false,true,100.0,,,,,,,,1604400.0,1604400.0,Default option,Default,,
,parfum-item-9183,Donna Born In Roma Yellow Dream Valentino,Product,,published,,100.0,,,,,,,,,,,,,true,item_9183,,Default variant,9183,,false,true,100.0,,,,,,,,921200.0,921200.0,Default option,Default,,
,parfum-item-9178,Maria Farina Gingembre De Roger&gallet,Product,,published,,100.0,,,,,,,,,,,,,true,item_9178,,Default variant,9178,,false,true,100.0,,,,,,,,274400.0,274400.0,Default option,Default,,
,parfum-item-9177,Maria Farina Fleur De Osmanthus Roger & Gallet,Product,,published,,100.0,,,,,,,,,,,,,true,item_9177,,Default variant,9177,,false,true,100.0,,,,,,,,274400.0,274400.0,Default option,Default,,
,parfum-item-9176,Fleur De Figuier Intense Roger&gallet,Product,,published,,100.0,,,,,,,,,,,,,true,item_9176,,Default variant,9176,,false,true,100.0,,,,,,,,280000.0,280000.0,Default option,Default,,
,parfum-item-9175,Maria Farina Bois D¬¥orange De Roger&gallet,Product,,published,,100.0,,,,,,,,,,,,,true,item_9175,,Default variant,9175,,false,true,100.0,,,,,,,,267400.0,267400.0,Default option,Default,,
,parfum-item-9171,Amber Oud Exclusif Classic De Al Haramain,Product,,published,,60.0,,,,,,,,,,,,,true,item_9171,,Default variant,9171,,false,true,60.0,,,,,,,,434000.0,434000.0,Default option,Default,,
,parfum-item-9169,Terrae Essence Bvlgari,Product,,published,,100.0,,,,,,,,,,,,,true,item_9169,,Default variant,9169,,false,true,100.0,,,,,,,,576800.0,576800.0,Default option,Default,,
,parfum-item-9167,2 Wood Dsquared2,Product,,published,,100.0,,,,,,,,,,,,,true,item_9167,,Default variant,9167,,false,true,100.0,,,,,,,,295400.0,295400.0,Default option,Default,,
,parfum-item-9166,Wood Dsquared2,Product,,published,,100.0,,,,,,,,,,,,,true,item_9166,,Default variant,9166,,false,true,100.0,,,,,,,,323400.0,323400.0,Default option,Default,,
,parfum-item-9165,Wood Dsquared2,Product,,published,,100.0,,,,,,,,,,,,,true,item_9165,,Default variant,9165,,false,true,100.0,,,,,,,,295400.0,295400.0,Default option,Default,,
,parfum-item-9164,Red Wood Dsquared2,Product,,published,,100.0,,,,,,,,,,,,,true,item_9164,,Default variant,9164,,false,true,100.0,,,,,,,,326200.0,326200.0,Default option,Default,,
,parfum-item-9147,Diamond Rose De Montale,Product,,published,,100.0,,,,,,,,,,,,,true,item_9147,,Default variant,9147,,false,true,100.0,,,,,,,,630000.0,630000.0,Default option,Default,,
,parfum-item-9146,Diamond Greedy De Montale,Product,,published,,100.0,,,,,,,,,,,,,true,item_9146,,Default variant,9146,,false,true,100.0,,,,,,,,637000.0,637000.0,Default option,Default,,
,parfum-item-9145,Diamond Flowers De Montale,Product,,published,,100.0,,,,,,,,,,,,,true,item_9145,,Default variant,9145,,false,true,100.0,,,,,,,,604800.0,604800.0,Default option,Default,,
,parfum-item-9144,Blue Matcha De Montale,Product,,published,,100.0,,,,,,,,,,,,,true,item_9144,,Default variant,9144,,false,true,100.0,,,,,,,,639800.0,639800.0,Default option,Default,,
,parfum-item-9143,Arabians Tonka De Montale,Product,,published,,100.0,,,,,,,,,,,,,true,item_9143,,Default variant,9143,,false,true,100.0,,,,,,,,753200.0,753200.0,Default option,Default,,
,parfum-item-9139,Burberry Hero De Burberry,Product,,published,,100.0,,,,,,,,,,,,,true,item_9139,,Default variant,9139,,false,true,100.0,,,,,,,,450800.0,450800.0,Default option,Default,,
,parfum-item-9138,Hugo Boss Energise,Product,,published,,75.0,,,,,,,,,,,,,true,item_9138,,Default variant,9138,,false,true,75.0,,,,,,,,281400.0,281400.0,Default option,Default,,
,parfum-item-9136,Niche Femme De Bharara,Product,,published,,100.0,,,,,,,,,,,,,true,item_9136,,Default variant,9136,,false,true,100.0,,,,,,,,436800.0,436800.0,Default option,Default,,
,parfum-item-9135,United Dream Aim High De Benetton,Product,,published,,200.0,,,,,,,,,,,,,true,item_9135,,Default variant,9135,,false,true,200.0,,,,,,,,229600.0,229600.0,Default option,Default,,
,parfum-item-9133,Fierce Abercrombie & Fitch,Product,,published,,200.0,,,,,,,,,,,,,true,item_9133,,Default variant,9133,,false,true,200.0,,,,,,,,798000.0,798000.0,Default option,Default,,
,parfum-item-9132,Individuel Tonic De Montblanc,Product,,published,,75.0,,,,,,,,,,,,,true,item_9132,,Default variant,9132,,false,true,75.0,,,,,,,,285600.0,285600.0,Default option,Default,,
,parfum-item-9129,Lacoste Blanc L.12.12,Product,,published,,175.0,,,,,,,,,,,,,true,item_9129,,Default variant,9129,,false,true,175.0,,,,,,,,470400.0,470400.0,Default option,Default,,
,parfum-item-9125,Boss Bottled De Hugo Boss,Product,,published,,100.0,,,,,,,,,,,,,true,item_9125,,Default variant,9125,,false,true,100.0,,,,,,,,498400.0,498400.0,Default option,Default,,
,parfum-item-9124,L¬•aventure Rose De Al Haramain,Product,,published,,100.0,,,,,,,,,,,,,true,item_9124,,Default variant,9124,,false,true,100.0,,,,,,,,306600.0,306600.0,Default option,Default,,
,parfum-item-9118,Aoud Velvet De Montale,Product,,published,,100.0,,,,,,,,,,,,,true,item_9118,,Default variant,9118,,false,true,100.0,,,,,,,,621600.0,621600.0,Default option,Default,,
,parfum-item-9117,Aoud Sense De Montale,Product,,published,,100.0,,,,,,,,,,,,,true,item_9117,,Default variant,9117,,false,true,100.0,,,,,,,,621600.0,621600.0,Default option,Default,,
,parfum-item-9116,Aoud Queen Roses De Montale Mujer,Product,,published,,100.0,,,,,,,,,,,,,true,item_9116,,Default variant,9116,,false,true,100.0,,,,,,,,621600.0,621600.0,Default option,Default,,
,parfum-item-9113,Aoud Purple Rose De Montale,Product,,published,,100.0,,,,,,,,,,,,,true,item_9113,,Default variant,9113,,false,true,100.0,,,,,,,,621600.0,621600.0,Default option,Default,,
,parfum-item-9112,Aoud Musk De Montale,Product,,published,,100.0,,,,,,,,,,,,,true,item_9112,,Default variant,9112,,false,true,100.0,,,,,,,,621600.0,621600.0,Default option,Default,,
,parfum-item-9121,Intense Black Aoud De Montale,Product,,published,,100.0,,,,,,,,,,,,,true,item_9121,,Default variant,9121,,false,true,100.0,,,,,,,,621600.0,621600.0,Default option,Default,,
,parfum-item-9110,Velvet Flowers De Montale,Product,,published,,100.0,,,,,,,,,,,,,true,item_9110,,Default variant,9110,,false,true,100.0,,,,,,,,630000.0,630000.0,Default option,Default,,
,parfum-item-9109,Velvet Fantasy De Montale,Product,,published,,100.0,,,,,,,,,,,,,true,item_9109,,Default variant,9109,,false,true,100.0,,,,,,,,639800.0,639800.0,Default option,Default,,
,parfum-item-7321,Wild Pears De Montale,Product,,published,,100.0,,,,,,,,,,,,,true,item_7321,,Default variant,7321,,false,true,100.0,,,,,,,,635600.0,635600.0,Default option,Default,,
,parfum-item-7318,Uomo Born In Roma Yellow Dream De Valentino,Product,,published,,100.0,,,,,,,,,,,,,true,item_7318,,Default variant,7318,,false,true,100.0,,,,,,,,761600.0,761600.0,Default option,Default,,
,parfum-item-9102,Dark Vanilla De Montale,Product,,published,,100.0,,,,,,,,,,,,,true,item_9102,,Default variant,9102,,false,true,100.0,,,,,,,,679000.0,679000.0,Default option,Default,,
,parfum-item-9101,Sweet Flowers De Montale,Product,,published,,100.0,,,,,,,,,,,,,true,item_9101,,Default variant,9101,,false,true,100.0,,,,,,,,630000.0,630000.0,Default option,Default,,
,parfum-item-9100,Oud Dream De Montale,Product,,published,,100.0,,,,,,,,,,,,,true,item_9100,,Default variant,9100,,false,true,100.0,,,,,,,,630000.0,630000.0,Default option,Default,,
,parfum-item-9099,The New Rose De Montale,Product,,published,,100.0,,,,,,,,,,,,,true,item_9099,,Default variant,9099,,false,true,100.0,,,,,,,,630000.0,630000.0,Default option,Default,,
,parfum-item-9098,Vanille Absolu De Montale,Product,,published,,100.0,,,,,,,,,,,,,true,item_9098,,Default variant,9098,,false,true,100.0,,,,,,,,639800.0,639800.0,Default option,Default,,
,parfum-item-9097,Steel Victorinox Swiss Army,Product,,published,,100.0,,,,,,,,,,,,,true,item_9097,,Default variant,9097,,false,true,100.0,,,,,,,,238000.0,238000.0,Default option,Default,,
,parfum-item-9096,Tommy Now Girl De Tommy Hilfiger,Product,,published,,100.0,,,,,,,,,,,,,true,item_9096,,Default variant,9096,,false,true,100.0,,,,,,,,266000.0,266000.0,Default option,Default,,
,parfum-item-9092,The Pride De Armaf,Product,,published,,100.0,,,,,,,,,,,,,true,item_9092,,Default variant,9092,,false,true,100.0,,,,,,,,289800.0,289800.0,Default option,Default,,
,parfum-item-9087,Nautica Voyage,Product,,published,,200.0,,,,,,,,,,,,,true,item_9087,,Default variant,9087,,false,true,200.0,,,,,,,,277200.0,277200.0,Default option,Default,,
,parfum-item-9085,Sweet Oriental Dream De Montale,Product,,published,,100.0,,,,,,,,,,,,,true,item_9085,,Default variant,9085,,false,true,100.0,,,,,,,,630000.0,630000.0,Default option,Default,,
,parfum-item-9084,Sunset Flowers De Montale,Product,,published,,100.0,,,,,,,,,,,,,true,item_9084,,Default variant,9084,,false,true,100.0,,,,,,,,630000.0,630000.0,Default option,Default,,
,parfum-item-9082,Boise Vanille De Montale,Product,,published,,100.0,,,,,,,,,,,,,true,item_9082,,Default variant,9082,,false,true,100.0,,,,,,,,630000.0,630000.0,Default option,Default,,
,parfum-item-9081,Aoud Lime De Montale,Product,,published,,100.0,,,,,,,,,,,,,true,item_9081,,Default variant,9081,,false,true,100.0,,,,,,,,630000.0,630000.0,Default option,Default,,
,parfum-item-9079,Miss Dior Rose N'roses De Dior,Product,,published,,100.0,,,,,,,,,,,,,true,item_9079,,Default variant,9079,,false,true,100.0,,,,,,,,940800.0,940800.0,Default option,Default,,
,parfum-item-9077,Rose Noire De Giorgio Valenti,Product,,published,,100.0,,,,,,,,,,,,,true,item_9077,,Default variant,9077,,false,true,100.0,,,,,,,,142800.0,142800.0,Default option,Default,,
,parfum-item-9075,Valentino Uomo Born In Roma,Product,,published,,100.0,,,,,,,,,,,,,true,item_9075,,Default variant,9075,,false,true,100.0,,,,,,,,775600.0,775600.0,Default option,Default,,
,parfum-item-9074,Tommy Now De Tommy Hilfiger,Product,,published,,100.0,,,,,,,,,,,,,true,item_9074,,Default variant,9074,,false,true,100.0,,,,,,,,266000.0,266000.0,Default option,Default,,
,parfum-item-9073,Flower Poppy Bouquet De Kenzo,Product,,published,,100.0,,,,,,,,,,,,,true,item_9073,,Default variant,9073,,false,true,100.0,,,,,,,,509600.0,509600.0,Default option,Default,,
,parfum-item-9072,La Vie Est Belle Soleil Cristal Lancome,Product,,published,,100.0,,,,,,,,,,,,,true,item_9072,,Default variant,9072,,false,true,100.0,,,,,,,,1075200.0,1075200.0,Default option,Default,,
,parfum-item-9071,Irresistible De Givenchy Dama,Product,,published,,80.0,,,,,,,,,,,,,true,item_9071,,Default variant,9071,,false,true,80.0,,,,,,,,571200.0,571200.0,Default option,Default,,
,parfum-item-9070,Intense Leather De Ferragamo,Product,,published,,100.0,,,,,,,,,,,,,true,item_9070,,Default variant,9070,,false,true,100.0,,,,,,,,450800.0,450800.0,Default option,Default,,
,parfum-item-9067,Bleu De Bharara,Product,,published,,100.0,,,,,,,,,,,,,true,item_9067,,Default variant,9067,,false,true,100.0,,,,,,,,421400.0,421400.0,Default option,Default,,
,parfum-item-9063,Starry Nights De Montale,Product,,published,,100.0,,,,,,,,,,,,,true,item_9063,,Default variant,9063,,false,true,100.0,,,,,,,,674800.0,674800.0,Default option,Default,,
,parfum-item-9059,Cr7 Game On De Cristiano Ronaldo,Product,,published,,100.0,,,,,,,,,,,,,true,item_9059,,Default variant,9059,,false,true,100.0,,,,,,,,292600.0,292600.0,Default option,Default,,
,parfum-item-9049,Aoud Legend De Montale,Product,,published,,100.0,,,,,,,,,,,,,true,item_9049,,Default variant,9049,,false,true,100.0,,,,,,,,639800.0,639800.0,Default option,Default,,
,parfum-item-9048,Aoud Lagoon De Montale,Product,,published,,100.0,,,,,,,,,,,,,true,item_9048,,Default variant,9048,,false,true,100.0,,,,,,,,639800.0,639800.0,Default option,Default,,
,parfum-item-9046,Scandal Pour Homme De Jean Paul Gaultier,Product,,published,,100.0,,,,,,,,,,,,,true,item_9046,,Default variant,9046,,false,true,100.0,,,,,,,,623000.0,623000.0,Default option,Default,,
,parfum-item-9044,Fresh Couture De Moschino,Product,,published,,100.0,,,,,,,,,,,,,true,item_9044,,Default variant,9044,,false,true,100.0,,,,,,,,270200.0,270200.0,Default option,Default,,
,parfum-item-9043,Orange Flowers De Montale,Product,,published,,100.0,,,,,,,,,,,,,true,item_9043,,Default variant,9043,,false,true,100.0,,,,,,,,630000.0,630000.0,Default option,Default,,
,parfum-item-9042,Aoud Flowers De Montale,Product,,published,,100.0,,,,,,,,,,,,,true,item_9042,,Default variant,9042,,false,true,100.0,,,,,,,,630000.0,630000.0,Default option,Default,,
,parfum-item-9041,Aoud Ever De Montale,Product,,published,,100.0,,,,,,,,,,,,,true,item_9041,,Default variant,9041,,false,true,100.0,,,,,,,,630000.0,630000.0,Default option,Default,,
,parfum-item-9040,Aoud Damascus De Montale,Product,,published,,100.0,,,,,,,,,,,,,true,item_9040,,Default variant,9040,,false,true,100.0,,,,,,,,693000.0,693000.0,Default option,Default,,
,parfum-item-9038,Wild Rose Aoud De Mancera,Product,,published,,120.0,,,,,,,,,,,,,true,item_9038,,Default variant,9038,,false,true,120.0,,,,,,,,761600.0,761600.0,Default option,Default,,
,parfum-item-9037,Wild Leather De Mancera,Product,,published,,120.0,,,,,,,,,,,,,true,item_9037,,Default variant,9037,,false,true,120.0,,,,,,,,761600.0,761600.0,Default option,Default,,
,parfum-item-9036,Vetiver Sensuel De Mancera,Product,,published,,120.0,,,,,,,,,,,,,true,item_9036,,Default variant,9036,,false,true,120.0,,,,,,,,765800.0,765800.0,Default option,Default,,
,parfum-item-9035,The Aoud De Mancera,Product,,published,,120.0,,,,,,,,,,,,,true,item_9035,,Default variant,9035,,false,true,120.0,,,,,,,,761600.0,761600.0,Default option,Default,,
,parfum-item-9033,Saharian Wind De Mancera,Product,,published,,120.0,,,,,,,,,,,,,true,item_9033,,Default variant,9033,,false,true,120.0,,,,,,,,765800.0,765800.0,Default option,Default,,
,parfum-item-9030,All√®gresse Rivi√©res De Cartier,Product,,published,,100.0,,,,,,,,,,,,,true,item_9030,,Default variant,9030,,false,true,100.0,,,,,,,,560000.0,560000.0,Default option,Default,,
,parfum-item-9029,Impact De Tommy Hilfiger,Product,,published,,100.0,,,,,,,,,,,,,true,item_9029,,Default variant,9029,,false,true,100.0,,,,,,,,385000.0,385000.0,Default option,Default,,
,parfum-item-9028,Dolce & Gabbana Tradicional,Product,,published,,200.0,,,,,,,,,,,,,true,item_9028,,Default variant,9028,,false,true,200.0,,,,,,,,548800.0,548800.0,Default option,Default,,
,parfum-item-9021,Ferragamo De Salvatore Ferragamo,Product,,published,,100.0,,,,,,,,,,,,,true,item_9021,,Default variant,9021,,false,true,100.0,,,,,,,,450800.0,450800.0,Default option,Default,,
,parfum-item-9019,Enduring Glow De Jennifer Lopez,Product,,published,,100.0,,,,,,,,,,,,,true,item_9019,,Default variant,9019,,false,true,100.0,,,,,,,,247800.0,247800.0,Default option,Default,,
,parfum-item-9018,Dolce De Dolce & Gabbana,Product,,published,,75.0,,,,,,,,,,,,,true,item_9018,,Default variant,9018,,false,true,75.0,,,,,,,,674800.0,674800.0,Default option,Default,,
,parfum-item-9013,The Icon De Antonio Banderas,Product,,published,,100.0,,,,,,,,,,,,,true,item_9013,,Default variant,9013,,false,true,100.0,,,,,,,,201600.0,201600.0,Default option,Default,,
,parfum-item-9012,Viking Cologne De Creed,Product,,published,,100.0,,,,,,,,,,,,,true,item_9012,,Default variant,9012,,false,true,100.0,,,,,,,,1260000.0,1260000.0,Default option,Default,,
,parfum-item-9011,Vanille Exclusive De Mancera,Product,,published,,120.0,,,,,,,,,,,,,true,item_9011,,Default variant,9011,,false,true,120.0,,,,,,,,621600.0,621600.0,Default option,Default,,
,parfum-item-9001,Cool Force De Baldessarini,Product,,published,,90.0,,,,,,,,,,,,,true,item_9001,,Default variant,9001,,false,true,90.0,,,,,,,,285600.0,285600.0,Default option,Default,,
,parfum-item-8968,Mon De Guerlain Intense,Product,,published,,100.0,,,,,,,,,,,,,true,item_8968,,Default variant,8968,,false,true,100.0,,,,,,,,922600.0,922600.0,Default option,Default,,
,parfum-item-8956,Bravo Monsieur El Ganso,Product,,published,,125.0,,,,,,,,,,,,,true,item_8956,,Default variant,8956,,false,true,125.0,,,,,,,,291200.0,291200.0,Default option,Default,,
,parfum-item-8955,Pepe Jeans London,Product,,published,,80.0,,,,,,,,,,,,,true,item_8955,,Default variant,8955,,false,true,80.0,,,,,,,,296800.0,296800.0,Default option,Default,,
,parfum-item-8952,Forget Me Not De Victorinox,Product,,published,,100.0,,,,,,,,,,,,,true,item_8952,,Default variant,8952,,false,true,100.0,,,,,,,,350000.0,350000.0,Default option,Default,,
,parfum-item-8951,Black Steel De Victorinox,Product,,published,,100.0,,,,,,,,,,,,,true,item_8951,,Default variant,8951,,false,true,100.0,,,,,,,,334600.0,334600.0,Default option,Default,,
,parfum-item-8950,1920 The Origin De Tous,Product,,published,,100.0,,,,,,,,,,,,,true,item_8950,,Default variant,8950,,false,true,100.0,,,,,,,,254800.0,254800.0,Default option,Default,,
,parfum-item-8949,1920 The Origin De Tous,Product,,published,,100.0,,,,,,,,,,,,,true,item_8949,,Default variant,8949,,false,true,100.0,,,,,,,,341600.0,341600.0,Default option,Default,,
,parfum-item-8947,Maritime Journey De Tommy Bahama,Product,,published,,125.0,,,,,,,,,,,,,true,item_8947,,Default variant,8947,,false,true,125.0,,,,,,,,285600.0,285600.0,Default option,Default,,
,parfum-item-8946,Maritime Deep Blue De Tommy Bahama,Product,,published,,125.0,,,,,,,,,,,,,true,item_8946,,Default variant,8946,,false,true,125.0,,,,,,,,285600.0,285600.0,Default option,Default,,
,parfum-item-8939,Wild Cherry De Mancera,Product,,published,,120.0,,,,,,,,,,,,,true,item_8939,,Default variant,8939,,false,true,120.0,,,,,,,,761600.0,761600.0,Default option,Default,,
,parfum-item-8938,Royal Vanilla Mancera,Product,,published,,120.0,,,,,,,,,,,,,true,item_8938,,Default variant,8938,,false,true,120.0,,,,,,,,621600.0,621600.0,Default option,Default,,
,parfum-item-8936,Midnight Gold De Mancera,Product,,published,,120.0,,,,,,,,,,,,,true,item_8936,,Default variant,8936,,false,true,120.0,,,,,,,,761600.0,761600.0,Default option,Default,,
,parfum-item-8935,Juicy Flowers De Mancera,Product,,published,,120.0,,,,,,,,,,,,,true,item_8935,,Default variant,8935,,false,true,120.0,,,,,,,,761600.0,761600.0,Default option,Default,,
,parfum-item-8934,Black Intensitive Aoud De Mancera,Product,,published,,120.0,,,,,,,,,,,,,true,item_8934,,Default variant,8934,,false,true,120.0,,,,,,,,835800.0,835800.0,Default option,Default,,
,parfum-item-8933,Indian Dream De Mancera,Product,,published,,120.0,,,,,,,,,,,,,true,item_8933,,Default variant,8933,,false,true,120.0,,,,,,,,761600.0,761600.0,Default option,Default,,
,parfum-item-8932,Gold Aoud De Mancera,Product,,published,,120.0,,,,,,,,,,,,,true,item_8932,,Default variant,8932,,false,true,120.0,,,,,,,,994000.0,994000.0,Default option,Default,,
,parfum-item-8931,Feminity De Mancera,Product,,published,,120.0,,,,,,,,,,,,,true,item_8931,,Default variant,8931,,false,true,120.0,,,,,,,,639800.0,639800.0,Default option,Default,,
,parfum-item-8930,Choco Violet De Mancera,Product,,published,,120.0,,,,,,,,,,,,,true,item_8930,,Default variant,8930,,false,true,120.0,,,,,,,,761600.0,761600.0,Default option,Default,,
,parfum-item-8929,Aqua Wood De Mancera,Product,,published,,120.0,,,,,,,,,,,,,true,item_8929,,Default variant,8929,,false,true,120.0,,,,,,,,765800.0,765800.0,Default option,Default,,
,parfum-item-8927,Aoud Caf√® De Mancera,Product,,published,,120.0,,,,,,,,,,,,,true,item_8927,,Default variant,8927,,false,true,120.0,,,,,,,,761600.0,761600.0,Default option,Default,,
,parfum-item-8926,Aoud Black Candy De Mancera,Product,,published,,120.0,,,,,,,,,,,,,true,item_8926,,Default variant,8926,,false,true,120.0,,,,,,,,761600.0,761600.0,Default option,Default,,
,parfum-item-8920,Grey Flannel De Geoffrey Beene,Product,,published,,240.0,,,,,,,,,,,,,true,item_8920,,Default variant,8920,,false,true,240.0,,,,,,,,229600.0,229600.0,Default option,Default,,
,parfum-item-8917,Ambr√© Baldessarini,Product,,published,,90.0,,,,,,,,,,,,,true,item_8917,,Default variant,8917,,false,true,90.0,,,,,,,,330400.0,330400.0,Default option,Default,,
,parfum-item-8916,Silver Blue De Mancera,Product,,published,,120.0,,,,,,,,,,,,,true,item_8916,,Default variant,8916,,false,true,120.0,,,,,,,,842800.0,842800.0,Default option,Default,,
,parfum-item-8915,Versace Eros,Product,,published,,200.0,,,,,,,,,,,,,true,item_8915,,Default variant,8915,,false,true,200.0,,,,,,,,644000.0,644000.0,Default option,Default,,
,parfum-item-8914,Ventana De Armaf,Product,,published,,100.0,,,,,,,,,,,,,true,item_8914,,Default variant,8914,,false,true,100.0,,,,,,,,281400.0,281400.0,Default option,Default,,
,parfum-item-8909,Roses Greedy De Mancera,Product,,published,,120.0,,,,,,,,,,,,,true,item_8909,,Default variant,8909,,false,true,120.0,,,,,,,,761600.0,761600.0,Default option,Default,,
,parfum-item-8908,Pink Prestigium De Mancera,Product,,published,,120.0,,,,,,,,,,,,,true,item_8908,,Default variant,8908,,false,true,120.0,,,,,,,,621600.0,621600.0,Default option,Default,,
,parfum-item-8907,Pearl De Mancera,Product,,published,,120.0,,,,,,,,,,,,,true,item_8907,,Default variant,8907,,false,true,120.0,,,,,,,,761600.0,761600.0,Default option,Default,,
,parfum-item-8904,Bad Boy Le Parfum Carolina Herrera,Product,,published,,100.0,,,,,,,,,,,,,true,item_8904,,Default variant,8904,,false,true,100.0,,,,,,,,604800.0,604800.0,Default option,Default,,
,parfum-item-8903,Olympea Blossom Paco Rabanne,Product,,published,,80.0,,,,,,,,,,,,,true,item_8903,,Default variant,8903,,false,true,80.0,,,,,,,,621600.0,621600.0,Default option,Default,,
,parfum-item-8902,Shine De Dolce & Gabbana,Product,,published,,75.0,,,,,,,,,,,,,true,item_8902,,Default variant,8902,,false,true,75.0,,,,,,,,627200.0,627200.0,Default option,Default,,
,parfum-item-8898,Halloween Man X,Product,,published,,125.0,,,,,,,,,,,,,true,item_8898,,Default variant,8898,,false,true,125.0,,,,,,,,289800.0,289800.0,Default option,Default,,
,parfum-item-8897,Halloween Man Hero,Product,,published,,125.0,,,,,,,,,,,,,true,item_8897,,Default variant,8897,,false,true,125.0,,,,,,,,259000.0,259000.0,Default option,Default,,
,parfum-item-8896,King De Bharara,Product,,published,,100.0,,,,,,,,,,,,,true,item_8896,,Default variant,8896,,false,true,100.0,,,,,,,,425600.0,425600.0,Default option,Default,,
,parfum-item-8893,212 Heroes De Carolina Herrera,Product,,published,,90.0,,,,,,,,,,,,,true,item_8893,,Default variant,8893,,false,true,90.0,,,,,,,,548800.0,548800.0,Default option,Default,,
,parfum-item-8892,Invictus Victory De Paco Rabanne EDP Extr√™me,Product,,published,,100.0,,,,,,,,,,,,,true,item_8892,,Default variant,8892,,false,true,100.0,,,,,,,,638400.0,638400.0,Default option,Default,,
,parfum-item-8889,Portfolio Euphoric Roots De Al Haramain,Product,,published,,75.0,,,,,,,,,,,,,true,item_8889,,Default variant,8889,,false,true,75.0,,,,,,,,340200.0,340200.0,Default option,Default,,
,parfum-item-8885,Sutton Place De Bond No 9,Product,,published,,100.0,,,,,,,,,,,,,true,item_8885,,Default variant,8885,,false,true,100.0,,,,,,,,2307200.0,2307200.0,Default option,Default,,
,parfum-item-8881,Odyssey White De Armaf,Product,,published,,100.0,,,,,,,,,,,,,true,item_8881,,Default variant,8881,,false,true,100.0,,,,,,,,274400.0,274400.0,Default option,Default,,
,parfum-item-8880,Odyssey Homme De Armaf,Product,,published,,100.0,,,,,,,,,,,,,true,item_8880,,Default variant,8880,,false,true,100.0,,,,,,,,274400.0,274400.0,Default option,Default,,
,parfum-item-8876,Dylan Turquoise De Versace,Product,,published,,100.0,,,,,,,,,,,,,true,item_8876,,Default variant,8876,,false,true,100.0,,,,,,,,438200.0,438200.0,Default option,Default,,
,parfum-item-8875,Portfolio Neroli Canvas De Al Haramain,Product,,published,,75.0,,,,,,,,,,,,,true,item_8875,,Default variant,8875,,false,true,75.0,,,,,,,,340200.0,340200.0,Default option,Default,,
,parfum-item-8874,Portfolio Floral Sculpture Al Haramain,Product,,published,,75.0,,,,,,,,,,,,,true,item_8874,,Default variant,8874,,false,true,75.0,,,,,,,,368200.0,368200.0,Default option,Default,,
,parfum-item-8873,L.12.12 Rose Lacoste,Product,,published,,100.0,,,,,,,,,,,,,true,item_8873,,Default variant,8873,,false,true,100.0,,,,,,,,415800.0,415800.0,Default option,Default,,
,parfum-item-8869,Very Good Girl Carolina Herrera,Product,,published,,80.0,,,,,,,,,,,,,true,item_8869,,Default variant,8869,,false,true,80.0,,,,,,,,687400.0,687400.0,Default option,Default,,
,parfum-item-8863,Pino Silvestre Original,Product,,published,,125.0,,,,,,,,,,,,,true,item_8863,,Default variant,8863,,false,true,125.0,,,,,,,,172200.0,172200.0,Default option,Default,,
,parfum-item-8862,Twilly D'herm√®s Eau Poivr√©e De Herm√®s,Product,,published,,85.0,,,,,,,,,,,,,true,item_8862,,Default variant,8862,,false,true,85.0,,,,,,,,700000.0,700000.0,Default option,Default,,
,parfum-item-8860,Light Blue Love In Capri Dolce&gabbana,Product,,published,,100.0,,,,,,,,,,,,,true,item_8860,,Default variant,8860,,false,true,100.0,,,,,,,,470400.0,470400.0,Default option,Default,,
,parfum-item-8845,Delina De Marly,Product,,published,,75.0,,,,,,,,,,,,,true,item_8845,,Default variant,8845,,false,true,75.0,,,,,,,,1639400.0,1639400.0,Default option,Default,,
,parfum-item-8838,Toy 2 Bubble Gum De Moschino,Product,,published,,100.0,,,,,,,,,,,,,true,item_8838,,Default variant,8838,,false,true,100.0,,,,,,,,334600.0,334600.0,Default option,Default,,
,parfum-item-8836,Greenwich Village De Bond No 9,Product,,published,,100.0,,,,,,,,,,,,,true,item_8836,,Default variant,8836,,false,true,100.0,,,,,,,,1591800.0,1591800.0,Default option,Default,,
,parfum-item-8830,Swiss Army Classic De Victorinox,Product,,published,,100.0,,,,,,,,,,,,,true,item_8830,,Default variant,8830,,false,true,100.0,,,,,,,,266000.0,266000.0,Default option,Default,,
,parfum-item-8827,Sauvage De Dior,Product,,published,,200.0,,,,,,,,,,,,,true,item_8827,,Default variant,8827,,false,true,200.0,,,,,,,,1045800.0,1045800.0,Default option,Default,,
,parfum-item-8825,Oscent Rouge De Alexandre. J,Product,,published,,100.0,,,,,,,,,,,,,true,item_8825,,Default variant,8825,,false,true,100.0,,,,,,,,802200.0,802200.0,Default option,Default,,
,parfum-item-8823,Sisterland Green Jasmine De Benetton,Product,,published,,80.0,,,,,,,,,,,,,true,item_8823,,Default variant,8823,,false,true,80.0,,,,,,,,201600.0,201600.0,Default option,Default,,
,parfum-item-8822,Sisterland Red Rose De Benetton,Product,,published,,80.0,,,,,,,,,,,,,true,item_8822,,Default variant,8822,,false,true,80.0,,,,,,,,189000.0,189000.0,Default option,Default,,
,parfum-item-8818,Legend De Montblanc Hombre,Product,,published,,100.0,,,,,,,,,,,,,true,item_8818,,Default variant,8818,,false,true,100.0,,,,,,,,362600.0,362600.0,Default option,Default,,
,parfum-item-8808,Central Park South De Bond No 9,Product,,published,,100.0,,,,,,,,,,,,,true,item_8808,,Default variant,8808,,false,true,100.0,,,,,,,,1428000.0,1428000.0,Default option,Default,,
,parfum-item-8806,Bleu De Chanel Parfum,Product,,published,,150.0,,,,,,,,,,,,,true,item_8806,,Default variant,8806,,false,true,150.0,,,,,,,,1639400.0,1639400.0,Default option,Default,,
,parfum-item-8799,Izia De Sisley,Product,,published,,100.0,,,,,,,,,,,,,true,item_8799,,Default variant,8799,,false,true,100.0,,,,,,,,1108800.0,1108800.0,Default option,Default,,
,parfum-item-8772,Romantic Victoria's Secret Splash,Product,,published,,250.0,,,,,,,,,,,,,true,item_8772,,Default variant,8772,,false,true,250.0,,,,,,,,117600.0,117600.0,Default option,Default,,
,parfum-item-8766,Pour Femme Oud Oriental De Versace,Product,,published,,100.0,,,,,,,,,,,,,true,item_8766,,Default variant,8766,,false,true,100.0,,,,,,,,567000.0,567000.0,Default option,Default,,
,parfum-item-8765,Thank U Next De Ariana Grande,Product,,published,,100.0,,,,,,,,,,,,,true,item_8765,,Default variant,8765,,false,true,100.0,,,,,,,,348600.0,348600.0,Default option,Default,,
,parfum-item-8764,Signorina De Ferragamo,Product,,published,,100.0,,,,,,,,,,,,,true,item_8764,,Default variant,8764,,false,true,100.0,,,,,,,,394800.0,394800.0,Default option,Default,,
,parfum-item-8761,Mia Me Mine Halloween,Product,,published,,100.0,,,,,,,,,,,,,true,item_8761,,Default variant,8761,,false,true,100.0,,,,,,,,183400.0,183400.0,Default option,Default,,
,parfum-item-8760,Gabrielle Essence De Chanel,Product,,published,,100.0,,,,,,,,,,,,,true,item_8760,,Default variant,8760,,false,true,100.0,,,,,,,,1339800.0,1339800.0,Default option,Default,,
,parfum-item-8745,Loveme De Tous,Product,,published,,90.0,,,,,,,,,,,,,true,item_8745,,Default variant,8745,,false,true,90.0,,,,,,,,403200.0,403200.0,Default option,Default,,
,parfum-item-8737,Unpredictable Girl De Glenn Perri,Product,,published,,100.0,,,,,,,,,,,,,true,item_8737,,Default variant,8737,,false,true,100.0,,,,,,,,172200.0,172200.0,Default option,Default,,
,parfum-item-8734,Keep Glazed De Thoo,Product,,published,,75.0,,,,,,,,,,,,,true,item_8734,,Default variant,8734,,false,true,75.0,,,,,,,,1003800.0,1003800.0,Default option,Default,,
,parfum-item-8729,Faconnable French Riviera,Product,,published,,90.0,,,,,,,,,,,,,true,item_8729,,Default variant,8729,,false,true,90.0,,,,,,,,238000.0,238000.0,Default option,Default,,
,parfum-item-8728,Faconnable Regatta Intense,Product,,published,,90.0,,,,,,,,,,,,,true,item_8728,,Default variant,8728,,false,true,90.0,,,,,,,,238000.0,238000.0,Default option,Default,,
,parfum-item-8722,Coach New York Blue,Product,,published,,100.0,,,,,,,,,,,,,true,item_8722,,Default variant,8722,,false,true,100.0,,,,,,,,354200.0,354200.0,Default option,Default,,
,parfum-item-8720,Baiser Vole Lys Rose De Cartier,Product,,published,,100.0,,,,,,,,,,,,,true,item_8720,,Default variant,8720,,false,true,100.0,,,,,,,,438200.0,438200.0,Default option,Default,,
,parfum-item-8719,Colors Man Blue De Benetton,Product,,published,,200.0,,,,,,,,,,,,,true,item_8719,,Default variant,8719,,false,true,200.0,,,,,,,,218400.0,218400.0,Default option,Default,,
,parfum-item-8718,Le Male Le Parfum De Jean Paul Gaultier,Product,,published,,125.0,,,,,,,,,,,,,true,item_8718,,Default variant,8718,,false,true,125.0,,,,,,,,624400.0,624400.0,Default option,Default,,
,parfum-item-8714,Fusion D'issey Issey Miyake,Product,,published,,100.0,,,,,,,,,,,,,true,item_8714,,Default variant,8714,,false,true,100.0,,,,,,,,424200.0,424200.0,Default option,Default,,
,parfum-item-8703,Versace Bright Crystal De Versace,Product,,published,,200.0,,,,,,,,,,,,,true,item_8703,,Default variant,8703,,false,true,200.0,,,,,,,,609000.0,609000.0,Default option,Default,,
,parfum-item-8702,Versace Eros,Product,,published,,100.0,,,,,,,,,,,,,true,item_8702,,Default variant,8702,,false,true,100.0,,,,,,,,417200.0,417200.0,Default option,Default,,
,parfum-item-8701,Rose Alba De Alexandre. J,Product,,published,,100.0,,,,,,,,,,,,,true,item_8701,,Default variant,8701,,false,true,100.0,,,,,,,,932400.0,932400.0,Default option,Default,,
,parfum-item-8687,The Move Express Yourself Mercedes Benz,Product,,published,,100.0,,,,,,,,,,,,,true,item_8687,,Default variant,8687,,false,true,100.0,,,,,,,,386400.0,386400.0,Default option,Default,,
,parfum-item-8677,Albane Noble Grand Palais,Product,,published,,100.0,,,,,,,,,,,,,true,item_8677,,Default variant,8677,,false,true,100.0,,,,,,,,211400.0,211400.0,Default option,Default,,
,parfum-item-8675,Il Benjua De Ilmin,Product,,published,,30.0,,,,,,,,,,,,,true,item_8675,,Default variant,8675,,false,true,30.0,,,,,,,,732200.0,732200.0,Default option,Default,,
,parfum-item-8669,Encre Noire Sport Lalique,Product,,published,,100.0,,,,,,,,,,,,,true,item_8669,,Default variant,8669,,false,true,100.0,,,,,,,,296800.0,296800.0,Default option,Default,,
,parfum-item-8666,Bad Boy De Carolina Herrera,Product,,published,,150.0,,,,,,,,,,,,,true,item_8666,,Default variant,8666,,false,true,150.0,,,,,,,,674800.0,674800.0,Default option,Default,,
,parfum-item-8648,Ultrared De Paco Rabanne,Product,,published,,100.0,,,,,,,,,,,,,true,item_8648,,Default variant,8648,,false,true,100.0,,,,,,,,371000.0,371000.0,Default option,Default,,
,parfum-item-8646,18 De Perry Ellis,Product,,published,,100.0,,,,,,,,,,,,,true,item_8646,,Default variant,8646,,false,true,100.0,,,,,,,,285600.0,285600.0,Default option,Default,,
,parfum-item-8643,Cuir Orientica De Al Haramain,Product,,published,,90.0,,,,,,,,,,,,,true,item_8643,,Default variant,8643,,false,true,90.0,,,,,,,,253400.0,253400.0,Default option,Default,,
,parfum-item-8642,Jimmy Choo Fever,Product,,published,,100.0,,,,,,,,,,,,,true,item_8642,,Default variant,8642,,false,true,100.0,,,,,,,,415800.0,415800.0,Default option,Default,,
,parfum-item-8637,Eternity Flame De Calvin Klein,Product,,published,,100.0,,,,,,,,,,,,,true,item_8637,,Default variant,8637,,false,true,100.0,,,,,,,,414400.0,414400.0,Default option,Default,,
,parfum-item-8627,Club De Nuit Sillage De Armaf,Product,,published,,105.0,,,,,,,,,,,,,true,item_8627,,Default variant,8627,,false,true,105.0,,,,,,,,341600.0,341600.0,Default option,Default,,
,parfum-item-8624,Yellow Diamond De Versace,Product,,published,,200.0,,,,,,,,,,,,,true,item_8624,,Default variant,8624,,false,true,200.0,,,,,,,,595000.0,595000.0,Default option,Default,,
,parfum-item-8608,K De Dolce & Gabbana,Product,,published,,150.0,,,,,,,,,,,,,true,item_8608,,Default variant,8608,,false,true,150.0,,,,,,,,751800.0,751800.0,Default option,Default,,
,parfum-item-8604,Park Avenue South De Bond No 9,Product,,published,,100.0,,,,,,,,,,,,,true,item_8604,,Default variant,8604,,false,true,100.0,,,,,,,,1090600.0,1090600.0,Default option,Default,,
,parfum-item-8597,Gucci Bloom,Product,,published,,100.0,,,,,,,,,,,,,true,item_8597,,Default variant,8597,,false,true,100.0,,,,,,,,656600.0,656600.0,Default option,Default,,
,parfum-item-8594,Lacoste Pour Femme De Lacoste,Product,,published,,90.0,,,,,,,,,,,,,true,item_8594,,Default variant,8594,,false,true,90.0,,,,,,,,415800.0,415800.0,Default option,Default,,
,parfum-item-8562,Cloud De Ariana Grande,Product,,published,,100.0,,,,,,,,,,,,,true,item_8562,,Default variant,8562,,false,true,100.0,,,,,,,,407400.0,407400.0,Default option,Default,,
,parfum-item-8543,Orientica Amber Rouge De Al Haramain,Product,,published,,80.0,,,,,,,,,,,,,true,item_8543,,Default variant,8543,,false,true,80.0,,,,,,,,487200.0,487200.0,Default option,Default,,
,parfum-item-8539,L'Homme Ideal De Guerlain,Product,,published,,100.0,,,,,,,,,,,,,true,item_8539,,Default variant,8539,,false,true,100.0,,,,,,,,859600.0,859600.0,Default option,Default,,
,parfum-item-8534,Perry 18 Orchid De Perry Ellis,Product,,published,,100.0,,,,,,,,,,,,,true,item_8534,,Default variant,8534,,false,true,100.0,,,,,,,,274400.0,274400.0,Default option,Default,,
,parfum-item-8531,Lapidus Pour Homme,Product,,published,,100.0,,,,,,,,,,,,,true,item_8531,,Default variant,8531,,false,true,100.0,,,,,,,,191800.0,191800.0,Default option,Default,,
,parfum-item-8529,El Paso De Lomani,Product,,published,,100.0,,,,,,,,,,,,,true,item_8529,,Default variant,8529,,false,true,100.0,,,,,,,,172200.0,172200.0,Default option,Default,,
,parfum-item-8528,Chez Bond No 9,Product,,published,,100.0,,,,,,,,,,,,,true,item_8528,,Default variant,8528,,false,true,100.0,,,,,,,,2304400.0,2304400.0,Default option,Default,,
,parfum-item-8523,Eros Pour Femme Versace,Product,,published,,100.0,,,,,,,,,,,,,true,item_8523,,Default variant,8523,,false,true,100.0,,,,,,,,410200.0,410200.0,Default option,Default,,
,parfum-item-8521,Insurrection Ii Pure Reyane Tradition,Product,,published,,90.0,,,,,,,,,,,,,true,item_8521,,Default variant,8521,,false,true,90.0,,,,,,,,229600.0,229600.0,Default option,Default,,
,parfum-item-8520,Desire Blue De Alfred Dunhill,Product,,published,,100.0,,,,,,,,,,,,,true,item_8520,,Default variant,8520,,false,true,100.0,,,,,,,,354200.0,354200.0,Default option,Default,,
,parfum-item-8517,Rose Oud De Alexandre. J,Product,,published,,100.0,,,,,,,,,,,,,true,item_8517,,Default variant,8517,,false,true,100.0,,,,,,,,936600.0,936600.0,Default option,Default,,
,parfum-item-8516,Zafeer Oud Vanille De Alexandre. J,Product,,published,,100.0,,,,,,,,,,,,,true,item_8516,,Default variant,8516,,false,true,100.0,,,,,,,,932400.0,932400.0,Default option,Default,,
,parfum-item-8514,Iris Violet De Alexandre. J,Product,,published,,100.0,,,,,,,,,,,,,true,item_8514,,Default variant,8514,,false,true,100.0,,,,,,,,936600.0,936600.0,Default option,Default,,
,parfum-item-8512,Joop! Homme,Product,,published,,200.0,,,,,,,,,,,,,true,item_8512,,Default variant,8512,,false,true,200.0,,,,,,,,295400.0,295400.0,Default option,Default,,
,parfum-item-8510,The Scent Of Peace Bond No 9,Product,,published,,100.0,,,,,,,,,,,,,true,item_8510,,Default variant,8510,,false,true,100.0,,,,,,,,1428000.0,1428000.0,Default option,Default,,
,parfum-item-8509,Nolita De Bond No 9,Product,,published,,100.0,,,,,,,,,,,,,true,item_8509,,Default variant,8509,,false,true,100.0,,,,,,,,2133600.0,2133600.0,Default option,Default,,
,parfum-item-8507,Bond St. Bond No 9,Product,,published,,100.0,,,,,,,,,,,,,true,item_8507,,Default variant,8507,,false,true,100.0,,,,,,,,1604400.0,1604400.0,Default option,Default,,
,parfum-item-8504,Nuit De Noho Bond No 9,Product,,published,,100.0,,,,,,,,,,,,,true,item_8504,,Default variant,8504,,false,true,100.0,,,,,,,,2095800.0,2095800.0,Default option,Default,,
,parfum-item-8503,Signature De Montblanc,Product,,published,,90.0,,,,,,,,,,,,,true,item_8503,,Default variant,8503,,false,true,90.0,,,,,,,,403200.0,403200.0,Default option,Default,,
,parfum-item-8490,Orientica Oud Saffron De Al Haramain,Product,,published,,80.0,,,,,,,,,,,,,true,item_8490,,Default variant,8490,,false,true,80.0,,,,,,,,564200.0,564200.0,Default option,Default,,
,parfum-item-8489,Orientica Royal Amber De Al Haramain,Product,,published,,80.0,,,,,,,,,,,,,true,item_8489,,Default variant,8489,,false,true,80.0,,,,,,,,501200.0,501200.0,Default option,Default,,
,parfum-item-8483,Gentle Elsatys De Reyane,Product,,published,,100.0,,,,,,,,,,,,,true,item_8483,,Default variant,8483,,false,true,100.0,,,,,,,,210000.0,210000.0,Default option,Default,,
,parfum-item-8481,K De Dolce & Gabbana,Product,,published,,100.0,,,,,,,,,,,,,true,item_8481,,Default variant,8481,,false,true,100.0,,,,,,,,588000.0,588000.0,Default option,Default,,
,parfum-item-8479,Cabotine De Gres,Product,,published,,100.0,,,,,,,,,,,,,true,item_8479,,Default variant,8479,,false,true,100.0,,,,,,,,172200.0,172200.0,Default option,Default,,
,parfum-item-8477,Burberry Her De Burberry,Product,,published,,100.0,,,,,,,,,,,,,true,item_8477,,Default variant,8477,,false,true,100.0,,,,,,,,674800.0,674800.0,Default option,Default,,
,parfum-item-8476,Burberry Her De Burberry EDP Intense,Product,,published,,100.0,,,,,,,,,,,,,true,item_8476,,Default variant,8476,,false,true,100.0,,,,,,,,743400.0,743400.0,Default option,Default,,
,parfum-item-8458,Pure Xs De Paco Rabanne,Product,,published,,150.0,,,,,,,,,,,,,true,item_8458,,Default variant,8458,,false,true,150.0,,,,,,,,666400.0,666400.0,Default option,Default,,
,parfum-item-8449,Omnia Golden Citrine Bvlgari,Product,,published,,65.0,,,,,,,,,,,,,true,item_8449,,Default variant,8449,,false,true,65.0,,,,,,,,495600.0,495600.0,Default option,Default,,
,parfum-item-8443,Arsenal Black De Gilles Cantuel,Product,,published,,100.0,,,,,,,,,,,,,true,item_8443,,Default variant,8443,,false,true,100.0,,,,,,,,172200.0,172200.0,Default option,Default,,
,parfum-item-8440,Joop! Homme,Product,,published,,125.0,,,,,,,,,,,,,true,item_8440,,Default variant,8440,,false,true,125.0,,,,,,,,243600.0,243600.0,Default option,Default,,
,parfum-item-8437,Red Scuderia Ferrari,Product,,published,,125.0,,,,,,,,,,,,,true,item_8437,,Default variant,8437,,false,true,125.0,,,,,,,,238000.0,238000.0,Default option,Default,,
,parfum-item-8435,Garden De Dolce & Gabbana,Product,,published,,75.0,,,,,,,,,,,,,true,item_8435,,Default variant,8435,,false,true,75.0,,,,,,,,695800.0,695800.0,Default option,Default,,
,parfum-item-8434,Contradiction De Calvin Klein,Product,,published,,100.0,,,,,,,,,,,,,true,item_8434,,Default variant,8434,,false,true,100.0,,,,,,,,247800.0,247800.0,Default option,Default,,
,parfum-item-8424,Spring Fling De Bond No 9,Product,,published,,100.0,,,,,,,,,,,,,true,item_8424,,Default variant,8424,,false,true,100.0,,,,,,,,2254000.0,2254000.0,Default option,Default,,
,parfum-item-8417,Dubai Amber De Bond No 9,Product,,published,,100.0,,,,,,,,,,,,,true,item_8417,,Default variant,8417,,false,true,100.0,,,,,,,,3038000.0,3038000.0,Default option,Default,,
,parfum-item-8325,Halston Classic De Halston,Product,,published,,100.0,,,,,,,,,,,,,true,item_8325,,Default variant,8325,,false,true,100.0,,,,,,,,215600.0,215600.0,Default option,Default,,
,parfum-item-8322,Morning Muscs De Alexandre. J,Product,,published,,100.0,,,,,,,,,,,,,true,item_8322,,Default variant,8322,,false,true,100.0,,,,,,,,936600.0,936600.0,Default option,Default,,
,parfum-item-8314,Pink Sugar Aquolina,Product,,published,,100.0,,,,,,,,,,,,,true,item_8314,,Default variant,8314,,false,true,100.0,,,,,,,,238000.0,238000.0,Default option,Default,,
,parfum-item-8410,Mercedes Benz Club Black,Product,,published,,100.0,,,,,,,,,,,,,true,item_8410,,Default variant,8410,,false,true,100.0,,,,,,,,343000.0,343000.0,Default option,Default,,
,parfum-item-8394,Opulent Sapphire De Al Haramain,Product,,published,,100.0,,,,,,,,,,,,,true,item_8394,,Default variant,8394,,false,true,100.0,,,,,,,,247800.0,247800.0,Default option,Default,,
,parfum-item-8374,Pink Rush De Paris Hilton,Product,,published,,100.0,,,,,,,,,,,,,true,item_8374,,Default variant,8374,,false,true,100.0,,,,,,,,322000.0,322000.0,Default option,Default,,
,parfum-item-8371,Sun Java White De Franck Olivier,Product,,published,,75.0,,,,,,,,,,,,,true,item_8371,,Default variant,8371,,false,true,75.0,,,,,,,,191800.0,191800.0,Default option,Default,,
,parfum-item-8365,Il Potion De Ilmin,Product,,published,,30.0,,,,,,,,,,,,,true,item_8365,,Default variant,8365,,false,true,30.0,,,,,,,,719600.0,719600.0,Default option,Default,,
,parfum-item-8362,Il Femme De Ilmin,Product,,published,,30.0,,,,,,,,,,,,,true,item_8362,,Default variant,8362,,false,true,30.0,,,,,,,,749000.0,749000.0,Default option,Default,,
,parfum-item-8361,Il Rose De Ilmin,Product,,published,,30.0,,,,,,,,,,,,,true,item_8361,,Default variant,8361,,false,true,30.0,,,,,,,,719600.0,719600.0,Default option,Default,,
,parfum-item-8360,Il Roso De Ilmin Para Mujer,Product,,published,,30.0,,,,,,,,,,,,,true,item_8360,,Default variant,8360,,false,true,30.0,,,,,,,,719600.0,719600.0,Default option,Default,,
,parfum-item-8359,Il Lonve De Ilmin,Product,,published,,30.0,,,,,,,,,,,,,true,item_8359,,Default variant,8359,,false,true,30.0,,,,,,,,728000.0,728000.0,Default option,Default,,
,parfum-item-8358,Il Cool De Ilmin,Product,,published,,30.0,,,,,,,,,,,,,true,item_8358,,Default variant,8358,,false,true,30.0,,,,,,,,732200.0,732200.0,Default option,Default,,
,parfum-item-8354,Il Dolce De Ilmin,Product,,published,,30.0,,,,,,,,,,,,,true,item_8354,,Default variant,8354,,false,true,30.0,,,,,,,,719600.0,719600.0,Default option,Default,,
,parfum-item-8348,Insurrection De Reyane Tradition,Product,,published,,100.0,,,,,,,,,,,,,true,item_8348,,Default variant,8348,,false,true,100.0,,,,,,,,191800.0,191800.0,Default option,Default,,
,parfum-item-8346,Il Blanc De Ilmin,Product,,published,,30.0,,,,,,,,,,,,,true,item_8346,,Default variant,8346,,false,true,30.0,,,,,,,,732200.0,732200.0,Default option,Default,,
,parfum-item-8345,Il Chaud De Ilmin,Product,,published,,30.0,,,,,,,,,,,,,true,item_8345,,Default variant,8345,,false,true,30.0,,,,,,,,732200.0,732200.0,Default option,Default,,
,parfum-item-8344,Il M√°le De Ilmin,Product,,published,,30.0,,,,,,,,,,,,,true,item_8344,,Default variant,8344,,false,true,30.0,,,,,,,,719600.0,719600.0,Default option,Default,,
,parfum-item-8343,Il Amour De Ilmin,Product,,published,,30.0,,,,,,,,,,,,,true,item_8343,,Default variant,8343,,false,true,30.0,,,,,,,,732200.0,732200.0,Default option,Default,,
,parfum-item-8342,Il Liscio De Ilmin,Product,,published,,30.0,,,,,,,,,,,,,true,item_8342,,Default variant,8342,,false,true,30.0,,,,,,,,719600.0,719600.0,Default option,Default,,
,parfum-item-8236,Coach New York For Men,Product,,published,,100.0,,,,,,,,,,,,,true,item_8236,,Default variant,8236,,false,true,100.0,,,,,,,,354200.0,354200.0,Default option,Default,,
,parfum-item-8234,Wind Wood De Mancera,Product,,published,,120.0,,,,,,,,,,,,,true,item_8234,,Default variant,8234,,false,true,120.0,,,,,,,,761600.0,761600.0,Default option,Default,,
,parfum-item-8233,Wild Python De Mancera,Product,,published,,120.0,,,,,,,,,,,,,true,item_8233,,Default variant,8233,,false,true,120.0,,,,,,,,761600.0,761600.0,Default option,Default,,
,parfum-item-8232,Wild Candy Mancera,Product,,published,,120.0,,,,,,,,,,,,,true,item_8232,,Default variant,8232,,false,true,120.0,,,,,,,,761600.0,761600.0,Default option,Default,,
,parfum-item-8231,Wave Musk Mancera,Product,,published,,120.0,,,,,,,,,,,,,true,item_8231,,Default variant,8231,,false,true,120.0,,,,,,,,761600.0,761600.0,Default option,Default,,
,parfum-item-8230,Soleil D'italie De Mancera,Product,,published,,120.0,,,,,,,,,,,,,true,item_8230,,Default variant,8230,,false,true,120.0,,,,,,,,761600.0,761600.0,Default option,Default,,
,parfum-item-8229,Gold Intensive Aoud De Mancera,Product,,published,,120.0,,,,,,,,,,,,,true,item_8229,,Default variant,8229,,false,true,120.0,,,,,,,,761600.0,761600.0,Default option,Default,,
,parfum-item-8228,Deep Forest De Mancera,Product,,published,,120.0,,,,,,,,,,,,,true,item_8228,,Default variant,8228,,false,true,120.0,,,,,,,,761600.0,761600.0,Default option,Default,,
,parfum-item-8227,Amber Fever De Mancera,Product,,published,,120.0,,,,,,,,,,,,,true,item_8227,,Default variant,8227,,false,true,120.0,,,,,,,,779800.0,779800.0,Default option,Default,,
,parfum-item-8226,Crazy For Oud De Mancera,Product,,published,,120.0,,,,,,,,,,,,,true,item_8226,,Default variant,8226,,false,true,120.0,,,,,,,,761600.0,761600.0,Default option,Default,,
,parfum-item-8225,Toy Boy De Moschino,Product,,published,,100.0,,,,,,,,,,,,,true,item_8225,,Default variant,8225,,false,true,100.0,,,,,,,,362600.0,362600.0,Default option,Default,,
,parfum-item-8224,Ck Everyone De Calvin Klein,Product,,published,,100.0,,,,,,,,,,,,,true,item_8224,,Default variant,8224,,false,true,100.0,,,,,,,,326200.0,326200.0,Default option,Default,,
,parfum-item-8222,Deep Blue Parfum De Ralph Lauren,Product,,published,,125.0,,,,,,,,,,,,,true,item_8222,,Default variant,8222,,false,true,125.0,,,,,,,,512400.0,512400.0,Default option,Default,,
,parfum-item-8221,Halston Z-14 Cologne,Product,,published,,125.0,,,,,,,,,,,,,true,item_8221,,Default variant,8221,,false,true,125.0,,,,,,,,191800.0,191800.0,Default option,Default,,
,parfum-item-8218,Goldea Rose Blossom Delight De Bvlgari,Product,,published,,75.0,,,,,,,,,,,,,true,item_8218,,Default variant,8218,,false,true,75.0,,,,,,,,809200.0,809200.0,Default option,Default,,
,parfum-item-8217,Amber Oud Gold Edition De Al Haramain Unisex,Product,,published,,120.0,,,,,,,,,,,,,true,item_8217,,Default variant,8217,,false,true,120.0,,,,,,,,425600.0,425600.0,Default option,Default,,
,parfum-item-8214,La Belle De Jean Paul Gaultier,Product,,published,,100.0,,,,,,,,,,,,,true,item_8214,,Default variant,8214,,false,true,100.0,,,,,,,,600600.0,600600.0,Default option,Default,,
,parfum-item-8208,Your Moments De Tous,Product,,published,,90.0,,,,,,,,,,,,,true,item_8208,,Default variant,8208,,false,true,90.0,,,,,,,,302400.0,302400.0,Default option,Default,,
,parfum-item-8200,1 Million Parfum De Paco Rabanne,Product,,published,,100.0,,,,,,,,,,,,,true,item_8200,,Default variant,8200,,false,true,100.0,,,,,,,,620200.0,620200.0,Default option,Default,,
,parfum-item-8199,Sweet Peony De Montale,Product,,published,,100.0,,,,,,,,,,,,,true,item_8199,,Default variant,8199,,false,true,100.0,,,,,,,,639800.0,639800.0,Default option,Default,,
,parfum-item-8197,Tropical Wood De Montale,Product,,published,,100.0,,,,,,,,,,,,,true,item_8197,,Default variant,8197,,false,true,100.0,,,,,,,,630000.0,630000.0,Default option,Default,,
,parfum-item-8196,Red Vetiver De Montale,Product,,published,,100.0,,,,,,,,,,,,,true,item_8196,,Default variant,8196,,false,true,100.0,,,,,,,,639800.0,639800.0,Default option,Default,,
,parfum-item-8195,Nepal Aoud De Montale,Product,,published,,100.0,,,,,,,,,,,,,true,item_8195,,Default variant,8195,,false,true,100.0,,,,,,,,630000.0,630000.0,Default option,Default,,
,parfum-item-8194,Fantastic Oud De Montale,Product,,published,,100.0,,,,,,,,,,,,,true,item_8194,,Default variant,8194,,false,true,100.0,,,,,,,,586600.0,586600.0,Default option,Default,,
,parfum-item-8193,Blue Amber De Montale,Product,,published,,100.0,,,,,,,,,,,,,true,item_8193,,Default variant,8193,,false,true,100.0,,,,,,,,630000.0,630000.0,Default option,Default,,
,parfum-item-8191,Intense Roses Musk De Montale,Product,,published,,100.0,,,,,,,,,,,,,true,item_8191,,Default variant,8191,,false,true,100.0,,,,,,,,693000.0,693000.0,Default option,Default,,
,parfum-item-8151,Legend De Montblanc,Product,,published,,200.0,,,,,,,,,,,,,true,item_8151,,Default variant,8151,,false,true,200.0,,,,,,,,415800.0,415800.0,Default option,Default,,
,parfum-item-8148,Creed Aventus For Her,Product,,published,,75.0,,,,,,,,,,,,,true,item_8148,,Default variant,8148,,false,true,75.0,,,,,,,,1586200.0,1586200.0,Default option,Default,,
,parfum-item-8130,Aoud Lemon Mint De Mancera,Product,,published,,120.0,,,,,,,,,,,,,true,item_8130,,Default variant,8130,,false,true,120.0,,,,,,,,779800.0,779800.0,Default option,Default,,
,parfum-item-8123,Hypnotic Poison De Dior,Product,,published,,50.0,,,,,,,,,,,,,true,item_8123,,Default variant,8123,,false,true,50.0,,,,,,,,399000.0,399000.0,Default option,Default,,
,parfum-item-8115,Vip Women De Cuba Paris,Product,,published,,100.0,,,,,,,,,,,,,true,item_8115,,Default variant,8115,,false,true,100.0,,,,,,,,107800.0,107800.0,Default option,Default,,
,parfum-item-8114,L¬•aventure Femme De Al Haramain,Product,,published,,200.0,,,,,,,,,,,,,true,item_8114,,Default variant,8114,,false,true,200.0,,,,,,,,403200.0,403200.0,Default option,Default,,
,parfum-item-8112,Halloween Magic,Product,,published,,100.0,,,,,,,,,,,,,true,item_8112,,Default variant,8112,,false,true,100.0,,,,,,,,274400.0,274400.0,Default option,Default,,
,parfum-item-8104,Velvet Vainilla Mancera,Product,,published,,120.0,,,,,,,,,,,,,true,item_8104,,Default variant,8104,,false,true,120.0,,,,,,,,674800.0,674800.0,Default option,Default,,
,parfum-item-8099,Fougeres Marines De Montale,Product,,published,,100.0,,,,,,,,,,,,,true,item_8099,,Default variant,8099,,false,true,100.0,,,,,,,,630000.0,630000.0,Default option,Default,,
,parfum-item-8098,Embruns D'essaouira De Montale,Product,,published,,100.0,,,,,,,,,,,,,true,item_8098,,Default variant,8098,,false,true,100.0,,,,,,,,630000.0,630000.0,Default option,Default,,
,parfum-item-8095,Uomo Urban Feel De Salvatore Ferragamo,Product,,published,,100.0,,,,,,,,,,,,,true,item_8095,,Default variant,8095,,false,true,100.0,,,,,,,,334600.0,334600.0,Default option,Default,,
,parfum-item-8094,Ck In 2U De Calvin Klein,Product,,published,,100.0,,,,,,,,,,,,,true,item_8094,,Default variant,8094,,false,true,100.0,,,,,,,,218400.0,218400.0,Default option,Default,,
,parfum-item-8093,L¬•aventure Femme De Al Haramain,Product,,published,,100.0,,,,,,,,,,,,,true,item_8093,,Default variant,8093,,false,true,100.0,,,,,,,,306600.0,306600.0,Default option,Default,,
,parfum-item-8090,Happy Moments De Tous,Product,,published,,90.0,,,,,,,,,,,,,true,item_8090,,Default variant,8090,,false,true,90.0,,,,,,,,326200.0,326200.0,Default option,Default,,
,parfum-item-8087,Black Orchid De Tom Ford,Product,,published,,100.0,,,,,,,,,,,,,true,item_8087,,Default variant,8087,,false,true,100.0,,,,,,,,1356600.0,1356600.0,Default option,Default,,
,parfum-item-8079,Glistening Amber Juicy Couture,Product,,published,,100.0,,,,,,,,,,,,,true,item_8079,,Default variant,8079,,false,true,100.0,,,,,,,,359800.0,359800.0,Default option,Default,,
,parfum-item-8077,Le Beau De Jean Paul Gaultier,Product,,published,,125.0,,,,,,,,,,,,,true,item_8077,,Default variant,8077,,false,true,125.0,,,,,,,,610400.0,610400.0,Default option,Default,,
,parfum-item-8076,Sauvage Parfum De Dior,Product,,published,,100.0,,,,,,,,,,,,,true,item_8076,,Default variant,8076,,false,true,100.0,,,,,,,,1191400.0,1191400.0,Default option,Default,,
,parfum-item-8055,Aoud Cuir D'arabie De Montale,Product,,published,,100.0,,,,,,,,,,,,,true,item_8055,,Default variant,8055,,false,true,100.0,,,,,,,,639800.0,639800.0,Default option,Default,,
,parfum-item-8054,Spicebomb Viktor & Rolf,Product,,published,,90.0,,,,,,,,,,,,,true,item_8054,,Default variant,8054,,false,true,90.0,,,,,,,,442400.0,442400.0,Default option,Default,,
,parfum-item-8044,Rochas Man,Product,,published,,100.0,,,,,,,,,,,,,true,item_8044,,Default variant,8044,,false,true,100.0,,,,,,,,376600.0,376600.0,Default option,Default,,
,parfum-item-8041,Escape De Calvin Klein,Product,,published,,100.0,,,,,,,,,,,,,true,item_8041,,Default variant,8041,,false,true,100.0,,,,,,,,313600.0,313600.0,Default option,Default,,
,parfum-item-8038,Light Blue Dolce & Gabbana,Product,,published,,200.0,,,,,,,,,,,,,true,item_8038,,Default variant,8038,,false,true,200.0,,,,,,,,604800.0,604800.0,Default option,Default,,
,parfum-item-8037,Club De Nuit Urban Man De Armaf,Product,,published,,105.0,,,,,,,,,,,,,true,item_8037,,Default variant,8037,,false,true,105.0,,,,,,,,268800.0,268800.0,Default option,Default,,
,parfum-item-8034,Amber Oud Rouge Al Haramain,Product,,published,,60.0,,,,,,,,,,,,,true,item_8034,,Default variant,8034,,false,true,60.0,,,,,,,,429800.0,429800.0,Default option,Default,,
,parfum-item-8033,Stronger With You Intensely Emporio Armani,Product,,published,,100.0,,,,,,,,,,,,,true,item_8033,,Default variant,8033,,false,true,100.0,,,,,,,,770000.0,770000.0,Default option,Default,,
,parfum-item-8031,Daisy Love De Marc Jacobs,Product,,published,,100.0,,,,,,,,,,,,,true,item_8031,,Default variant,8031,,false,true,100.0,,,,,,,,613200.0,613200.0,Default option,Default,,
,parfum-item-8030,Club De Nuit Milestone Armaf,Product,,published,,105.0,,,,,,,,,,,,,true,item_8030,,Default variant,8030,,false,true,105.0,,,,,,,,316400.0,316400.0,Default option,Default,,
,parfum-item-8029,Club De Nuit Intense Man De Armaf,Product,,published,,200.0,,,,,,,,,,,,,true,item_8029,,Default variant,8029,,false,true,200.0,,,,,,,,428400.0,428400.0,Default option,Default,,
,parfum-item-8028,Ck Man De Calvin Klein,Product,,published,,100.0,,,,,,,,,,,,,true,item_8028,,Default variant,8028,,false,true,100.0,,,,,,,,259000.0,259000.0,Default option,Default,,
,parfum-item-8026,My Burberry Blush,Product,,published,,90.0,,,,,,,,,,,,,true,item_8026,,Default variant,8026,,false,true,90.0,,,,,,,,712600.0,712600.0,Default option,Default,,
,parfum-item-8021,United Dreams Love Yourself Benetton,Product,,published,,80.0,,,,,,,,,,,,,true,item_8021,,Default variant,8021,,false,true,80.0,,,,,,,,210000.0,210000.0,Default option,Default,,
,parfum-item-8020,L¬•aventure Blanche Al Haramain,Product,,published,,200.0,,,,,,,,,,,,,true,item_8020,,Default variant,8020,,false,true,200.0,,,,,,,,429800.0,429800.0,Default option,Default,,
,parfum-item-8019,United Dreams Live Free De Benetton,Product,,published,,80.0,,,,,,,,,,,,,true,item_8019,,Default variant,8019,,false,true,80.0,,,,,,,,191800.0,191800.0,Default option,Default,,
,parfum-item-8018,Woman Rose United Colors De Benetton,Product,,published,,80.0,,,,,,,,,,,,,true,item_8018,,Default variant,8018,,false,true,80.0,,,,,,,,182000.0,182000.0,Default option,Default,,
,parfum-item-8015,Sand Aoud De Mancera Unisex,Product,,published,,120.0,,,,,,,,,,,,,true,item_8015,,Default variant,8015,,false,true,120.0,,,,,,,,761600.0,761600.0,Default option,Default,,
,parfum-item-8014,So Blue De Mancera Unisex,Product,,published,,120.0,,,,,,,,,,,,,true,item_8014,,Default variant,8014,,false,true,120.0,,,,,,,,761600.0,761600.0,Default option,Default,,
,parfum-item-8012,United Dream Aim High De Benetton,Product,,published,,100.0,,,,,,,,,,,,,true,item_8012,,Default variant,8012,,false,true,100.0,,,,,,,,193200.0,193200.0,Default option,Default,,
,parfum-item-7997,Roses Jasmine De Mancera Unisex,Product,,published,,120.0,,,,,,,,,,,,,true,item_7997,,Default variant,7997,,false,true,120.0,,,,,,,,761600.0,761600.0,Default option,Default,,
,parfum-item-7996,Precious Oud De Mancera Unisex,Product,,published,,120.0,,,,,,,,,,,,,true,item_7996,,Default variant,7996,,false,true,120.0,,,,,,,,761600.0,761600.0,Default option,Default,,
,parfum-item-7994,Aoud Blue Notes De Mancera Unisex,Product,,published,,120.0,,,,,,,,,,,,,true,item_7994,,Default variant,7994,,false,true,120.0,,,,,,,,761600.0,761600.0,Default option,Default,,
,parfum-item-7914,Club De Nuit Intense De Armaf,Product,,published,,105.0,,,,,,,,,,,,,true,item_7914,,Default variant,7914,,false,true,105.0,,,,,,,,266000.0,266000.0,Default option,Default,,
,parfum-item-7912,Spring Flower Creed,Product,,published,,75.0,,,,,,,,,,,,,true,item_7912,,Default variant,7912,,false,true,75.0,,,,,,,,1356600.0,1356600.0,Default option,Default,,
,parfum-item-7907,Eros Flame De Versace,Product,,published,,200.0,,,,,,,,,,,,,true,item_7907,,Default variant,7907,,false,true,200.0,,,,,,,,600600.0,600600.0,Default option,Default,,
,parfum-item-7903,Jean Pascal Repuesto,Product,,published,,120.0,,,,,,,,,,,,,true,item_7903,,Default variant,7903,,false,true,120.0,,,,,,,,247800.0,247800.0,Default option,Default,,
,parfum-item-7901,Noir L.12.12. Lacoste,Product,,published,,100.0,,,,,,,,,,,,,true,item_7901,,Default variant,7901,,false,true,100.0,,,,,,,,407400.0,407400.0,Default option,Default,,
,parfum-item-7893,Hypnotic Poison De Dior,Product,,published,,100.0,,,,,,,,,,,,,true,item_7893,,Default variant,7893,,false,true,100.0,,,,,,,,823200.0,823200.0,Default option,Default,,
,parfum-item-7892,Guess Man Gold,Product,,published,,75.0,,,,,,,,,,,,,true,item_7892,,Default variant,7892,,false,true,75.0,,,,,,,,217000.0,217000.0,Default option,Default,,
,parfum-item-7889,Guess Man De Guess,Product,,published,,75.0,,,,,,,,,,,,,true,item_7889,,Default variant,7889,,false,true,75.0,,,,,,,,210000.0,210000.0,Default option,Default,,
,parfum-item-7886,Gucci Rush De Gucci,Product,,published,,75.0,,,,,,,,,,,,,true,item_7886,,Default variant,7886,,false,true,75.0,,,,,,,,424200.0,424200.0,Default option,Default,,
,parfum-item-7885,F De Salvatore Ferragamo,Product,,published,,100.0,,,,,,,,,,,,,true,item_7885,,Default variant,7885,,false,true,100.0,,,,,,,,296800.0,296800.0,Default option,Default,,
,parfum-item-7883,Eternity Aqua For Men De Calvin Klein,Product,,published,,100.0,,,,,,,,,,,,,true,item_7883,,Default variant,7883,,false,true,100.0,,,,,,,,306600.0,306600.0,Default option,Default,,
,parfum-item-7877,The Only One De Dolce & Gabbana,Product,,published,,100.0,,,,,,,,,,,,,true,item_7877,,Default variant,7877,,false,true,100.0,,,,,,,,651000.0,651000.0,Default option,Default,,
,parfum-item-7873,K De Dolce & Gabbana,Product,,published,,150.0,,,,,,,,,,,,,true,item_7873,,Default variant,7873,,false,true,150.0,,,,,,,,658000.0,658000.0,Default option,Default,,
,parfum-item-7872,K De Dolce & Gabbana,Product,,published,,100.0,,,,,,,,,,,,,true,item_7872,,Default variant,7872,,false,true,100.0,,,,,,,,387800.0,387800.0,Default option,Default,,
,parfum-item-7871,Cr7 De Cristiano Ronaldo,Product,,published,,100.0,,,,,,,,,,,,,true,item_7871,,Default variant,7871,,false,true,100.0,,,,,,,,285600.0,285600.0,Default option,Default,,
,parfum-item-7870,Coach Floral Blush De Coach New York,Product,,published,,90.0,,,,,,,,,,,,,true,item_7870,,Default variant,7870,,false,true,90.0,,,,,,,,415800.0,415800.0,Default option,Default,,
,parfum-item-7869,Coach Floral De Coach New York,Product,,published,,90.0,,,,,,,,,,,,,true,item_7869,,Default variant,7869,,false,true,90.0,,,,,,,,415800.0,415800.0,Default option,Default,,
,parfum-item-7860,Man De Jimmy Choo,Product,,published,,100.0,,,,,,,,,,,,,true,item_7860,,Default variant,7860,,false,true,100.0,,,,,,,,399000.0,399000.0,Default option,Default,,
,parfum-item-7859,Man Intense De Jimmy Choo,Product,,published,,100.0,,,,,,,,,,,,,true,item_7859,,Default variant,7859,,false,true,100.0,,,,,,,,529200.0,529200.0,Default option,Default,,
,parfum-item-7858,Jean Pascal Caja,Product,,published,,180.0,,,,,,,,,,,,,true,item_7858,,Default variant,7858,,false,true,180.0,,,,,,,,302400.0,302400.0,Default option,Default,,
,parfum-item-7856,Ch L'eau De Carolina Herrera,Product,,published,,150.0,,,,,,,,,,,,,true,item_7856,,Default variant,7856,,false,true,150.0,,,,,,,,693000.0,693000.0,Default option,Default,,
,parfum-item-7854,Ck Be De Calvin Klein,Product,,published,,100.0,,,,,,,,,,,,,true,item_7854,,Default variant,7854,,false,true,100.0,,,,,,,,238000.0,238000.0,Default option,Default,,
,parfum-item-7852,L¬•aventure De Al Haramain,Product,,published,,200.0,,,,,,,,,,,,,true,item_7852,,Default variant,7852,,false,true,200.0,,,,,,,,421400.0,421400.0,Default option,Default,,
,parfum-item-7831,Black Opium Ysl Yves Saint Laurent,Product,,published,,90.0,,,,,,,,,,,,,true,item_7831,,Default variant,7831,,false,true,90.0,,,,,,,,816200.0,816200.0,Default option,Default,,
,parfum-item-7208,Red Giorgio De Beverly Hills,Product,,published,,90.0,,,,,,,,,,,,,true,item_7208,,Default variant,7208,,false,true,90.0,,,,,,,,238000.0,238000.0,Default option,Default,,
,parfum-item-7207,Reserve De Perry Ellis,Product,,published,,100.0,,,,,,,,,,,,,true,item_7207,,Default variant,7207,,false,true,100.0,,,,,,,,259000.0,259000.0,Default option,Default,,
,parfum-item-7198,Eau De Lacoste L12.12 Pour Elle French Panache,Product,,published,,90.0,,,,,,,,,,,,,true,item_7198,,Default variant,7198,,false,true,90.0,,,,,,,,344400.0,344400.0,Default option,Default,,
,parfum-item-7192,Pink Roses De Mancera,Product,,published,,120.0,,,,,,,,,,,,,true,item_7192,,Default variant,7192,,false,true,120.0,,,,,,,,761600.0,761600.0,Default option,Default,,
,parfum-item-7191,Musky Garden De Mancera,Product,,published,,120.0,,,,,,,,,,,,,true,item_7191,,Default variant,7191,,false,true,120.0,,,,,,,,800800.0,800800.0,Default option,Default,,
,parfum-item-7190,Musk Of Flowers De Mancera,Product,,published,,120.0,,,,,,,,,,,,,true,item_7190,,Default variant,7190,,false,true,120.0,,,,,,,,711200.0,711200.0,Default option,Default,,
,parfum-item-7189,Amber & Roses De Mancera,Product,,published,,120.0,,,,,,,,,,,,,true,item_7189,,Default variant,7189,,false,true,120.0,,,,,,,,761600.0,761600.0,Default option,Default,,
,parfum-item-7188,Sicily De Mancera,Product,,published,,120.0,,,,,,,,,,,,,true,item_7188,,Default variant,7188,,false,true,120.0,,,,,,,,779800.0,779800.0,Default option,Default,,
,parfum-item-7187,Wild Fruits De Mancera,Product,,published,,120.0,,,,,,,,,,,,,true,item_7187,,Default variant,7187,,false,true,120.0,,,,,,,,761600.0,761600.0,Default option,Default,,
,parfum-item-7186,Ultra Male Jean Paul Gaultier 125  Intense Hombre EDT,Product,,published,,125.0,,,,,,,,,,,,,true,item_7186,,Default variant,7186,,false,true,125.0,,,,,,,,674800.0,674800.0,Default option,Default,,
,parfum-item-7171,Club De Nuit Woman De Armaf,Product,,published,,105.0,,,,,,,,,,,,,true,item_7171,,Default variant,7171,,false,true,105.0,,,,,,,,285600.0,285600.0,Default option,Default,,
,parfum-item-7146,Pasha Edition Noire Sport De Cartier,Product,,published,,100.0,,,,,,,,,,,,,true,item_7146,,Default variant,7146,,false,true,100.0,,,,,,,,495600.0,495600.0,Default option,Default,,
,parfum-item-7145,N¬∞5 Eau Premi√©re De Chanel,Product,,published,,100.0,,,,,,,,,,,,,true,item_7145,,Default variant,7145,,false,true,100.0,,,,,,,,824600.0,824600.0,Default option,Default,,
,parfum-item-6747,Himalaya De Creed,Product,,published,,100.0,,,,,,,,,,,,,true,item_6747,,Default variant,6747,,false,true,100.0,,,,,,,,1674400.0,1674400.0,Default option,Default,,
,parfum-item-6746,Chocolate Greedy De Montale Paris,Product,,published,,100.0,,,,,,,,,,,,,true,item_6746,,Default variant,6746,,false,true,100.0,,,,,,,,621600.0,621600.0,Default option,Default,,
,parfum-item-6745,Boise Fruite De Montale Paris,Product,,published,,100.0,,,,,,,,,,,,,true,item_6745,,Default variant,6745,,false,true,100.0,,,,,,,,674800.0,674800.0,Default option,Default,,
,parfum-item-6743,Aqua Gold De Montale Paris,Product,,published,,100.0,,,,,,,,,,,,,true,item_6743,,Default variant,6743,,false,true,100.0,,,,,,,,639800.0,639800.0,Default option,Default,,
,parfum-item-6740,Aoud Greedy De Montale Paris,Product,,published,,100.0,,,,,,,,,,,,,true,item_6740,,Default variant,6740,,false,true,100.0,,,,,,,,624400.0,624400.0,Default option,Default,,
,parfum-item-6739,Lemon Line De Mancera,Product,,published,,120.0,,,,,,,,,,,,,true,item_6739,,Default variant,6739,,false,true,120.0,,,,,,,,761600.0,761600.0,Default option,Default,,
,parfum-item-6738,Kumkat Wood De Mancera,Product,,published,,120.0,,,,,,,,,,,,,true,item_6738,,Default variant,6738,,false,true,120.0,,,,,,,,761600.0,761600.0,Default option,Default,,
,parfum-item-6737,Jardin Exclusif De Mancera,Product,,published,,120.0,,,,,,,,,,,,,true,item_6737,,Default variant,6737,,false,true,120.0,,,,,,,,674800.0,674800.0,Default option,Default,,
,parfum-item-6736,Instant Crush De Mancera,Product,,published,,120.0,,,,,,,,,,,,,true,item_6736,,Default variant,6736,,false,true,120.0,,,,,,,,729400.0,729400.0,Default option,Default,,
,parfum-item-6735,Holidays De Mancera,Product,,published,,120.0,,,,,,,,,,,,,true,item_6735,,Default variant,6735,,false,true,120.0,,,,,,,,728000.0,728000.0,Default option,Default,,
,parfum-item-6734,Cedrat Boise De Mancera,Product,,published,,120.0,,,,,,,,,,,,,true,item_6734,,Default variant,6734,,false,true,120.0,,,,,,,,637000.0,637000.0,Default option,Default,,
,parfum-item-6733,Fidi De Bond No 9,Product,,published,,100.0,,,,,,,,,,,,,true,item_6733,,Default variant,6733,,false,true,100.0,,,,,,,,1789200.0,1789200.0,Default option,Default,,
,parfum-item-6727,Dubai Garnet De Bond No 9,Product,,published,,100.0,,,,,,,,,,,,,true,item_6727,,Default variant,6727,,false,true,100.0,,,,,,,,2549400.0,2549400.0,Default option,Default,,
,parfum-item-6721,Electrify De Paris Hilton 100 Mujer EDP,Product,,published,,100.0,,,,,,,,,,,,,true,item_6721,,Default variant,6721,,false,true,100.0,,,,,,,,231000.0,231000.0,Default option,Default,,
,parfum-item-6719,La Vie Est Belle En Rose De Lancome,Product,,published,,100.0,,,,,,,,,,,,,true,item_6719,,Default variant,6719,,false,true,100.0,,,,,,,,959000.0,959000.0,Default option,Default,,
,parfum-item-6716,Gold Prestigium De Mancera,Product,,published,,120.0,,,,,,,,,,,,,true,item_6716,,Default variant,6716,,false,true,120.0,,,,,,,,779800.0,779800.0,Default option,Default,,
,parfum-item-6715,Gold Incense De Mancera,Product,,published,,120.0,,,,,,,,,,,,,true,item_6715,,Default variant,6715,,false,true,120.0,,,,,,,,655200.0,655200.0,Default option,Default,,
,parfum-item-6714,Coco Vanille De Mancera,Product,,published,,120.0,,,,,,,,,,,,,true,item_6714,,Default variant,6714,,false,true,120.0,,,,,,,,761600.0,761600.0,Default option,Default,,
,parfum-item-6713,Black Vanilla De Mancera,Product,,published,,120.0,,,,,,,,,,,,,true,item_6713,,Default variant,6713,,false,true,120.0,,,,,,,,761600.0,761600.0,Default option,Default,,
,parfum-item-6712,Aoud Forest De Montale Paris,Product,,published,,100.0,,,,,,,,,,,,,true,item_6712,,Default variant,6712,,false,true,100.0,,,,,,,,695800.0,695800.0,Default option,Default,,
,parfum-item-6709,Guess Gold De Guess,Product,,published,,75.0,,,,,,,,,,,,,true,item_6709,,Default variant,6709,,false,true,75.0,,,,,,,,238000.0,238000.0,Default option,Default,,
,parfum-item-6706,Twilly D'hermes De Hermes Paris,Product,,published,,85.0,,,,,,,,,,,,,true,item_6706,,Default variant,6706,,false,true,85.0,,,,,,,,586600.0,586600.0,Default option,Default,,
,parfum-item-6705,Alien Man De Mugler,Product,,published,,100.0,,,,,,,,,,,,,true,item_6705,,Default variant,6705,,false,true,100.0,,,,,,,,326200.0,326200.0,Default option,Default,,
,parfum-item-6700,Black Prestigium De Mancera,Product,,published,,125.0,,,,,,,,,,,,,true,item_6700,,Default variant,6700,,false,true,125.0,,,,,,,,761600.0,761600.0,Default option,Default,,
,parfum-item-6699,Black Line De Mancera,Product,,published,,120.0,,,,,,,,,,,,,true,item_6699,,Default variant,6699,,false,true,120.0,,,,,,,,729400.0,729400.0,Default option,Default,,
,parfum-item-6698,Black Gold De Mancera,Product,,published,,120.0,,,,,,,,,,,,,true,item_6698,,Default variant,6698,,false,true,120.0,,,,,,,,729400.0,729400.0,Default option,Default,,
,parfum-item-6697,Aoud Violet De Mancera,Product,,published,,120.0,,,,,,,,,,,,,true,item_6697,,Default variant,6697,,false,true,120.0,,,,,,,,687400.0,687400.0,Default option,Default,,
,parfum-item-6696,Aoud Vanille De Mancera,Product,,published,,120.0,,,,,,,,,,,,,true,item_6696,,Default variant,6696,,false,true,120.0,,,,,,,,674800.0,674800.0,Default option,Default,,
,parfum-item-6695,Aoud Orchid De Mancera,Product,,published,,120.0,,,,,,,,,,,,,true,item_6695,,Default variant,6695,,false,true,120.0,,,,,,,,688800.0,688800.0,Default option,Default,,
,parfum-item-6694,Aoud Line De Mancera,Product,,published,,120.0,,,,,,,,,,,,,true,item_6694,,Default variant,6694,,false,true,120.0,,,,,,,,761600.0,761600.0,Default option,Default,,
,parfum-item-6693,Aoud Exclusif De Mancera,Product,,published,,120.0,,,,,,,,,,,,,true,item_6693,,Default variant,6693,,false,true,120.0,,,,,,,,764400.0,764400.0,Default option,Default,,
,parfum-item-6671,Women De Calvin Klein,Product,,published,,100.0,,,,,,,,,,,,,true,item_6671,,Default variant,6671,,false,true,100.0,,,,,,,,462000.0,462000.0,Default option,Default,,
,parfum-item-6660,Black Edition De Bentley,Product,,published,,100.0,,,,,,,,,,,,,true,item_6660,,Default variant,6660,,false,true,100.0,,,,,,,,301000.0,301000.0,Default option,Default,,
,parfum-item-6635,Floral Touch So Fresh De Tous,Product,,published,,100.0,,,,,,,,,,,,,true,item_6635,,Default variant,6635,,false,true,100.0,,,,,,,,334600.0,334600.0,Default option,Default,,
,parfum-item-6634,Still De Jennifer Lopez,Product,,published,,100.0,,,,,,,,,,,,,true,item_6634,,Default variant,6634,,false,true,100.0,,,,,,,,296800.0,296800.0,Default option,Default,,
,parfum-item-6633,Versace Woman De Versace,Product,,published,,100.0,,,,,,,,,,,,,true,item_6633,,Default variant,6633,,false,true,100.0,,,,,,,,393400.0,393400.0,Default option,Default,,
,parfum-item-6624,Quorum De Antonio Puig,Product,,published,,100.0,,,,,,,,,,,,,true,item_6624,,Default variant,6624,,false,true,100.0,,,,,,,,172200.0,172200.0,Default option,Default,,
,parfum-item-6623,Hugo Reversed De Hugo Boss,Product,,published,,125.0,,,,,,,,,,,,,true,item_6623,,Default variant,6623,,false,true,125.0,,,,,,,,306600.0,306600.0,Default option,Default,,
,parfum-item-6609,Declaration De Cartier,Product,,published,,150.0,,,,,,,,,,,,,true,item_6609,,Default variant,6609,,false,true,150.0,,,,,,,,604800.0,604800.0,Default option,Default,,
,parfum-item-6600,Victory De Cuba Paris,Product,,published,,100.0,,,,,,,,,,,,,true,item_6600,,Default variant,6600,,false,true,100.0,,,,,,,,107800.0,107800.0,Default option,Default,,
,parfum-item-6599,Shadow De Cuba Paris,Product,,published,,100.0,,,,,,,,,,,,,true,item_6599,,Default variant,6599,,false,true,100.0,,,,,,,,138600.0,138600.0,Default option,Default,,
,parfum-item-6598,La Vida De Cuba Paris,Product,,published,,100.0,,,,,,,,,,,,,true,item_6598,,Default variant,6598,,false,true,100.0,,,,,,,,138600.0,138600.0,Default option,Default,,
,parfum-item-6595,For Her De Narciso Rodriguez,Product,,published,,100.0,,,,,,,,,,,,,true,item_6595,,Default variant,6595,,false,true,100.0,,,,,,,,604800.0,604800.0,Default option,Default,,
,parfum-item-6594,Must De Cartier,Product,,published,,100.0,,,,,,,,,,,,,true,item_6594,,Default variant,6594,,false,true,100.0,,,,,,,,743400.0,743400.0,Default option,Default,,
,parfum-item-6592,Sweet Vainilla De Montale Paris,Product,,published,,100.0,,,,,,,,,,,,,true,item_6592,,Default variant,6592,,false,true,100.0,,,,,,,,621600.0,621600.0,Default option,Default,,
,parfum-item-6588,The One De Dolce & Gabbana,Product,,published,,100.0,,,,,,,,,,,,,true,item_6588,,Default variant,6588,,false,true,100.0,,,,,,,,499800.0,499800.0,Default option,Default,,
,parfum-item-6586,Bad Boy De Carolina Herrera,Product,,published,,100.0,,,,,,,,,,,,,true,item_6586,,Default variant,6586,,false,true,100.0,,,,,,,,586600.0,586600.0,Default option,Default,,
,parfum-item-6571,Le Parfum De Mercedes Benz,Product,,published,,120.0,,,,,,,,,,,,,true,item_6571,,Default variant,6571,,false,true,120.0,,,,,,,,372400.0,372400.0,Default option,Default,,
,parfum-item-6570,Mediterraneo De Antonio Banderas,Product,,published,,200.0,,,,,,,,,,,,,true,item_6570,,Default variant,6570,,false,true,200.0,,,,,,,,210000.0,210000.0,Default option,Default,,
,parfum-item-6569,Mediterraneo De Antonio Banderas,Product,,published,,100.0,,,,,,,,,,,,,true,item_6569,,Default variant,6569,,false,true,100.0,,,,,,,,172200.0,172200.0,Default option,Default,,
,parfum-item-6567,Grey Flannel De Geoffrey Beene,Product,,published,,120.0,,,,,,,,,,,,,true,item_6567,,Default variant,6567,,false,true,120.0,,,,,,,,172200.0,172200.0,Default option,Default,,
,parfum-item-6566,Uomo De Salvatore Ferragamo,Product,,published,,100.0,,,,,,,,,,,,,true,item_6566,,Default variant,6566,,false,true,100.0,,,,,,,,344400.0,344400.0,Default option,Default,,
,parfum-item-6565,Fahrenheit De Christian Dior,Product,,published,,200.0,,,,,,,,,,,,,true,item_6565,,Default variant,6565,,false,true,200.0,,,,,,,,884800.0,884800.0,Default option,Default,,
,parfum-item-6560,Loewe Solo Origami De Loewe,Product,,published,,100.0,,,,,,,,,,,,,true,item_6560,,Default variant,6560,,false,true,100.0,,,,,,,,470400.0,470400.0,Default option,Default,,
,parfum-item-6556,Signorina Ribelle De Ferragamo,Product,,published,,100.0,,,,,,,,,,,,,true,item_6556,,Default variant,6556,,false,true,100.0,,,,,,,,368200.0,368200.0,Default option,Default,,
,parfum-item-6555,Shuhrah Pour Homme De Rasasi,Product,,published,,90.0,,,,,,,,,,,,,true,item_6555,,Default variant,6555,,false,true,90.0,,,,,,,,326200.0,326200.0,Default option,Default,,
,parfum-item-6517,Ck In 2U For Him De Calvin Klein,Product,,published,,100.0,,,,,,,,,,,,,true,item_6517,,Default variant,6517,,false,true,100.0,,,,,,,,218400.0,218400.0,Default option,Default,,
,parfum-item-6515,Pretty Fruity De Montale Paris,Product,,published,,100.0,,,,,,,,,,,,,true,item_6515,,Default variant,6515,,false,true,100.0,,,,,,,,621600.0,621600.0,Default option,Default,,
,parfum-item-6513,Intense Cherry De Montale Paris,Product,,published,,100.0,,,,,,,,,,,,,true,item_6513,,Default variant,6513,,false,true,100.0,,,,,,,,639800.0,639800.0,Default option,Default,,
,parfum-item-6511,Arabians De Montale Paris,Product,,published,,100.0,,,,,,,,,,,,,true,item_6511,,Default variant,6511,,false,true,100.0,,,,,,,,621600.0,621600.0,Default option,Default,,
,parfum-item-6509,Guess 1981 Los Angeles De Guess,Product,,published,,100.0,,,,,,,,,,,,,true,item_6509,,Default variant,6509,,false,true,100.0,,,,,,,,238000.0,238000.0,Default option,Default,,
,parfum-item-6507,Guess 1981 For Men,Product,,published,,100.0,,,,,,,,,,,,,true,item_6507,,Default variant,6507,,false,true,100.0,,,,,,,,191800.0,191800.0,Default option,Default,,
,parfum-item-6503,The One De Dolce & Gabbana,Product,,published,,150.0,,,,,,,,,,,,,true,item_6503,,Default variant,6503,,false,true,150.0,,,,,,,,553000.0,553000.0,Default option,Default,,
,parfum-item-6488,Boss The Scent De Hugo Boss,Product,,published,,100.0,,,,,,,,,,,,,true,item_6488,,Default variant,6488,,false,true,100.0,,,,,,,,450800.0,450800.0,Default option,Default,,
,parfum-item-6484,Boss Bottled De Hugo Boss,Product,,published,,100.0,,,,,,,,,,,,,true,item_6484,,Default variant,6484,,false,true,100.0,,,,,,,,424200.0,424200.0,Default option,Default,,
,parfum-item-6481,Arsenal Platinum De Gilles Cantuel,Product,,published,,100.0,,,,,,,,,,,,,true,item_6481,,Default variant,6481,,false,true,100.0,,,,,,,,172200.0,172200.0,Default option,Default,,
,parfum-item-6476,Lady Million Empire De Paco Rabanne,Product,,published,,80.0,,,,,,,,,,,,,true,item_6476,,Default variant,6476,,false,true,80.0,,,,,,,,541800.0,541800.0,Default option,Default,,
,parfum-item-6460,Pure Blue De Perry Ellis,Product,,published,,100.0,,,,,,,,,,,,,true,item_6460,,Default variant,6460,,false,true,100.0,,,,,,,,226800.0,226800.0,Default option,Default,,
,parfum-item-6453,Platinum Rush De Paris Hilton,Product,,published,,100.0,,,,,,,,,,,,,true,item_6453,,Default variant,6453,,false,true,100.0,,,,,,,,263200.0,263200.0,Default option,Default,,
,parfum-item-6443,Get Ready De Adidas,Product,,published,,100.0,,,,,,,,,,,,,true,item_6443,,Default variant,6443,,false,true,100.0,,,,,,,,113400.0,113400.0,Default option,Default,,
,parfum-item-6442,Goldea The Roman Night Absolute De Bvlgari,Product,,published,,75.0,,,,,,,,,,,,,true,item_6442,,Default variant,6442,,false,true,75.0,,,,,,,,553000.0,553000.0,Default option,Default,,
,parfum-item-6412,Benetton Colors Man Green,Product,,published,,100.0,,,,,,,,,,,,,true,item_6412,,Default variant,6412,,false,true,100.0,,,,,,,,191800.0,191800.0,Default option,Default,,
,parfum-item-6402,L¬•aventure Knight De Al Haramain,Product,,published,,100.0,,,,,,,,,,,,,true,item_6402,,Default variant,6402,,false,true,100.0,,,,,,,,296800.0,296800.0,Default option,Default,,
,parfum-item-6401,L¬•aventure Blanche De Al Haramain,Product,,published,,100.0,,,,,,,,,,,,,true,item_6401,,Default variant,6401,,false,true,100.0,,,,,,,,306600.0,306600.0,Default option,Default,,
,parfum-item-6400,L¬•aventure De Al Haramain,Product,,published,,100.0,,,,,,,,,,,,,true,item_6400,,Default variant,6400,,false,true,100.0,,,,,,,,306600.0,306600.0,Default option,Default,,
,parfum-item-6397,Amber Oud Gold Edition De Al Haramain,Product,,published,,60.0,,,,,,,,,,,,,true,item_6397,,Default variant,6397,,false,true,60.0,,,,,,,,331800.0,331800.0,Default option,Default,,
,parfum-item-6385,Club De Nuit Man De Armaf,Product,,published,,105.0,,,,,,,,,,,,,true,item_6385,,Default variant,6385,,false,true,105.0,,,,,,,,247800.0,247800.0,Default option,Default,,
,parfum-item-6375,Club De Nuit Intense Man De Armaf,Product,,published,,105.0,,,,,,,,,,,,,true,item_6375,,Default variant,6375,,false,true,105.0,,,,,,,,285600.0,285600.0,Default option,Default,,
,parfum-item-6347,Wanted By Night Azzaro,Product,,published,,100.0,,,,,,,,,,,,,true,item_6347,,Default variant,6347,,false,true,100.0,,,,,,,,558600.0,558600.0,Default option,Default,,
,parfum-item-6345,Stronger With You De Emporio Armani,Product,,published,,100.0,,,,,,,,,,,,,true,item_6345,,Default variant,6345,,false,true,100.0,,,,,,,,586600.0,586600.0,Default option,Default,,
,parfum-item-6344,Polo Blue Ralph Lauren,Product,,published,,125.0,,,,,,,,,,,,,true,item_6344,,Default variant,6344,,false,true,125.0,,,,,,,,530600.0,530600.0,Default option,Default,,
,parfum-item-6343,Jimmy Choo Man Blue De Jimmy Choo,Product,,published,,100.0,,,,,,,,,,,,,true,item_6343,,Default variant,6343,,false,true,100.0,,,,,,,,376600.0,376600.0,Default option,Default,,
,parfum-item-6342,Y Yves Saint Laurent,Product,,published,,100.0,,,,,,,,,,,,,true,item_6342,,Default variant,6342,,false,true,100.0,,,,,,,,672000.0,672000.0,Default option,Default,,
,parfum-item-6324,Hugo Woman Extreme De Hugo Boss,Product,,published,,75.0,,,,,,,,,,,,,true,item_6324,,Default variant,6324,,false,true,75.0,,,,,,,,306600.0,306600.0,Default option,Default,,
,parfum-item-6322,Youth Dew De Estee Lauder,Product,,published,,67.0,,,,,,,,,,,,,true,item_6322,,Default variant,6322,,false,true,67.0,,,,,,,,296800.0,296800.0,Default option,Default,,
,parfum-item-6302,Explorer De Montblanc,Product,,published,,100.0,,,,,,,,,,,,,true,item_6302,,Default variant,6302,,false,true,100.0,,,,,,,,415800.0,415800.0,Default option,Default,,
,parfum-item-6267,Black Xs For Her De Paco Rabanne,Product,,published,,80.0,,,,,,,,,,,,,true,item_6267,,Default variant,6267,,false,true,80.0,,,,,,,,470400.0,470400.0,Default option,Default,,
,parfum-item-6255,Burberry London De Burberry,Product,,published,,100.0,,,,,,,,,,,,,true,item_6255,,Default variant,6255,,false,true,100.0,,,,,,,,344400.0,344400.0,Default option,Default,,
,parfum-item-6243,Eros Flame De Versace,Product,,published,,100.0,,,,,,,,,,,,,true,item_6243,,Default variant,6243,,false,true,100.0,,,,,,,,442400.0,442400.0,Default option,Default,,
,parfum-item-6215,Colors Man Black De Benetton,Product,,published,,100.0,,,,,,,,,,,,,true,item_6215,,Default variant,6215,,false,true,100.0,,,,,,,,210000.0,210000.0,Default option,Default,,
,parfum-item-6214,Uomo Signature De Salvatore Ferragamo,Product,,published,,100.0,,,,,,,,,,,,,true,item_6214,,Default variant,6214,,false,true,100.0,,,,,,,,376600.0,376600.0,Default option,Default,,
,parfum-item-6174,Bleu De Chanel Parfum,Product,,published,,100.0,,,,,,,,,,,,,true,item_6174,,Default variant,6174,,false,true,100.0,,,,,,,,1409800.0,1409800.0,Default option,Default,,
,parfum-item-6164,Katy Perry's Indi Visible,Product,,published,,100.0,,,,,,,,,,,,,true,item_6164,,Default variant,6164,,false,true,100.0,,,,,,,,207200.0,207200.0,Default option,Default,,
,parfum-item-5644,Gems Power De Tous,Product,,published,,90.0,,,,,,,,,,,,,true,item_5644,,Default variant,5644,,false,true,90.0,,,,,,,,326200.0,326200.0,Default option,Default,,
,parfum-item-5608,Sweet Like Candy De Ariana Grande,Product,,published,,100.0,,,,,,,,,,,,,true,item_5608,,Default variant,5608,,false,true,100.0,,,,,,,,322000.0,322000.0,Default option,Default,,
,parfum-item-5601,Bella Blanca De Oscar De La Renta,Product,,published,,100.0,,,,,,,,,,,,,true,item_5601,,Default variant,5601,,false,true,100.0,,,,,,,,674800.0,674800.0,Default option,Default,,
,parfum-item-5582,Pure Xs Her De Paco Rabanne,Product,,published,,80.0,,,,,,,,,,,,,true,item_5582,,Default variant,5582,,false,true,80.0,,,,,,,,520800.0,520800.0,Default option,Default,,
,parfum-item-5579,Toy 2 De Moschino,Product,,published,,100.0,,,,,,,,,,,,,true,item_5579,,Default variant,5579,,false,true,100.0,,,,,,,,350000.0,350000.0,Default option,Default,,
,parfum-item-5569,Dylan Blue Pour Femme De Versace,Product,,published,,100.0,,,,,,,,,,,,,true,item_5569,,Default variant,5569,,false,true,100.0,,,,,,,,442400.0,442400.0,Default option,Default,,
,parfum-item-5567,Valentino Donna De Valentino,Product,,published,,100.0,,,,,,,,,,,,,true,item_5567,,Default variant,5567,,false,true,100.0,,,,,,,,798000.0,798000.0,Default option,Default,,
,parfum-item-5564,Romance De Ralph Lauren,Product,,published,,100.0,,,,,,,,,,,,,true,item_5564,,Default variant,5564,,false,true,100.0,,,,,,,,495600.0,495600.0,Default option,Default,,
,parfum-item-5546,Red Door De Elizabeth Arden,Product,,published,,100.0,,,,,,,,,,,,,true,item_5546,,Default variant,5546,,false,true,100.0,,,,,,,,292600.0,292600.0,Default option,Default,,
,parfum-item-5534,Vip Cuba De Cuba Paris,Product,,published,,100.0,,,,,,,,,,,,,true,item_5534,,Default variant,5534,,false,true,100.0,,,,,,,,109200.0,109200.0,Default option,Default,,
,parfum-item-5510,Coach New York De Coach,Product,,published,,90.0,,,,,,,,,,,,,true,item_5510,,Default variant,5510,,false,true,90.0,,,,,,,,415800.0,415800.0,Default option,Default,,
,parfum-item-5509,Coach Platinum De Coach,Product,,published,,100.0,,,,,,,,,,,,,true,item_5509,,Default variant,5509,,false,true,100.0,,,,,,,,372400.0,372400.0,Default option,Default,,
,parfum-item-5496,Sauvage De Dior,Product,,published,,100.0,,,,,,,,,,,,,true,item_5496,,Default variant,5496,,false,true,100.0,,,,,,,,981400.0,981400.0,Default option,Default,,
,parfum-item-5492,Viking De Creed,Product,,published,,100.0,,,,,,,,,,,,,true,item_5492,,Default variant,5492,,false,true,100.0,,,,,,,,1589000.0,1589000.0,Default option,Default,,
,parfum-item-5491,Green Irish Tweed Creed,Product,,published,,100.0,,,,,,,,,,,,,true,item_5491,,Default variant,5491,,false,true,100.0,,,,,,,,1594600.0,1594600.0,Default option,Default,,
,parfum-item-5486,Euphoria Men De Calvin Klein,Product,,published,,100.0,,,,,,,,,,,,,true,item_5486,,Default variant,5486,,false,true,100.0,,,,,,,,306600.0,306600.0,Default option,Default,,
,parfum-item-5483,Mr. Burberry,Product,,published,,100.0,,,,,,,,,,,,,true,item_5483,,Default variant,5483,,false,true,100.0,,,,,,,,462000.0,462000.0,Default option,Default,,
,parfum-item-5482,Burberry Touch For Men Burberry,Product,,published,,100.0,,,,,,,,,,,,,true,item_5482,,Default variant,5482,,false,true,100.0,,,,,,,,296800.0,296800.0,Default option,Default,,
,parfum-item-5413,Ari De Ariana Grande,Product,,published,,100.0,,,,,,,,,,,,,true,item_5413,,Default variant,5413,,false,true,100.0,,,,,,,,329000.0,329000.0,Default option,Default,,
,parfum-item-5412,A Men De Mugler,Product,,published,,100.0,,,,,,,,,,,,,true,item_5412,,Default variant,5412,,false,true,100.0,,,,,,,,537600.0,537600.0,Default option,Default,,
,parfum-item-5411,Ange Ou Demon De Givenchy,Product,,published,,100.0,,,,,,,,,,,,,true,item_5411,,Default variant,5411,,false,true,100.0,,,,,,,,604800.0,604800.0,Default option,Default,,
,parfum-item-5355,Drakkar Noir De Guy Laroche Paris,Product,,published,,200.0,,,,,,,,,,,,,true,item_5355,,Default variant,5355,,false,true,200.0,,,,,,,,295400.0,295400.0,Default option,Default,,
,parfum-item-5354,Dune Pour Homme De Dior,Product,,published,,100.0,,,,,,,,,,,,,true,item_5354,,Default variant,5354,,false,true,100.0,,,,,,,,639800.0,639800.0,Default option,Default,,
,parfum-item-5346,Curve Cologne Pour Homme De Liz Claiborne,Product,,published,,125.0,,,,,,,,,,,,,true,item_5346,,Default variant,5346,,false,true,125.0,,,,,,,,259000.0,259000.0,Default option,Default,,
,parfum-item-5308,Boss Orange De Hugo Boss,Product,,published,,75.0,,,,,,,,,,,,,true,item_5308,,Default variant,5308,,false,true,75.0,,,,,,,,266000.0,266000.0,Default option,Default,,
,parfum-item-5306,Halloween Man Shot De Halloween,Product,,published,,125.0,,,,,,,,,,,,,true,item_5306,,Default variant,5306,,false,true,125.0,,,,,,,,330400.0,330400.0,Default option,Default,,
,parfum-item-5303,Halloween Man Rock On De Halloween,Product,,published,,125.0,,,,,,,,,,,,,true,item_5303,,Default variant,5303,,false,true,125.0,,,,,,,,256200.0,256200.0,Default option,Default,,
,parfum-item-5297,Nuit D'Issey Issey Miyake,Product,,published,,125.0,,,,,,,,,,,,,true,item_5297,,Default variant,5297,,false,true,125.0,,,,,,,,376600.0,376600.0,Default option,Default,,
,parfum-item-5293,L'eau D'issey Pure De Issey Miyake,Product,,published,,90.0,,,,,,,,,,,,,true,item_5293,,Default variant,5293,,false,true,90.0,,,,,,,,449400.0,449400.0,Default option,Default,,
,parfum-item-5290,Hugo Boss Bottled Unlimited,Product,,published,,200.0,,,,,,,,,,,,,true,item_5290,,Default variant,5290,,false,true,200.0,,,,,,,,512400.0,512400.0,Default option,Default,,
,parfum-item-5284,Number One De Hugo Boss,Product,,published,,100.0,,,,,,,,,,,,,true,item_5284,,Default variant,5284,,false,true,100.0,,,,,,,,296800.0,296800.0,Default option,Default,,
,parfum-item-5272,Lapidus Por Homme Gold Extreme De Ted Lapidus,Product,,published,,100.0,,,,,,,,,,,,,true,item_5272,,Default variant,5272,,false,true,100.0,,,,,,,,287000.0,287000.0,Default option,Default,,
,parfum-item-5269,Esencia Loewe Sport,Product,,published,,150.0,,,,,,,,,,,,,true,item_5269,,Default variant,5269,,false,true,150.0,,,,,,,,466200.0,466200.0,Default option,Default,,
,parfum-item-5256,Mercedes Benz Club De Mercedes Benz,Product,,published,,100.0,,,,,,,,,,,,,true,item_5256,,Default variant,5256,,false,true,100.0,,,,,,,,296800.0,296800.0,Default option,Default,,
,parfum-item-5255,Minotaure De Paloma Picasso,Product,,published,,75.0,,,,,,,,,,,,,true,item_5255,,Default variant,5255,,false,true,75.0,,,,,,,,296800.0,296800.0,Default option,Default,,
,parfum-item-5253,Miss Dior Blooming Bouquet Christian Dior,Product,,published,,100.0,,,,,,,,,,,,,true,item_5253,,Default variant,5253,,false,true,100.0,,,,,,,,960400.0,960400.0,Default option,Default,,
,parfum-item-5252,Legend Spirit Montblanc,Product,,published,,200.0,,,,,,,,,,,,,true,item_5252,,Default variant,5252,,false,true,200.0,,,,,,,,434000.0,434000.0,Default option,Default,,
,parfum-item-5241,Pink Fresh Couture De Moschino,Product,,published,,100.0,,,,,,,,,,,,,true,item_5241,,Default variant,5241,,false,true,100.0,,,,,,,,295400.0,295400.0,Default option,Default,,
,parfum-item-5240,Gold Fresh Couture De Moschino,Product,,published,,100.0,,,,,,,,,,,,,true,item_5240,,Default variant,5240,,false,true,100.0,,,,,,,,287000.0,287000.0,Default option,Default,,
,parfum-item-5225,Gold Rush De Paris Hilton,Product,,published,,100.0,,,,,,,,,,,,,true,item_5225,,Default variant,5225,,false,true,100.0,,,,,,,,303800.0,303800.0,Default option,Default,,
,parfum-item-5224,Pasha √âdition Noire De Cartier,Product,,published,,100.0,,,,,,,,,,,,,true,item_5224,,Default variant,5224,,false,true,100.0,,,,,,,,487200.0,487200.0,Default option,Default,,
,parfum-item-5211,Pleasures De Est√©e Lauder,Product,,published,,100.0,,,,,,,,,,,,,true,item_5211,,Default variant,5211,,false,true,100.0,,,,,,,,368200.0,368200.0,Default option,Default,,
,parfum-item-5210,Acqua Di Gioia 100  Giorgio Armani Mujer EDP,Product,,published,,100.0,,,,,,,,,,,,,true,item_5210,,Default variant,5210,,false,true,100.0,,,,,,,,666400.0,666400.0,Default option,Default,,
,parfum-item-5201,Luna Rossa Carbon Prada,Product,,published,,100.0,,,,,,,,,,,,,true,item_5201,,Default variant,5201,,false,true,100.0,,,,,,,,701400.0,701400.0,Default option,Default,,
,parfum-item-5176,Cedar Essence De Ferrari,Product,,published,,100.0,,,,,,,,,,,,,true,item_5176,,Default variant,5176,,false,true,100.0,,,,,,,,261800.0,261800.0,Default option,Default,,
,parfum-item-4954,Drakkar Noir De Guy Laroche Paris,Product,,published,,100.0,,,,,,,,,,,,,true,item_4954,,Default variant,4954,,false,true,100.0,,,,,,,,238000.0,238000.0,Default option,Default,,
,parfum-item-4944,Cheap And Chic Stars De Moschino,Product,,published,,100.0,,,,,,,,,,,,,true,item_4944,,Default variant,4944,,false,true,100.0,,,,,,,,326200.0,326200.0,Default option,Default,,
,parfum-item-4930,Light Blue Eau Intense Dolce & Gabbana,Product,,published,,100.0,,,,,,,,,,,,,true,item_4930,,Default variant,4930,,false,true,100.0,,,,,,,,539000.0,539000.0,Default option,Default,,
,parfum-item-4927,Moon Moonlight De Ariana Grande,Product,,published,,100.0,,,,,,,,,,,,,true,item_4927,,Default variant,4927,,false,true,100.0,,,,,,,,362600.0,362600.0,Default option,Default,,
,parfum-item-4914,Light Blue De Dolce & Gabbana,Product,,published,,200.0,,,,,,,,,,,,,true,item_4914,,Default variant,4914,,false,true,200.0,,,,,,,,627200.0,627200.0,Default option,Default,,
,parfum-item-4912,Pour Homme Intenso De Dolce & Gabbana,Product,,published,,125.0,,,,,,,,,,,,,true,item_4912,,Default variant,4912,,false,true,125.0,,,,,,,,446600.0,446600.0,Default option,Default,,
,parfum-item-4909,Dior Homme Intense De Christian Dior,Product,,published,,100.0,,,,,,,,,,,,,true,item_4909,,Default variant,4909,,false,true,100.0,,,,,,,,898800.0,898800.0,Default option,Default,,
,parfum-item-4893,Les Monstres Luna De Nina Ricci,Product,,published,,80.0,,,,,,,,,,,,,true,item_4893,,Default variant,4893,,false,true,80.0,,,,,,,,280000.0,280000.0,Default option,Default,,
,parfum-item-4888,Winner De Cuba Paris,Product,,published,,100.0,,,,,,,,,,,,,true,item_4888,,Default variant,4888,,false,true,100.0,,,,,,,,109200.0,109200.0,Default option,Default,,
,parfum-item-4883,Sheer Beauty De Calvin Klein,Product,,published,,100.0,,,,,,,,,,,,,true,item_4883,,Default variant,4883,,false,true,100.0,,,,,,,,295400.0,295400.0,Default option,Default,,
,parfum-item-4880,Ch Men De Carolina Herrera,Product,,published,,200.0,,,,,,,,,,,,,true,item_4880,,Default variant,4880,,false,true,200.0,,,,,,,,819000.0,819000.0,Default option,Default,,
,parfum-item-4879,Carolina Herrera For Men,Product,,published,,200.0,,,,,,,,,,,,,true,item_4879,,Default variant,4879,,false,true,200.0,,,,,,,,604800.0,604800.0,Default option,Default,,
,parfum-item-4878,Carolina Herrera For Men,Product,,published,,100.0,,,,,,,,,,,,,true,item_4878,,Default variant,4878,,false,true,100.0,,,,,,,,450800.0,450800.0,Default option,Default,,
,parfum-item-4849,Black Xs De Paco Rabanne,Product,,published,,100.0,,,,,,,,,,,,,true,item_4849,,Default variant,4849,,false,true,100.0,,,,,,,,456400.0,456400.0,Default option,Default,,
,parfum-item-4845,Fancy De Jessica Simpson,Product,,published,,100.0,,,,,,,,,,,,,true,item_4845,,Default variant,4845,,false,true,100.0,,,,,,,,296800.0,296800.0,Default option,Default,,
,parfum-item-4840,Bleu De Chanel,Product,,published,,150.0,,,,,,,,,,,,,true,item_4840,,Default variant,4840,,false,true,150.0,,,,,,,,1409800.0,1409800.0,Default option,Default,,
,parfum-item-4839,Allure Homme Sport Chanel,Product,,published,,150.0,,,,,,,,,,,,,true,item_4839,,Default variant,4839,,false,true,150.0,,,,,,,,1254400.0,1254400.0,Default option,Default,,
,parfum-item-4819,Kouros De Yves Saint Laurent,Product,,published,,100.0,,,,,,,,,,,,,true,item_4819,,Default variant,4819,,false,true,100.0,,,,,,,,639800.0,639800.0,Default option,Default,,
,parfum-item-4809,Sauvage De Dior,Product,,published,,100.0,,,,,,,,,,,,,true,item_4809,,Default variant,4809,,false,true,100.0,,,,,,,,859600.0,859600.0,Default option,Default,,
,parfum-item-7141,King Seduction Absolute De Antonio Banderas,Product,,published,,100.0,,,,,,,,,,,,,true,item_7141,,Default variant,7141,,false,true,100.0,,,,,,,,191800.0,191800.0,Default option,Default,,
,parfum-item-7138,Animale De Animale,Product,,published,,200.0,,,,,,,,,,,,,true,item_7138,,Default variant,7138,,false,true,200.0,,,,,,,,331800.0,331800.0,Default option,Default,,
,parfum-item-7126,Lady Emblem Elixir De Montblanc,Product,,published,,75.0,,,,,,,,,,,,,true,item_7126,,Default variant,7126,,false,true,75.0,,,,,,,,362600.0,362600.0,Default option,Default,,
,parfum-item-7074,360¬∫ Collection Ros√© De Perry Ellis,Product,,published,,100.0,,,,,,,,,,,,,true,item_7074,,Default variant,7074,,false,true,100.0,,,,,,,,257600.0,257600.0,Default option,Default,,
,parfum-item-7072,Scandal De Jean Paul Gaultier 80  Dama EDP,Product,,published,,80.0,,,,,,,,,,,,,true,item_7072,,Default variant,7072,,false,true,80.0,,,,,,,,586600.0,586600.0,Default option,Default,,
,parfum-item-7057,Lady Million Lucky De Paco Rabanne,Product,,published,,80.0,,,,,,,,,,,,,true,item_7057,,Default variant,7057,,false,true,80.0,,,,,,,,586600.0,586600.0,Default option,Default,,
,parfum-item-7047,Jaipur Homme De Boucheron,Product,,published,,100.0,,,,,,,,,,,,,true,item_7047,,Default variant,7047,,false,true,100.0,,,,,,,,320600.0,320600.0,Default option,Default,,
,parfum-item-7046,Azzaro Pour Homme De Azzaro,Product,,published,,200.0,,,,,,,,,,,,,true,item_7046,,Default variant,7046,,false,true,200.0,,,,,,,,348600.0,348600.0,Default option,Default,,
,parfum-item-7045,Azzaro Pour Homme De Azzaro,Product,,published,,100.0,,,,,,,,,,,,,true,item_7045,,Default variant,7045,,false,true,100.0,,,,,,,,291200.0,291200.0,Default option,Default,,
,parfum-item-7022,My Burberry Black De Burberry,Product,,published,,90.0,,,,,,,,,,,,,true,item_7022,,Default variant,7022,,false,true,90.0,,,,,,,,666400.0,666400.0,Default option,Default,,
,parfum-item-7013,Beautiful De Estee Lauder,Product,,published,,75.0,,,,,,,,,,,,,true,item_7013,,Default variant,7013,,false,true,75.0,,,,,,,,376600.0,376600.0,Default option,Default,,
,parfum-item-6998,Diamonds De Emporio Armani Mujer,Product,,published,,100.0,,,,,,,,,,,,,true,item_6998,,Default variant,6998,,false,true,100.0,,,,,,,,743400.0,743400.0,Default option,Default,,
,parfum-item-6997,Encre Noire Pour Homme De Lalique,Product,,published,,100.0,,,,,,,,,,,,,true,item_6997,,Default variant,6997,,false,true,100.0,,,,,,,,296800.0,296800.0,Default option,Default,,
,parfum-item-6977,Cuba Gold De Parfums Des Champs,Product,,published,,100.0,,,,,,,,,,,,,true,item_6977,,Default variant,6977,,false,true,100.0,,,,,,,,107800.0,107800.0,Default option,Default,,
,parfum-item-6971,Cuba Night De Parfums Des Champs,Product,,published,,100.0,,,,,,,,,,,,,true,item_6971,,Default variant,6971,,false,true,100.0,,,,,,,,107800.0,107800.0,Default option,Default,,
,parfum-item-6968,Animale Intense De Animale,Product,,published,,100.0,,,,,,,,,,,,,true,item_6968,,Default variant,6968,,false,true,100.0,,,,,,,,224000.0,224000.0,Default option,Default,,
,parfum-item-6962,Gold Rush De Paris Hilton,Product,,published,,100.0,,,,,,,,,,,,,true,item_6962,,Default variant,6962,,false,true,100.0,,,,,,,,263200.0,263200.0,Default option,Default,,
,parfum-item-6960,Paris Hilton Men De Paris Hilton,Product,,published,,100.0,,,,,,,,,,,,,true,item_6960,,Default variant,6960,,false,true,100.0,,,,,,,,229600.0,229600.0,Default option,Default,,
,parfum-item-6958,S De Shakira,Product,,published,,80.0,,,,,,,,,,,,,true,item_6958,,Default variant,6958,,false,true,80.0,,,,,,,,235200.0,235200.0,Default option,Default,,
,parfum-item-6956,Dance De Shakira,Product,,published,,80.0,,,,,,,,,,,,,true,item_6956,,Default variant,6956,,false,true,80.0,,,,,,,,180600.0,180600.0,Default option,Default,,
,parfum-item-6955,360¬∫ Very Blue Perry Ellis,Product,,published,,100.0,,,,,,,,,,,,,true,item_6955,,Default variant,6955,,false,true,100.0,,,,,,,,266000.0,266000.0,Default option,Default,,
,parfum-item-6953,212 Vip Black De Carolina Herrera,Product,,published,,200.0,,,,,,,,,,,,,true,item_6953,,Default variant,6953,,false,true,200.0,,,,,,,,763000.0,763000.0,Default option,Default,,
,parfum-item-6949,Rock De Shakira,Product,,published,,80.0,,,,,,,,,,,,,true,item_6949,,Default variant,6949,,false,true,80.0,,,,,,,,214200.0,214200.0,Default option,Default,,
,parfum-item-6948,Signorina In Fiore De Ferragamo,Product,,published,,100.0,,,,,,,,,,,,,true,item_6948,,Default variant,6948,,false,true,100.0,,,,,,,,359800.0,359800.0,Default option,Default,,
,parfum-item-6947,Sirene De Vicky Tiel,Product,,published,,100.0,,,,,,,,,,,,,true,item_6947,,Default variant,6947,,false,true,100.0,,,,,,,,201600.0,201600.0,Default option,Default,,
,parfum-item-6943,Swiss Army Classic Sport De Victorinox,Product,,published,,100.0,,,,,,,,,,,,,true,item_6943,,Default variant,6943,,false,true,100.0,,,,,,,,238000.0,238000.0,Default option,Default,,
,parfum-item-6942,Swiss Army Rock De Victorinox,Product,,published,,100.0,,,,,,,,,,,,,true,item_6942,,Default variant,6942,,false,true,100.0,,,,,,,,210000.0,210000.0,Default option,Default,,
,parfum-item-6937,Terre D'hermes De Hermes,Product,,published,,100.0,,,,,,,,,,,,,true,item_6937,,Default variant,6937,,false,true,100.0,,,,,,,,548800.0,548800.0,Default option,Default,,
,parfum-item-6935,Tommy De Tommy Hilfiger,Product,,published,,200.0,,,,,,,,,,,,,true,item_6935,,Default variant,6935,,false,true,200.0,,,,,,,,368200.0,368200.0,Default option,Default,,
,parfum-item-6930,Very Irresistible De Givenchy,Product,,published,,80.0,,,,,,,,,,,,,true,item_6930,,Default variant,6930,,false,true,80.0,,,,,,,,666400.0,666400.0,Default option,Default,,
,parfum-item-6921,360¬∫ Grados De Perry Ellis,Product,,published,,200.0,,,,,,,,,,,,,true,item_6921,,Default variant,6921,,false,true,200.0,,,,,,,,344400.0,344400.0,Default option,Default,,
,parfum-item-6919,360¬∫ Grados De Perry Ellis,Product,,published,,100.0,,,,,,,,,,,,,true,item_6919,,Default variant,6919,,false,true,100.0,,,,,,,,280000.0,280000.0,Default option,Default,,
,parfum-item-6918,Dylan Blue De Versace,Product,,published,,100.0,,,,,,,,,,,,,true,item_6918,,Default variant,6918,,false,true,100.0,,,,,,,,415800.0,415800.0,Default option,Default,,
,parfum-item-6915,360¬∫ Grados De Perry Ellis,Product,,published,,200.0,,,,,,,,,,,,,true,item_6915,,Default variant,6915,,false,true,200.0,,,,,,,,326200.0,326200.0,Default option,Default,,
,parfum-item-6914,360¬∫ Grados Perry Ellis,Product,,published,,100.0,,,,,,,,,,,,,true,item_6914,,Default variant,6914,,false,true,100.0,,,,,,,,238000.0,238000.0,Default option,Default,,
,parfum-item-6910,Viva La Juicy Gold Couture De Juicy Couture,Product,,published,,100.0,,,,,,,,,,,,,true,item_6910,,Default variant,6910,,false,true,100.0,,,,,,,,368200.0,368200.0,Default option,Default,,
,parfum-item-6909,Viva La Juicy Rose Juicy Couture,Product,,published,,100.0,,,,,,,,,,,,,true,item_6909,,Default variant,6909,,false,true,100.0,,,,,,,,326200.0,326200.0,Default option,Default,,
,parfum-item-6907,Xoxo De Victory International,Product,,published,,100.0,,,,,,,,,,,,,true,item_6907,,Default variant,6907,,false,true,100.0,,,,,,,,238000.0,238000.0,Default option,Default,,
,parfum-item-6904,Pure Xs De Paco Rabanne,Product,,published,,100.0,,,,,,,,,,,,,true,item_6904,,Default variant,6904,,false,true,100.0,,,,,,,,558600.0,558600.0,Default option,Default,,
,parfum-item-6903,L'homme Lacoste,Product,,published,,100.0,,,,,,,,,,,,,true,item_6903,,Default variant,6903,,false,true,100.0,,,,,,,,344400.0,344400.0,Default option,Default,,
,parfum-item-6901,Adidas Team Force,Product,,published,,100.0,,,,,,,,,,,,,true,item_6901,,Default variant,6901,,false,true,100.0,,,,,,,,113400.0,113400.0,Default option,Default,,
,parfum-item-6900,Adidas Dynamic Pulse,Product,,published,,100.0,,,,,,,,,,,,,true,item_6900,,Default variant,6900,,false,true,100.0,,,,,,,,113400.0,113400.0,Default option,Default,,
,parfum-item-6888,Ros√© Rush De Paris Hilton,Product,,published,,100.0,,,,,,,,,,,,,true,item_6888,,Default variant,6888,,false,true,100.0,,,,,,,,263200.0,263200.0,Default option,Default,,
,parfum-item-6884,212 Vip Black De Carolina Herrera,Product,,published,,100.0,,,,,,,,,,,,,true,item_6884,,Default variant,6884,,false,true,100.0,,,,,,,,530600.0,530600.0,Default option,Default,,
,parfum-item-6882,Insens√© Ultramarine De Givenchy,Product,,published,,100.0,,,,,,,,,,,,,true,item_6882,,Default variant,6882,,false,true,100.0,,,,,,,,295400.0,295400.0,Default option,Default,,
,parfum-item-6876,Montblanc Legend Night,Product,,published,,100.0,,,,,,,,,,,,,true,item_6876,,Default variant,6876,,false,true,100.0,,,,,,,,362600.0,362600.0,Default option,Default,,
,parfum-item-6867,L'eau D'issey De Issey Miyake,Product,,published,,125.0,,,,,,,,,,,,,true,item_6867,,Default variant,6867,,false,true,125.0,,,,,,,,344400.0,344400.0,Default option,Default,,
,parfum-item-6783,Aberdeen Lavender Creed,Product,,published,,100.0,,,,,,,,,,,,,true,item_6783,,Default variant,6783,,false,true,100.0,,,,,,,,1428000.0,1428000.0,Default option,Default,,
,parfum-item-6782,Creed Original Vetiver,Product,,published,,100.0,,,,,,,,,,,,,true,item_6782,,Default variant,6782,,false,true,100.0,,,,,,,,1604400.0,1604400.0,Default option,Default,,
,parfum-item-6780,Creed Aventus,Product,,published,,100.0,,,,,,,,,,,,,true,item_6780,,Default variant,6780,,false,true,100.0,,,,,,,,1939000.0,1939000.0,Default option,Default,,
,parfum-item-6136,Splendida Jasmin Noir Bvlgari,Product,,published,,100.0,,,,,,,,,,,,,true,item_6136,,Default variant,6136,,false,true,100.0,,,,,,,,859600.0,859600.0,Default option,Default,,
,parfum-item-6058,Fuel For Life Homme De Diesel,Product,,published,,125.0,,,,,,,,,,,,,true,item_6058,,Default variant,6058,,false,true,125.0,,,,,,,,344400.0,344400.0,Default option,Default,,
,parfum-item-5990,L'imperatrice 3 De Dolce & Gabbana,Product,,published,,100.0,,,,,,,,,,,,,true,item_5990,,Default variant,5990,,false,true,100.0,,,,,,,,357000.0,357000.0,Default option,Default,,
,parfum-item-5983,Cool Water De Davidoff,Product,,published,,200.0,,,,,,,,,,,,,true,item_5983,,Default variant,5983,,false,true,200.0,,,,,,,,334600.0,334600.0,Default option,Default,,
,parfum-item-5965,Dkny Be Delicious Fresh Blossom Donna Karan,Product,,published,,100.0,,,,,,,,,,,,,true,item_5965,,Default variant,5965,,false,true,100.0,,,,,,,,326200.0,326200.0,Default option,Default,,
,parfum-item-5672,Touch De Fred Hayman Beverly Hills Mujer,Product,,published,,100.0,,,,,,,,,,,,,true,item_5672,,Default variant,5672,,false,true,100.0,,,,,,,,259000.0,259000.0,Default option,Default,,
,parfum-item-5727,Guess Seductive Blue De Guess,Product,,published,,100.0,,,,,,,,,,,,,true,item_5727,,Default variant,5727,,false,true,100.0,,,,,,,,229600.0,229600.0,Default option,Default,,
,parfum-item-5726,Guess Seductive De Guess,Product,,published,,75.0,,,,,,,,,,,,,true,item_5726,,Default variant,5726,,false,true,75.0,,,,,,,,210000.0,210000.0,Default option,Default,,
,parfum-item-5723,Guess Dare For Men De Guess Hombre,Product,,published,,100.0,,,,,,,,,,,,,true,item_5723,,Default variant,5723,,false,true,100.0,,,,,,,,210000.0,210000.0,Default option,Default,,
,parfum-item-5068,Boss Bottled Tonic De Hugo Boss,Product,,published,,100.0,,,,,,,,,,,,,true,item_5068,,Default variant,5068,,false,true,100.0,,,,,,,,462000.0,462000.0,Default option,Default,,
,parfum-item-5065,Happy Heart Clinique,Product,,published,,100.0,,,,,,,,,,,,,true,item_5065,,Default variant,5065,,false,true,100.0,,,,,,,,368200.0,368200.0,Default option,Default,,
,parfum-item-5063,Clinique Happy De Clinique,Product,,published,,100.0,,,,,,,,,,,,,true,item_5063,,Default variant,5063,,false,true,100.0,,,,,,,,309400.0,309400.0,Default option,Default,,
,parfum-item-5062,Clinique Happy De Clinique,Product,,published,,100.0,,,,,,,,,,,,,true,item_5062,,Default variant,5062,,false,true,100.0,,,,,,,,296800.0,296800.0,Default option,Default,,
,parfum-item-5022,Baiser Vole De Cartier,Product,,published,,100.0,,,,,,,,,,,,,true,item_5022,,Default variant,5022,,false,true,100.0,,,,,,,,674800.0,674800.0,Default option,Default,,
,parfum-item-4565,Cool Water De Davidoff,Product,,published,,200.0,,,,,,,,,,,,,true,item_4565,,Default variant,4565,,false,true,200.0,,,,,,,,344400.0,344400.0,Default option,Default,,
,parfum-item-4560,Carolina Herrera Tradicional,Product,,published,,100.0,,,,,,,,,,,,,true,item_4560,,Default variant,4560,,false,true,100.0,,,,,,,,480200.0,480200.0,Default option,Default,,
,parfum-item-4541,Guess Night Guess,Product,,published,,100.0,,,,,,,,,,,,,true,item_4541,,Default variant,4541,,false,true,100.0,,,,,,,,210000.0,210000.0,Default option,Default,,
,parfum-item-4537,Very Irresistible De Givenchy,Product,,published,,80.0,,,,,,,,,,,,,true,item_4537,,Default variant,4537,,false,true,80.0,,,,,,,,595000.0,595000.0,Default option,Default,,
,parfum-item-4533,Agua Brava De Antonio Puig,Product,,published,,200.0,,,,,,,,,,,,,true,item_4533,,Default variant,4533,,false,true,200.0,,,,,,,,191800.0,191800.0,Default option,Default,,
,parfum-item-4532,Agua Brava De Antonio Puig,Product,,published,,100.0,,,,,,,,,,,,,true,item_4532,,Default variant,4532,,false,true,100.0,,,,,,,,168000.0,168000.0,Default option,Default,,
,parfum-item-4529,Mr. Burberry De Burberry,Product,,published,,100.0,,,,,,,,,,,,,true,item_4529,,Default variant,4529,,false,true,100.0,,,,,,,,408800.0,408800.0,Default option,Default,,
,parfum-item-4526,Blue Seduction De Antonio Banderas,Product,,published,,200.0,,,,,,,,,,,,,true,item_4526,,Default variant,4526,,false,true,200.0,,,,,,,,247800.0,247800.0,Default option,Default,,
,parfum-item-4525,Blue Seduction De Antonio Banderas,Product,,published,,200.0,,,,,,,,,,,,,true,item_4525,,Default variant,4525,,false,true,200.0,,,,,,,,218400.0,218400.0,Default option,Default,,
,parfum-item-4524,Blue Seduction De Antonio Banderas,Product,,published,,80.0,,,,,,,,,,,,,true,item_4524,,Default variant,4524,,false,true,80.0,,,,,,,,189000.0,189000.0,Default option,Default,,
,parfum-item-4519,Cuba Royal De Parfums Des Champs,Product,,published,,100.0,,,,,,,,,,,,,true,item_4519,,Default variant,4519,,false,true,100.0,,,,,,,,109200.0,109200.0,Default option,Default,,
,parfum-item-4515,Legend Spirit Montblanc,Product,,published,,100.0,,,,,,,,,,,,,true,item_4515,,Default variant,4515,,false,true,100.0,,,,,,,,359800.0,359800.0,Default option,Default,,
,parfum-item-4483,Boucheron Pour Homme De Boucheron,Product,,published,,100.0,,,,,,,,,,,,,true,item_4483,,Default variant,4483,,false,true,100.0,,,,,,,,294000.0,294000.0,Default option,Default,,
,parfum-item-4482,Boucheron Pour Homme De Boucheron,Product,,published,,100.0,,,,,,,,,,,,,true,item_4482,,Default variant,4482,,false,true,100.0,,,,,,,,306600.0,306600.0,Default option,Default,,
,parfum-item-4481,Paradiso Inferno Pink De Benetton,Product,,published,,100.0,,,,,,,,,,,,,true,item_4481,,Default variant,4481,,false,true,100.0,,,,,,,,182000.0,182000.0,Default option,Default,,
,parfum-item-4472,Desire Red For A Man De Alfred Dunhill,Product,,published,,100.0,,,,,,,,,,,,,true,item_4472,,Default variant,4472,,false,true,100.0,,,,,,,,470400.0,470400.0,Default option,Default,,
,parfum-item-4459,Dylan Blue De Versace,Product,,published,,200.0,,,,,,,,,,,,,true,item_4459,,Default variant,4459,,false,true,200.0,,,,,,,,504000.0,504000.0,Default option,Default,,
,parfum-item-4452,Acqua Di Gio De Giorgio Armani,Product,,published,,200.0,,,,,,,,,,,,,true,item_4452,,Default variant,4452,,false,true,200.0,,,,,,,,711200.0,711200.0,Default option,Default,,
,parfum-item-4445,Rose Goldea De Bvlgari,Product,,published,,90.0,,,,,,,,,,,,,true,item_4445,,Default variant,4445,,false,true,90.0,,,,,,,,869400.0,869400.0,Default option,Default,,
,parfum-item-4443,L'air Du Temps De Nina Ricci,Product,,published,,100.0,,,,,,,,,,,,,true,item_4443,,Default variant,4443,,false,true,100.0,,,,,,,,442400.0,442400.0,Default option,Default,,
,parfum-item-4439,Ab Spirit Millionaire Women De Lomani,Product,,published,,100.0,,,,,,,,,,,,,true,item_4439,,Default variant,4439,,false,true,100.0,,,,,,,,191800.0,191800.0,Default option,Default,,
,parfum-item-4435,360¬∫ White For Men De Perry Ellis,Product,,published,,100.0,,,,,,,,,,,,,true,item_4435,,Default variant,4435,,false,true,100.0,,,,,,,,259000.0,259000.0,Default option,Default,,
,parfum-item-4433,360¬∫ Purple De Perry Ellis,Product,,published,,100.0,,,,,,,,,,,,,true,item_4433,,Default variant,4433,,false,true,100.0,,,,,,,,285600.0,285600.0,Default option,Default,,
,parfum-item-4432,360 ¬∫ Black De Perry Ellis,Product,,published,,100.0,,,,,,,,,,,,,true,item_4432,,Default variant,4432,,false,true,100.0,,,,,,,,266000.0,266000.0,Default option,Default,,
,parfum-item-4431,273 Red Fred Hayman,Product,,published,,75.0,,,,,,,,,,,,,true,item_4431,,Default variant,4431,,false,true,75.0,,,,,,,,182000.0,182000.0,Default option,Default,,
,parfum-item-4428,212 Vip Rose De Carolina Herrera,Product,,published,,125.0,,,,,,,,,,,,,true,item_4428,,Default variant,4428,,false,true,125.0,,,,,,,,711200.0,711200.0,Default option,Default,,
,parfum-item-4427,Signorina Misteriosa De Ferragamo,Product,,published,,100.0,,,,,,,,,,,,,true,item_4427,,Default variant,4427,,false,true,100.0,,,,,,,,368200.0,368200.0,Default option,Default,,
,parfum-item-4424,Solo Loewe De Loewe,Product,,published,,100.0,,,,,,,,,,,,,true,item_4424,,Default variant,4424,,false,true,100.0,,,,,,,,674800.0,674800.0,Default option,Default,,
,parfum-item-4422,Tous Silver De Tous,Product,,published,,90.0,,,,,,,,,,,,,true,item_4422,,Default variant,4422,,false,true,90.0,,,,,,,,316400.0,316400.0,Default option,Default,,
,parfum-item-4401,Voyage Sport Nautica,Product,,published,,100.0,,,,,,,,,,,,,true,item_4401,,Default variant,4401,,false,true,100.0,,,,,,,,182000.0,182000.0,Default option,Default,,
,parfum-item-4399,125 Years Your Companion For Life De Victorinox,Product,,published,,100.0,,,,,,,,,,,,,true,item_4399,,Default variant,4399,,false,true,100.0,,,,,,,,218400.0,218400.0,Default option,Default,,
,parfum-item-4398,Adidas Pure Game,Product,,published,,100.0,,,,,,,,,,,,,true,item_4398,,Default variant,4398,,false,true,100.0,,,,,,,,113400.0,113400.0,Default option,Default,,
,parfum-item-4397,Adidas Ice Dive,Product,,published,,100.0,,,,,,,,,,,,,true,item_4397,,Default variant,4397,,false,true,100.0,,,,,,,,113400.0,113400.0,Default option,Default,,
,parfum-item-4395,Adidas Team Five,Product,,published,,100.0,,,,,,,,,,,,,true,item_4395,,Default variant,4395,,false,true,100.0,,,,,,,,113400.0,113400.0,Default option,Default,,
,parfum-item-4382,L.12.12 Pour Lui Magnetic Eau De Lacoste,Product,,published,,100.0,,,,,,,,,,,,,true,item_4382,,Default variant,4382,,false,true,100.0,,,,,,,,399000.0,399000.0,Default option,Default,,
,parfum-item-4377,Halloween Kiss Sexy,Product,,published,,100.0,,,,,,,,,,,,,true,item_4377,,Default variant,4377,,false,true,100.0,,,,,,,,267400.0,267400.0,Default option,Default,,
,parfum-item-4376,Halloween Kiss,Product,,published,,100.0,,,,,,,,,,,,,true,item_4376,,Default variant,4376,,false,true,100.0,,,,,,,,226800.0,226800.0,Default option,Default,,
,parfum-item-4375,Halloween Blue Drop De J.del Pozo,Product,,published,,100.0,,,,,,,,,,,,,true,item_4375,,Default variant,4375,,false,true,100.0,,,,,,,,274400.0,274400.0,Default option,Default,,
,parfum-item-4367,Versace Bright Crystal Versace,Product,,published,,90.0,,,,,,,,,,,,,true,item_4367,,Default variant,4367,,false,true,90.0,,,,,,,,442400.0,442400.0,Default option,Default,,
,parfum-item-4366,Ysatis De Givenchy,Product,,published,,100.0,,,,,,,,,,,,,true,item_4366,,Default variant,4366,,false,true,100.0,,,,,,,,448000.0,448000.0,Default option,Default,,
,parfum-item-4357,Dior Addict De Christian Dior,Product,,published,,100.0,,,,,,,,,,,,,true,item_4357,,Default variant,4357,,false,true,100.0,,,,,,,,894600.0,894600.0,Default option,Default,,
,parfum-item-4325,Diamonds And Emeralds De Elizabeth Taylor Mujer,Product,,published,,100.0,,,,,,,,,,,,,true,item_4325,,Default variant,4325,,false,true,100.0,,,,,,,,175000.0,175000.0,Default option,Default,,
,parfum-item-4323,Ck One Shock For Her De Calvin Klein,Product,,published,,200.0,,,,,,,,,,,,,true,item_4323,,Default variant,4323,,false,true,200.0,,,,,,,,280000.0,280000.0,Default option,Default,,
,parfum-item-4322,Ck One Shock For Him De Calvin Klein,Product,,published,,200.0,,,,,,,,,,,,,true,item_4322,,Default variant,4322,,false,true,200.0,,,,,,,,296800.0,296800.0,Default option,Default,,
,parfum-item-4286,Bvlgari Goldea The Essence Of The Jeweller,Product,,published,,90.0,,,,,,,,,,,,,true,item_4286,,Default variant,4286,,false,true,90.0,,,,,,,,548800.0,548800.0,Default option,Default,,
,parfum-item-4281,Loewe 7 De Loewe,Product,,published,,100.0,,,,,,,,,,,,,true,item_4281,,Default variant,4281,,false,true,100.0,,,,,,,,639800.0,639800.0,Default option,Default,,
,parfum-item-4280,Hamptons Bond No 9 Nyc,Product,,published,,100.0,,,,,,,,,,,,,true,item_4280,,Default variant,4280,,false,true,100.0,,,,,,,,2188200.0,2188200.0,Default option,Default,,
,parfum-item-4251,Daisy Eau So Fresh De Marc Jacobs,Product,,published,,125.0,,,,,,,,,,,,,true,item_4251,,Default variant,4251,,false,true,125.0,,,,,,,,586600.0,586600.0,Default option,Default,,
,parfum-item-4250,Curve Sport De Liz Claiborne,Product,,published,,125.0,,,,,,,,,,,,,true,item_4250,,Default variant,4250,,false,true,125.0,,,,,,,,198800.0,198800.0,Default option,Default,,
,parfum-item-4235,Ck One De Calvin Klein,Product,,published,,200.0,,,,,,,,,,,,,true,item_4235,,Default variant,4235,,false,true,200.0,,,,,,,,306600.0,306600.0,Default option,Default,,
,parfum-item-4232,Chic For Men De Carolina Herrera,Product,,published,,100.0,,,,,,,,,,,,,true,item_4232,,Default variant,4232,,false,true,100.0,,,,,,,,399000.0,399000.0,Default option,Default,,
,parfum-item-4230,Chic De Carolina Herrera,Product,,published,,80.0,,,,,,,,,,,,,true,item_4230,,Default variant,4230,,false,true,80.0,,,,,,,,393400.0,393400.0,Default option,Default,,
,parfum-item-4214,Black Seduction De Antonio Banderas,Product,,published,,200.0,,,,,,,,,,,,,true,item_4214,,Default variant,4214,,false,true,200.0,,,,,,,,229600.0,229600.0,Default option,Default,,
,parfum-item-4213,Blue Seduction De Antonio Banderas,Product,,published,,100.0,,,,,,,,,,,,,true,item_4213,,Default variant,4213,,false,true,100.0,,,,,,,,191800.0,191800.0,Default option,Default,,
,parfum-item-4212,Animale De Animale,Product,,published,,100.0,,,,,,,,,,,,,true,item_4212,,Default variant,4212,,false,true,100.0,,,,,,,,266000.0,266000.0,Default option,Default,,
,parfum-item-4147,Bad De Diesel,Product,,published,,125.0,,,,,,,,,,,,,true,item_4147,,Default variant,4147,,false,true,125.0,,,,,,,,408800.0,408800.0,Default option,Default,,
,parfum-item-4146,Ck Free De Calvin Klein,Product,,published,,100.0,,,,,,,,,,,,,true,item_4146,,Default variant,4146,,false,true,100.0,,,,,,,,259000.0,259000.0,Default option,Default,,
,parfum-item-4145,Good Girl Carolina Herrera,Product,,published,,80.0,,,,,,,,,,,,,true,item_4145,,Default variant,4145,,false,true,80.0,,,,,,,,693000.0,693000.0,Default option,Default,,
,parfum-item-4132,Alien De Thierry Mugler,Product,,published,,90.0,,,,,,,,,,,,,true,item_4132,,Default variant,4132,,false,true,90.0,,,,,,,,747600.0,747600.0,Default option,Default,,
,parfum-item-4131,360 Coral Perry Ellis,Product,,published,,200.0,,,,,,,,,,,,,true,item_4131,,Default variant,4131,,false,true,200.0,,,,,,,,326200.0,326200.0,Default option,Default,,
,parfum-item-4128,212 Men De Carolina Herrera,Product,,published,,200.0,,,,,,,,,,,,,true,item_4128,,Default variant,4128,,false,true,200.0,,,,,,,,707000.0,707000.0,Default option,Default,,
,parfum-item-3996,Flowerbomb De Viktor&rolf,Product,,published,,100.0,,,,,,,,,,,,,true,item_3996,,Default variant,3996,,false,true,100.0,,,,,,,,707000.0,707000.0,Default option,Default,,
,parfum-item-3981,Solo Loewe Cedro De Loewe,Product,,published,,100.0,,,,,,,,,,,,,true,item_3981,,Default variant,3981,,false,true,100.0,,,,,,,,567000.0,567000.0,Default option,Default,,
,parfum-item-3979,Love Tous Moments De Tous Mujer,Product,,published,,100.0,,,,,,,,,,,,,true,item_3979,,Default variant,3979,,false,true,100.0,,,,,,,,296800.0,296800.0,Default option,Default,,
,parfum-item-3978,Tous Man Intense De Tous,Product,,published,,100.0,,,,,,,,,,,,,true,item_3978,,Default variant,3978,,false,true,100.0,,,,,,,,277200.0,277200.0,Default option,Default,,
,parfum-item-3977,Tous Man Sport De Tous,Product,,published,,100.0,,,,,,,,,,,,,true,item_3977,,Default variant,3977,,false,true,100.0,,,,,,,,247800.0,247800.0,Default option,Default,,
,parfum-item-3966,Truth De Calvin Klein,Product,,published,,100.0,,,,,,,,,,,,,true,item_3966,,Default variant,3966,,false,true,100.0,,,,,,,,306600.0,306600.0,Default option,Default,,
,parfum-item-3960,Xs Clasico De Paco Rabanne,Product,,published,,100.0,,,,,,,,,,,,,true,item_3960,,Default variant,3960,,false,true,100.0,,,,,,,,376600.0,376600.0,Default option,Default,,
,parfum-item-3956,N¬∞4711 De Maurer & Wirtz,Product,,published,,800.0,,,,,,,,,,,,,true,item_3956,,Default variant,3956,,false,true,800.0,,,,,,,,347200.0,347200.0,Default option,Default,,
,parfum-item-3954,360¬∫ Red For Men Perry Ellis,Product,,published,,200.0,,,,,,,,,,,,,true,item_3954,,Default variant,3954,,false,true,200.0,,,,,,,,350000.0,350000.0,Default option,Default,,
,parfum-item-3923,Lady Emblem De Montblanc,Product,,published,,75.0,,,,,,,,,,,,,true,item_3923,,Default variant,3923,,false,true,75.0,,,,,,,,316400.0,316400.0,Default option,Default,,
,parfum-item-3920,Signorina Eleganza De Ferragamo,Product,,published,,100.0,,,,,,,,,,,,,true,item_3920,,Default variant,3920,,false,true,100.0,,,,,,,,344400.0,344400.0,Default option,Default,,
,parfum-item-3918,S√¨ Giorgio Armani,Product,,published,,100.0,,,,,,,,,,,,,true,item_3918,,Default variant,3918,,false,true,100.0,,,,,,,,729400.0,729400.0,Default option,Default,,
,parfum-item-3887,Rush Victoria's Secret Splash Fragrance Mist,Product,,published,,250.0,,,,,,,,,,,,,true,item_3887,,Default variant,3887,,false,true,250.0,,,,,,,,117600.0,117600.0,Default option,Default,,
,parfum-item-3880,Coconut Passion Victoria's Secret Splash Fragrance Mist,Product,,published,,250.0,,,,,,,,,,,,,true,item_3880,,Default variant,3880,,false,true,250.0,,,,,,,,117600.0,117600.0,Default option,Default,,
,parfum-item-3878,Swiss Army Altitude Victorinox,Product,,published,,100.0,,,,,,,,,,,,,true,item_3878,,Default variant,3878,,false,true,100.0,,,,,,,,229600.0,229600.0,Default option,Default,,
,parfum-item-3876,Love Spell Victoria's Secret Splash Mist,Product,,published,,250.0,,,,,,,,,,,,,true,item_3876,,Default variant,3876,,false,true,250.0,,,,,,,,117600.0,117600.0,Default option,Default,,
,parfum-item-3865,Tocade De Rochas,Product,,published,,100.0,,,,,,,,,,,,,true,item_3865,,Default variant,3865,,false,true,100.0,,,,,,,,296800.0,296800.0,Default option,Default,,
,parfum-item-3860,Chance Eau Fraiche De Chanel,Product,,published,,100.0,,,,,,,,,,,,,true,item_3860,,Default variant,3860,,false,true,100.0,,,,,,,,1162000.0,1162000.0,Default option,Default,,
,parfum-item-3859,Bleu De Chanel,Product,,published,,100.0,,,,,,,,,,,,,true,item_3859,,Default variant,3859,,false,true,100.0,,,,,,,,1178800.0,1178800.0,Default option,Default,,
,parfum-item-3847,King Of Seduction Antonio Banderas,Product,,published,,200.0,,,,,,,,,,,,,true,item_3847,,Default variant,3847,,false,true,200.0,,,,,,,,218400.0,218400.0,Default option,Default,,
,parfum-item-3846,King Of Seduction Antonio Banderas,Product,,published,,100.0,,,,,,,,,,,,,true,item_3846,,Default variant,3846,,false,true,100.0,,,,,,,,201600.0,201600.0,Default option,Default,,
,parfum-item-3818,Obsession De Calvin Klein,Product,,published,,100.0,,,,,,,,,,,,,true,item_3818,,Default variant,3818,,false,true,100.0,,,,,,,,259000.0,259000.0,Default option,Default,,
,parfum-item-3811,Kenzo Flower De Kenzo,Product,,published,,100.0,,,,,,,,,,,,,true,item_3811,,Default variant,3811,,false,true,100.0,,,,,,,,450800.0,450800.0,Default option,Default,,
,parfum-item-3809,Jean Pascal Cubierta En Cuero,Product,,published,,180.0,,,,,,,,,,,,,true,item_3809,,Default variant,3809,,false,true,180.0,,,,,,,,403200.0,403200.0,Default option,Default,,
,parfum-item-3795,Blue Jeans Versace,Product,,published,,75.0,,,,,,,,,,,,,true,item_3795,,Default variant,3795,,false,true,75.0,,,,,,,,210000.0,210000.0,Default option,Default,,
,parfum-item-3786,360¬∫ Pink De Perry Ellis,Product,,published,,100.0,,,,,,,,,,,,,true,item_3786,,Default variant,3786,,false,true,100.0,,,,,,,,253400.0,253400.0,Default option,Default,,
,parfum-item-3777,La Nuit De L'homme Yves Saint Laurent,Product,,published,,100.0,,,,,,,,,,,,,true,item_3777,,Default variant,3777,,false,true,100.0,,,,,,,,683200.0,683200.0,Default option,Default,,
,parfum-item-3776,L'homme Yves Saint Laurent Ysl,Product,,published,,100.0,,,,,,,,,,,,,true,item_3776,,Default variant,3776,,false,true,100.0,,,,,,,,490000.0,490000.0,Default option,Default,,
,parfum-item-3771,Purr Katy Perry,Product,,published,,100.0,,,,,,,,,,,,,true,item_3771,,Default variant,3771,,false,true,100.0,,,,,,,,222600.0,222600.0,Default option,Default,,
,parfum-item-3761,Boss The Scent Hugo Boss,Product,,published,,100.0,,,,,,,,,,,,,true,item_3761,,Default variant,3761,,false,true,100.0,,,,,,,,415800.0,415800.0,Default option,Default,,
,parfum-item-3760,Hugo Boss Bottled Unlimited,Product,,published,,100.0,,,,,,,,,,,,,true,item_3760,,Default variant,3760,,false,true,100.0,,,,,,,,407400.0,407400.0,Default option,Default,,
,parfum-item-3750,Gotas De Color De Agatha Ruiz De La Prada,Product,,published,,100.0,,,,,,,,,,,,,true,item_3750,,Default variant,3750,,false,true,100.0,,,,,,,,196000.0,196000.0,Default option,Default,,
,parfum-item-3748,Scuderia Ferrari Black De Ferrari,Product,,published,,125.0,,,,,,,,,,,,,true,item_3748,,Default variant,3748,,false,true,125.0,,,,,,,,238000.0,238000.0,Default option,Default,,
,parfum-item-3746,F De Ferragamo Free Time,Product,,published,,100.0,,,,,,,,,,,,,true,item_3746,,Default variant,3746,,false,true,100.0,,,,,,,,285600.0,285600.0,Default option,Default,,
,parfum-item-3745,Acqua Essenziale Blu Salvatore Ferragamo,Product,,published,,100.0,,,,,,,,,,,,,true,item_3745,,Default variant,3745,,false,true,100.0,,,,,,,,350000.0,350000.0,Default option,Default,,
,parfum-item-3744,Acqua Essenziale Salvatore Ferragamo,Product,,published,,100.0,,,,,,,,,,,,,true,item_3744,,Default variant,3744,,false,true,100.0,,,,,,,,344400.0,344400.0,Default option,Default,,
,parfum-item-3737,Big Pony Numero 2 De Ralph Lauren,Product,,published,,100.0,,,,,,,,,,,,,true,item_3737,,Default variant,3737,,false,true,100.0,,,,,,,,322000.0,322000.0,Default option,Default,,
,parfum-item-3735,Just Me For Man Paris Hilton,Product,,published,,100.0,,,,,,,,,,,,,true,item_3735,,Default variant,3735,,false,true,100.0,,,,,,,,238000.0,238000.0,Default option,Default,,
,parfum-item-3730,Curve Crush De Liz Claiborne,Product,,published,,100.0,,,,,,,,,,,,,true,item_3730,,Default variant,3730,,false,true,100.0,,,,,,,,238000.0,238000.0,Default option,Default,,
,parfum-item-3725,Curve Black De Liz Claiborne,Product,,published,,125.0,,,,,,,,,,,,,true,item_3725,,Default variant,3725,,false,true,125.0,,,,,,,,200200.0,200200.0,Default option,Default,,
,parfum-item-3723,Guess Seductive Homme De Guess,Product,,published,,100.0,,,,,,,,,,,,,true,item_3723,,Default variant,3723,,false,true,100.0,,,,,,,,229600.0,229600.0,Default option,Default,,
,parfum-item-3722,Floral Touch De Tous,Product,,published,,100.0,,,,,,,,,,,,,true,item_3722,,Default variant,3722,,false,true,100.0,,,,,,,,334600.0,334600.0,Default option,Default,,
,parfum-item-3721,Sensual Touch De Tous,Product,,published,,100.0,,,,,,,,,,,,,true,item_3721,,Default variant,3721,,false,true,100.0,,,,,,,,334600.0,334600.0,Default option,Default,,
,parfum-item-3680,L.12.12 Rose Sparkling De Lacoste,Product,,published,,100.0,,,,,,,,,,,,,true,item_3680,,Default variant,3680,,false,true,100.0,,,,,,,,387800.0,387800.0,Default option,Default,,
,parfum-item-3670,Royal Water De Creed Unisex,Product,,published,,100.0,,,,,,,,,,,,,true,item_3670,,Default variant,3670,,false,true,100.0,,,,,,,,1498000.0,1498000.0,Default option,Default,,
,parfum-item-3665,Burberry Men Burberry,Product,,published,,100.0,,,,,,,,,,,,,true,item_3665,,Default variant,3665,,false,true,100.0,,,,,,,,296800.0,296800.0,Default option,Default,,
,parfum-item-3664,Burberry Women Burberry,Product,,published,,100.0,,,,,,,,,,,,,true,item_3664,,Default variant,3664,,false,true,100.0,,,,,,,,359800.0,359800.0,Default option,Default,,
,parfum-item-3661,Olympea De Paco Rabanne,Product,,published,,80.0,,,,,,,,,,,,,true,item_3661,,Default variant,3661,,false,true,80.0,,,,,,,,595000.0,595000.0,Default option,Default,,
,parfum-item-3644,Hugo Man Boss De Hugo Boss,Product,,published,,125.0,,,,,,,,,,,,,true,item_3644,,Default variant,3644,,false,true,125.0,,,,,,,,361200.0,361200.0,Default option,Default,,
,parfum-item-3642,Tous Kids Girl De Tous,Product,,published,,100.0,,,,,,,,,,,,,true,item_3642,,Default variant,3642,,false,true,100.0,,,,,,,,266000.0,266000.0,Default option,Default,,
,parfum-item-3641,Tous Kids Boy De Tous,Product,,published,,100.0,,,,,,,,,,,,,true,item_3641,,Default variant,3641,,false,true,100.0,,,,,,,,254800.0,254800.0,Default option,Default,,
,parfum-item-3639,Valentina De Valentino,Product,,published,,80.0,,,,,,,,,,,,,true,item_3639,,Default variant,3639,,false,true,80.0,,,,,,,,424200.0,424200.0,Default option,Default,,
,parfum-item-3638,Valentino Uomo De Valentino,Product,,published,,100.0,,,,,,,,,,,,,true,item_3638,,Default variant,3638,,false,true,100.0,,,,,,,,639800.0,639800.0,Default option,Default,,
,parfum-item-3636,Escada Magnetism Escada,Product,,published,,75.0,,,,,,,,,,,,,true,item_3636,,Default variant,3636,,false,true,75.0,,,,,,,,326200.0,326200.0,Default option,Default,,
,parfum-item-3635,Eros Pour Femme De Versace,Product,,published,,100.0,,,,,,,,,,,,,true,item_3635,,Default variant,3635,,false,true,100.0,,,,,,,,457800.0,457800.0,Default option,Default,,
,parfum-item-3634,Versace Eros,Product,,published,,200.0,,,,,,,,,,,,,true,item_3634,,Default variant,3634,,false,true,200.0,,,,,,,,536200.0,536200.0,Default option,Default,,
,parfum-item-3633,Versace Eros,Product,,published,,100.0,,,,,,,,,,,,,true,item_3633,,Default variant,3633,,false,true,100.0,,,,,,,,394800.0,394800.0,Default option,Default,,
,parfum-item-3631,Yellow Diamond Intense Versace,Product,,published,,90.0,,,,,,,,,,,,,true,item_3631,,Default variant,3631,,false,true,90.0,,,,,,,,530600.0,530600.0,Default option,Default,,
,parfum-item-2628,Kenzo Amour De Kenzo,Product,,published,,100.0,,,,,,,,,,,,,true,item_2628,,Default variant,2628,,false,true,100.0,,,,,,,,450800.0,450800.0,Default option,Default,,
,parfum-item-2627,Burberry London De Burberry Dama,Product,,published,,100.0,,,,,,,,,,,,,true,item_2627,,Default variant,2627,,false,true,100.0,,,,,,,,424200.0,424200.0,Default option,Default,,
,parfum-item-3623,Dkny Be Delicious De Donna Karan,Product,,published,,100.0,,,,,,,,,,,,,true,item_3623,,Default variant,3623,,false,true,100.0,,,,,,,,401800.0,401800.0,Default option,Default,,
,parfum-item-3616,Daisy De Marc Jacobs,Product,,published,,100.0,,,,,,,,,,,,,true,item_3616,,Default variant,3616,,false,true,100.0,,,,,,,,442400.0,442400.0,Default option,Default,,
,parfum-item-3615,Daisy Dream De Marc Jacobs,Product,,published,,100.0,,,,,,,,,,,,,true,item_3615,,Default variant,3615,,false,true,100.0,,,,,,,,539000.0,539000.0,Default option,Default,,
,parfum-item-3613,Honey De Marc Jacobs,Product,,published,,100.0,,,,,,,,,,,,,true,item_3613,,Default variant,3613,,false,true,100.0,,,,,,,,613200.0,613200.0,Default option,Default,,
,parfum-item-3609,The Secret De Antonio Banderas,Product,,published,,200.0,,,,,,,,,,,,,true,item_3609,,Default variant,3609,,false,true,200.0,,,,,,,,218400.0,218400.0,Default option,Default,,
,parfum-item-3608,The Secret De Antonio Banderas,Product,,published,,100.0,,,,,,,,,,,,,true,item_3608,,Default variant,3608,,false,true,100.0,,,,,,,,191800.0,191800.0,Default option,Default,,
,parfum-item-3606,King Seduction Absolute Antonio Banderas,Product,,published,,200.0,,,,,,,,,,,,,true,item_3606,,Default variant,3606,,false,true,200.0,,,,,,,,218400.0,218400.0,Default option,Default,,
,parfum-item-3599,360 ¬∫ Red Perry Ellis,Product,,published,,100.0,,,,,,,,,,,,,true,item_3599,,Default variant,3599,,false,true,100.0,,,,,,,,266000.0,266000.0,Default option,Default,,
,parfum-item-3597,Armani Code For Women Giorgio Armani,Product,,published,,75.0,,,,,,,,,,,,,true,item_3597,,Default variant,3597,,false,true,75.0,,,,,,,,548800.0,548800.0,Default option,Default,,
,parfum-item-3596,Armani Code De Giorgio Armani,Product,,published,,125.0,,,,,,,,,,,,,true,item_3596,,Default variant,3596,,false,true,125.0,,,,,,,,621600.0,621600.0,Default option,Default,,
,parfum-item-3594,The Golden Secret De Antonio Banderas,Product,,published,,200.0,,,,,,,,,,,,,true,item_3594,,Default variant,3594,,false,true,200.0,,,,,,,,238000.0,238000.0,Default option,Default,,
,parfum-item-3589,5Ta Avenue Elizabeth Arden,Product,,published,,125.0,,,,,,,,,,,,,true,item_3589,,Default variant,3589,,false,true,125.0,,,,,,,,266000.0,266000.0,Default option,Default,,
,parfum-item-3585,100Cc De Chevignon,Product,,published,,100.0,,,,,,,,,,,,,true,item_3585,,Default variant,3585,,false,true,100.0,,,,,,,,224000.0,224000.0,Default option,Default,,
,parfum-item-3579,Just Me De Paris Hilton,Product,,published,,100.0,,,,,,,,,,,,,true,item_3579,,Default variant,3579,,false,true,100.0,,,,,,,,238000.0,238000.0,Default option,Default,,
,parfum-item-3571,1 Million De Paco Rabanne,Product,,published,,200.0,,,,,,,,,,,,,true,item_3571,,Default variant,3571,,false,true,200.0,,,,,,,,683200.0,683200.0,Default option,Default,,
,parfum-item-3227,Givenchy Gentleman Originale,Product,,published,,100.0,,,,,,,,,,,,,true,item_3227,,Default variant,3227,,false,true,100.0,,,,,,,,415800.0,415800.0,Default option,Default,,
,parfum-item-3225,Hugo Boss Femme,Product,,published,,75.0,,,,,,,,,,,,,true,item_3225,,Default variant,3225,,false,true,75.0,,,,,,,,334600.0,334600.0,Default option,Default,,
,parfum-item-3224,Azzaro Chrome,Product,,published,,100.0,,,,,,,,,,,,,true,item_3224,,Default variant,3224,,false,true,100.0,,,,,,,,238000.0,238000.0,Default option,Default,,
,parfum-item-3223,Anais Anais L‚ÄòOriginal De Cacharel,Product,,published,,100.0,,,,,,,,,,,,,true,item_3223,,Default variant,3223,,false,true,100.0,,,,,,,,296800.0,296800.0,Default option,Default,,
,parfum-item-2223,The Golden Secret De Antonio Banderas,Product,,published,,100.0,,,,,,,,,,,,,true,item_2223,,Default variant,2223,,false,true,100.0,,,,,,,,193200.0,193200.0,Default option,Default,,
,parfum-item-3217,Burberry Weekend De Burberry,Product,,published,,100.0,,,,,,,,,,,,,true,item_3217,,Default variant,3217,,false,true,100.0,,,,,,,,285600.0,285600.0,Default option,Default,,
,parfum-item-3216,Katy Perry Meow De Katy Perry,Product,,published,,100.0,,,,,,,,,,,,,true,item_3216,,Default variant,3216,,false,true,100.0,,,,,,,,235200.0,235200.0,Default option,Default,,
,parfum-item-3213,Guess Marciano De Guess,Product,,published,,100.0,,,,,,,,,,,,,true,item_3213,,Default variant,3213,,false,true,100.0,,,,,,,,210000.0,210000.0,Default option,Default,,
,parfum-item-3212,Versace Bright Crystal Absolu,Product,,published,,90.0,,,,,,,,,,,,,true,item_3212,,Default variant,3212,,false,true,90.0,,,,,,,,453600.0,453600.0,Default option,Default,,
,parfum-item-3017,Aramis De Aramis,Product,,published,,110.0,,,,,,,,,,,,,true,item_3017,,Default variant,3017,,false,true,110.0,,,,,,,,238000.0,238000.0,Default option,Default,,
,parfum-item-3015,Boss Bottled Night De Hugo Boss,Product,,published,,100.0,,,,,,,,,,,,,true,item_3015,,Default variant,3015,,false,true,100.0,,,,,,,,376600.0,376600.0,Default option,Default,,
,parfum-item-3012,Guess Girl Belle,Product,,published,,100.0,,,,,,,,,,,,,true,item_3012,,Default variant,3012,,false,true,100.0,,,,,,,,229600.0,229600.0,Default option,Default,,
,parfum-item-2967,Nuit D‚ÄòIssey Issey Miyake,Product,,published,,75.0,,,,,,,,,,,,,true,item_2967,,Default variant,2967,,false,true,75.0,,,,,,,,364000.0,364000.0,Default option,Default,,
,parfum-item-2897,Boss Ma Vie Pour Femme De Hugo Boss,Product,,published,,75.0,,,,,,,,,,,,,true,item_2897,,Default variant,2897,,false,true,75.0,,,,,,,,326200.0,326200.0,Default option,Default,,
,parfum-item-2896,360 Coral Perry Ellis,Product,,published,,100.0,,,,,,,,,,,,,true,item_2896,,Default variant,2896,,false,true,100.0,,,,,,,,266000.0,266000.0,Default option,Default,,
,parfum-item-2895,Polo Red Ralph Lauren,Product,,published,,125.0,,,,,,,,,,,,,true,item_2895,,Default variant,2895,,false,true,125.0,,,,,,,,344400.0,344400.0,Default option,Default,,
,parfum-item-2893,Gucci Guilty Black Pour Homme,Product,,published,,90.0,,,,,,,,,,,,,true,item_2893,,Default variant,2893,,false,true,90.0,,,,,,,,586600.0,586600.0,Default option,Default,,
,parfum-item-2887,Tous Man,Product,,published,,100.0,,,,,,,,,,,,,true,item_2887,,Default variant,2887,,false,true,100.0,,,,,,,,341600.0,341600.0,Default option,Default,,
,parfum-item-2875,Coco Noir De Chanel,Product,,published,,100.0,,,,,,,,,,,,,true,item_2875,,Default variant,2875,,false,true,100.0,,,,,,,,1339800.0,1339800.0,Default option,Default,,
,parfum-item-2872,Femme Individuelle De Montblanc,Product,,published,,75.0,,,,,,,,,,,,,true,item_2872,,Default variant,2872,,false,true,75.0,,,,,,,,274400.0,274400.0,Default option,Default,,
,parfum-item-2871,Individuel Montblanc,Product,,published,,75.0,,,,,,,,,,,,,true,item_2871,,Default variant,2871,,false,true,75.0,,,,,,,,266000.0,266000.0,Default option,Default,,
,parfum-item-2848,Bvlgari Man In Black,Product,,published,,100.0,,,,,,,,,,,,,true,item_2848,,Default variant,2848,,false,true,100.0,,,,,,,,653800.0,653800.0,Default option,Default,,
,parfum-item-2805,Can Can Burlesque De Paris Hilton,Product,,published,,100.0,,,,,,,,,,,,,true,item_2805,,Default variant,2805,,false,true,100.0,,,,,,,,246400.0,246400.0,Default option,Default,,
,parfum-item-2803,Dazzle De Paris Hilton,Product,,published,,125.0,,,,,,,,,,,,,true,item_2803,,Default variant,2803,,false,true,125.0,,,,,,,,266000.0,266000.0,Default option,Default,,
,parfum-item-2788,212 Vip Men De Carolina Herrera,Product,,published,,200.0,,,,,,,,,,,,,true,item_2788,,Default variant,2788,,false,true,200.0,,,,,,,,707000.0,707000.0,Default option,Default,,
,parfum-item-2784,Emporio Armani Lui Giorgio Armani,Product,,published,,100.0,,,,,,,,,,,,,true,item_2784,,Default variant,2784,,false,true,100.0,,,,,,,,576800.0,576800.0,Default option,Default,,
,parfum-item-2780,Chanel N¬∞5,Product,,published,,100.0,,,,,,,,,,,,,true,item_2780,,Default variant,2780,,false,true,100.0,,,,,,,,1313200.0,1313200.0,Default option,Default,,
,parfum-item-2779,Poeme Lancome,Product,,published,,100.0,,,,,,,,,,,,,true,item_2779,,Default variant,2779,,false,true,100.0,,,,,,,,674800.0,674800.0,Default option,Default,,
,parfum-item-2676,Burberry My Burberry,Product,,published,,90.0,,,,,,,,,,,,,true,item_2676,,Default variant,2676,,false,true,90.0,,,,,,,,534800.0,534800.0,Default option,Default,,
,parfum-item-2600,Volupte Oscar De La Renta,Product,,published,,100.0,,,,,,,,,,,,,true,item_2600,,Default variant,2600,,false,true,100.0,,,,,,,,229600.0,229600.0,Default option,Default,,
,parfum-item-2598,Pour Lui Oscar De La Renta,Product,,published,,100.0,,,,,,,,,,,,,true,item_2598,,Default variant,2598,,false,true,100.0,,,,,,,,215600.0,215600.0,Default option,Default,,
,parfum-item-2597,Oscar De Oscar De La Renta,Product,,published,,100.0,,,,,,,,,,,,,true,item_2597,,Default variant,2597,,false,true,100.0,,,,,,,,317800.0,317800.0,Default option,Default,,
,parfum-item-2592,Burberry Touch,Product,,published,,100.0,,,,,,,,,,,,,true,item_2592,,Default variant,2592,,false,true,100.0,,,,,,,,334600.0,334600.0,Default option,Default,,
,parfum-item-2587,Burberry Brit Sheer,Product,,published,,100.0,,,,,,,,,,,,,true,item_2587,,Default variant,2587,,false,true,100.0,,,,,,,,354200.0,354200.0,Default option,Default,,
,parfum-item-2581,Polo Verde Ralph Lauren,Product,,published,,125.0,,,,,,,,,,,,,true,item_2581,,Default variant,2581,,false,true,125.0,,,,,,,,399000.0,399000.0,Default option,Default,,
,parfum-item-2580,Pleasures De Estee Lauder,Product,,published,,100.0,,,,,,,,,,,,,true,item_2580,,Default variant,2580,,false,true,100.0,,,,,,,,362600.0,362600.0,Default option,Default,,
,parfum-item-2579,You & I One Direction,Product,,published,,100.0,,,,,,,,,,,,,true,item_2579,,Default variant,2579,,false,true,100.0,,,,,,,,266000.0,266000.0,Default option,Default,,
,parfum-item-2576,Emblem Montblanc,Product,,published,,100.0,,,,,,,,,,,,,true,item_2576,,Default variant,2576,,false,true,100.0,,,,,,,,387800.0,387800.0,Default option,Default,,
,parfum-item-2572,Lacoste L.12.12 Jaune Yellow,Product,,published,,100.0,,,,,,,,,,,,,true,item_2572,,Default variant,2572,,false,true,100.0,,,,,,,,354200.0,354200.0,Default option,Default,,
,parfum-item-2571,212 Vip Rose De Carolina Herrera,Product,,published,,80.0,,,,,,,,,,,,,true,item_2571,,Default variant,2571,,false,true,80.0,,,,,,,,603400.0,603400.0,Default option,Default,,
,parfum-item-2125,Jean Paul Gaultier Le Classique,Product,,published,,100.0,,,,,,,,,,,,,true,item_2125,,Default variant,2125,,false,true,100.0,,,,,,,,558600.0,558600.0,Default option,Default,,
,parfum-item-2123,Terre D'hermes De Hermes,Product,,published,,200.0,,,,,,,,,,,,,true,item_2123,,Default variant,2123,,false,true,200.0,,,,,,,,772800.0,772800.0,Default option,Default,,
,parfum-item-2119,Gentleman Only De Givenchy,Product,,published,,150.0,,,,,,,,,,,,,true,item_2119,,Default variant,2119,,false,true,150.0,,,,,,,,504000.0,504000.0,Default option,Default,,
,parfum-item-2115,Eternity Calvin Klein,Product,,published,,200.0,,,,,,,,,,,,,true,item_2115,,Default variant,2115,,false,true,200.0,,,,,,,,399000.0,399000.0,Default option,Default,,
,parfum-item-2114,Eternity Calvin Klein,Product,,published,,100.0,,,,,,,,,,,,,true,item_2114,,Default variant,2114,,false,true,100.0,,,,,,,,316400.0,316400.0,Default option,Default,,
,parfum-item-2112,Diamonds And Rubies Elizabeth Taylor Mujer,Product,,published,,100.0,,,,,,,,,,,,,true,item_2112,,Default variant,2112,,false,true,100.0,,,,,,,,187600.0,187600.0,Default option,Default,,
,parfum-item-2111,Diamonds And Sapphires Elizabeth Taylor Mujer,Product,,published,,100.0,,,,,,,,,,,,,true,item_2111,,Default variant,2111,,false,true,100.0,,,,,,,,175000.0,175000.0,Default option,Default,,
,parfum-item-1917,Amor Amor De Cacharel,Product,,published,,100.0,,,,,,,,,,,,,true,item_1917,,Default variant,1917,,false,true,100.0,,,,,,,,296800.0,296800.0,Default option,Default,,
,parfum-item-1904,Burberry Brit For Men,Product,,published,,100.0,,,,,,,,,,,,,true,item_1904,,Default variant,1904,,false,true,100.0,,,,,,,,334600.0,334600.0,Default option,Default,,
,parfum-item-1863,Coco Mademoiselle Chanel Paris,Product,,published,,100.0,,,,,,,,,,,,,true,item_1863,,Default variant,1863,,false,true,100.0,,,,,,,,1374800.0,1374800.0,Default option,Default,,
,parfum-item-1857,Declaration De Cartier,Product,,published,,100.0,,,,,,,,,,,,,true,item_1857,,Default variant,1857,,false,true,100.0,,,,,,,,537600.0,537600.0,Default option,Default,,
,parfum-item-1853,212 Vip Men De Carolina Herrera,Product,,published,,100.0,,,,,,,,,,,,,true,item_1853,,Default variant,1853,,false,true,100.0,,,,,,,,504000.0,504000.0,Default option,Default,,
,parfum-item-1795,Platinum Egoiste De Chanel,Product,,published,,100.0,,,,,,,,,,,,,true,item_1795,,Default variant,1795,,false,true,100.0,,,,,,,,966000.0,966000.0,Default option,Default,,
,parfum-item-1794,Live De Jennifer Lopez,Product,,published,,100.0,,,,,,,,,,,,,true,item_1794,,Default variant,1794,,false,true,100.0,,,,,,,,232400.0,232400.0,Default option,Default,,
,parfum-item-1792,Live Luxe De Jennifer Lopez Mujer,Product,,published,,100.0,,,,,,,,,,,,,true,item_1792,,Default variant,1792,,false,true,100.0,,,,,,,,235200.0,235200.0,Default option,Default,,
,parfum-item-1788,Invictus Paco Rabanne,Product,,published,,100.0,,,,,,,,,,,,,true,item_1788,,Default variant,1788,,false,true,100.0,,,,,,,,581000.0,581000.0,Default option,Default,,
,parfum-item-1786,La Vie Est Belle De Lancome,Product,,published,,100.0,,,,,,,,,,,,,true,item_1786,,Default variant,1786,,false,true,100.0,,,,,,,,743400.0,743400.0,Default option,Default,,
,parfum-item-1784,Polo Blue De Ralph Lauren,Product,,published,,125.0,,,,,,,,,,,,,true,item_1784,,Default variant,1784,,false,true,125.0,,,,,,,,387800.0,387800.0,Default option,Default,,
,parfum-item-1783,Diesel Only The Brave Tattoo,Product,,published,,125.0,,,,,,,,,,,,,true,item_1783,,Default variant,1783,,false,true,125.0,,,,,,,,424200.0,424200.0,Default option,Default,,
,parfum-item-1780,Diesel Only The Brave,Product,,published,,125.0,,,,,,,,,,,,,true,item_1780,,Default variant,1780,,false,true,125.0,,,,,,,,368200.0,368200.0,Default option,Default,,
,parfum-item-1779,Fairy Dust De Paris Hilton,Product,,published,,100.0,,,,,,,,,,,,,true,item_1779,,Default variant,1779,,false,true,100.0,,,,,,,,172200.0,172200.0,Default option,Default,,
,parfum-item-1775,Paris De Yves Saint Laurent,Product,,published,,125.0,,,,,,,,,,,,,true,item_1775,,Default variant,1775,,false,true,125.0,,,,,,,,630000.0,630000.0,Default option,Default,,
,parfum-item-1774,Hugo Deep Red De Hugo Boss Mujer,Product,,published,,100.0,,,,,,,,,,,,,true,item_1774,,Default variant,1774,,false,true,100.0,,,,,,,,299600.0,299600.0,Default option,Default,,
,parfum-item-1773,Guess Tradicional,Product,,published,,75.0,,,,,,,,,,,,,true,item_1773,,Default variant,1773,,false,true,75.0,,,,,,,,235200.0,235200.0,Default option,Default,,
,parfum-item-1769,Black Seduction De Antonio Banderas,Product,,published,,100.0,,,,,,,,,,,,,true,item_1769,,Default variant,1769,,false,true,100.0,,,,,,,,187600.0,187600.0,Default option,Default,,
,parfum-item-1767,Legend De Montblanc,Product,,published,,100.0,,,,,,,,,,,,,true,item_1767,,Default variant,1767,,false,true,100.0,,,,,,,,326200.0,326200.0,Default option,Default,,
,parfum-item-1766,Nautica Voyage,Product,,published,,100.0,,,,,,,,,,,,,true,item_1766,,Default variant,1766,,false,true,100.0,,,,,,,,182000.0,182000.0,Default option,Default,,
,parfum-item-1765,Polo Black De Ralph Lauren,Product,,published,,125.0,,,,,,,,,,,,,true,item_1765,,Default variant,1765,,false,true,125.0,,,,,,,,368200.0,368200.0,Default option,Default,,
,parfum-item-1764,Soir De Lune De Sisley,Product,,published,,100.0,,,,,,,,,,,,,true,item_1764,,Default variant,1764,,false,true,100.0,,,,,,,,1108800.0,1108800.0,Default option,Default,,
,parfum-item-1763,Versace The Dreamer,Product,,published,,100.0,,,,,,,,,,,,,true,item_1763,,Default variant,1763,,false,true,100.0,,,,,,,,368200.0,368200.0,Default option,Default,,
,parfum-item-1762,Baby Tous De Tous,Product,,published,,100.0,,,,,,,,,,,,,true,item_1762,,Default variant,1762,,false,true,100.0,,,,,,,,259000.0,259000.0,Default option,Default,,
,parfum-item-1761,Dark Blue De Hugo Boss,Product,,published,,75.0,,,,,,,,,,,,,true,item_1761,,Default variant,1761,,false,true,75.0,,,,,,,,247800.0,247800.0,Default option,Default,,
,parfum-item-1760,Halloween Man De J Del Pozo,Product,,published,,125.0,,,,,,,,,,,,,true,item_1760,,Default variant,1760,,false,true,125.0,,,,,,,,271600.0,271600.0,Default option,Default,,
,parfum-item-1759,Ch Men Carolina Herrera,Product,,published,,100.0,,,,,,,,,,,,,true,item_1759,,Default variant,1759,,false,true,100.0,,,,,,,,567000.0,567000.0,Default option,Default,,
,parfum-item-1758,Acqua Di Gio De Giorgio Armani,Product,,published,,100.0,,,,,,,,,,,,,true,item_1758,,Default variant,1758,,false,true,100.0,,,,,,,,504000.0,504000.0,Default option,Default,,
,parfum-item-1751,Nautica Classic,Product,,published,,100.0,,,,,,,,,,,,,true,item_1751,,Default variant,1751,,false,true,100.0,,,,,,,,172200.0,172200.0,Default option,Default,,
,parfum-item-1748,Dolce & Gabbana Tradicional,Product,,published,,100.0,,,,,,,,,,,,,true,item_1748,,Default variant,1748,,false,true,100.0,,,,,,,,567000.0,567000.0,Default option,Default,,
,parfum-item-1747,Dolce & Gabbana Tradicional,Product,,published,,125.0,,,,,,,,,,,,,true,item_1747,,Default variant,1747,,false,true,125.0,,,,,,,,442400.0,442400.0,Default option,Default,,
,parfum-item-1746,Arsenal De Gilles Cantuel,Product,,published,,100.0,,,,,,,,,,,,,true,item_1746,,Default variant,1746,,false,true,100.0,,,,,,,,172200.0,172200.0,Default option,Default,,
,parfum-item-1733,Ck Be De Calvin Klein,Product,,published,,200.0,,,,,,,,,,,,,true,item_1733,,Default variant,1733,,false,true,200.0,,,,,,,,266000.0,266000.0,Default option,Default,,
,parfum-item-1721,L'eau D'issey De Issey Miyake,Product,,published,,200.0,,,,,,,,,,,,,true,item_1721,,Default variant,1721,,false,true,200.0,,,,,,,,476000.0,476000.0,Default option,Default,,
,parfum-item-1720,L'eau D'issey De Issey Miyake,Product,,published,,100.0,,,,,,,,,,,,,true,item_1720,,Default variant,1720,,false,true,100.0,,,,,,,,368200.0,368200.0,Default option,Default,,
,parfum-item-1719,Guess De Marciano,Product,,published,,100.0,,,,,,,,,,,,,true,item_1719,,Default variant,1719,,false,true,100.0,,,,,,,,218400.0,218400.0,Default option,Default,,
,parfum-item-1717,Ck One De Calvin Klein,Product,,published,,100.0,,,,,,,,,,,,,true,item_1717,,Default variant,1717,,false,true,100.0,,,,,,,,254800.0,254800.0,Default option,Default,,
,parfum-item-1716,Givenchy Pour Homme,Product,,published,,100.0,,,,,,,,,,,,,true,item_1716,,Default variant,1716,,false,true,100.0,,,,,,,,368200.0,368200.0,Default option,Default,,
,parfum-item-1714,Moschino Funny,Product,,published,,100.0,,,,,,,,,,,,,true,item_1714,,Default variant,1714,,false,true,100.0,,,,,,,,294000.0,294000.0,Default option,Default,,
,parfum-item-1713,I Love Love Cheap & Chic Moschino Mujer,Product,,published,,100.0,,,,,,,,,,,,,true,item_1713,,Default variant,1713,,false,true,100.0,,,,,,,,299600.0,299600.0,Default option,Default,,
,parfum-item-1707,Pi De Givenchy,Product,,published,,100.0,,,,,,,,,,,,,true,item_1707,,Default variant,1707,,false,true,100.0,,,,,,,,407400.0,407400.0,Default option,Default,,
,parfum-item-1702,Ck In 2U De Calvin Klein,Product,,published,,150.0,,,,,,,,,,,,,true,item_1702,,Default variant,1702,,false,true,150.0,,,,,,,,259000.0,259000.0,Default option,Default,,
,parfum-item-1697,Cool Water De Davidoff,Product,,published,,100.0,,,,,,,,,,,,,true,item_1697,,Default variant,1697,,false,true,100.0,,,,,,,,259000.0,259000.0,Default option,Default,,
,parfum-item-1696,Cool Water De Davidoff,Product,,published,,125.0,,,,,,,,,,,,,true,item_1696,,Default variant,1696,,false,true,125.0,,,,,,,,274400.0,274400.0,Default option,Default,,
,parfum-item-1690,United Colors De Benetton Mujer,Product,,published,,100.0,,,,,,,,,,,,,true,item_1690,,Default variant,1690,,false,true,100.0,,,,,,,,168000.0,168000.0,Default option,Default,,
,parfum-item-1689,Boss Bottled Night De Hugo Boss,Product,,published,,200.0,,,,,,,,,,,,,true,item_1689,,Default variant,1689,,false,true,200.0,,,,,,,,558600.0,558600.0,Default option,Default,,
,parfum-item-1686,Ultraviolet Man De Paco Rabanne Hombre,Product,,published,,100.0,,,,,,,,,,,,,true,item_1686,,Default variant,1686,,false,true,100.0,,,,,,,,376600.0,376600.0,Default option,Default,,
,parfum-item-1682,Polo Pony Numero 1 Ralph Lauren,Product,,published,,100.0,,,,,,,,,,,,,true,item_1682,,Default variant,1682,,false,true,100.0,,,,,,,,306600.0,306600.0,Default option,Default,,
,parfum-item-1680,Hugo Boss Xy,Product,,published,,100.0,,,,,,,,,,,,,true,item_1680,,Default variant,1680,,false,true,100.0,,,,,,,,295400.0,295400.0,Default option,Default,,
,parfum-item-1677,Tommy De Tommy Hilfiger,Product,,published,,100.0,,,,,,,,,,,,,true,item_1677,,Default variant,1677,,false,true,100.0,,,,,,,,260400.0,260400.0,Default option,Default,,
,parfum-item-1676,Tommy Girl De Tommy Hilfiger,Product,,published,,100.0,,,,,,,,,,,,,true,item_1676,,Default variant,1676,,false,true,100.0,,,,,,,,274400.0,274400.0,Default option,Default,,
,parfum-item-1674,Heiress De Paris Hilton,Product,,published,,100.0,,,,,,,,,,,,,true,item_1674,,Default variant,1674,,false,true,100.0,,,,,,,,285600.0,285600.0,Default option,Default,,
,parfum-item-1673,Versace Man Eau Fraiche,Product,,published,,100.0,,,,,,,,,,,,,true,item_1673,,Default variant,1673,,false,true,100.0,,,,,,,,317800.0,317800.0,Default option,Default,,
,parfum-item-1672,Siren De Paris Hilton,Product,,published,,100.0,,,,,,,,,,,,,true,item_1672,,Default variant,1672,,false,true,100.0,,,,,,,,229600.0,229600.0,Default option,Default,,
,parfum-item-1671,Yellow Diamond Versace,Product,,published,,90.0,,,,,,,,,,,,,true,item_1671,,Default variant,1671,,false,true,90.0,,,,,,,,392000.0,392000.0,Default option,Default,,
,parfum-item-1670,Tous Touch The Original Gold De Tous,Product,,published,,100.0,,,,,,,,,,,,,true,item_1670,,Default variant,1670,,false,true,100.0,,,,,,,,316400.0,316400.0,Default option,Default,,
,parfum-item-1669,Tous Gold 90  De Tous Mujer,Product,,published,,90.0,,,,,,,,,,,,,true,item_1669,,Default variant,1669,,false,true,90.0,,,,,,,,316400.0,316400.0,Default option,Default,,
,parfum-item-1668,The One De Dolce & Gabbana,Product,,published,,100.0,,,,,,,,,,,,,true,item_1668,,Default variant,1668,,false,true,100.0,,,,,,,,424200.0,424200.0,Default option,Default,,
,parfum-item-1667,The One De Dolce & Gabbana,Product,,published,,75.0,,,,,,,,,,,,,true,item_1667,,Default variant,1667,,false,true,75.0,,,,,,,,494200.0,494200.0,Default option,Default,,
,parfum-item-1664,Crystal Noir Versace,Product,,published,,90.0,,,,,,,,,,,,,true,item_1664,,Default variant,1664,,false,true,90.0,,,,,,,,414400.0,414400.0,Default option,Default,,
,parfum-item-1663,Ange Ou Demon Le Secret De Givenchy,Product,,published,,100.0,,,,,,,,,,,,,true,item_1663,,Default variant,1663,,false,true,100.0,,,,,,,,621600.0,621600.0,Default option,Default,,
,parfum-item-1658,Gucci Guilty Pour Homme,Product,,published,,90.0,,,,,,,,,,,,,true,item_1658,,Default variant,1658,,false,true,90.0,,,,,,,,450800.0,450800.0,Default option,Default,,
,parfum-item-1642,Organza Givenchy,Product,,published,,100.0,,,,,,,,,,,,,true,item_1642,,Default variant,1642,,false,true,100.0,,,,,,,,474600.0,474600.0,Default option,Default,,
,parfum-item-1641,Moschino Pink Bouquet,Product,,published,,100.0,,,,,,,,,,,,,true,item_1641,,Default variant,1641,,false,true,100.0,,,,,,,,280000.0,280000.0,Default option,Default,,
,parfum-item-1638,F De Ferragamo Black Pour Homme,Product,,published,,100.0,,,,,,,,,,,,,true,item_1638,,Default variant,1638,,false,true,100.0,,,,,,,,296800.0,296800.0,Default option,Default,,
,parfum-item-1629,L'eau D'issey Miyake Pour Homme Sport,Product,,published,,100.0,,,,,,,,,,,,,true,item_1629,,Default variant,1629,,false,true,100.0,,,,,,,,295400.0,295400.0,Default option,Default,,
,parfum-item-1628,L'eau D'issey Miyake Pour Homme Intense,Product,,published,,125.0,,,,,,,,,,,,,true,item_1628,,Default variant,1628,,false,true,125.0,,,,,,,,326200.0,326200.0,Default option,Default,,
,parfum-item-1627,Incanto Shine De Ferragamo,Product,,published,,100.0,,,,,,,,,,,,,true,item_1627,,Default variant,1627,,false,true,100.0,,,,,,,,266000.0,266000.0,Default option,Default,,
,parfum-item-1625,Incanto Charms De Ferragamo,Product,,published,,100.0,,,,,,,,,,,,,true,item_1625,,Default variant,1625,,false,true,100.0,,,,,,,,259000.0,259000.0,Default option,Default,,
,parfum-item-1624,Guess Girl De Guess,Product,,published,,100.0,,,,,,,,,,,,,true,item_1624,,Default variant,1624,,false,true,100.0,,,,,,,,210000.0,210000.0,Default option,Default,,
,parfum-item-1623,Midnight Fantasy Britney Spears,Product,,published,,100.0,,,,,,,,,,,,,true,item_1623,,Default variant,1623,,false,true,100.0,,,,,,,,229600.0,229600.0,Default option,Default,,
,parfum-item-1620,Fantasy De Britney Spears,Product,,published,,100.0,,,,,,,,,,,,,true,item_1620,,Default variant,1620,,false,true,100.0,,,,,,,,238000.0,238000.0,Default option,Default,,
,parfum-item-1599,Fahrenheit Christian Dior,Product,,published,,100.0,,,,,,,,,,,,,true,item_1599,,Default variant,1599,,false,true,100.0,,,,,,,,735000.0,735000.0,Default option,Default,,
,parfum-item-1582,Ricci Ricci De Nina Ricci,Product,,published,,80.0,,,,,,,,,,,,,true,item_1582,,Default variant,1582,,false,true,80.0,,,,,,,,415800.0,415800.0,Default option,Default,,
,parfum-item-1579,Nautica Blue,Product,,published,,100.0,,,,,,,,,,,,,true,item_1579,,Default variant,1579,,false,true,100.0,,,,,,,,182000.0,182000.0,Default option,Default,,
,parfum-item-1577,Ch Men Sport De Carolina Herrera,Product,,published,,100.0,,,,,,,,,,,,,true,item_1577,,Default variant,1577,,false,true,100.0,,,,,,,,376600.0,376600.0,Default option,Default,,
,parfum-item-1569,Adidas Victory League,Product,,published,,100.0,,,,,,,,,,,,,true,item_1569,,Default variant,1569,,false,true,100.0,,,,,,,,114800.0,114800.0,Default option,Default,,
,parfum-item-1557,Lacoste Essential,Product,,published,,125.0,,,,,,,,,,,,,true,item_1557,,Default variant,1557,,false,true,125.0,,,,,,,,354200.0,354200.0,Default option,Default,,
,parfum-item-1556,Blue Label Pour Homme Givenchy,Product,,published,,100.0,,,,,,,,,,,,,true,item_1556,,Default variant,1556,,false,true,100.0,,,,,,,,371000.0,371000.0,Default option,Default,,
,parfum-item-1554,J'adore Christian Dior,Product,,published,,100.0,,,,,,,,,,,,,true,item_1554,,Default variant,1554,,false,true,100.0,,,,,,,,1005200.0,1005200.0,Default option,Default,,
,parfum-item-1553,Dune De Christian Dior,Product,,published,,100.0,,,,,,,,,,,,,true,item_1553,,Default variant,1553,,false,true,100.0,,,,,,,,816200.0,816200.0,Default option,Default,,
,parfum-item-1552,Allure Homme Edition Blanche Chanel,Product,,published,,100.0,,,,,,,,,,,,,true,item_1552,,Default variant,1552,,false,true,100.0,,,,,,,,1036000.0,1036000.0,Default option,Default,,
,parfum-item-1551,Allure Sport Eau Extreme Chanel,Product,,published,,100.0,,,,,,,,,,,,,true,item_1551,,Default variant,1551,,false,true,100.0,,,,,,,,1071000.0,1071000.0,Default option,Default,,
,parfum-item-1549,Versace Versense,Product,,published,,100.0,,,,,,,,,,,,,true,item_1549,,Default variant,1549,,false,true,100.0,,,,,,,,415800.0,415800.0,Default option,Default,,
,parfum-item-1548,Versace Pour Homme,Product,,published,,200.0,,,,,,,,,,,,,true,item_1548,,Default variant,1548,,false,true,200.0,,,,,,,,564200.0,564200.0,Default option,Default,,
,parfum-item-1547,Versace Pour Homme,Product,,published,,100.0,,,,,,,,,,,,,true,item_1547,,Default variant,1547,,false,true,100.0,,,,,,,,399000.0,399000.0,Default option,Default,,
,parfum-item-1545,Hugo Man De Hugo Boss,Product,,published,,200.0,,,,,,,,,,,,,true,item_1545,,Default variant,1545,,false,true,200.0,,,,,,,,424200.0,424200.0,Default option,Default,,
,parfum-item-1541,Escape De Calvin Klein,Product,,published,,100.0,,,,,,,,,,,,,true,item_1541,,Default variant,1541,,false,true,100.0,,,,,,,,274400.0,274400.0,Default option,Default,,
,parfum-item-1540,Calvin Klein Obsession,Product,,published,,200.0,,,,,,,,,,,,,true,item_1540,,Default variant,1540,,false,true,200.0,,,,,,,,306600.0,306600.0,Default option,Default,,
,parfum-item-1539,Calvin Klein Obsession,Product,,published,,125.0,,,,,,,,,,,,,true,item_1539,,Default variant,1539,,false,true,125.0,,,,,,,,285600.0,285600.0,Default option,Default,,
,parfum-item-1537,Bvlgari Petits Et Mamans,Product,,published,,100.0,,,,,,,,,,,,,true,item_1537,,Default variant,1537,,false,true,100.0,,,,,,,,530600.0,530600.0,Default option,Default,,
,parfum-item-1535,Bleu De Chanel,Product,,published,,150.0,,,,,,,,,,,,,true,item_1535,,Default variant,1535,,false,true,150.0,,,,,,,,1309000.0,1309000.0,Default option,Default,,
,parfum-item-1533,Bleu De Chanel,Product,,published,,100.0,,,,,,,,,,,,,true,item_1533,,Default variant,1533,,false,true,100.0,,,,,,,,1062600.0,1062600.0,Default option,Default,,
,parfum-item-1531,Halloween,Product,,published,,100.0,,,,,,,,,,,,,true,item_1531,,Default variant,1531,,false,true,100.0,,,,,,,,281400.0,281400.0,Default option,Default,,
,parfum-item-1529,Boss In Motion 100  De Hugo Boss Hombre EDT,Product,,published,,100.0,,,,,,,,,,,,,true,item_1529,,Default variant,1529,,false,true,100.0,,,,,,,,296800.0,296800.0,Default option,Default,,
,parfum-item-1527,Paloma Picasso De Paloma Picasso,Product,,published,,100.0,,,,,,,,,,,,,true,item_1527,,Default variant,1527,,false,true,100.0,,,,,,,,354200.0,354200.0,Default option,Default,,
,parfum-item-1526,Starwalker De Montblanc,Product,,published,,75.0,,,,,,,,,,,,,true,item_1526,,Default variant,1526,,false,true,75.0,,,,,,,,295400.0,295400.0,Default option,Default,,
,parfum-item-1525,Presence D' Une Femme De Montblanc,Product,,published,,75.0,,,,,,,,,,,,,true,item_1525,,Default variant,1525,,false,true,75.0,,,,,,,,330400.0,330400.0,Default option,Default,,
,parfum-item-1524,Light Blue De Dolce & Gabbana,Product,,published,,100.0,,,,,,,,,,,,,true,item_1524,,Default variant,1524,,false,true,100.0,,,,,,,,450800.0,450800.0,Default option,Default,,
,parfum-item-1523,Lady Million De Paco Rabanne,Product,,published,,80.0,,,,,,,,,,,,,true,item_1523,,Default variant,1523,,false,true,80.0,,,,,,,,558600.0,558600.0,Default option,Default,,
,parfum-item-1522,Lacoste Blanc L.12.12,Product,,published,,100.0,,,,,,,,,,,,,true,item_1522,,Default variant,1522,,false,true,100.0,,,,,,,,415800.0,415800.0,Default option,Default,,
,parfum-item-1403,Ralph De Ralph Lauren,Product,,published,,100.0,,,,,,,,,,,,,true,item_1403,,Default variant,1403,,false,true,100.0,,,,,,,,424200.0,424200.0,Default option,Default,,
,parfum-item-1402,Lacoste Touch Of Pink De,Product,,published,,90.0,,,,,,,,,,,,,true,item_1402,,Default variant,1402,,false,true,90.0,,,,,,,,316400.0,316400.0,Default option,Default,,
,parfum-item-1401,Hugo Boss Xx,Product,,published,,100.0,,,,,,,,,,,,,true,item_1401,,Default variant,1401,,false,true,100.0,,,,,,,,309400.0,309400.0,Default option,Default,,
,parfum-item-1398,Beauty De Calvin Klein,Product,,published,,100.0,,,,,,,,,,,,,true,item_1398,,Default variant,1398,,false,true,100.0,,,,,,,,296800.0,296800.0,Default option,Default,,
,parfum-item-1397,212 Vip Carolina Herrera,Product,,published,,80.0,,,,,,,,,,,,,true,item_1397,,Default variant,1397,,false,true,80.0,,,,,,,,546000.0,546000.0,Default option,Default,,
,parfum-item-1394,Angel De Thierry Mugler Mujer,Product,,published,,50.0,,,,,,,,,,,,,true,item_1394,,Default variant,1394,,false,true,50.0,,,,,,,,711200.0,711200.0,Default option,Default,,
,parfum-item-1393,Amarige De Givenchy,Product,,published,,100.0,,,,,,,,,,,,,true,item_1393,,Default variant,1393,,false,true,100.0,,,,,,,,462000.0,462000.0,Default option,Default,,
,parfum-item-1177,Eternity De Calvin Klein,Product,,published,,100.0,,,,,,,,,,,,,true,item_1177,,Default variant,1177,,false,true,100.0,,,,,,,,357000.0,357000.0,Default option,Default,,
,parfum-item-1176,Euphoria Calvin Klein,Product,,published,,100.0,,,,,,,,,,,,,true,item_1176,,Default variant,1176,,false,true,100.0,,,,,,,,368200.0,368200.0,Default option,Default,,
,parfum-item-431,Montblanc Presence,Product,,published,,75.0,,,,,,,,,,,,,true,item_431,,Default variant,431,,false,true,75.0,,,,,,,,264600.0,264600.0,Default option,Default,,
,parfum-item-423,Pasha De Cartier,Product,,published,,100.0,,,,,,,,,,,,,true,item_423,,Default variant,423,,false,true,100.0,,,,,,,,532000.0,532000.0,Default option,Default,,
,parfum-item-422,One Million De Paco Rabanne,Product,,published,,100.0,,,,,,,,,,,,,true,item_422,,Default variant,422,,false,true,100.0,,,,,,,,539000.0,539000.0,Default option,Default,,
,parfum-item-421,Light Blue Pour Homme De Dolce & Gabbana,Product,,published,,125.0,,,,,,,,,,,,,true,item_421,,Default variant,421,,false,true,125.0,,,,,,,,424200.0,424200.0,Default option,Default,,
,parfum-item-420,Le Male De Jean Paul Gaultier Hombre,Product,,published,,125.0,,,,,,,,,,,,,true,item_420,,Default variant,420,,false,true,125.0,,,,,,,,557200.0,557200.0,Default option,Default,,
,parfum-item-415,Ck In 2U For Him De Calvin Klein,Product,,published,,150.0,,,,,,,,,,,,,true,item_415,,Default variant,415,,false,true,150.0,,,,,,,,266000.0,266000.0,Default option,Default,,
,parfum-item-413,Boss Selection De Hugo Boss,Product,,published,,100.0,,,,,,,,,,,,,true,item_413,,Default variant,413,,false,true,100.0,,,,,,,,296800.0,296800.0,Default option,Default,,
,parfum-item-412,360¬∫ Red Perry Ellis,Product,,published,,100.0,,,,,,,,,,,,,true,item_412,,Default variant,412,,false,true,100.0,,,,,,,,259000.0,259000.0,Default option,Default,,
,parfum-item-411,212 Sexy Men De Carolina Herrera,Product,,published,,100.0,,,,,,,,,,,,,true,item_411,,Default variant,411,,false,true,100.0,,,,,,,,495600.0,495600.0,Default option,Default,,
,parfum-item-396,Can Can De Paris Hilton,Product,,published,,100.0,,,,,,,,,,,,,true,item_396,,Default variant,396,,false,true,100.0,,,,,,,,274400.0,274400.0,Default option,Default,,
,parfum-item-395,212 NYC Carolina Herrera,Product,,published,,100.0,,,,,,,,,,,,,true,item_395,,Default variant,395,,false,true,100.0,,,,,,,,595000.0,595000.0,Default option,Default,,
,parfum-item-394,212 Sexy Woman Carolina Herrera,Product,,published,,100.0,,,,,,,,,,,,,true,item_394,,Default variant,394,,false,true,100.0,,,,,,,,547400.0,547400.0,Default option,Default,,
,parfum-item-393,Ch Carolina Herrera,Product,,published,,100.0,,,,,,,,,,,,,true,item_393,,Default variant,393,,false,true,100.0,,,,,,,,604800.0,604800.0,Default option,Default,,
,parfum-item-392,Lolita Lempicka,Product,,published,,100.0,,,,,,,,,,,,,true,item_392,,Default variant,392,,false,true,100.0,,,,,,,,362600.0,362600.0,Default option,Default,,
,parfum-item-391,Paris Hilton Tradicional,Product,,published,,100.0,,,,,,,,,,,,,true,item_391,,Default variant,391,,false,true,100.0,,,,,,,,238000.0,238000.0,Default option,Default,,
,parfum-item-389,273 Fred Hayman Beverly Hills,Product,,published,,75.0,,,,,,,,,,,,,true,item_389,,Default variant,389,,false,true,75.0,,,,,,,,254800.0,254800.0,Default option,Default,,
,parfum-item-286,212 Men De Carolina Herrera,Product,,published,,100.0,,,,,,,,,,,,,true,item_286,,Default variant,286,,false,true,100.0,,,,,,,,539000.0,539000.0,Default option,Default,,
,parfum-item-11955,"Set Good Girl Carolina Herrera, 3 Pcs",Product,,published,,,,,,,,,,,,,,,true,item_11955,,Default variant,11955,,false,true,,,,,,,,,781200.0,781200.0,Default option,Default,,
,parfum-item-11872,"Set Mod Vanilla Ariana Grande, 3 Pcs",Product,,published,,,,,,,,,,,,,,,true,item_11872,,Default variant,11872,,false,true,,,,,,,,,557200.0,557200.0,Default option,Default,,
,parfum-item-11871,"Set Million Gold Paco Rabanne, 3 Pcs",Product,,published,,,,,,,,,,,,,,,true,item_11871,,Default variant,11871,,false,true,,,,,,,,,810600.0,810600.0,Default option,Default,,
,parfum-item-11779,"Set Dylan Blue Versace Pour Femme, 4 Pcs Bolso",Product,,published,,,,,,,,,,,,,,,true,item_11779,,Default variant,11779,,false,true,,,,,,,,,571200.0,571200.0,Default option,Default,,
,parfum-item-11572,"Set Sense Laverne, 2 Pcs",Product,,published,,,,,,,,,,,,,,,true,item_11572,,Default variant,11572,,false,true,,,,,,,,,813400.0,813400.0,Default option,Default,,
,parfum-item-11470,"Set 273 Rodeo Drive Fred Hayman, 4 Pcs",Product,,published,,,,,,,,,,,,,,,true,item_11470,,Default variant,11470,,false,true,,,,,,,,,347200.0,347200.0,Default option,Default,,
,parfum-item-11349,"Set Eilish Billie Eilish No 2 Unisex, 2 Pcs",Product,,published,,,,,,,,,,,,,,,true,item_11349,,Default variant,11349,,false,true,,,,,,,,,457800.0,457800.0,Default option,Default,,
,parfum-item-11276,"Discovery Set Club De Nuit Armaf, x10 Pcs",Product,,published,,,,,,,,,,,,,,,true,item_11276,,Default variant,11276,,false,true,,,,,,,,,567000.0,567000.0,Default option,Default,,
,parfum-item-10681,"Set Invictus Victory Paco Rabanne, 3 Pcs Hombre",Product,,published,,,,,,,,,,,,,,,true,item_10681,,Default variant,10681,,false,true,,,,,,,,,757400.0,757400.0,Default option,Default,,
,parfum-item-10650,"Set Double Bharara, 4 Pcs Hombre 100 Ml",Product,,published,,,,,,,,,,,,,,,true,item_10650,,Default variant,10650,,false,true,,,,,,,,,526400.0,526400.0,Default option,Default,,
,parfum-item-7150,"Set Olympea De Paco Rabanne, 3 Pcs Mujer",Product,,published,,,,,,,,,,,,,,,true,item_7150,,Default variant,7150,,false,true,,,,,,,,,667800.0,667800.0,Default option,Default,,
,parfum-item-6318,"Set Versace Yellow Diamond, 4 Pcs Mujer",Product,,published,,,,,,,,,,,,,,,true,item_6318,,Default variant,6318,,false,true,,,,,,,,,560000.0,560000.0,Default option,Default,,
,parfum-item-6193,"Estuche 360 Red De Perry Ellis Set X, 4 Pcs Hombre",Product,,published,,,,,,,,,,,,,,,true,item_6193,,Default variant,6193,,false,true,,,,,,,,,343000.0,343000.0,Default option,Default,,
,parfum-item-5514,"Estuche 1 Million De Paco Rabanne, 3 Pcs Hombre",Product,,published,,,,,,,,,,,,,,,true,item_5514,,Default variant,5514,,false,true,,,,,,,,,590800.0,590800.0,Default option,Default,,
,parfum-item-5124,"Estuche Classique De Jean Paul Gaultier, 3 Pcs Mujer",Product,,published,,,,,,,,,,,,,,,true,item_5124,,Default variant,5124,,false,true,,,,,,,,,648200.0,648200.0,Default option,Default,,
,parfum-item-7008,"Set Paris Hilton Tradicional, 4 Pcs Mujer",Product,,published,,,,,,,,,,,,,,,true,item_7008,,Default variant,7008,,false,true,,,,,,,,,387800.0,387800.0,Default option,Default,,
,parfum-product-87c61827-3413-ef4a-9e2a-c5fe384ef71b,DELPHINUS CREED 100 ML EDP UNISEX,Product,"<p>Delphinus de Creed es una fragancia de ámbar amaderado con un perfil elegante y nocturno, inspirada en una constelación luminosa que guiaba a viajeros y soñadores. La salida mezcla incienso resinoso con el brillo especiado de pimienta negra y pimienta rosa, mientras la almendra aporta una cremosidad pulida y elegante. En el corazón, el heliotropo y la orquídea se integran con el orris (iris) para dar un acabado empolvado y sofisticado, propio de fragancias de lujo con firma contemporánea. El fondo de pachulí, haba tonka y vainilla bourbon con matiz cuero deja una estela ámbar amaderada, cálida y refinada, alineada con perfumes y fragancias de alta perfumería.</p>",published,346e0f_3c638f08f27444bea09121d5919f08a0~mv2.webp,,,,,,,,,,,,,,true,product_87c61827-3413-ef4a-9e2a-c5fe384ef71b,,Default variant,,,false,true,,,,,,,,,1698000.0,1698000.0,Default option,Default,346e0f_3c638f08f27444bea09121d5919f08a0~mv2.webp,
,parfum-product-e2a2886f-08e5-0bbb-e9ae-ffe6c327c311,KILIAN PARIS PLAYING WITH THE DEVIL KILIAN 50 ML EDP DAMA,Product,"<p>Playing with the Devil de By Kilian es un perfume de firma provocador y elegante, donde la fruta jugosa se vuelve chispa y la especia sube la temperatura con un aire sofisticado. La salida es vibrante y brillante, con un dulzor afrutado que se siente pulido, nunca infantil, y que rápidamente se tiñe de picante sensual. En el corazón aparece un floral con carácter, más seductor que romántico, mientras el fondo amaderado y cremoso deja una estela cálida y envolvente. En Valmara, esta fragancia destaca entre perfumes nicho por su contraste entre frescura frutal, especias ardientes y maderas suaves.</p>",published,346e0f_49e64393b2954180bdfbc89c0c7feaae~mv2.webp,,,,,,,,,,,,,,true,product_e2a2886f-08e5-0bbb-e9ae-ffe6c327c311,,Default variant,,,false,true,,,,,,,,,1600000.0,1600000.0,Default option,Default,346e0f_49e64393b2954180bdfbc89c0c7feaae~mv2.webp,
