handleId,fieldType,name,description,productImageUrl,collection,sku,ribbon,price,surcharge,visible,discountMode,discountValue,inventory,weight,cost,productOptionName1,productOptionType1,productOptionDescription1,productOptionName2,productOptionType2,productOptionDescription2,productOptionName3,productOptionType3,productOptionDescription3,productOptionName4,productOptionType4,productOptionDescription4,productOptionName5,productOptionType5,productOptionDescription5,productOptionName6,productOptionType6,productOptionDescription6,additionalInfoTitle1,additionalInfoDescription1,additionalInfoTitle2,additionalInfoDescription2,additionalInfoTitle3,additionalInfoDescription3,additionalInfoTitle4,additionalInfoDescription4,additionalInfoTitle5,additionalInfoDescription5,additionalInfoTitle6,additionalInfoDescription6,customTextField1,customTextCharLimit1,customTextMandatory1,customTextField2,customTextCharLimit2,customTextMandatory2,brand
item_11981,Product,Tanasuk Al Haramain,"<p>Tanasuk&nbsp;de&nbsp;Al Haramain Perfumes&nbsp;es una fragancia de la familia olfativa Oriental Vainilla para Hombres y Mujeres. Las Notas de Salida son rosa, granadina y azafrán; las Notas de Corazón son notas amaderadas, ámbar y jazmín; las Notas de Fondo son vainilla, azúcar moreno y almizcle.</p><p>&nbsp;</p><p><em><strong>Tanasuk Extrait de Parfum de Al Haramain</strong>&nbsp;es una fragancia unisex que fusiona dulzura, elegancia y misterio en una composición oriental irresistible. Su salida vibrante mezcla rosa, azafrán y granadina, creando un inicio floral y frutal con acentos especiados. En el corazón, el ámbar, el jazmín y las notas amaderadas aportan profundidad y sensualidad. La base se funde en una estela cálida y golosa de vainilla, azúcar moreno y almizcle, dejando huella con su carácter envolvente.&nbsp;<strong>Tanasuk Extrait de Parfum</strong>&nbsp;es ideal para quienes buscan una experiencia olfativa intensa, romántica y sofisticada. Un perfume que transforma cada instante en un recuerdo dorado.</em></p>",346e0f_90ca61ddd9904bb489c6d6c00364b29a~mv2.jpg,,11981,,295400.0,,true,PERCENT,0.0,6,100.0,211000.0,,,,,,,,,,,,,,,,,,,,,,,,,,,,,,,,,,,,,
item_11980,Product,Haramain Detour Rouge Al Haramain,"<p>Détour Rouge&nbsp;de&nbsp;Al Haramain Perfumes&nbsp;es una fragancia de la familia olfativa Cítrica para Hombres y Mujeres.&nbsp;Détour Rouge&nbsp;se lanzó en 2022. Las Notas de Salida son lavanda, bergamota y cardamomo; las Notas de Corazón son té negro, tabaco y violeta; las Notas de Fondo son almizcle, haba tonka y cedro.</p>",346e0f_ef5393173c4b42cfa74d040406a06d97~mv2.jpg,,11980,,316400.0,,true,PERCENT,0.0,6,100.0,226000.0,,,,,,,,,,,,,,,,,,,,,,,,,,,,,,,,,,,,,
item_11979,Product,Haramain Detour Exclusif Noir Al Haramain,"<p>Detour Noir Exclusif&nbsp;de&nbsp;Al Haramain Perfumes&nbsp;es una fragancia de la familia olfativa Oriental Floral para Hombres y Mujeres.&nbsp;Detour Noir Exclusif&nbsp;se lanzó en 2024. Las Notas de Salida son almendra, notas acuosas, mandarina y bergamota; las Notas de Corazón son algalia (civet), geranio, rosa, nenúfar (lirio de agua) y gardenia; las Notas de Fondo son Oud laosiano, madera de gaiac, vainilla, sándalo, café, hojas de pachulí de Indonesia, ámbar, musgo de roble y pimienta rosa.</p>",346e0f_448e15b0cc7b46588e5e98ef2ffd317e~mv2.jpg,,11979,,316400.0,,true,PERCENT,0.0,6,100.0,226000.0,,,,,,,,,,,,,,,,,,,,,,,,,,,,,,,,,,,,,
item_11978,Product,Haramain Detour Eco Al Haramain,"<p>Haramain Detour Eco&nbsp;de&nbsp;Al Haramain Perfumes&nbsp;es una fragancia de la familia olfativa Oriental Amaderada para Hombres y Mujeres.&nbsp;Haramain Detour Eco&nbsp;se lanzó en 2024. Las Notas de Salida son lavanda, esclarea y bergamota; las Notas de Corazón son azafrán y praliné; las Notas de Fondo son madera de oud y cedro.</p>",346e0f_339110678f7c46498ee6e7e3c7b0b172~mv2.jpg,,11978,,316400.0,,true,PERCENT,0.0,6,100.0,226000.0,,,,,,,,,,,,,,,,,,,,,,,,,,,,,,,,,,,,,
item_11977,Product,Amber Oud White Edition Al Haramain,"<p>Amber Oud White Edition&nbsp;de&nbsp;Al Haramain Perfumes&nbsp;es una fragancia de la familia olfativa Chipre Floral para Hombres y Mujeres.&nbsp;Amber Oud White Edition&nbsp;se lanzó en 2022. Las Notas de Salida son bergamota y naranja; las Notas de Corazón son jazmín, rosa, fresia y ciclamen (violeta persa); las Notas de Fondo son pachulí, almizcle, vetiver y vainilla.</p>",346e0f_89891c37d77a460f8e1aa57b87c7425e~mv2.webp,,11977,Hombre,595000.0,,true,PERCENT,0.0,6,200.0,425000.0,,,,,,,,,,,,,,,,,,,,,,,,,,,,,,,,,,,,,
item_11976,Product,Amber Oud Ultra Violet Al Haramain,"<p>Amber Oud Ultra Violet&nbsp;de&nbsp;Al Haramain Perfumes&nbsp;es una fragancia de la familia olfativa Almizcle Floral Amaderado para Mujeres.&nbsp;Amber Oud Ultra Violet&nbsp;se lanzó en 2024. Las Notas de Salida son rosa, jengibre y bergamota; las Notas de Corazón son nardos, jazmín y flores blancas; las Notas de Fondo son almizcle, pachulí y roble.</p>",346e0f_6ccc2917fac64a3e87a8f524e22d4094~mv2.webp,,11976,Mujer,368200.0,,true,PERCENT,0.0,6,60.0,263000.0,,,,,,,,,,,,,,,,,,,,,,,,,,,,,,,,,,,,,
item_11974,Product,Velvet Desert Oud Dolce & Gabbana,<p>Velvet Desert Oud&nbsp;de&nbsp;Dolce&amp;Gabbana&nbsp;es una fragancia de la familia olfativa Oriental para Hombres y Mujeres.&nbsp;Velvet Desert Oud&nbsp;se lanzó en 2013.</p>,346e0f_e6286a1c9f604cb3b9580e95acfe3f73~mv2.avif,,11974,,1603000.0,,true,PERCENT,0.0,3,100.0,1145000.0,,,,,,,,,,,,,,,,,,,,,,,,,,,,,,,,,,,,,
item_11973,Product,Velvet Blue Musk Dolce & Gabbana,"<p>Velvet Blue Musk&nbsp;de&nbsp;Dolce&amp;Gabbana&nbsp;es una fragancia de la familia olfativa Almizcle Amaderado Floral para Hombres y Mujeres.&nbsp;Velvet Blue Musk&nbsp;se lanzó en 2023. La Nariz detrás de esta fragrancia es Mathilde Bijaoui. Las Notas de Salida son cardamomo, azafrán y comino; las Notas de Corazón son sándalo, cipriol (nagarmota) y rosa de Damasco; las Notas de Fondo son almizcle, haba tonka y cedro.</p>",346e0f_d8d4b64ec0ac4a6f9fe97138d13f3529~mv2.avif,,11973,,1603000.0,,true,PERCENT,0.0,3,100.0,1145000.0,,,,,,,,,,,,,,,,,,,,,,,,,,,,,,,,,,,,,
item_11972,Product,Velvet Zafferano Dolce & Gabbana,"<p>Velvet Zafferano&nbsp;de&nbsp;Dolce&amp;Gabbana&nbsp;es una fragancia de la familia olfativa Oriental Especiada para Hombres y Mujeres. Esta fragrancia es nueva.&nbsp;Velvet Zafferano&nbsp;se lanzó en 2024. La Nariz detrás de esta fragrancia es Aurélien Guichard. La Nota de Salida es azafrán; las Notas de Corazón son tabaco y hojas de tabaco; las Notas de Fondo son ámbar, vainilla, pachulí y ládano.</p>",346e0f_f38b2564101e4c6cbfb25835a81c8d74~mv2.avif,,11972,,1603000.0,,true,PERCENT,0.0,3,100.0,1145000.0,,,,,,,,,,,,,,,,,,,,,,,,,,,,,,,,,,,,,
item_11971,Product,Fame In Love Rabanne Parfum Elixir,"<p>Fame in Love&nbsp;de&nbsp;Rabanne&nbsp;es una fragancia de la familia olfativa Floral Frutal Gourmand para Mujeres. Esta fragrancia es nueva.&nbsp;Fame in Love&nbsp;se lanzó en 2025. Fame in Love fue creada por Dora Baghriche, Fabrice Pellegrin y Clement Gavarry. Las Notas de Salida son fresa, mandarina verde y albahaca; las Notas de Corazón son jazmín, incienso y raíz de lirio; las Notas de Fondo son absoluto de vainilla, Notas minerales y pachulí.</p>",346e0f_9ba79792c8894f6cae4a0e519ed79519~mv2.avif,,11971,Mujer,842800.0,,true,PERCENT,0.0,3,80.0,602000.0,,,,,,,,,,,,,,,,,,,,,,,,,,,,,,,,,,,,,
item_11969,Product,Hawas Verde Rasasi,<p>Hawas Verde&nbsp;de&nbsp;Rasasi&nbsp;es una fragancia de la familia olfativa Cítrica Aromática para Hombres. Esta fragrancia es nueva.&nbsp;Hawas Verde&nbsp;se lanzó en 2025.</p>,346e0f_7997b2d810cc46409ff59ce622f27170~mv2.jpg,,11969,Hombre,478800.0,,true,PERCENT,0.0,5,100.0,342000.0,,,,,,,,,,,,,,,,,,,,,,,,,,,,,,,,,,,,,
item_11968,Product,Jardin des Papillons Paris Corner,"<p>Jardin des Papillons&nbsp;de&nbsp;PARIS CORNER&nbsp;es una fragancia de la familia olfativa Cítrica Aromática para Mujeres. Esta fragrancia es nueva.&nbsp;Jardin des Papillons&nbsp;se lanzó en 2025. Las Notas de Salida son mandarina, Limón confitado y naranja; las Notas de Corazón son flor de azahar del naranjo y jazmín; las Notas de Fondo son ambroxan, vainilla y azúcar.</p>",346e0f_9ba79792c8894f6cae4a0e519ed79519~mv2.avif,,11968,Mujer,407400.0,,true,PERCENT,0.0,5,100.0,291000.0,,,,,,,,,,,,,,,,,,,,,,,,,,,,,,,,,,,,,
item_11966,Product,Candy White Grandeur,<p>Candy White&nbsp;de&nbsp;Grandeur&nbsp;es una fragancia de la familia olfativa Floral Frutal Gourmand para Hombres y Mujeres.&nbsp;Candy White&nbsp;se lanzó en 2024. Las Notas de Salida son ciruela y almizcle; las Notas de Corazón son praliné y raíz de lirio; las Notas de Fondo son vainilla y coco.</p>,346e0f_57370ca1087d4338a90878f6e6d05a57~mv2.webp,,11966,Unisex,354200.0,,true,PERCENT,0.0,5,100.0,253000.0,,,,,,,,,,,,,,,,,,,,,,,,,,,,,,,,,,,,,
item_11965,Product,Lumina Bharara,"<p>Lumina de Bharara Beauty (Eau de Parfum) es una fragancia femenina de perfil floral ambarado que combina un brillo inicial luminoso con un corazón suave y empolvado, y un cierre cálido de aire resinoso y elegante.</p>",346e0f_b017ee103bf14bc6b700e38e17be9264~mv2.webp,,11965,Mujer,306600.0,,true,PERCENT,0.0,6,100.0,219000.0,,,,,,,,,,,,,,,,,,,,,,,,,,,,,,,,,,,,,
item_11964,Product,Majesty Maktoub,"<p>Su aroma es&nbsp;<strong>amaderado, frutal, dulce</strong>&nbsp;con acordes de ámbar</p><p>Abre con lo mas fino de la bergamota y la pera, pasa de una forma sutil a su corazón que tiene rosa y magnolia. Cierra con un sensual toque de madera &nbsp;que aporta carácter.</p>",346e0f_6a284c239be5400fbceabc66d272f819~mv2.webp,,11964,Hombre,415800.0,,true,PERCENT,0.0,6,100.0,297000.0,,,,,,,,,,,,,,,,,,,,,,,,,,,,,,,,,,,,,
item_11963,Product,Al Haramain Le Rêve D'Eve White Orchid,"<p>Al Haramain Le Rêve D'Eve White Orchid&nbsp;es un&nbsp;<strong>Extrait de Parfum&nbsp;femenino, floral y lujoso que captura la elegancia de las orquídeas blancas con matices frescos, dulces y jabonosos</strong>. Destaca por su aroma ligero, sofisticado, de larga duración y una base cálida de almizcle, vainilla y ámbar, ideal para el uso diario o especial.&nbsp;</p>",346e0f_bcb465dfbfda4f9a8180a68a9e9a7b54~mv2.jpg,,11963,Mujer,415800.0,,true,PERCENT,0.0,6,100.0,297000.0,,,,,,,,,,,,,,,,,,,,,,,,,,,,,,,,,,,,,
item_11962,Product,Al Haramain Le Rêve d'Eve Red Jasper,"<p>Al Haramain Le Rêve d'Eve Red Jasper&nbsp;es un&nbsp;<strong>Extrait de Parfum unisex audaz y sofisticado</strong>, destacado por su mezcla de azafrán, manzana, notas florales, cuero, oud y almizcle. Lanzado en 2024, ofrece una fragancia intensa, duradera y misteriosa, perfecta para la noche, presentada en un vibrante frasco rojo.&nbsp;</p>",346e0f_3299018cfc0e4bd794769ca8655192a0~mv2.jpg,,11962,,415800.0,,true,PERCENT,0.0,6,100.0,297000.0,,,,,,,,,,,,,,,,,,,,,,,,,,,,,,,,,,,,,
item_11961,Product,Matai Noor,"<p>Un juego entre lo cítrico y lo dulce. Limón, bergamota y fruta de la pasión dan paso a un corazón floral y un fondo gourmand con chocolate, caramelo y ámbar. Potente, pero bien estructurado.</p>",346e0f_1c119757d65f461c98e782f495afe3d7~mv2.png,,11961,Unisex,408800.0,,true,PERCENT,0.0,6,50.0,292000.0,,,,,,,,,,,,,,,,,,,,,,,,,,,,,,,,,,,,,
item_11960,Product,Matai Sahara,"<p>Una fusión impecable de frescura y profundidad. La bergamota y la manzana roja abren con un brillo sutil antes de dar paso a la calidez especiada de la canela y la tuberosa. En el fondo, el ámbar, la mirra y el benjuí crean una estela envolvente y estructurada.</p>",346e0f_4aecc556fc534430891a424aa27be04e~mv2.webp,,11960,,408800.0,,true,PERCENT,0.0,8,50.0,292000.0,,,,,,,,,,,,,,,,,,,,,,,,,,,,,,,,,,,,,
item_11959,Product,Matai Zenith,"<p>Fresco y envolvente. Cítricos y frutas en la salida, un corazón floral con jazmín y rosa, y un fondo cremoso de vainilla, ámbar y almizcle blanco. Ligero, pero con mucha presencia.</p>",346e0f_51f75021b96a41cb83f425a418ef8860~mv2.webp,,11959,Unisex,408800.0,,true,PERCENT,0.0,8,50.0,292000.0,,,,,,,,,,,,,,,,,,,,,,,,,,,,,,,,,,,,,
item_11958,Product,Matai Nasim,"<p>Especiado, floral y con carácter. Cardamomo, canela y bergamota en la salida, seguidos por un corazón de jazmín y patchouli. El fondo de sándalo y haba tonka aporta solidez y un acabado sofisticado.</p>",346e0f_09b034788b274673a253653c7cea2aeb~mv2.webp,,11958,Unisex,408800.0,,true,PERCENT,0.0,8,50.0,292000.0,,,,,,,,,,,,,,,,,,,,,,,,,,,,,,,,,,,,,
item_11957,Product,Flowers Serenade Oussal Parfum D´Origine,"<p>Un homenaje a la belleza y el poder de las flores, este perfume radiante y encantador envuelve con su esencia blanca y cristalina. Inspirado en la gracia de la naturaleza, combina la dulzura de la Gardenia y el Kadupul con notas ozónicas frescas, ofreciendo una serenata olfativa que conforta y eleva el espíritu.</p>",346e0f_b8f667ab3fd74a3fb67ef87664f2ef4d~mv2.jpg,,11957,Unisex,326200.0,,true,PERCENT,0.0,InStock,80.0,233000.0,,,,,,,,,,,,,,,,,,,,,,,,,,,,,,,,,,,,,
item_11970,Product,Antartic Tsunami de Oussal Parfum D'Origine,"<p>Una fragancia que recuerda la majestuosa helada del Ártico, capturando la frescura acuática y salada de colosales olas glaciares. Este perfume combina la sofisticación acuática con notas especiadas y tentadoras, evocando la supremacía del océano helado que domina con su poder descomunal. Perfecto para quienes buscan una esencia fresca y vigorizante.</p>",346e0f_16ac207a51ae4d3d9fbd76c0f8dcce04~mv2.jpg,,11970,Unisex,326200.0,,true,PERCENT,0.0,InStock,80.0,233000.0,,,,,,,,,,,,,,,,,,,,,,,,,,,,,,,,,,,,,
item_11954,Product,Uomo Intense Stallion 53 Emper,"<p>Intenso by Stallion 53&nbsp;es más que un perfume; es una declaración de poder y masculinidad sin complejos. Esta fragancia multifacética está diseñada para el hombre que no solo vive el momento, sino que lo domina por completo. Su aroma, complejo y audaz, es una sinfonía de notas que se entrelazan para crear una estela inolvidable.</p><p>El perfume se abre con un estallido energizante de&nbsp;toronja&nbsp;y&nbsp;bergamota, mezclado con el toque picante de la&nbsp;pimienta rosa. Le siguen las notas dulces y afrutadas de&nbsp;grosellas negras&nbsp;y&nbsp;piña, que se vuelven exóticas con la calidez de la&nbsp;nuez moscada&nbsp;y el&nbsp;clavo de olor. En su corazón, la fragancia se calienta con la intensidad del&nbsp;jengibre, la&nbsp;canela&nbsp;y el&nbsp;cardamomo, equilibradas por el frescor de la&nbsp;cidra&nbsp;y la elegancia de la&nbsp;rosa. El viaje culmina en una base robusta y sensual, donde el&nbsp;pachulí, el&nbsp;vetiver&nbsp;y el&nbsp;sándalo&nbsp;se fusionan con el&nbsp;musgo de roble, el&nbsp;almizcle&nbsp;y la dulzura del&nbsp;haba tonka, creando una profundidad inigualable y duradera.</p><p>Intenso&nbsp;no es para todos; es para el hombre que no teme destacar y que proyecta una presencia poderosa y memorable.</p>",346e0f_7b303c7eae3041859e315f0839300844~mv2.webp,,11954,Hombre,295400.0,,true,PERCENT,0.0,8,100.0,211000.0,,,,,,,,,,,,,,,,,,,,,,,,,,,,,,,,,,,,,
item_11953,Product,Hawas Viper Rasasi,"<p>Hawas Viper&nbsp;de&nbsp;Rasasi&nbsp;es una fragancia de la familia olfativa Oriental para Hombres. Esta fragrancia es nueva.&nbsp;Hawas Viper&nbsp;se lanzó en 2025. Las Notas de Salida son azafrán, marihuana (cannabis), tomillo, notas verdes y Davana; las Notas de Corazón son tabaco, café, frambuesa, canela y violeta; las Notas de Fondo son haba tonka, almizcle y bálsamo de Gurjum.</p>",346e0f_1569483386864f25941afeb676540c77~mv2.webp,,11953,Hombre,442400.0,,true,PERCENT,0.0,8,100.0,316000.0,,,,,,,,,,,,,,,,,,,,,,,,,,,,,,,,,,,,,
item_11952,Product,Paradoxe Radical Essence Prada,"<p>Prada Paradoxe Radical Essence&nbsp;de&nbsp;Prada&nbsp;es una fragancia de la familia olfativa Almizcle Floral Amaderado para Mujeres. Esta fragrancia es nueva.&nbsp;Prada Paradoxe Radical Essence&nbsp;se lanzó en 2025. Prada Paradoxe Radical Essence fue creada por Antoine Maisondieu, Nadège Le Garlantezec y Shyamala Maisondieu. Las Notas de Salida son neroli y flor de azahar del naranjo; la Nota de Corazón es pistacho (pistache); la Nota de Fondo es sándalo.</p>",346e0f_c365d5dba09e41b7b9f5b902d6ab1101~mv2.jpg,,11952,Unisex,1019200.0,,true,PERCENT,0.0,8,90.0,728000.0,,,,,,,,,,,,,,,,,,,,,,,,,,,,,,,,,,,,,
item_11949,Product,The Icon Supreme Banderas,"<p>The Icon Supreme for Men&nbsp;de&nbsp;Antonio Banderas&nbsp;es una fragancia de la familia olfativa Aromática Verde para Hombres. Esta fragrancia es nueva.&nbsp;The Icon Supreme for Men&nbsp;se lanzó en 2025. Las Notas de Salida son bergamota, pimienta rosa, cardamomo y neroli; las Notas de Corazón son marihuana (cannabis), eucalipto, ciprés y romero; las Notas de Fondo son musgo, Humo, ámbar y Cistus Incanus.</p>",346e0f_acd91aebab694af088c6d1338f104f47~mv2.webp,,11949,Mujer,273000.0,,true,PERCENT,0.0,10,100.0,195000.0,,,,,,,,,,,,,,,,,,,,,,,,,,,,,,,,,,,,,
item_11947,Product,XLNC Titan Nayaat,"<p>XLNC Titan&nbsp;de&nbsp;Nayaat&nbsp;es una fragancia de la familia olfativa Aromática Fougère para Hombres. Esta fragrancia es nueva.&nbsp;XLNC Titan&nbsp;se lanzó en 2025. Las Notas de Salida son Menta verde, casia, comino, abrótano y bergamota; las Notas de Corazón son lavanda, cardamomo, iris, violeta y elemí; las Notas de Fondo son vainilla, ámbar, musgo, notas amaderadas y almizcle.</p>",346e0f_26ab75703ac34befad97425079a081f2~mv2.avif,,11947,Hombre,526400.0,,true,PERCENT,0.0,10,200.0,376000.0,,,,,,,,,,,,,,,,,,,,,,,,,,,,,,,,,,,,,
item_11946,Product,XLNC Imperium Nayaat,"<p>XLNC Imperium&nbsp;de&nbsp;Nayaat&nbsp;es una fragancia de la familia olfativa Oriental Vainilla para Hombres. Esta fragrancia es nueva.&nbsp;XLNC Imperium&nbsp;se lanzó en 2025. Las Notas de Salida son coñac, ciruela y canela; las Notas de Corazón son mirra y iris; las Notas de Fondo son haba tonka, sándalo y vainilla.</p>",346e0f_7dc608f53b9d4c11a82fb83d556ef6a1~mv2.avif,,11946,Hombre,526400.0,,true,PERCENT,0.0,10,200.0,376000.0,,,,,,,,,,,,,,,,,,,,,,,,,,,,,,,,,,,,,
item_11945,Product,Dubai Delicacy Red Velvet Armaf Delights,"<p>Armaf Delights Dubai Delicacy Red Velvet Eau de Parfum (70 ml) es una fragancia floral frutal gourmand lanzada en 2026, con un carácter dulce y luminoso: arranque chispeante y jugoso, corazón cremoso tipo “postre” y un fondo cálido y suave que deja una estela acogedora. En el universo de perfumes y fragancias gourmand modernas, se siente azucarada, aterciopelada y ligeramente floral.</p>",346e0f_0f6800c3975942108f0f1a1d9104a109~mv2.avif,,11945,,352800.0,,true,PERCENT,0.0,10,70.0,252000.0,,,,,,,,,,,,,,,,,,,,,,,,,,,,,,,,,,,,,
item_11944,Product,Dubai Delicacy Cotton Candy Armaf Delights,"<p>Armaf Delights Dubai Delicacy Cotton Candy Eau de Parfum (70 ml) es un perfume con una estela floral frutal gourmand de espíritu goloso y contemporáneo: apertura frutal chispeante con un matiz especiado, corazón floral suave y un cierre cálido, avainillado y ligeramente amaderado que evoca un efecto “algodón de azúcar” pulido. Lanzamiento: 2026. En el lenguaje de perfumes y fragancias dulces, apuesta por una dulzura luminosa más suave que densa.</p>",346e0f_2addaf4b109d479b84d21bae4bf3eaac~mv2.webp,,11944,,352800.0,,true,PERCENT,0.0,10,70.0,252000.0,,,,,,,,,,,,,,,,,,,,,,,,,,,,,,,,,,,,,
item_11943,Product,Al Noor Arabiyat Prestige,"<p>Al Noor&nbsp;de&nbsp;Arabiyat Prestige&nbsp;es una fragancia de la familia olfativa Oriental Especiada para Hombres y Mujeres. Esta fragrancia es nueva.&nbsp;Al Noor&nbsp;se lanzó en 2025. La Nariz detrás de esta fragrancia es Mustafa Firoz. Las Notas de Salida son cardamomo, azafrán y nuez moscada; las Notas de Corazón son higo, iris, ládano y vetiver; las Notas de Fondo son cuero, haba tonka, vainilla y pachulí.</p>",346e0f_077b29157e6a401c8ac041b7e923751d~mv2.avif,,11943,,387800.0,,true,PERCENT,0.0,InStock,100.0,277000.0,,,,,,,,,,,,,,,,,,,,,,,,,,,,,,,,,,,,,
item_11942,Product,Safa Arabiyat Prestige,"<p>Safa&nbsp;de&nbsp;Arabiyat Prestige&nbsp;es una fragancia de la familia olfativa Floral Frutal Gourmand para Mujeres. Esta fragrancia es nueva.&nbsp;Safa&nbsp;se lanzó en 2025. Las Notas de Salida son lichi, avellana y Frutas rojas; las Notas de Corazón son rosa, magnolia y cipriol (nagarmota); las Notas de Fondo son ámbar gris, vainilla y Acorde goloso.</p>",346e0f_a65f8d624cfb444bbde49d6f737111cb~mv2.avif,,11942,Mujer,387800.0,,true,PERCENT,0.0,10,100.0,277000.0,,,,,,,,,,,,,,,,,,,,,,,,,,,,,,,,,,,,,
item_11941,Product,Marwa Arabiyat Prestige,"<p>Marwa&nbsp;de&nbsp;Arabiyat Prestige&nbsp;es una fragancia de la familia olfativa Cítrica Aromática para Hombres. Esta fragrancia es nueva.&nbsp;Marwa&nbsp;se lanzó en 2025. Las Notas de Salida son bergamota de Calabria, limón (lima ácida) y naranja siciliana; las Notas de Corazón son jengibre nigeriano, canela de Ceylan y neroli de Túnez; las Notas de Fondo son ambroxan, incienso de olíbano (franquincienso), té negro de China y madera de gaiac.</p>",346e0f_862766e5b0fa480cb9f2d2765f44083f~mv2.avif,,11941,Hombre,387800.0,,true,PERCENT,0.0,10,,277000.0,,,,,,,,,,,,,,,,,,,,,,,,,,,,,,,,,,,,,
item_11940,Product,Bon Bon Armaf Delights,"<p>Bon Bon&nbsp;de&nbsp;Armaf&nbsp;es una fragancia de la familia olfativa Floral Frutal Gourmand para Hombres y Mujeres. Esta fragrancia es nueva.&nbsp;Bon Bon&nbsp;se lanzó en 2026. Las Notas de Salida son mandarina, bergamota, manzana Granny Smith y papaya; las Notas de Corazón son peonía, Notas marinas, azucena, Flor de té verde y chabacano; las Notas de Fondo son almizcle, Acorde goloso y sándalo.</p>",346e0f_142a9476c2d44477a1bb0773cb927493~mv2.avif,,11940,Unisex,424200.0,,true,PERCENT,0.0,10,100.0,303000.0,,,,,,,,,,,,,,,,,,,,,,,,,,,,,,,,,,,,,
item_11939,Product,Naya Niche Avenue,"<p>Naya de Niche Avenue (Eau de Parfum) 100 ml es una fragancia unisex de carácter brillante y glamuroso, construida alrededor de un acorde frutal jugoso y un corazón floral sedoso que se apoya en un fondo cremoso y cálido. Su estilo se percibe alegre, envolvente y pulido, con un cierre avainillado-almizclado de aire moderno dentro del universo de los perfumes y las fragancias; el año de lanzamiento y el perfumista no aparecen publicados de forma verificable en las fichas consultadas.</p>",346e0f_67c2573aa0424726ab7892c169f22a42~mv2.webp,,11939,Unisex,310800.0,,true,PERCENT,0.0,10,100.0,222000.0,,,,,,,,,,,,,,,,,,,,,,,,,,,,,,,,,,,,,
item_11938,Product,Fahed Niche Avenue,,,,11938,,310800.0,,true,PERCENT,0.0,InStock,100.0,222000.0,,,,,,,,,,,,,,,,,,,,,,,,,,,,,,,1,1,false,,,,
item_11936,Product,Id√¥le L‚ÄòEau de Parfum Lanc√¥me,,,,11936,,729400.0,,true,PERCENT,0.0,InStock,100.0,521000.0,,,,,,,,,,,,,,,,,,,,,,,,,,,,,,,1,1,false,,,,
item_11935,Product,Swiss Army For Her Apricot Rose Victorinox,,,,11935,Mujer,266000.0,,true,PERCENT,0.0,InStock,100.0,190000.0,,,,,,,,,,,,,,,,,,,,,,,,,,,,,,,1,1,false,,,,
item_11933,Product,Signatures No II Maison Alhambra,,,,11933,,274400.0,,true,PERCENT,0.0,InStock,50.0,196000.0,,,,,,,,,,,,,,,,,,,,,,,,,,,,,,,1,1,false,,,,
item_11932,Product,swiss army Lilac Jasmine de Victorinox,,,,11932,,266000.0,,true,PERCENT,0.0,InStock,100.0,190000.0,,,,,,,,,,,,,,,,,,,,,,,,,,,,,,,1,1,false,,,,
item_11931,Product,Island Dreams Khadlaj,,,,11931,,306600.0,,true,PERCENT,0.0,InStock,100.0,219000.0,,,,,,,,,,,,,,,,,,,,,,,,,,,,,,,1,1,false,,,,
item_11930,Product,Olymp√©a Absolu Paco Rabanne Parfum Intese,,,,11930,,721000.0,,true,PERCENT,0.0,InStock,80.0,515000.0,,,,,,,,,,,,,,,,,,,,,,,,,,,,,,,1,1,false,,,,
item_11929,Product,Flower Kenzo La R√©colte Parisienne Kenzo,,,,11929,,505400.0,,true,PERCENT,0.0,InStock,75.0,361000.0,,,,,,,,,,,,,,,,,,,,,,,,,,,,,,,1,1,false,,,,
item_11914,Product,Delphinus Creed,,,,11914,Unisex,2097200.0,,true,PERCENT,0.0,InStock,100.0,1498000.0,,,,,,,,,,,,,,,,,,,,,,,,,,,,,,,1,1,false,,,,
item_11912,Product,Oud Save The Queen Atkinsons,,,,11912,Mujer,897400.0,,true,PERCENT,0.0,InStock,100.0,641000.0,,,,,,,,,,,,,,,,,,,,,,,,,,,,,,,1,1,false,,,,
item_11909,Product,44 Gerrard Street Atkinsons,,,,11909,,613200.0,,true,PERCENT,0.0,InStock,100.0,438000.0,,,,,,,,,,,,,,,,,,,,,,,,,,,,,,,1,1,false,,,,
item_11908,Product,24 Old Bond Street Triple Extract Atkinsons,,,,11908,,639800.0,,true,PERCENT,0.0,InStock,100.0,457000.0,,,,,,,,,,,,,,,,,,,,,,,,,,,,,,,1,1,false,,,,
item_11907,Product,24 Old Bond Street Atkinsons,,,,11907,,613200.0,,true,PERCENT,0.0,InStock,100.0,438000.0,,,,,,,,,,,,,,,,,,,,,,,,,,,,,,,1,1,false,,,,
item_11906,Product,Mint & Tonic Atkinsons,,,,11906,,761600.0,,true,PERCENT,0.0,InStock,100.0,544000.0,,,,,,,,,,,,,,,,,,,,,,,,,,,,,,,1,1,false,,,,
item_11905,Product,James Atkinsons,,,,11905,,751800.0,,true,PERCENT,0.0,InStock,100.0,537000.0,,,,,,,,,,,,,,,,,,,,,,,,,,,,,,,1,1,false,,,,
item_11904,Product,Pirates Grand Reserve Atkinsons,,,,11904,,798000.0,,true,PERCENT,0.0,InStock,100.0,570000.0,,,,,,,,,,,,,,,,,,,,,,,,,,,,,,,1,1,false,,,,
item_11903,Product,Gold Fair In Mayfair Atkinsons,,,,11903,,816200.0,,true,PERCENT,0.0,InStock,100.0,583000.0,,,,,,,,,,,,,,,,,,,,,,,,,,,,,,,1,1,false,,,,
item_11902,Product,The Other Side Of Oud Atkinsons,,,,11902,,798000.0,,true,PERCENT,0.0,InStock,100.0,570000.0,,,,,,,,,,,,,,,,,,,,,,,,,,,,,,,1,1,false,,,,
item_11901,Product,His Majesty The Oud Atkinsons,,,,11901,,816200.0,,true,PERCENT,0.0,InStock,100.0,583000.0,,,,,,,,,,,,,,,,,,,,,,,,,,,,,,,1,1,false,,,,
item_11895,Product,Armani Code Giorgio Armani,,,,11895,,701400.0,,true,PERCENT,0.0,InStock,125.0,501000.0,,,,,,,,,,,,,,,,,,,,,,,,,,,,,,,1,1,false,,,,
item_11894,Product,Percival Parfums De Marly,,,,11894,Hombre,1754200.0,,true,PERCENT,0.0,InStock,125.0,1253000.0,,,,,,,,,,,,,,,,,,,,,,,,,,,,,,,1,1,false,,,,
item_11893,Product,Greenley Parfums De Marly,,,,11893,,1727600.0,,true,PERCENT,0.0,InStock,125.0,1234000.0,,,,,,,,,,,,,,,,,,,,,,,,,,,,,,,1,1,false,,,,
item_11892,Product,Gucci Flora Gorgeous Orchid,,,,11892,Mujer,674800.0,,true,PERCENT,0.0,InStock,100.0,482000.0,,,,,,,,,,,,,,,,,,,,,,,,,,,,,,,1,1,false,,,,
item_11891,Product,Gucci Flora Gorgeous Magnolia,,,,11891,Mujer,674800.0,,true,PERCENT,0.0,InStock,100.0,482000.0,,,,,,,,,,,,,,,,,,,,,,,,,,,,,,,1,1,false,,,,
item_11890,Product,Acqua Di Gioia Giorgio Armani EDP Intense,,,,11890,Mujer,798000.0,,true,PERCENT,0.0,InStock,100.0,570000.0,,,,,,,,,,,,,,,,,,,,,,,,,,,,,,,1,1,false,,,,
item_11889,Product,La Mia Bella Vita Guess,,,,11889,Mujer,316400.0,,true,PERCENT,0.0,InStock,100.0,226000.0,,,,,,,,,,,,,,,,,,,,,,,,,,,,,,,1,1,false,,,,
item_11888,Product,Freeze Riiffs Perfums,,,,11888,,331800.0,,true,PERCENT,0.0,InStock,100.0,237000.0,,,,,,,,,,,,,,,,,,,,,,,,,,,,,,,1,1,false,,,,
item_11887,Product,Rome Ivory Mast Perfume,,,,11887,Hombre,296800.0,,true,PERCENT,0.0,InStock,100.0,212000.0,,,,,,,,,,,,,,,,,,,,,,,,,,,,,,,1,1,false,,,,
item_11885,Product,Hawas Atlantis Rasasi,,,,11885,Hombre,478800.0,,true,PERCENT,0.0,InStock,100.0,342000.0,,,,,,,,,,,,,,,,,,,,,,,,,,,,,,,1,1,false,,,,
item_11884,Product,Vetiver Glacier Frozen Santal Montblanc,,,,11884,,721000.0,,true,PERCENT,0.0,InStock,125.0,515000.0,,,,,,,,,,,,,,,,,,,,,,,,,,,,,,,1,1,false,,,,
item_11883,Product,Patchouli Ink Dark Woods Montblanc,,,,11883,,721000.0,,true,PERCENT,0.0,InStock,125.0,515000.0,,,,,,,,,,,,,,,,,,,,,,,,,,,,,,,1,1,false,,,,
item_11882,Product,Extreme Leather Smoked Iris MontBlanc,,,,11882,,721000.0,,true,PERCENT,0.0,InStock,125.0,515000.0,,,,,,,,,,,,,,,,,,,,,,,,,,,,,,,1,1,false,,,,
item_11881,Product,Lacoste Original,,,,11881,Hombre,441000.0,,true,PERCENT,0.0,InStock,100.0,315000.0,,,,,,,,,,,,,,,,,,,,,,,,,,,,,,,1,1,false,,,,
item_11880,Product,Coach New York Gold,,,,11880,Mujer,478800.0,,true,PERCENT,0.0,InStock,90.0,342000.0,,,,,,,,,,,,,,,,,,,,,,,,,,,,,,,1,1,false,,,,
item_11879,Product,Le Beau Paradise Garden Jean Paul Gaultier,,,,11879,,532000.0,,true,PERCENT,0.0,InStock,75.0,380000.0,,,,,,,,,,,,,,,,,,,,,,,,,,,,,,,1,1,false,,,,
item_11876,Product,Irresistible Nude Velvet Givenchy,,,,11876,Mujer,579600.0,,true,PERCENT,0.0,InStock,50.0,414000.0,,,,,,,,,,,,,,,,,,,,,,,,,,,,,,,1,1,false,,,,
item_11874,Product,Mila‚Äòs Secret Find Your Way Lomani,,,,11874,Mujer,268800.0,,true,PERCENT,0.0,InStock,100.0,192000.0,,,,,,,,,,,,,,,,,,,,,,,,,,,,,,,1,1,false,,,,
item_11873,Product,Secret Black Sugar Lomani,,,,11873,Mujer,268800.0,,true,PERCENT,0.0,InStock,100.0,192000.0,,,,,,,,,,,,,,,,,,,,,,,,,,,,,,,1,1,false,,,,
item_11868,Product,Guilty Crush The House of Oud,,,,11868,,1069600.0,,true,PERCENT,0.0,InStock,75.0,764000.0,,,,,,,,,,,,,,,,,,,,,,,,,,,,,,,1,1,false,,,,
item_11866,Product,Body Mist Cherry Baby Sabrina Carpenter,,,,11866,,110600.0,,true,PERCENT,0.0,InStock,236.0,79000.0,,,,,,,,,,,,,,,,,,,,,,,,,,,,,,,1,1,false,,,,
item_11865,Product,Body Mist Sweet Tooth Sabrina Carpenter,,,,11865,,110600.0,,true,PERCENT,0.0,InStock,236.0,79000.0,,,,,,,,,,,,,,,,,,,,,,,,,,,,,,,1,1,false,,,,
item_11864,Product,Body Mist Me Espresso Sabrina Carpenter,,,,11864,,110600.0,,true,PERCENT,0.0,InStock,236.0,79000.0,,,,,,,,,,,,,,,,,,,,,,,,,,,,,,,1,1,false,,,,
item_11863,Product,Body Mist Caramel Dream Sabrina Carpenter,,,,11863,,110600.0,,true,PERCENT,0.0,InStock,236.0,79000.0,,,,,,,,,,,,,,,,,,,,,,,,,,,,,,,1,1,false,,,,
item_11862,Product,Decant Bright Crystal Parfum de Versace,,,,11862,,82600.0,,true,PERCENT,0.0,InStock,10.0,59000.0,,,,,,,,,,,,,,,,,,,,,,,,,,,,,,,1,1,false,,,,
item_11860,Product,Decant Eau Fraiche Extreme Versace,,,,11860,,75600.0,,true,PERCENT,0.0,InStock,10.0,54000.0,,,,,,,,,,,,,,,,,,,,,,,,,,,,,,,1,1,false,,,,
item_11859,Product,Decant Michael Kors Absolu Pour Femme,,,,11859,Mujer,72800.0,,true,PERCENT,0.0,InStock,10.0,52000.0,,,,,,,,,,,,,,,,,,,,,,,,,,,,,,,1,1,false,,,,
item_11858,Product,Decant Michael Kors Absolu Pour Homme,,,,11858,Hombre,72800.0,,true,PERCENT,0.0,InStock,10.0,52000.0,,,,,,,,,,,,,,,,,,,,,,,,,,,,,,,1,1,false,,,,
item_11850,Product,Nitro Blue Dumont Paris,,,,11850,,306600.0,,true,PERCENT,0.0,InStock,100.0,219000.0,,,,,,,,,,,,,,,,,,,,,,,,,,,,,,,1,1,false,,,,
item_11849,Product,Cavort Fragrance Du Bois,,,,11849,Unisex,2115400.0,,true,PERCENT,0.0,InStock,100.0,1511000.0,,,,,,,,,,,,,,,,,,,,,,,,,,,,,,,1,1,false,,,,
item_11848,Product,Solstis Fragrance Du Bois,,,,11848,Unisex,2221800.0,,true,PERCENT,0.0,InStock,100.0,1587000.0,,,,,,,,,,,,,,,,,,,,,,,,,,,,,,,1,1,false,,,,
item_11847,Product,Milano Fragrance Du Bois,,,,11847,Unisex,1990800.0,,true,PERCENT,0.0,InStock,100.0,1422000.0,,,,,,,,,,,,,,,,,,,,,,,,,,,,,,,1,1,false,,,,
item_11846,Product,Lovers Fragrance Du Bois,,,,11846,Unisex,2339400.0,,true,PERCENT,0.0,InStock,100.0,1671000.0,,,,,,,,,,,,,,,,,,,,,,,,,,,,,,,1,1,false,,,,
item_11845,Product,Sir√©ne Fragrance Du Bois,,,,11845,Mujer,2094400.0,,true,PERCENT,0.0,InStock,75.0,1496000.0,,,,,,,,,,,,,,,,,,,,,,,,,,,,,,,1,1,false,,,,
item_11837,Product,Rojo De Shakira,,,,11837,Mujer,222600.0,,true,PERCENT,0.0,InStock,80.0,159000.0,,,,,,,,,,,,,,,,,,,,,,,,,,,,,,,1,1,false,,,,
item_11834,Product,Bella Vita Paradiso Guess,,,,11834,Mujer,316400.0,,true,PERCENT,0.0,InStock,100.0,226000.0,,,,,,,,,,,,,,,,,,,,,,,,,,,,,,,1,1,false,,,,
item_11833,Product,Speachless Lorenzo Pazzaglia,,,,11833,,1204000.0,,true,PERCENT,0.0,InStock,50.0,860000.0,,,,,,,,,,,,,,,,,,,,,,,,,,,,,,,1,1,false,,,,
item_11832,Product,Sex Sea Lorenzo pazzaglia,,,,11832,,1135400.0,,true,PERCENT,0.0,InStock,50.0,811000.0,,,,,,,,,,,,,,,,,,,,,,,,,,,,,,,1,1,false,,,,
item_11831,Product,Sun-Gria Lorenzo pazzaglia,,,,11831,,1135400.0,,true,PERCENT,0.0,InStock,50.0,811000.0,,,,,,,,,,,,,,,,,,,,,,,,,,,,,,,1,1,false,,,,
item_11830,Product,Playing With The Devil Kilian,,,,11830,Mujer,1535800.0,,true,PERCENT,0.0,InStock,50.0,1097000.0,,,,,,,,,,,,,,,,,,,,,,,,,,,,,,,1,1,false,,,,
item_11829,Product,Castley Parfums De Marly,,,,11829,Hombre,1891400.0,,true,PERCENT,0.0,InStock,125.0,1351000.0,,,,,,,,,,,,,,,,,,,,,,,,,,,,,,,1,1,false,,,,
item_11827,Product,Costa Azzurra Tom Ford,,,,11827,Hombre,1708000.0,,true,PERCENT,0.0,InStock,100.0,1220000.0,,,,,,,,,,,,,,,,,,,,,,,,,,,,,,,1,1,false,,,,
item_11826,Product,724 Maison Francis Kurkdjian,,,,11826,,2675400.0,,true,PERCENT,0.0,InStock,200.0,1911000.0,,,,,,,,,,,,,,,,,,,,,,,,,,,,,,,1,1,false,,,,
item_11825,Product,Game Of Spades Emerald Jo Milano,,,,11825,,576800.0,,true,PERCENT,0.0,InStock,100.0,412000.0,,,,,,,,,,,,,,,,,,,,,,,,,,,,,,,1,1,false,,,,
item_11824,Product,Game Of Spades Double Bonus Jo Milano,,,,11824,,621600.0,,true,PERCENT,0.0,InStock,100.0,444000.0,,,,,,,,,,,,,,,,,,,,,,,,,,,,,,,1,1,false,,,,
item_11823,Product,Oud Satin Maison Francis Kurkdjian,,,,11823,,2312800.0,,true,PERCENT,0.0,InStock,70.0,1652000.0,,,,,,,,,,,,,,,,,,,,,,,,,,,,,,,1,1,false,,,,
item_11822,Product,Elysium Eau Intense Roja Parfums,,,,11822,,1621200.0,,true,PERCENT,0.0,InStock,100.0,1158000.0,,,,,,,,,,,,,,,,,,,,,,,,,,,,,,,1,1,false,,,,
item_11821,Product,Elysium Roja Parfums,,,,11821,,1506400.0,,true,PERCENT,0.0,InStock,100.0,1076000.0,,,,,,,,,,,,,,,,,,,,,,,,,,,,,,,1,1,false,,,,
item_11819,Product,Valentino Donna Born in Roma Ivory,,,,11819,Mujer,884800.0,,true,PERCENT,0.0,InStock,100.0,632000.0,,,,,,,,,,,,,,,,,,,,,,,,,,,,,,,1,1,false,,,,
item_11818,Product,Chance De Chanel Eau Splendide,,,,11818,,1444800.0,,true,PERCENT,0.0,InStock,100.0,1032000.0,,,,,,,,,,,,,,,,,,,,,,,,,,,,,,,1,1,false,,,,
item_11817,Product,Bleu De Chanel L'exclusif,,,,11817,,2168600.0,,true,PERCENT,0.0,InStock,100.0,1549000.0,,,,,,,,,,,,,,,,,,,,,,,,,,,,,,,1,1,false,,,,
item_11816,Product,Dance Stellar Shakira,,,,11816,,210000.0,,true,PERCENT,0.0,InStock,80.0,150000.0,,,,,,,,,,,,,,,,,,,,,,,,,,,,,,,1,1,false,,,,
item_11815,Product,Angel Fantasm Mugler,,,,11815,,701400.0,,true,PERCENT,0.0,InStock,100.0,501000.0,,,,,,,,,,,,,,,,,,,,,,,,,,,,,,,1,1,false,,,,
item_11814,Product,Libre L'Absolu Platine Yves Saint Lauren,,,,11814,,859600.0,,true,PERCENT,0.0,InStock,90.0,614000.0,,,,,,,,,,,,,,,,,,,,,,,,,,,,,,,1,1,false,,,,
item_11813,Product,Paradoxe Virtual Flower Prada,,,,11813,,898800.0,,true,PERCENT,0.0,InStock,90.0,642000.0,,,,,,,,,,,,,,,,,,,,,,,,,,,,,,,1,1,false,,,,
item_11812,Product,Thank U Next 2.0 Ariana Grande,,,,11812,,484400.0,,true,PERCENT,0.0,InStock,100.0,346000.0,,,,,,,,,,,,,,,,,,,,,,,,,,,,,,,1,1,false,,,,
item_11811,Product,Amor Amor de Cacharel,,,,11811,,344400.0,,true,PERCENT,0.0,InStock,100.0,246000.0,,,,,,,,,,,,,,,,,,,,,,,,,,,,,,,1,1,false,,,,
item_11810,Product,La Vie Est Belle Vanille Nude Lanc√¥me,,,,11810,,743400.0,,true,PERCENT,0.0,InStock,100.0,531000.0,,,,,,,,,,,,,,,,,,,,,,,,,,,,,,,1,1,false,,,,
item_11809,Product,Rayhaan Divine,,,,11809,Mujer,316400.0,,true,PERCENT,0.0,InStock,100.0,226000.0,,,,,,,,,,,,,,,,,,,,,,,,,,,,,,,1,1,false,,,,
item_11808,Product,903 Oud Ilam Bon Parfumeur,,,,11808,,1453200.0,,true,PERCENT,0.0,InStock,100.0,1038000.0,,,,,,,,,,,,,,,,,,,,,,,,,,,,,,,1,1,false,,,,
item_11806,Product,Tubbees sweet mango melody Grandeur,,,,11806,,191800.0,,true,PERCENT,0.0,InStock,50.0,137000.0,,,,,,,,,,,,,,,,,,,,,,,,,,,,,,,1,1,false,,,,
item_11805,Product,Tubbees Tira-miss-you Grandeur,,,,11805,,191800.0,,true,PERCENT,0.0,InStock,50.0,137000.0,,,,,,,,,,,,,,,,,,,,,,,,,,,,,,,1,1,false,,,,
item_11804,Product,Tubbees Candy Apple Grandeur,,,,11804,,191800.0,,true,PERCENT,0.0,InStock,50.0,137000.0,,,,,,,,,,,,,,,,,,,,,,,,,,,,,,,1,1,false,,,,
item_11803,Product,Tubbees Passion Fruit Mojito Grandeur,,,,11803,,191800.0,,true,PERCENT,0.0,InStock,50.0,137000.0,,,,,,,,,,,,,,,,,,,,,,,,,,,,,,,1,1,false,,,,
item_11802,Product,Tubbees Matcha Made In Heaven Grandeur,,,,11802,,191800.0,,true,PERCENT,0.0,InStock,50.0,137000.0,,,,,,,,,,,,,,,,,,,,,,,,,,,,,,,1,1,false,,,,
item_11801,Product,Tubbees Blueberry Sorbet Grandeur,,,,11801,,191800.0,,true,PERCENT,0.0,InStock,50.0,137000.0,,,,,,,,,,,,,,,,,,,,,,,,,,,,,,,1,1,false,,,,
item_11800,Product,Tubbees Golden Bliss Grandeur,,,,11800,,191800.0,,true,PERCENT,0.0,InStock,50.0,137000.0,,,,,,,,,,,,,,,,,,,,,,,,,,,,,,,1,1,false,,,,
item_11799,Product,Tubbees Tres Leches Grandeur,,,,11799,,191800.0,,true,PERCENT,0.0,InStock,50.0,137000.0,,,,,,,,,,,,,,,,,,,,,,,,,,,,,,,1,1,false,,,,
item_11798,Product,Tubbees Berry Explosion Grandeur,,,,11798,,191800.0,,true,PERCENT,0.0,InStock,50.0,137000.0,,,,,,,,,,,,,,,,,,,,,,,,,,,,,,,1,1,false,,,,
item_11797,Product,502 iris cartagena Bon Parfumeur,,,,11797,,1453200.0,,true,PERCENT,0.0,InStock,100.0,1038000.0,,,,,,,,,,,,,,,,,,,,,,,,,,,,,,,1,1,false,,,,
item_11796,Product,602 Bois Narcotique Intense Bon Parfumeur,,,,11796,,1453200.0,,true,PERCENT,0.0,InStock,100.0,1038000.0,,,,,,,,,,,,,,,,,,,,,,,,,,,,,,,1,1,false,,,,
item_11795,Product,Borabora Giardini di Toscana,,,,11795,Unisex,1121400.0,,true,PERCENT,0.0,InStock,100.0,801000.0,,,,,,,,,,,,,,,,,,,,,,,,,,,,,,,1,1,false,,,,
item_11793,Product,Blu Indaco Giardini di Toscana,,,,11793,Unisex,1104600.0,,true,PERCENT,0.0,InStock,100.0,789000.0,,,,,,,,,,,,,,,,,,,,,,,,,,,,,,,1,1,false,,,,
item_11792,Product,Rosso Rubino Giardini di Toscana,,,,11792,Unisex,1093400.0,,true,PERCENT,0.0,InStock,100.0,781000.0,,,,,,,,,,,,,,,,,,,,,,,,,,,,,,,1,1,false,,,,
item_11791,Product,The $kull Philipp Plein,,,,11791,,1164800.0,,true,PERCENT,0.0,InStock,125.0,832000.0,,,,,,,,,,,,,,,,,,,,,,,,,,,,,,,1,1,false,,,,
item_11790,Product,Coco Loco superz budapest,,,,11790,Mujer,701400.0,,true,PERCENT,0.0,InStock,50.0,501000.0,,,,,,,,,,,,,,,,,,,,,,,,,,,,,,,1,1,false,,,,
item_11788,Product,Venom Incarnat St√©phane Humbert Lucas 777,,,,11788,,1209600.0,,true,PERCENT,0.0,InStock,50.0,864000.0,,,,,,,,,,,,,,,,,,,,,,,,,,,,,,,1,1,false,,,,
item_11787,Product,Pink Boa St√©phane Humbert Lucas 777,,,,11787,,1209600.0,,true,PERCENT,0.0,InStock,50.0,864000.0,,,,,,,,,,,,,,,,,,,,,,,,,,,,,,,1,1,false,,,,
item_11786,Product,God of Fire St√©phane Humbert Lucas 777,,,,11786,,1197000.0,,true,PERCENT,0.0,InStock,50.0,855000.0,,,,,,,,,,,,,,,,,,,,,,,,,,,,,,,1,1,false,,,,
item_11785,Product,Black Meisterstuck Absolute Incense Montblanc,,,,11785,,798000.0,,true,PERCENT,0.0,InStock,125.0,570000.0,,,,,,,,,,,,,,,,,,,,,,,,,,,,,,,1,1,false,,,,
item_11784,Product,Azzaro Chrome Parfum Azzaro,,,,11784,Hombre,392000.0,,true,PERCENT,0.0,InStock,100.0,280000.0,,,,,,,,,,,,,,,,,,,,,,,,,,,,,,,1,1,false,,,,
item_11773,Product,Vanilla Powder Matiere Premiere,,,,11773,Unisex,1586200.0,,true,PERCENT,0.0,InStock,100.0,1133000.0,,,,,,,,,,,,,,,,,,,,,,,,,,,,,,,1,1,false,,,,
item_11772,Product,Ombre Tonka de Mancera,,,,11772,,816200.0,,true,PERCENT,0.0,InStock,120.0,583000.0,,,,,,,,,,,,,,,,,,,,,,,,,,,,,,,1,1,false,,,,
item_11771,Product,Intense Starry Night Montale,,,,11771,,816200.0,,true,PERCENT,0.0,InStock,100.0,583000.0,,,,,,,,,,,,,,,,,,,,,,,,,,,,,,,1,1,false,,,,
item_11770,Product,Be My Plum De Montale,,,,11770,Mujer,761600.0,,true,PERCENT,0.0,InStock,100.0,544000.0,,,,,,,,,,,,,,,,,,,,,,,,,,,,,,,1,1,false,,,,
item_11768,Product,Gentleman Society Eau de Parfum Extr√™me Givenchy,,,,11768,,477400.0,,true,PERCENT,0.0,InStock,60.0,341000.0,,,,,,,,,,,,,,,,,,,,,,,,,,,,,,,1,1,false,,,,
item_11765,Product,Bonbon Pop The House of Oud,,,,11765,,833000.0,,true,PERCENT,0.0,InStock,75.0,595000.0,,,,,,,,,,,,,,,,,,,,,,,,,,,,,,,1,1,false,,,,
item_11758,Product,Chloe L'eau De Parfum Intense,,,,11758,,742000.0,,true,PERCENT,0.0,InStock,100.0,530000.0,,,,,,,,,,,,,,,,,,,,,,,,,,,,,,,1,1,false,,,,
item_11757,Product,Chloe 100  EDP Dama Recargable,,,,11757,Mujer,729400.0,,true,PERCENT,0.0,InStock,100.0,521000.0,,,,,,,,,,,,,,,,,,,,,,,,,,,,,,,1,1,false,,,,
item_11755,Product,L.12.12 Silver Rose Lacoste,,,,11755,Mujer,495600.0,,true,PERCENT,0.0,InStock,100.0,354000.0,,,,,,,,,,,,,,,,,,,,,,,,,,,,,,,1,1,false,,,,
item_11747,Product,Pepe Jeans Celebrate Dama,,,,11747,Mujer,274400.0,,true,PERCENT,0.0,InStock,80.0,196000.0,,,,,,,,,,,,,,,,,,,,,,,,,,,,,,,1,1,false,,,,
item_11746,Product,Pepe Jeans Celebrate Hombre,,,,11746,Hombre,274400.0,,true,PERCENT,0.0,InStock,100.0,196000.0,,,,,,,,,,,,,,,,,,,,,,,,,,,,,,,1,1,false,,,,
item_11742,Product,Tommy New York,,,,11742,Hombre,306600.0,,true,PERCENT,0.0,InStock,100.0,219000.0,,,,,,,,,,,,,,,,,,,,,,,,,,,,,,,1,1,false,,,,
item_11741,Product,Tommy Girl New York,,,,11741,Mujer,306600.0,,true,PERCENT,0.0,InStock,100.0,219000.0,,,,,,,,,,,,,,,,,,,,,,,,,,,,,,,1,1,false,,,,
item_11740,Product,My World Halloween,,,,11740,Hombre,406000.0,,true,PERCENT,0.0,InStock,100.0,290000.0,,,,,,,,,,,,,,,,,,,,,,,,,,,,,,,1,1,false,,,,
item_11737,Product,Vanilla Powder Matiere Premiere,,,,11737,Unisex,1143800.0,,true,PERCENT,0.0,InStock,100.0,817000.0,,,,,,,,,,,,,,,,,,,,,,,,,,,,,,,1,1,false,,,,
item_11736,Product,Light Blue Dolce & Gabbana,,,,11736,Hombre,442400.0,,true,PERCENT,0.0,InStock,100.0,316000.0,,,,,,,,,,,,,,,,,,,,,,,,,,,,,,,1,1,false,,,,
item_11735,Product,Creed Absolu Aventus,,,,11735,,2380000.0,,true,PERCENT,0.0,InStock,100.0,1700000.0,,,,,,,,,,,,,,,,,,,,,,,,,,,,,,,1,1,false,,,,
item_11731,Product,Perfect Elixir Marc Jacobs,,,,11731,,701400.0,,true,PERCENT,0.0,InStock,100.0,501000.0,,,,,,,,,,,,,,,,,,,,,,,,,,,,,,,1,1,false,,,,
item_11730,Product,Sense Laverne,,,,11730,Mujer,512400.0,,true,PERCENT,0.0,InStock,100.0,366000.0,,,,,,,,,,,,,,,,,,,,,,,,,,,,,,,1,1,false,,,,
item_11729,Product,Yara Elixir Lattafa,,,,11729,Mujer,362600.0,,true,PERCENT,0.0,InStock,100.0,259000.0,,,,,,,,,,,,,,,,,,,,,,,,,,,,,,,1,1,false,,,,
item_11728,Product,Asad Elixir Lattafa,,,,11728,Hombre,376600.0,,true,PERCENT,0.0,InStock,100.0,269000.0,,,,,,,,,,,,,,,,,,,,,,,,,,,,,,,1,1,false,,,,
item_11727,Product,Irresistible Very Floral Givenchy,,,,11727,,491400.0,,true,PERCENT,0.0,InStock,50.0,351000.0,,,,,,,,,,,,,,,,,,,,,,,,,,,,,,,1,1,false,,,,
item_11726,Product,Teas Me French Avenue,,,,11726,Unisex,459200.0,,true,PERCENT,0.0,InStock,100.0,328000.0,,,,,,,,,,,,,,,,,,,,,,,,,,,,,,,1,1,false,,,,
item_11725,Product,Sun Kissed Aromatix X French Avenue,,,,11725,Unisex,459200.0,,true,PERCENT,0.0,InStock,100.0,328000.0,,,,,,,,,,,,,,,,,,,,,,,,,,,,,,,1,1,false,,,,
item_11724,Product,Forbidden Fruit French Avenue,,,,11724,Unisex,459200.0,,true,PERCENT,0.0,InStock,100.0,328000.0,,,,,,,,,,,,,,,,,,,,,,,,,,,,,,,1,1,false,,,,
item_11723,Product,Magnetiq French Avenue,,,,11723,Hombre,463400.0,,true,PERCENT,0.0,InStock,100.0,331000.0,,,,,,,,,,,,,,,,,,,,,,,,,,,,,,,1,1,false,,,,
item_11721,Product,L.12.12 Silver Grey Lacoste,,,,11721,Hombre,470400.0,,true,PERCENT,0.0,InStock,100.0,336000.0,,,,,,,,,,,,,,,,,,,,,,,,,,,,,,,1,1,false,,,,
item_11720,Product,Rome Extradose Pour Femme Mast Perfume,,,,11720,Mujer,296800.0,,true,PERCENT,0.0,InStock,100.0,212000.0,,,,,,,,,,,,,,,,,,,,,,,,,,,,,,,1,1,false,,,,
item_11719,Product,Bottled Absolu Parfum Intense Hugo Boss,,,,11719,,789600.0,,true,PERCENT,0.0,InStock,100.0,564000.0,,,,,,,,,,,,,,,,,,,,,,,,,,,,,,,1,1,false,,,,
item_11718,Product,Le Male Le Parfum Jean Paul Gaultier,,,,11718,,551600.0,,true,PERCENT,0.0,InStock,75.0,394000.0,,,,,,,,,,,,,,,,,,,,,,,,,,,,,,,1,1,false,,,,
item_11717,Product,Le Male Elixir Absolu Jean Paul Gaultier,,,,11717,,537600.0,,true,PERCENT,0.0,InStock,75.0,384000.0,,,,,,,,,,,,,,,,,,,,,,,,,,,,,,,1,1,false,,,,
item_11714,Product,Voyage Omanluxury,,,,11714,Unisex,877800.0,,true,PERCENT,0.0,InStock,100.0,627000.0,,,,,,,,,,,,,,,,,,,,,,,,,,,,,,,1,1,false,,,,
item_11713,Product,Royal Incense Omanluxury,,,,11713,Unisex,877800.0,,true,PERCENT,0.0,InStock,100.0,627000.0,,,,,,,,,,,,,,,,,,,,,,,,,,,,,,,1,1,false,,,,
item_11712,Product,Flowerlush Omanluxury,,,,11712,Unisex,883400.0,,true,PERCENT,0.0,InStock,100.0,631000.0,,,,,,,,,,,,,,,,,,,,,,,,,,,,,,,1,1,false,,,,
item_11711,Product,Le Male Elixir De Jean Paul Gaultier,,,,11711,Hombre,567000.0,,true,PERCENT,0.0,InStock,75.0,405000.0,,,,,,,,,,,,,,,,,,,,,,,,,,,,,,,1,1,false,,,,
item_11710,Product,Le Beau Le Parfum Intense Jean Paul Gaultier,,,,11710,,547400.0,,true,PERCENT,0.0,InStock,75.0,391000.0,,,,,,,,,,,,,,,,,,,,,,,,,,,,,,,1,1,false,,,,
item_11708,Product,Fame Feline Collector 2025 Paco Rabanne,,,,11708,,707000.0,,true,PERCENT,0.0,InStock,80.0,505000.0,,,,,,,,,,,,,,,,,,,,,,,,,,,,,,,1,1,false,,,,
item_11706,Product,Cocktail Maracuja New Notes,,,,11706,,779800.0,,true,PERCENT,0.0,InStock,50.0,557000.0,,,,,,,,,,,,,,,,,,,,,,,,,,,,,,,1,1,false,,,,
item_11704,Product,Latte di Mimosa New Notes,,,,11704,,798000.0,,true,PERCENT,0.0,InStock,50.0,570000.0,,,,,,,,,,,,,,,,,,,,,,,,,,,,,,,1,1,false,,,,
item_11703,Product,Bonbons A La Violette New Notes,,,,11703,,798000.0,,true,PERCENT,0.0,InStock,50.0,570000.0,,,,,,,,,,,,,,,,,,,,,,,,,,,,,,,1,1,false,,,,
item_11701,Product,Devotion Pour Homme Dolce & Gabbana,,,,11701,Hombre,586600.0,,true,PERCENT,0.0,InStock,50.0,419000.0,,,,,,,,,,,,,,,,,,,,,,,,,,,,,,,1,1,false,,,,
item_11700,Product,Caramelo Vanilla New Notes,,,,11700,,779800.0,,true,PERCENT,0.0,InStock,50.0,557000.0,,,,,,,,,,,,,,,,,,,,,,,,,,,,,,,1,1,false,,,,
item_11699,Product,French Flower Matiere,,,,11699,Mujer,1012200.0,,true,PERCENT,0.0,InStock,100.0,723000.0,,,,,,,,,,,,,,,,,,,,,,,,,,,,,,,1,1,false,,,,
item_11697,Product,Tulipe Noire Atkinsons,,,,11697,,782600.0,,true,PERCENT,0.0,InStock,100.0,559000.0,,,,,,,,,,,,,,,,,,,,,,,,,,,,,,,1,1,false,,,,
item_11695,Product,Sauvage Elixir Dior,,,,11695,Hombre,1516200.0,,true,PERCENT,0.0,InStock,100.0,1083000.0,,,,,,,,,,,,,,,,,,,,,,,,,,,,,,,1,1,false,,,,
item_11693,Product,Cool Elixir Davidoff,,,,11693,Mujer,387800.0,,true,PERCENT,0.0,InStock,100.0,277000.0,,,,,,,,,,,,,,,,,,,,,,,,,,,,,,,1,1,false,,,,
item_11692,Product,Cool Elixir Davidoff,,,,11692,Hombre,387800.0,,true,PERCENT,0.0,InStock,100.0,277000.0,,,,,,,,,,,,,,,,,,,,,,,,,,,,,,,1,1,false,,,,
item_11690,Product,Club de Nuit Woman Parfum Extreme Armaf,,,,11690,Mujer,415800.0,,true,PERCENT,0.0,InStock,105.0,297000.0,,,,,,,,,,,,,,,,,,,,,,,,,,,,,,,1,1,false,,,,
item_11689,Product,Club de Nuit Intense Man Parfum Extreme Armaf,,,,11689,Hombre,421400.0,,true,PERCENT,0.0,InStock,105.0,301000.0,,,,,,,,,,,,,,,,,,,,,,,,,,,,,,,1,1,false,,,,
item_11688,Product,Light Blue Summer Vibes Dolce & Gabbana,,,,11688,Mujer,555800.0,,true,PERCENT,0.0,InStock,100.0,397000.0,,,,,,,,,,,,,,,,,,,,,,,,,,,,,,,1,1,false,,,,
item_11687,Product,Irresistible Very Floral Givenchy,,,,11687,,691600.0,,true,PERCENT,0.0,InStock,80.0,494000.0,,,,,,,,,,,,,,,,,,,,,,,,,,,,,,,1,1,false,,,,
item_11686,Product,Alexandria II Xerjoff,,,,11686,,2349200.0,,true,PERCENT,0.0,InStock,100.0,1678000.0,,,,,,,,,,,,,,,,,,,,,,,,,,,,,,,1,1,false,,,,
item_11685,Product,Odyssey Spectra Blue Edition,,,,11685,,376600.0,,true,PERCENT,0.0,InStock,100.0,269000.0,,,,,,,,,,,,,,,,,,,,,,,,,,,,,,,1,1,false,,,,
item_11684,Product,Ralph's Club Ralph Lauren Elixir,,,,11684,,770000.0,,true,PERCENT,0.0,InStock,75.0,550000.0,,,,,,,,,,,,,,,,,,,,,,,,,,,,,,,1,1,false,,,,
item_11682,Product,Boss Bottled Beyond Hugo Boss,,,,11682,,596400.0,,true,PERCENT,0.0,InStock,100.0,426000.0,,,,,,,,,,,,,,,,,,,,,,,,,,,,,,,1,1,false,,,,
item_11681,Product,Perle d'Or Armaf,,,,11681,Mujer,415800.0,,true,PERCENT,0.0,InStock,100.0,297000.0,,,,,,,,,,,,,,,,,,,,,,,,,,,,,,,1,1,false,,,,
item_11680,Product,Kaos Tous,,,,11680,Mujer,424200.0,,true,PERCENT,0.0,InStock,100.0,303000.0,,,,,,,,,,,,,,,,,,,,,,,,,,,,,,,1,1,false,,,,
item_11679,Product,Explorer Extreme Montblanc,,,,11679,,564200.0,,true,PERCENT,0.0,InStock,100.0,403000.0,,,,,,,,,,,,,,,,,,,,,,,,,,,,,,,1,1,false,,,,
item_11678,Product,Summer Hammer Lorenzo Pazzaglia,,,,11678,,1107400.0,,true,PERCENT,0.0,InStock,50.0,791000.0,,,,,,,,,,,,,,,,,,,,,,,,,,,,,,,1,1,false,,,,
item_11677,Product,Que Chimba! Lorenzo Pazzaglia,,,,11677,,1188600.0,,true,PERCENT,0.0,InStock,50.0,849000.0,,,,,,,,,,,,,,,,,,,,,,,,,,,,,,,1,1,false,,,,
item_11676,Product,Scandal Intense Jean Paul Gaultier,,,,11676,Mujer,730800.0,,true,PERCENT,0.0,InStock,80.0,522000.0,,,,,,,,,,,,,,,,,,,,,,,,,,,,,,,1,1,false,,,,
item_11675,Product,Antaeus De Chanel,,,,11675,Hombre,859600.0,,true,PERCENT,0.0,InStock,100.0,614000.0,,,,,,,,,,,,,,,,,,,,,,,,,,,,,,,1,1,false,,,,
item_11674,Product,Allure De Chanel,,,,11674,Mujer,907200.0,,true,PERCENT,0.0,InStock,100.0,648000.0,,,,,,,,,,,,,,,,,,,,,,,,,,,,,,,1,1,false,,,,
item_11673,Product,Victory Orientica Royal Collection,,,,11673,,674800.0,,true,PERCENT,0.0,InStock,80.0,482000.0,,,,,,,,,,,,,,,,,,,,,,,,,,,,,,,1,1,false,,,,
item_11672,Product,Noble Orientica Royal Collection,,,,11672,,674800.0,,true,PERCENT,0.0,InStock,80.0,482000.0,,,,,,,,,,,,,,,,,,,,,,,,,,,,,,,1,1,false,,,,
item_11671,Product,Island Breeze Armaf Delights,,,,11671,Mujer,448000.0,,true,PERCENT,0.0,InStock,100.0,320000.0,,,,,,,,,,,,,,,,,,,,,,,,,,,,,,,1,1,false,,,,
item_11670,Product,Nebras Elixir Lattafa,,,,11670,Mujer,387800.0,,true,PERCENT,0.0,InStock,100.0,277000.0,,,,,,,,,,,,,,,,,,,,,,,,,,,,,,,1,1,false,,,,
item_11669,Product,Bar√©nia H√©rme s,,,,11669,Mujer,399000.0,,true,PERCENT,0.0,InStock,100.0,285000.0,,,,,,,,,,,,,,,,,,,,,,,,,,,,,,,1,1,false,,,,
item_11668,Product,Just Different De Hugo Boss,,,,11668,,266000.0,,true,PERCENT,0.0,InStock,75.0,190000.0,,,,,,,,,,,,,,,,,,,,,,,,,,,,,,,1,1,false,,,,
item_11661,Product,Oud Zarian de Creed,,,,11661,Unisex,2835000.0,,true,PERCENT,0.0,InStock,100.0,2025000.0,,,,,,,,,,,,,,,,,,,,,,,,,,,,,,,1,1,false,,,,
item_11660,Product,Crystal Saffron Matiere Premiere,,,,11660,Unisex,1143800.0,,true,PERCENT,0.0,InStock,100.0,817000.0,,,,,,,,,,,,,,,,,,,,,,,,,,,,,,,1,1,false,,,,
item_11659,Product,Anniversario Pantheon Roma,,,,11659,Unisex,1342600.0,,true,PERCENT,0.0,InStock,100.0,959000.0,,,,,,,,,,,,,,,,,,,,,,,,,,,,,,,1,1,false,,,,
item_11658,Product,Annone Pantheon Roma,,,,11658,Unisex,1293600.0,,true,PERCENT,0.0,InStock,100.0,924000.0,,,,,,,,,,,,,,,,,,,,,,,,,,,,,,,1,1,false,,,,
item_11657,Product,Rome Imagine Mast Perfume,,,,11657,,295400.0,,true,PERCENT,0.0,InStock,100.0,211000.0,,,,,,,,,,,,,,,,,,,,,,,,,,,,,,,1,1,false,,,,
item_11656,Product,Taureau De Gabat Lattafa,,,,11656,,368200.0,,true,PERCENT,0.0,InStock,100.0,263000.0,,,,,,,,,,,,,,,,,,,,,,,,,,,,,,,1,1,false,,,,
item_11655,Product,Dynasty Lattafa,,,,11655,,362600.0,,true,PERCENT,0.0,InStock,100.0,259000.0,,,,,,,,,,,,,,,,,,,,,,,,,,,,,,,1,1,false,,,,
item_11653,Product,Hawas Diva Rasasi,,,,11653,Mujer,387800.0,,true,PERCENT,0.0,InStock,100.0,277000.0,,,,,,,,,,,,,,,,,,,,,,,,,,,,,,,1,1,false,,,,
item_11652,Product,Tommy Forever Tommy Hilfiger,,,,11652,Mujer,298200.0,,true,PERCENT,0.0,InStock,100.0,213000.0,,,,,,,,,,,,,,,,,,,,,,,,,,,,,,,1,1,false,,,,
item_11651,Product,Tommy Forever Tommy Hilfiger,,,,11651,Hombre,309400.0,,true,PERCENT,0.0,InStock,100.0,221000.0,,,,,,,,,,,,,,,,,,,,,,,,,,,,,,,1,1,false,,,,
item_11650,Product,Cookie Crave Give Me Gourmand Lattafa,,,,11650,Mujer,368200.0,,true,PERCENT,0.0,InStock,75.0,263000.0,,,,,,,,,,,,,,,,,,,,,,,,,,,,,,,1,1,false,,,,
item_11649,Product,Mallow Madness Lattafa,,,,11649,Mujer,421400.0,,true,PERCENT,0.0,InStock,75.0,301000.0,,,,,,,,,,,,,,,,,,,,,,,,,,,,,,,1,1,false,,,,
item_11648,Product,Vanilla Freak Lattafa,,,,11648,Mujer,424200.0,,true,PERCENT,0.0,InStock,75.0,303000.0,,,,,,,,,,,,,,,,,,,,,,,,,,,,,,,1,1,false,,,,
item_11647,Product,Choco Overdose,,,,11647,,424200.0,,true,PERCENT,0.0,InStock,75.0,303000.0,,,,,,,,,,,,,,,,,,,,,,,,,,,,,,,1,1,false,,,,
item_11646,Product,Whipped Pleasure Lattafa,,,,11646,Mujer,424200.0,,true,PERCENT,0.0,InStock,75.0,303000.0,,,,,,,,,,,,,,,,,,,,,,,,,,,,,,,1,1,false,,,,
item_11645,Product,Berry On Top Give Me Gourmand Lattafa,,,,11645,Mujer,380800.0,,true,PERCENT,0.0,InStock,75.0,272000.0,,,,,,,,,,,,,,,,,,,,,,,,,,,,,,,1,1,false,,,,
item_11643,Product,Rome Yum Yum Mast Perfume,,,,11643,Mujer,296800.0,,true,PERCENT,0.0,InStock,100.0,212000.0,,,,,,,,,,,,,,,,,,,,,,,,,,,,,,,1,1,false,,,,
item_11641,Product,Odyssey Toffee Coffee Armaf,,,,11641,,415800.0,,true,PERCENT,0.0,InStock,100.0,297000.0,,,,,,,,,,,,,,,,,,,,,,,,,,,,,,,1,1,false,,,,
item_11640,Product,Odyssey Ba ha mas Tropical Armaf,,,,11640,,424200.0,,true,PERCENT,0.0,InStock,100.0,303000.0,,,,,,,,,,,,,,,,,,,,,,,,,,,,,,,1,1,false,,,,
item_11639,Product,Odyssey Black Forest Armaf,,,,11639,,415800.0,,true,PERCENT,0.0,InStock,100.0,297000.0,,,,,,,,,,,,,,,,,,,,,,,,,,,,,,,1,1,false,,,,
item_11638,Product,Odyssey Go Mango Armaf,,,,11638,,344400.0,,true,PERCENT,0.0,InStock,100.0,246000.0,,,,,,,,,,,,,,,,,,,,,,,,,,,,,,,1,1,false,,,,
item_11637,Product,Vulcan Sable French Avenue,,,,11637,Hombre,424200.0,,true,PERCENT,0.0,InStock,100.0,303000.0,,,,,,,,,,,,,,,,,,,,,,,,,,,,,,,1,1,false,,,,
item_11636,Product,Veneno Scarlet French Avenue,,,,11636,,429800.0,,true,PERCENT,0.0,InStock,100.0,307000.0,,,,,,,,,,,,,,,,,,,,,,,,,,,,,,,1,1,false,,,,
item_11635,Product,Veneno Bianco French Avenue,,,,11635,,424200.0,,true,PERCENT,0.0,InStock,100.0,303000.0,,,,,,,,,,,,,,,,,,,,,,,,,,,,,,,1,1,false,,,,
item_11633,Product,Mahd Al Dhahab Arabiyat Prestige,,,,11633,,393400.0,,true,PERCENT,0.0,InStock,100.0,281000.0,,,,,,,,,,,,,,,,,,,,,,,,,,,,,,,1,1,false,,,,
item_11632,Product,Pisces French Avenue,,,,11632,,415800.0,,true,PERCENT,0.0,InStock,90.0,297000.0,,,,,,,,,,,,,,,,,,,,,,,,,,,,,,,1,1,false,,,,
item_11631,Product,Aquarius French Avenue,,,,11631,,415800.0,,true,PERCENT,0.0,InStock,90.0,297000.0,,,,,,,,,,,,,,,,,,,,,,,,,,,,,,,1,1,false,,,,
item_11630,Product,Libra French Avenue,,,,11630,,415800.0,,true,PERCENT,0.0,InStock,90.0,297000.0,,,,,,,,,,,,,,,,,,,,,,,,,,,,,,,1,1,false,,,,
item_11629,Product,Eclaire Pistache De Lattafa,,,,11629,Mujer,359800.0,,true,PERCENT,0.0,InStock,100.0,257000.0,,,,,,,,,,,,,,,,,,,,,,,,,,,,,,,1,1,false,,,,
item_11628,Product,Eclaire Banoffi De Lattafa,,,,11628,Mujer,362600.0,,true,PERCENT,0.0,InStock,100.0,259000.0,,,,,,,,,,,,,,,,,,,,,,,,,,,,,,,1,1,false,,,,
item_11627,Product,Eau Fraiche Extreme Versace,,,,11627,Hombre,429800.0,,true,PERCENT,0.0,InStock,100.0,307000.0,,,,,,,,,,,,,,,,,,,,,,,,,,,,,,,1,1,false,,,,
item_11626,Product,Gaultier Divine Elixir Jean Paul Gaultier,,,,11626,Mujer,894600.0,,true,PERCENT,0.0,InStock,100.0,639000.0,,,,,,,,,,,,,,,,,,,,,,,,,,,,,,,1,1,false,,,,
item_11625,Product,S√¨ Giorgio Armani Eau De Parfum Intense,,,,11625,Mujer,761600.0,,true,PERCENT,0.0,InStock,100.0,544000.0,,,,,,,,,,,,,,,,,,,,,,,,,,,,,,,1,1,false,,,,
item_11624,Product,Million Gold Parfum Paco Rabanne,,,,11624,Mujer,641200.0,,true,PERCENT,0.0,InStock,90.0,458000.0,,,,,,,,,,,,,,,,,,,,,,,,,,,,,,,1,1,false,,,,
item_11620,Product,De Beso En Beso Agatha Ruiz De La Prada,,,,11620,,200200.0,,true,PERCENT,0.0,InStock,100.0,143000.0,,,,,,,,,,,,,,,,,,,,,,,,,,,,,,,1,1,false,,,,
item_11619,Product,Ombre D'or Armaf,,,,11619,Hombre,421400.0,,true,PERCENT,0.0,InStock,100.0,301000.0,,,,,,,,,,,,,,,,,,,,,,,,,,,,,,,1,1,false,,,,
item_11618,Product,La Panth√®re Parfum de Cartier,,,,11618,Mujer,770000.0,,true,PERCENT,0.0,InStock,100.0,550000.0,,,,,,,,,,,,,,,,,,,,,,,,,,,,,,,1,1,false,,,,
item_11617,Product,Game Of Spades Bonus Parfum JO Milano,,,,11617,,627200.0,,true,PERCENT,0.0,InStock,100.0,448000.0,,,,,,,,,,,,,,,,,,,,,,,,,,,,,,,1,1,false,,,,
item_11616,Product,Vulcan Baie French Avenue,,,,11616,,448000.0,,true,PERCENT,0.0,InStock,100.0,320000.0,,,,,,,,,,,,,,,,,,,,,,,,,,,,,,,1,1,false,,,,
item_11615,Product,Marshmallow Blush Paris Corner,,,,11615,Mujer,399000.0,,true,PERCENT,0.0,InStock,100.0,285000.0,,,,,,,,,,,,,,,,,,,,,,,,,,,,,,,1,1,false,,,,
item_11614,Product,La Yuqawam Orchid Prairie Rasasi,,,,11614,Mujer,376600.0,,true,PERCENT,0.0,InStock,75.0,269000.0,,,,,,,,,,,,,,,,,,,,,,,,,,,,,,,1,1,false,,,,
item_11613,Product,Signorina Unica Ferragamo,,,,11613,Mujer,495600.0,,true,PERCENT,0.0,InStock,100.0,354000.0,,,,,,,,,,,,,,,,,,,,,,,,,,,,,,,1,1,false,,,,
item_11612,Product,Sh‚ÄòMallow Fluff French Avenue,,,,11612,Mujer,442400.0,,true,PERCENT,0.0,InStock,100.0,316000.0,,,,,,,,,,,,,,,,,,,,,,,,,,,,,,,1,1,false,,,,
item_11611,Product,Hawas Kobra Rasasi,,,,11611,Hombre,368200.0,,true,PERCENT,0.0,InStock,100.0,263000.0,,,,,,,,,,,,,,,,,,,,,,,,,,,,,,,1,1,false,,,,
item_11610,Product,Hawas Malibu Rasasi,,,,11610,Hombre,424200.0,,true,PERCENT,0.0,InStock,100.0,303000.0,,,,,,,,,,,,,,,,,,,,,,,,,,,,,,,1,1,false,,,,
item_11606,Product,Impact Parfum Tommy Hilfiger,,,,11606,Hombre,450800.0,,true,PERCENT,0.0,InStock,100.0,322000.0,,,,,,,,,,,,,,,,,,,,,,,,,,,,,,,1,1,false,,,,
item_11605,Product,L√©onie Intense Maison Alhambra,,,,11605,Mujer,285600.0,,true,PERCENT,0.0,InStock,100.0,204000.0,,,,,,,,,,,,,,,,,,,,,,,,,,,,,,,1,1,false,,,,
item_11604,Product,Precious Gold Maison Alhambra,,,,11604,Mujer,285600.0,,true,PERCENT,0.0,InStock,80.0,204000.0,,,,,,,,,,,,,,,,,,,,,,,,,,,,,,,1,1,false,,,,
item_11603,Product,Toxic Desire Korbaj,,,,11603,,627200.0,,true,PERCENT,0.0,InStock,100.0,448000.0,,,,,,,,,,,,,,,,,,,,,,,,,,,,,,,1,1,false,,,,
item_11601,Product,Shuhrah Elixir Rasasi,,,,11601,Hombre,334600.0,,true,PERCENT,0.0,InStock,90.0,239000.0,,,,,,,,,,,,,,,,,,,,,,,,,,,,,,,1,1,false,,,,
item_11600,Product,Odyssey Marshmallow Armaf,,,,11600,,415800.0,,true,PERCENT,0.0,InStock,100.0,297000.0,,,,,,,,,,,,,,,,,,,,,,,,,,,,,,,1,1,false,,,,
item_11599,Product,Club De Nuit Pr√©cieux IV Extrait de Parfum Armaf,,,,11599,,466200.0,,true,PERCENT,0.0,InStock,55.0,333000.0,,,,,,,,,,,,,,,,,,,,,,,,,,,,,,,1,1,false,,,,
item_11598,Product,Ana Abiyedh Scarlet Lattafa,,,,11598,Mujer,274400.0,,true,PERCENT,0.0,InStock,100.0,196000.0,,,,,,,,,,,,,,,,,,,,,,,,,,,,,,,1,1,false,,,,
item_11597,Product,Turathi Electric Afnan,,,,11597,Unisex,387800.0,,true,PERCENT,0.0,InStock,90.0,277000.0,,,,,,,,,,,,,,,,,,,,,,,,,,,,,,,1,1,false,,,,
item_11596,Product,Cream Velvet Khadlaj,,,,11596,,313600.0,,true,PERCENT,0.0,InStock,100.0,224000.0,,,,,,,,,,,,,,,,,,,,,,,,,,,,,,,1,1,false,,,,
item_11595,Product,Shiyaaka Shadow Khadlaj,,,,11595,Hombre,292600.0,,true,PERCENT,0.0,InStock,100.0,209000.0,,,,,,,,,,,,,,,,,,,,,,,,,,,,,,,1,1,false,,,,
item_11594,Product,Burberry Her Elixir Parfum,,,,11594,Mujer,833000.0,,true,PERCENT,0.0,InStock,100.0,595000.0,,,,,,,,,,,,,,,,,,,,,,,,,,,,,,,1,1,false,,,,
item_11593,Product,Hawas Pink De Rasasi,,,,11593,Mujer,415800.0,,true,PERCENT,0.0,InStock,100.0,297000.0,,,,,,,,,,,,,,,,,,,,,,,,,,,,,,,1,1,false,,,,
item_11592,Product,Bvlgari Pour Homme,,,,11592,Hombre,683200.0,,true,PERCENT,0.0,InStock,100.0,488000.0,,,,,,,,,,,,,,,,,,,,,,,,,,,,,,,1,1,false,,,,
item_11590,Product,Zodiac Lunaris Paris Corner,,,,11590,Unisex,316400.0,,true,PERCENT,0.0,InStock,100.0,226000.0,,,,,,,,,,,,,,,,,,,,,,,,,,,,,,,1,1,false,,,,
item_11589,Product,Cloud Candy Khadlaj,,,,11589,Mujer,296800.0,,true,PERCENT,0.0,InStock,100.0,212000.0,,,,,,,,,,,,,,,,,,,,,,,,,,,,,,,1,1,false,,,,
item_11588,Product,Zodiac Solmaris Paris Corner,,,,11588,,316400.0,,true,PERCENT,0.0,InStock,100.0,226000.0,,,,,,,,,,,,,,,,,,,,,,,,,,,,,,,1,1,false,,,,
item_11586,Product,London Addictive Pepe Jeans,,,,11586,,266000.0,,true,PERCENT,0.0,InStock,80.0,190000.0,,,,,,,,,,,,,,,,,,,,,,,,,,,,,,,1,1,false,,,,
item_11585,Product,I Want choo Le Parfum Jimmy Choo,,,,11585,,567000.0,,true,PERCENT,0.0,InStock,100.0,405000.0,,,,,,,,,,,,,,,,,,,,,,,,,,,,,,,1,1,false,,,,
item_11584,Product,Red leather Ferragamo,,,,11584,,424200.0,,true,PERCENT,0.0,InStock,100.0,303000.0,,,,,,,,,,,,,,,,,,,,,,,,,,,,,,,1,1,false,,,,
item_11587,Product,Nitro Elixir Dumont Paris,,,,11587,,415800.0,,true,PERCENT,0.0,InStock,100.0,297000.0,,,,,,,,,,,,,,,,,,,,,,,,,,,,,,,1,1,false,,,,
item_11580,Product,Tony Iommi Monkey Special Xerjoff,,,,11580,,2261000.0,,true,PERCENT,0.0,InStock,100.0,1615000.0,,,,,,,,,,,,,,,,,,,,,,,,,,,,,,,1,1,false,,,,
item_11579,Product,Chaos Extrait French Avenue,,,,11579,Unisex,380800.0,,true,PERCENT,0.0,InStock,100.0,272000.0,,,,,,,,,,,,,,,,,,,,,,,,,,,,,,,1,1,false,,,,
item_11578,Product,Falcon Leather Matiere Premiere,,,,11578,,1045800.0,,true,PERCENT,0.0,InStock,100.0,747000.0,,,,,,,,,,,,,,,,,,,,,,,,,,,,,,,1,1,false,,,,
item_11576,Product,The Icon Supreme Banderas,,,,11576,,238000.0,,true,PERCENT,0.0,InStock,100.0,170000.0,,,,,,,,,,,,,,,,,,,,,,,,,,,,,,,1,1,false,,,,
item_11575,Product,Royalty Garnet Maluma,,,,11575,Hombre,344400.0,,true,PERCENT,0.0,InStock,75.0,246000.0,,,,,,,,,,,,,,,,,,,,,,,,,,,,,,,1,1,false,,,,
item_11574,Product,Royalty Jade Maluma,,,,11574,Mujer,344400.0,,true,PERCENT,0.0,InStock,75.0,246000.0,,,,,,,,,,,,,,,,,,,,,,,,,,,,,,,1,1,false,,,,
item_11573,Product,Royalty Amethyst Maluma,,,,11573,Mujer,344400.0,,true,PERCENT,0.0,InStock,75.0,246000.0,,,,,,,,,,,,,,,,,,,,,,,,,,,,,,,1,1,false,,,,
item_11571,Product,Scandal Gold Jean Paul Gaultier,,,,11571,Mujer,761600.0,,true,PERCENT,0.0,InStock,80.0,544000.0,,,,,,,,,,,,,,,,,,,,,,,,,,,,,,,1,1,false,,,,
item_11570,Product,La Di Da Arabiyat Prestige Hombre,,,,11570,Hombre,380800.0,,true,PERCENT,0.0,InStock,100.0,272000.0,,,,,,,,,,,,,,,,,,,,,,,,,,,,,,,1,1,false,,,,
item_11569,Product,Intenso Stallion 53 Emper,,,,11569,,263200.0,,true,PERCENT,0.0,InStock,100.0,188000.0,,,,,,,,,,,,,,,,,,,,,,,,,,,,,,,1,1,false,,,,
item_11568,Product,Benetton Green Amazonia for Him,,,,11568,Hombre,189000.0,,true,PERCENT,0.0,InStock,100.0,135000.0,,,,,,,,,,,,,,,,,,,,,,,,,,,,,,,1,1,false,,,,
item_11567,Product,Habik For Men De Lattafa,,,,11567,Hombre,316400.0,,true,PERCENT,0.0,InStock,100.0,226000.0,,,,,,,,,,,,,,,,,,,,,,,,,,,,,,,1,1,false,,,,
item_11566,Product,Habik For Women De Lattafa,,,,11566,Mujer,316400.0,,true,PERCENT,0.0,InStock,100.0,226000.0,,,,,,,,,,,,,,,,,,,,,,,,,,,,,,,1,1,false,,,,
item_11565,Product,Prodigy Noir Paris Corner,,,,11565,,331800.0,,true,PERCENT,0.0,InStock,100.0,237000.0,,,,,,,,,,,,,,,,,,,,,,,,,,,,,,,1,1,false,,,,
item_11564,Product,Intense Oud Arabian Oryx Paris Corner,,,,11564,,259000.0,,true,PERCENT,0.0,InStock,100.0,185000.0,,,,,,,,,,,,,,,,,,,,,,,,,,,,,,,1,1,false,,,,
item_11563,Product,Rose De Nuit L‚ÄòEau de Parfum Pendora Scents,,,,11563,,266000.0,,true,PERCENT,0.0,InStock,,190000.0,,,,,,,,,,,,,,,,,,,,,,,,,,,,,,,1,1,false,,,,
item_11562,Product,Noir d‚ÄòArabie de Pendora Scents,,,,11562,,259000.0,,true,PERCENT,0.0,InStock,100.0,185000.0,,,,,,,,,,,,,,,,,,,,,,,,,,,,,,,1,1,false,,,,
item_11561,Product,Camaro Homme Intense Pendora Scents,,,,11561,Hombre,266000.0,,true,PERCENT,0.0,InStock,100.0,190000.0,,,,,,,,,,,,,,,,,,,,,,,,,,,,,,,1,1,false,,,,
item_11560,Product,Taskeen Lactea Divina Paris Corner,,,,11560,Mujer,296800.0,,true,PERCENT,0.0,InStock,100.0,212000.0,,,,,,,,,,,,,,,,,,,,,,,,,,,,,,,1,1,false,,,,
item_11559,Product,Enigma Une French Avenue,,,,11559,,376600.0,,true,PERCENT,0.0,InStock,100.0,269000.0,,,,,,,,,,,,,,,,,,,,,,,,,,,,,,,1,1,false,,,,
item_11558,Product,Sweet Tooth Sabrina Carpenter,,,,11558,,424200.0,,true,PERCENT,0.0,InStock,75.0,303000.0,,,,,,,,,,,,,,,,,,,,,,,,,,,,,,,1,1,false,,,,
item_11557,Product,Sweet Tooth Cherry Baby Sabrina Carpenter,,,,11557,,361200.0,,true,PERCENT,0.0,InStock,75.0,258000.0,,,,,,,,,,,,,,,,,,,,,,,,,,,,,,,1,1,false,,,,
item_11556,Product,Sweet Tooth Caramel Dream Sabrina Carpenter,,,,11556,,361200.0,,true,PERCENT,0.0,InStock,75.0,258000.0,,,,,,,,,,,,,,,,,,,,,,,,,,,,,,,1,1,false,,,,
item_11555,Product,9 PM Elixir de Afnan,,,,11555,,438200.0,,true,PERCENT,0.0,InStock,100.0,313000.0,,,,,,,,,,,,,,,,,,,,,,,,,,,,,,,1,1,false,,,,
item_11553,Product,Tabac N‚Äò Coke by Fragrance World,,,,11553,,376600.0,,true,PERCENT,0.0,InStock,100.0,269000.0,,,,,,,,,,,,,,,,,,,,,,,,,,,,,,,1,1,false,,,,
item_11552,Product,Tobacco D'feu French Avenue,,,,11552,Unisex,376600.0,,true,PERCENT,0.0,InStock,100.0,269000.0,,,,,,,,,,,,,,,,,,,,,,,,,,,,,,,1,1,false,,,,
item_11551,Product,Eclair Affair French Avenue,,,,11551,Unisex,380800.0,,true,PERCENT,0.0,InStock,100.0,272000.0,,,,,,,,,,,,,,,,,,,,,,,,,,,,,,,1,1,false,,,,
item_11550,Product,Sultry Woods French Avenue,,,,11550,Unisex,376600.0,,true,PERCENT,0.0,InStock,100.0,269000.0,,,,,,,,,,,,,,,,,,,,,,,,,,,,,,,1,1,false,,,,
item_11549,Product,Luscious French Avenue,,,,11549,Mujer,376600.0,,true,PERCENT,0.0,InStock,100.0,269000.0,,,,,,,,,,,,,,,,,,,,,,,,,,,,,,,1,1,false,,,,
item_11548,Product,Meringue French Avenue,,,,11548,Mujer,376600.0,,true,PERCENT,0.0,InStock,100.0,269000.0,,,,,,,,,,,,,,,,,,,,,,,,,,,,,,,1,1,false,,,,
item_11547,Product,Sweet Paradise French Avenue,,,,11547,Mujer,380800.0,,true,PERCENT,0.0,InStock,100.0,272000.0,,,,,,,,,,,,,,,,,,,,,,,,,,,,,,,1,1,false,,,,
item_11546,Product,Tropical Kiss French Avenue,,,,11546,,376600.0,,true,PERCENT,0.0,InStock,80.0,269000.0,,,,,,,,,,,,,,,,,,,,,,,,,,,,,,,1,1,false,,,,
item_11545,Product,Caffe Latte Khadlaj,,,,11545,,354200.0,,true,PERCENT,0.0,InStock,100.0,253000.0,,,,,,,,,,,,,,,,,,,,,,,,,,,,,,,1,1,false,,,,
item_11543,Product,Amber D¬¥OR French Avenue,,,,11543,,376600.0,,true,PERCENT,0.0,InStock,100.0,269000.0,,,,,,,,,,,,,,,,,,,,,,,,,,,,,,,1,1,false,,,,
item_11542,Product,Invictus Victory Absolu Parfum Intense Paco Rabanne,,,,11542,,732200.0,,true,PERCENT,0.0,InStock,100.0,523000.0,,,,,,,,,,,,,,,,,,,,,,,,,,,,,,,1,1,false,,,,
item_11541,Product,Paradoxe Intense Prada,,,,11541,,1019200.0,,true,PERCENT,0.0,InStock,90.0,728000.0,,,,,,,,,,,,,,,,,,,,,,,,,,,,,,,1,1,false,,,,
item_11540,Product,Mystic Leather French Avenue,,,,11540,Hombre,376600.0,,true,PERCENT,0.0,InStock,100.0,269000.0,,,,,,,,,,,,,,,,,,,,,,,,,,,,,,,1,1,false,,,,
item_11539,Product,Caf√© N¬¥Cream Fragrance World,,,,11539,Unisex,376600.0,,true,PERCENT,0.0,InStock,100.0,269000.0,,,,,,,,,,,,,,,,,,,,,,,,,,,,,,,1,1,false,,,,
item_11538,Product,Essence Blanc French Avenue,,,,11538,,403200.0,,true,PERCENT,0.0,InStock,100.0,288000.0,,,,,,,,,,,,,,,,,,,,,,,,,,,,,,,1,1,false,,,,
item_11537,Product,Hawas Tropical De Rasasi,,,,11537,Hombre,408800.0,,true,PERCENT,0.0,InStock,100.0,292000.0,,,,,,,,,,,,,,,,,,,,,,,,,,,,,,,1,1,false,,,,
item_11536,Product,Dania Orientica,,,,11536,,688800.0,,true,PERCENT,0.0,InStock,80.0,492000.0,,,,,,,,,,,,,,,,,,,,,,,,,,,,,,,1,1,false,,,,
item_11535,Product,Pistachio Kunafa Anfar,,,,11535,,334600.0,,true,PERCENT,0.0,InStock,80.0,239000.0,,,,,,,,,,,,,,,,,,,,,,,,,,,,,,,1,1,false,,,,
item_11534,Product,Vulcan Feu French Avenue,,,,11534,,403200.0,,true,PERCENT,0.0,InStock,100.0,288000.0,,,,,,,,,,,,,,,,,,,,,,,,,,,,,,,1,1,false,,,,
item_11532,Product,Essence de Noir French Avenue,,,,11532,,376600.0,,true,PERCENT,0.0,InStock,100.0,269000.0,,,,,,,,,,,,,,,,,,,,,,,,,,,,,,,1,1,false,,,,
item_11531,Product,All of Me De Narciso Rodriguez,,,,11531,Mujer,639800.0,,true,PERCENT,0.0,InStock,90.0,457000.0,,,,,,,,,,,,,,,,,,,,,,,,,,,,,,,1,1,false,,,,
item_11530,Product,Black Saffron Armaf,,,,11530,,334600.0,,true,PERCENT,0.0,InStock,100.0,239000.0,,,,,,,,,,,,,,,,,,,,,,,,,,,,,,,1,1,false,,,,
item_11528,Product,Victorioso Fearless Maison Alhambra,,,,11528,,268800.0,,true,PERCENT,0.0,InStock,100.0,192000.0,,,,,,,,,,,,,,,,,,,,,,,,,,,,,,,1,1,false,,,,
item_11527,Product,Lava Maison Alhambra,,,,11527,,266000.0,,true,PERCENT,0.0,InStock,100.0,190000.0,,,,,,,,,,,,,,,,,,,,,,,,,,,,,,,1,1,false,,,,
item_11526,Product,Dubai Queen JO Milano paris,,,,11526,Mujer,285600.0,,true,PERCENT,0.0,InStock,100.0,204000.0,,,,,,,,,,,,,,,,,,,,,,,,,,,,,,,1,1,false,,,,
item_11525,Product,Saudi King de JO Milano Paris,,,,11525,Hombre,285600.0,,true,PERCENT,0.0,InStock,100.0,204000.0,,,,,,,,,,,,,,,,,,,,,,,,,,,,,,,1,1,false,,,,
item_11524,Product,Qatar Queen JO Milano Paris,,,,11524,Mujer,295400.0,,true,PERCENT,0.0,InStock,100.0,211000.0,,,,,,,,,,,,,,,,,,,,,,,,,,,,,,,1,1,false,,,,
item_11523,Product,Odyssey Eau De Montagne Armaf,,,,11523,Unisex,371000.0,,true,PERCENT,0.0,InStock,100.0,265000.0,,,,,,,,,,,,,,,,,,,,,,,,,,,,,,,1,1,false,,,,
item_11522,Product,My Way Parfum De Giorgio Armani,,,,11522,Mujer,865200.0,,true,PERCENT,0.0,InStock,90.0,618000.0,,,,,,,,,,,,,,,,,,,,,,,,,,,,,,,1,1,false,,,,
item_11518,Product,Port La Mer Grandeur,,,,11518,,218400.0,,true,PERCENT,0.0,InStock,100.0,156000.0,,,,,,,,,,,,,,,,,,,,,,,,,,,,,,,1,1,false,,,,
item_11517,Product,Queen Of Arabia Lattafa Pride,,,,11517,Mujer,462000.0,,true,PERCENT,0.0,InStock,100.0,330000.0,,,,,,,,,,,,,,,,,,,,,,,,,,,,,,,1,1,false,,,,
item_11516,Product,Art of Arabia I Lattafa Pride,,,,11516,Unisex,399000.0,,true,PERCENT,0.0,InStock,100.0,285000.0,,,,,,,,,,,,,,,,,,,,,,,,,,,,,,,1,1,false,,,,
item_11515,Product,Il Ame de Ilmin,,,,11515,,716800.0,,true,PERCENT,0.0,InStock,30.0,512000.0,,,,,,,,,,,,,,,,,,,,,,,,,,,,,,,1,1,false,,,,
item_11514,Product,Virgo De Ahli,,,,11514,,548800.0,,true,PERCENT,0.0,InStock,60.0,392000.0,,,,,,,,,,,,,,,,,,,,,,,,,,,,,,,1,1,false,,,,
item_11513,Product,Ursa De Ahli,,,,11513,,553000.0,,true,PERCENT,0.0,InStock,60.0,395000.0,,,,,,,,,,,,,,,,,,,,,,,,,,,,,,,1,1,false,,,,
item_11512,Product,Macamel De Ahli,,,,11512,,586600.0,,true,PERCENT,0.0,InStock,60.0,419000.0,,,,,,,,,,,,,,,,,,,,,,,,,,,,,,,1,1,false,,,,
item_11511,Product,Aries De Ahli,,,,11511,,564200.0,,true,PERCENT,0.0,InStock,60.0,403000.0,,,,,,,,,,,,,,,,,,,,,,,,,,,,,,,1,1,false,,,,
item_11508,Product,Coach New York Green,,,,11508,,334600.0,,true,PERCENT,0.0,InStock,100.0,239000.0,,,,,,,,,,,,,,,,,,,,,,,,,,,,,,,1,1,false,,,,
item_11506,Product,Terre D‚ÄòHerm√®s Eau De Parfum Intense,,,,11506,,733600.0,,true,PERCENT,0.0,InStock,100.0,524000.0,,,,,,,,,,,,,,,,,,,,,,,,,,,,,,,1,1,false,,,,
item_11505,Product,D For Successful Living Diesel,,,,11505,Unisex,434000.0,,true,PERCENT,0.0,InStock,100.0,310000.0,,,,,,,,,,,,,,,,,,,,,,,,,,,,,,,1,1,false,,,,
item_11504,Product,Gucci Flora Gorgeous Jasmine,,,,11504,Mujer,674800.0,,true,PERCENT,0.0,InStock,100.0,482000.0,,,,,,,,,,,,,,,,,,,,,,,,,,,,,,,1,1,false,,,,
item_11503,Product,Gucci Flora Gorgeous Gardenia,,,,11503,Mujer,674800.0,,true,PERCENT,0.0,InStock,100.0,482000.0,,,,,,,,,,,,,,,,,,,,,,,,,,,,,,,1,1,false,,,,
item_11502,Product,AMG Silver Mercedes Benz,,,,11502,Hombre,415800.0,,true,PERCENT,0.0,InStock,100.0,297000.0,,,,,,,,,,,,,,,,,,,,,,,,,,,,,,,1,1,false,,,,
item_11501,Product,AMG Red Mercedes Benz,,,,11501,Hombre,415800.0,,true,PERCENT,0.0,InStock,100.0,297000.0,,,,,,,,,,,,,,,,,,,,,,,,,,,,,,,1,1,false,,,,
item_11500,Product,AMG Black Thrill Mercedes Benz,,,,11500,Hombre,415800.0,,true,PERCENT,0.0,InStock,100.0,297000.0,,,,,,,,,,,,,,,,,,,,,,,,,,,,,,,1,1,false,,,,
item_11499,Product,Your Turn Billie Eilish,,,,11499,Unisex,417200.0,,true,PERCENT,0.0,InStock,100.0,298000.0,,,,,,,,,,,,,,,,,,,,,,,,,,,,,,,1,1,false,,,,
item_11498,Product,Tous Your Powers De Tous,,,,11498,,285600.0,,true,PERCENT,0.0,InStock,90.0,204000.0,,,,,,,,,,,,,,,,,,,,,,,,,,,,,,,1,1,false,,,,
item_11497,Product,Masa De Lattafa Pride,,,,11497,Unisex,387800.0,,true,PERCENT,0.0,InStock,100.0,277000.0,,,,,,,,,,,,,,,,,,,,,,,,,,,,,,,1,1,false,,,,
item_11496,Product,Qissa Pink Emir Paris Corner,,,,11496,Mujer,316400.0,,true,PERCENT,0.0,InStock,100.0,226000.0,,,,,,,,,,,,,,,,,,,,,,,,,,,,,,,1,1,false,,,,
item_11495,Product,Qissa Delicious Emir Paris Corner,,,,11495,Mujer,326200.0,,true,PERCENT,0.0,InStock,100.0,233000.0,,,,,,,,,,,,,,,,,,,,,,,,,,,,,,,1,1,false,,,,
item_11494,Product,Pear Potion Emir Paris Corner,,,,11494,,316400.0,,true,PERCENT,0.0,InStock,100.0,226000.0,,,,,,,,,,,,,,,,,,,,,,,,,,,,,,,1,1,false,,,,
item_11493,Product,Molten Caramel Paris Corner,,,,11493,,326200.0,,true,PERCENT,0.0,InStock,100.0,233000.0,,,,,,,,,,,,,,,,,,,,,,,,,,,,,,,1,1,false,,,,
item_11492,Product,Minya Coco Lush Paris Corner,,,,11492,,320600.0,,true,PERCENT,0.0,InStock,100.0,229000.0,,,,,,,,,,,,,,,,,,,,,,,,,,,,,,,1,1,false,,,,
item_11491,Product,Mango Punch Emir Paris Corner,,,,11491,,316400.0,,true,PERCENT,0.0,InStock,100.0,226000.0,,,,,,,,,,,,,,,,,,,,,,,,,,,,,,,1,1,false,,,,
item_11490,Product,Khair Felicity Paris Corner,,,,11490,Mujer,316400.0,,true,PERCENT,0.0,InStock,100.0,226000.0,,,,,,,,,,,,,,,,,,,,,,,,,,,,,,,1,1,false,,,,
item_11489,Product,Nitro Black Dumont Paris,,,,11489,,306600.0,,true,PERCENT,0.0,InStock,100.0,219000.0,,,,,,,,,,,,,,,,,,,,,,,,,,,,,,,1,1,false,,,,
item_11488,Product,Mercedes Benz SEA Mercedes-Benz,,,,11488,,334600.0,,true,PERCENT,0.0,InStock,100.0,239000.0,,,,,,,,,,,,,,,,,,,,,,,,,,,,,,,1,1,false,,,,
item_11487,Product,Mercedes Benz LAND Mercedes-Benz,,,,11487,,334600.0,,true,PERCENT,0.0,InStock,100.0,239000.0,,,,,,,,,,,,,,,,,,,,,,,,,,,,,,,1,1,false,,,,
item_11486,Product,D Red Diesel,,,,11486,Hombre,399000.0,,true,PERCENT,0.0,InStock,100.0,285000.0,,,,,,,,,,,,,,,,,,,,,,,,,,,,,,,1,1,false,,,,
item_11485,Product,Phantom Elixir Parfum Intense Paco Rabanne,,,,11485,,772800.0,,true,PERCENT,0.0,InStock,100.0,552000.0,,,,,,,,,,,,,,,,,,,,,,,,,,,,,,,1,1,false,,,,
item_11484,Product,Michael Kors Pour Femme,,,,11484,,417200.0,,true,PERCENT,0.0,InStock,100.0,298000.0,,,,,,,,,,,,,,,,,,,,,,,,,,,,,,,1,1,false,,,,
item_11483,Product,Michael Kors Pour Homme,,,,11483,Hombre,418600.0,,true,PERCENT,0.0,InStock,100.0,299000.0,,,,,,,,,,,,,,,,,,,,,,,,,,,,,,,1,1,false,,,,
item_11480,Product,Xplicit Vanilla Mancera,,,,11480,,816200.0,,true,PERCENT,0.0,InStock,120.0,583000.0,,,,,,,,,,,,,,,,,,,,,,,,,,,,,,,1,1,false,,,,
item_11479,Product,Jacomo Paris For Men,,,,11479,Hombre,296800.0,,true,PERCENT,0.0,InStock,100.0,212000.0,,,,,,,,,,,,,,,,,,,,,,,,,,,,,,,1,1,false,,,,
item_11478,Product,Como Moiselle Maison Alhambra,,,,11478,Mujer,259000.0,,true,PERCENT,0.0,InStock,100.0,185000.0,,,,,,,,,,,,,,,,,,,,,,,,,,,,,,,1,1,false,,,,
item_11477,Product,Arabia Heroes Le Chameau,,,,11477,,263200.0,,true,PERCENT,0.0,InStock,100.0,188000.0,,,,,,,,,,,,,,,,,,,,,,,,,,,,,,,1,1,false,,,,
item_11476,Product,Genius Hayati Emper,,,,11476,,259000.0,,true,PERCENT,0.0,InStock,100.0,185000.0,,,,,,,,,,,,,,,,,,,,,,,,,,,,,,,1,1,false,,,,
item_11475,Product,Genius Rose Emper,,,,11475,Mujer,247800.0,,true,PERCENT,0.0,InStock,100.0,177000.0,,,,,,,,,,,,,,,,,,,,,,,,,,,,,,,1,1,false,,,,
item_11474,Product,Genius Blush Emper,,,,11474,Mujer,266000.0,,true,PERCENT,0.0,InStock,100.0,190000.0,,,,,,,,,,,,,,,,,,,,,,,,,,,,,,,1,1,false,,,,
item_11473,Product,Luxe Nightlife Maison Alhambra,,,,11473,Unisex,295400.0,,true,PERCENT,0.0,InStock,100.0,211000.0,,,,,,,,,,,,,,,,,,,,,,,,,,,,,,,1,1,false,,,,
item_11472,Product,Luxe Gold Maison Alhambra,,,,11472,Unisex,295400.0,,true,PERCENT,0.0,InStock,100.0,211000.0,,,,,,,,,,,,,,,,,,,,,,,,,,,,,,,1,1,false,,,,
item_11471,Product,Luxe Emerald Maison Alhambra,,,,11471,Unisex,295400.0,,true,PERCENT,0.0,InStock,100.0,211000.0,,,,,,,,,,,,,,,,,,,,,,,,,,,,,,,1,1,false,,,,
item_11469,Product,Odyssey Revolution Armaf,,,,11469,Hombre,376600.0,,true,PERCENT,0.0,InStock,100.0,269000.0,,,,,,,,,,,,,,,,,,,,,,,,,,,,,,,1,1,false,,,,
item_11467,Product,Najdia Intense Lattafa,,,,11467,,344400.0,,true,PERCENT,0.0,InStock,100.0,246000.0,,,,,,,,,,,,,,,,,,,,,,,,,,,,,,,1,1,false,,,,
item_11466,Product,Impact Together Tommy Hilfiger,,,,11466,,380800.0,,true,PERCENT,0.0,InStock,100.0,272000.0,,,,,,,,,,,,,,,,,,,,,,,,,,,,,,,1,1,false,,,,
item_11465,Product,Altha√Ør Parfums de Marly,,,,11465,,1744400.0,,true,PERCENT,0.0,InStock,125.0,1246000.0,,,,,,,,,,,,,,,,,,,,,,,,,,,,,,,1,1,false,,,,
item_11464,Product,Haltane de Parfums de Marly,,,,11464,,1939000.0,,true,PERCENT,0.0,InStock,125.0,1385000.0,,,,,,,,,,,,,,,,,,,,,,,,,,,,,,,1,1,false,,,,
item_11463,Product,P Iconic Paris Hilton,,,,11463,Mujer,334600.0,,true,PERCENT,0.0,InStock,100.0,239000.0,,,,,,,,,,,,,,,,,,,,,,,,,,,,,,,1,1,false,,,,
item_11460,Product,Mercedes Benz Club Black EDP,,,,11460,Hombre,357000.0,,true,PERCENT,0.0,InStock,100.0,255000.0,,,,,,,,,,,,,,,,,,,,,,,,,,,,,,,1,1,false,,,,
item_11459,Product,Vibrant Summer Tommy Hilfiger,,,,11459,Mujer,350000.0,,true,PERCENT,0.0,InStock,100.0,250000.0,,,,,,,,,,,,,,,,,,,,,,,,,,,,,,,1,1,false,,,,
item_11458,Product,Vibrant Summer Tommy Hilfiger,,,,11458,Hombre,350000.0,,true,PERCENT,0.0,InStock,100.0,250000.0,,,,,,,,,,,,,,,,,,,,,,,,,,,,,,,1,1,false,,,,
item_11457,Product,Game Of Spades Platinum Jo Milano Paris,,,,11457,,553000.0,,true,PERCENT,0.0,InStock,100.0,395000.0,,,,,,,,,,,,,,,,,,,,,,,,,,,,,,,1,1,false,,,,
item_11455,Product,Acqua Di Parisis Magic Red de Reyane Tradition,,,,11455,,210000.0,,true,PERCENT,0.0,InStock,100.0,150000.0,,,,,,,,,,,,,,,,,,,,,,,,,,,,,,,1,1,false,,,,
item_11453,Product,Millesime De Santalis,,,,11453,,259000.0,,true,PERCENT,0.0,InStock,90.0,185000.0,,,,,,,,,,,,,,,,,,,,,,,,,,,,,,,1,1,false,,,,
item_11454,Product,Apocalypse De Santalis,,,,11454,,259000.0,,true,PERCENT,0.0,InStock,90.0,185000.0,,,,,,,,,,,,,,,,,,,,,,,,,,,,,,,1,1,false,,,,
item_11452,Product,Tubbees Sweet Caramel Grandeur,,,,11452,,133000.0,,true,PERCENT,0.0,InStock,50.0,95000.0,,,,,,,,,,,,,,,,,,,,,,,,,,,,,,,1,1,false,,,,
item_11451,Product,Al Moumayaz Extrait De Parfum Santalis,,,,11451,,263200.0,,true,PERCENT,0.0,InStock,100.0,188000.0,,,,,,,,,,,,,,,,,,,,,,,,,,,,,,,1,1,false,,,,
item_11450,Product,Sorbet Garden Tous,,,,11450,Mujer,326200.0,,true,PERCENT,0.0,InStock,90.0,233000.0,,,,,,,,,,,,,,,,,,,,,,,,,,,,,,,1,1,false,,,,
item_11449,Product,King Soleil Bharara,,,,11449,,586600.0,,true,PERCENT,0.0,InStock,100.0,419000.0,,,,,,,,,,,,,,,,,,,,,,,,,,,,,,,1,1,false,,,,
item_11446,Product,Petra De Lattafa,,,,11446,Mujer,359800.0,,true,PERCENT,0.0,InStock,100.0,257000.0,,,,,,,,,,,,,,,,,,,,,,,,,,,,,,,1,1,false,,,,
item_11445,Product,Palatine Parfums de Marly,,,,11445,Mujer,1639400.0,,true,PERCENT,0.0,InStock,75.0,1171000.0,,,,,,,,,,,,,,,,,,,,,,,,,,,,,,,1,1,false,,,,
item_11444,Product,Born in Roma Extradose Donna Valentino,,,,11444,Mujer,1019200.0,,true,PERCENT,0.0,InStock,100.0,728000.0,,,,,,,,,,,,,,,,,,,,,,,,,,,,,,,1,1,false,,,,
item_11443,Product,Torino 21 Xerjoff,,,,11443,,1650600.0,,true,PERCENT,0.0,InStock,100.0,1179000.0,,,,,,,,,,,,,,,,,,,,,,,,,,,,,,,1,1,false,,,,
item_11442,Product,Oud Pashmina Montale,,,,11442,,674800.0,,true,PERCENT,0.0,InStock,100.0,482000.0,,,,,,,,,,,,,,,,,,,,,,,,,,,,,,,1,1,false,,,,
item_11441,Product,Beast Love Montale,,,,11441,Mujer,743400.0,,true,PERCENT,0.0,InStock,100.0,531000.0,,,,,,,,,,,,,,,,,,,,,,,,,,,,,,,1,1,false,,,,
item_11440,Product,Arsenal Red Homme de Gilles Cantuel,,,,11440,Hombre,172200.0,,true,PERCENT,0.0,InStock,100.0,123000.0,,,,,,,,,,,,,,,,,,,,,,,,,,,,,,,1,1,false,,,,
item_11439,Product,Raa'd Matin Martin,,,,11439,,462000.0,,true,PERCENT,0.0,InStock,100.0,330000.0,,,,,,,,,,,,,,,,,,,,,,,,,,,,,,,1,1,false,,,,
item_11438,Product,Illusion Matin Martin,,,,11438,,462000.0,,true,PERCENT,0.0,InStock,100.0,330000.0,,,,,,,,,,,,,,,,,,,,,,,,,,,,,,,1,1,false,,,,
item_11437,Product,El Dorado Matin Martin,,,,11437,,462000.0,,true,PERCENT,0.0,InStock,100.0,330000.0,,,,,,,,,,,,,,,,,,,,,,,,,,,,,,,1,1,false,,,,
item_11435,Product,Million Gold Elixir Parfum Intense Paco Rabanne,,,,11435,,630000.0,,true,PERCENT,0.0,InStock,100.0,450000.0,,,,,,,,,,,,,,,,,,,,,,,,,,,,,,,1,1,false,,,,
item_11434,Product,Burberry Her De Burberry,,,,11434,,480200.0,,true,PERCENT,0.0,InStock,100.0,343000.0,,,,,,,,,,,,,,,,,,,,,,,,,,,,,,,1,1,false,,,,
item_11430,Product,Black Sea Lorenzo Pazzaglia,,,,11430,,1293600.0,,true,PERCENT,0.0,InStock,50.0,924000.0,,,,,,,,,,,,,,,,,,,,,,,,,,,,,,,1,1,false,,,,
item_11428,Product,Allure Homme Sport Superleggera Chanel,,,,11428,,1162000.0,,true,PERCENT,0.0,InStock,100.0,830000.0,,,,,,,,,,,,,,,,,,,,,,,,,,,,,,,1,1,false,,,,
item_11427,Product,Allure Homme Sport Cologne De Chanel,,,,11427,,1036000.0,,true,PERCENT,0.0,InStock,150.0,740000.0,,,,,,,,,,,,,,,,,,,,,,,,,,,,,,,1,1,false,,,,
item_11425,Product,La Vie Est Belle Rose Extraordinaire Lanc√¥me,,,,11425,,914200.0,,true,PERCENT,0.0,InStock,100.0,653000.0,,,,,,,,,,,,,,,,,,,,,,,,,,,,,,,1,1,false,,,,
item_11424,Product,Luna Rossa Eau Sport Prada,,,,11424,,639800.0,,true,PERCENT,0.0,InStock,125.0,457000.0,,,,,,,,,,,,,,,,,,,,,,,,,,,,,,,1,1,false,,,,
item_11423,Product,Irida Extrait French Avenue,,,,11423,,399000.0,,true,PERCENT,0.0,InStock,100.0,285000.0,,,,,,,,,,,,,,,,,,,,,,,,,,,,,,,1,1,false,,,,
item_11422,Product,Colossus Insurrection Collection,,,,11422,Hombre,289800.0,,true,PERCENT,0.0,InStock,100.0,207000.0,,,,,,,,,,,,,,,,,,,,,,,,,,,,,,,1,1,false,,,,
item_11421,Product,Dominant Insurrection Collection,,,,11421,Hombre,289800.0,,true,PERCENT,0.0,InStock,100.0,207000.0,,,,,,,,,,,,,,,,,,,,,,,,,,,,,,,1,1,false,,,,
item_11420,Product,Sovereign Insurrection Collection,,,,11420,Hombre,289800.0,,true,PERCENT,0.0,InStock,100.0,207000.0,,,,,,,,,,,,,,,,,,,,,,,,,,,,,,,1,1,false,,,,
item_11419,Product,Hawas for Her √âclat Rasasi,,,,11419,,334600.0,,true,PERCENT,0.0,InStock,100.0,239000.0,,,,,,,,,,,,,,,,,,,,,,,,,,,,,,,1,1,false,,,,
item_11418,Product,Very Good Girl Elixir Carolina Herrera,,,,11418,,842800.0,,true,PERCENT,0.0,InStock,80.0,602000.0,,,,,,,,,,,,,,,,,,,,,,,,,,,,,,,1,1,false,,,,
item_11417,Product,Stronger With You Parfum Emporio Armani,,,,11417,,869400.0,,true,PERCENT,0.0,InStock,100.0,621000.0,,,,,,,,,,,,,,,,,,,,,,,,,,,,,,,1,1,false,,,,
item_11416,Product,Acqua di Gi√≤ Parfum Giorgio Armani,,,,11416,,833000.0,,true,PERCENT,0.0,InStock,100.0,595000.0,,,,,,,,,,,,,,,,,,,,,,,,,,,,,,,1,1,false,,,,
item_11413,Product,La Vie est Belle L'Elixir Lanc√¥me,,,,11413,,936600.0,,true,PERCENT,0.0,InStock,100.0,669000.0,,,,,,,,,,,,,,,,,,,,,,,,,,,,,,,1,1,false,,,,
item_11411,Product,Vintage Radio Lattafa,,,,11411,,399000.0,,true,PERCENT,0.0,InStock,100.0,285000.0,,,,,,,,,,,,,,,,,,,,,,,,,,,,,,,1,1,false,,,,
item_11410,Product,Scandal Jean Paul Gaultier EDP Intense,,,,11410,Hombre,775600.0,,true,PERCENT,0.0,InStock,100.0,554000.0,,,,,,,,,,,,,,,,,,,,,,,,,,,,,,,1,1,false,,,,
item_11408,Product,Azzaro Forever Wanted Elixir,,,,11408,,770000.0,,true,PERCENT,0.0,InStock,100.0,550000.0,,,,,,,,,,,,,,,,,,,,,,,,,,,,,,,1,1,false,,,,
item_11404,Product,Odyssey Artisto The Red Edition Armaf,,,,11404,,326200.0,,true,PERCENT,0.0,InStock,100.0,233000.0,,,,,,,,,,,,,,,,,,,,,,,,,,,,,,,1,1,false,,,,
item_11403,Product,Odyssey Mandarin Sky Elixir Armaf,,,,11403,,376600.0,,true,PERCENT,0.0,InStock,100.0,269000.0,,,,,,,,,,,,,,,,,,,,,,,,,,,,,,,1,1,false,,,,
item_11397,Product,Qaed Al Fursan Untamed Lattafa,,,,11397,,274400.0,,true,PERCENT,0.0,InStock,90.0,196000.0,,,,,,,,,,,,,,,,,,,,,,,,,,,,,,,1,1,false,,,,
item_11395,Product,L'interdit rouge ultime Givenchy,,,,11395,,620200.0,,true,PERCENT,0.0,InStock,80.0,443000.0,,,,,,,,,,,,,,,,,,,,,,,,,,,,,,,1,1,false,,,,
item_11394,Product,Y Yves Saint Laurent,,,,11394,,806400.0,,true,PERCENT,0.0,InStock,100.0,576000.0,,,,,,,,,,,,,,,,,,,,,,,,,,,,,,,1,1,false,,,,
item_11393,Product,Devotion Pour Homme Dolce & Gabbana,,,,11393,Hombre,606200.0,,true,PERCENT,0.0,InStock,100.0,433000.0,,,,,,,,,,,,,,,,,,,,,,,,,,,,,,,1,1,false,,,,
item_11391,Product,Club De Nuit Maleka Armaf,,,,11391,Mujer,415800.0,,true,PERCENT,0.0,InStock,100.0,297000.0,,,,,,,,,,,,,,,,,,,,,,,,,,,,,,,1,1,false,,,,
item_11390,Product,Nitro Green Dumont Paris,,,,11390,,334600.0,,true,PERCENT,0.0,InStock,100.0,239000.0,,,,,,,,,,,,,,,,,,,,,,,,,,,,,,,1,1,false,,,,
item_11389,Product,Nitro Intense Dumont Paris,,,,11389,,330400.0,,true,PERCENT,0.0,InStock,100.0,236000.0,,,,,,,,,,,,,,,,,,,,,,,,,,,,,,,1,1,false,,,,
item_11387,Product,La African Drummer Lattafa,,,,11387,,344400.0,,true,PERCENT,0.0,InStock,100.0,246000.0,,,,,,,,,,,,,,,,,,,,,,,,,,,,,,,1,1,false,,,,
item_11386,Product,Sceptre Amazonite Maison Alhambra,,,,11386,,320600.0,,true,PERCENT,0.0,InStock,100.0,229000.0,,,,,,,,,,,,,,,,,,,,,,,,,,,,,,,1,1,false,,,,
item_11385,Product,Glamour G Ainash Parfum,,,,11385,Unisex,407400.0,,true,PERCENT,0.0,InStock,100.0,291000.0,,,,,,,,,,,,,,,,,,,,,,,,,,,,,,,1,1,false,,,,
item_11382,Product,Kouros Silver Yves Saint Laurent,,,,11382,Hombre,558600.0,,true,PERCENT,0.0,InStock,100.0,399000.0,,,,,,,,,,,,,,,,,,,,,,,,,,,,,,,1,1,false,,,,
item_11380,Product,Bvlgari Man In Black,,,,11380,,816200.0,,true,PERCENT,0.0,InStock,100.0,583000.0,,,,,,,,,,,,,,,,,,,,,,,,,,,,,,,1,1,false,,,,
item_11379,Product,Eros Najim Versace,,,,11379,,498400.0,,true,PERCENT,0.0,InStock,100.0,356000.0,,,,,,,,,,,,,,,,,,,,,,,,,,,,,,,1,1,false,,,,
item_11378,Product,Atheeri Lattafa,,,,11378,Mujer,380800.0,,true,PERCENT,0.0,InStock,100.0,272000.0,,,,,,,,,,,,,,,,,,,,,,,,,,,,,,,1,1,false,,,,
item_11377,Product,Gorgeous Bharara,,,,11377,Mujer,301000.0,,true,PERCENT,0.0,InStock,100.0,215000.0,,,,,,,,,,,,,,,,,,,,,,,,,,,,,,,1,1,false,,,,
item_11375,Product,Irresistible Nude Velvet Givenchy,,,,11375,Mujer,592200.0,,true,PERCENT,0.0,InStock,80.0,423000.0,,,,,,,,,,,,,,,,,,,,,,,,,,,,,,,1,1,false,,,,
item_11373,Product,Wonderlust Michael Kors,,,,11373,Mujer,359800.0,,true,PERCENT,0.0,InStock,100.0,257000.0,,,,,,,,,,,,,,,,,,,,,,,,,,,,,,,1,1,false,,,,
item_11372,Product,Gorgeous Michael Kors,,,,11372,,399000.0,,true,PERCENT,0.0,InStock,100.0,285000.0,,,,,,,,,,,,,,,,,,,,,,,,,,,,,,,1,1,false,,,,
item_11370,Product,Eau Des Merveilles Herm√®s Dama,,,,11370,Mujer,466200.0,,true,PERCENT,0.0,InStock,100.0,333000.0,,,,,,,,,,,,,,,,,,,,,,,,,,,,,,,1,1,false,,,,
item_11369,Product,Halloween Bliss Halloween,,,,11369,Mujer,306600.0,,true,PERCENT,0.0,InStock,100.0,219000.0,,,,,,,,,,,,,,,,,,,,,,,,,,,,,,,1,1,false,,,,
item_11368,Product,Light Blue Capri In Love Dolce & Gabbana Mujer,,,,11368,Mujer,495600.0,,true,PERCENT,0.0,InStock,100.0,354000.0,,,,,,,,,,,,,,,,,,,,,,,,,,,,,,,1,1,false,,,,
item_11367,Product,Light Blue Capri In Love Dolce & Gabbana Hombre,,,,11367,Hombre,512400.0,,true,PERCENT,0.0,InStock,100.0,366000.0,,,,,,,,,,,,,,,,,,,,,,,,,,,,,,,1,1,false,,,,
item_11366,Product,Le Male Elixir Absolu Jean Paul Gaultier,,,,11366,,659400.0,,true,PERCENT,0.0,InStock,125.0,471000.0,,,,,,,,,,,,,,,,,,,,,,,,,,,,,,,1,1,false,,,,
item_11365,Product,Bad Boy Elixir Carolina Herrera,,,,11365,Hombre,800800.0,,true,PERCENT,0.0,InStock,100.0,572000.0,,,,,,,,,,,,,,,,,,,,,,,,,,,,,,,1,1,false,,,,
item_11364,Product,Alien Hypersense Mugler,,,,11364,Mujer,494200.0,,true,PERCENT,0.0,InStock,90.0,353000.0,,,,,,,,,,,,,,,,,,,,,,,,,,,,,,,1,1,false,,,,
item_11359,Product,Amarillo De Shakira,,,,11359,Mujer,232400.0,,true,PERCENT,0.0,InStock,80.0,166000.0,,,,,,,,,,,,,,,,,,,,,,,,,,,,,,,1,1,false,,,,
item_11358,Product,Fucsia De Shakira,,,,11358,Mujer,232400.0,,true,PERCENT,0.0,InStock,80.0,166000.0,,,,,,,,,,,,,,,,,,,,,,,,,,,,,,,1,1,false,,,,
item_11347,Product,Pure Gold Montale,,,,11347,Mujer,697200.0,,true,PERCENT,0.0,InStock,100.0,498000.0,,,,,,,,,,,,,,,,,,,,,,,,,,,,,,,1,1,false,,,,
item_11345,Product,K De Dolce & Gabbana,,,,11345,Hombre,609000.0,,true,PERCENT,0.0,InStock,200.0,435000.0,,,,,,,,,,,,,,,,,,,,,,,,,,,,,,,1,1,false,,,,
item_11344,Product,K De Dolce & Gabbana,,,,11344,Hombre,651000.0,,true,PERCENT,0.0,InStock,200.0,465000.0,,,,,,,,,,,,,,,,,,,,,,,,,,,,,,,1,1,false,,,,
item_11343,Product,Uomo Born In Roma Extradose Valentino,,,,11343,,974400.0,,true,PERCENT,0.0,InStock,100.0,696000.0,,,,,,,,,,,,,,,,,,,,,,,,,,,,,,,1,1,false,,,,
item_11342,Product,Indecent Eternal Love,,,,11342,Mujer,183400.0,,true,PERCENT,0.0,InStock,100.0,131000.0,,,,,,,,,,,,,,,,,,,,,,,,,,,,,,,1,1,false,,,,
item_11341,Product,Nitro Red Intensely Dumont Paris,,,,11341,Hombre,420000.0,,true,PERCENT,0.0,InStock,100.0,300000.0,,,,,,,,,,,,,,,,,,,,,,,,,,,,,,,1,1,false,,,,
item_11340,Product,Khamrah Dukhan Lattafa,,,,11340,Hombre,298200.0,,true,PERCENT,0.0,InStock,100.0,213000.0,,,,,,,,,,,,,,,,,,,,,,,,,,,,,,,1,1,false,,,,
item_11337,Product,Jasoor Lattafa,,,,11337,Hombre,301000.0,,true,PERCENT,0.0,InStock,100.0,215000.0,,,,,,,,,,,,,,,,,,,,,,,,,,,,,,,1,1,false,,,,
item_11334,Product,Club De Nuit Untold De Armaf,,,,11334,,550200.0,,true,PERCENT,0.0,InStock,200.0,393000.0,,,,,,,,,,,,,,,,,,,,,,,,,,,,,,,1,1,false,,,,
item_11333,Product,Amore Capri Guess,,,,11333,Unisex,266000.0,,true,PERCENT,0.0,InStock,100.0,190000.0,,,,,,,,,,,,,,,,,,,,,,,,,,,,,,,1,1,false,,,,
item_11332,Product,Amore Roma Guess,,,,11332,Unisex,266000.0,,true,PERCENT,0.0,InStock,100.0,190000.0,,,,,,,,,,,,,,,,,,,,,,,,,,,,,,,1,1,false,,,,
item_11331,Product,Amore Venezia Guess,,,,11331,Mujer,266000.0,,true,PERCENT,0.0,InStock,100.0,190000.0,,,,,,,,,,,,,,,,,,,,,,,,,,,,,,,1,1,false,,,,
item_11329,Product,Rose Night Montale,,,,11329,Unisex,697200.0,,true,PERCENT,0.0,InStock,100.0,498000.0,,,,,,,,,,,,,,,,,,,,,,,,,,,,,,,1,1,false,,,,
item_11328,Product,Acqua Di Gio Profondo Giorgio Armani,,,,11328,,761600.0,,true,PERCENT,0.0,InStock,100.0,544000.0,,,,,,,,,,,,,,,,,,,,,,,,,,,,,,,1,1,false,,,,
item_11326,Product,Radical Rose Matiere Premiere,,,,11326,,1033200.0,,true,PERCENT,0.0,InStock,100.0,738000.0,,,,,,,,,,,,,,,,,,,,,,,,,,,,,,,1,1,false,,,,
item_11323,Product,Givenchy L'interdit,,,,11323,Mujer,599200.0,,true,PERCENT,0.0,InStock,80.0,428000.0,,,,,,,,,,,,,,,,,,,,,,,,,,,,,,,1,1,false,,,,
item_11322,Product,L'interdit Absolu Intense Givenchy,,,,11322,,674800.0,,true,PERCENT,0.0,InStock,80.0,482000.0,,,,,,,,,,,,,,,,,,,,,,,,,,,,,,,1,1,false,,,,
item_11321,Product,Nitro White Dumont Paris,,,,11321,Hombre,336000.0,,true,PERCENT,0.0,InStock,100.0,240000.0,,,,,,,,,,,,,,,,,,,,,,,,,,,,,,,1,1,false,,,,
item_11315,Product,Azzaro Sport De Azzaro,,,,11315,,316400.0,,true,PERCENT,0.0,InStock,100.0,226000.0,,,,,,,,,,,,,,,,,,,,,,,,,,,,,,,1,1,false,,,,
item_11313,Product,Prive Eva Aqua Emper,,,,11313,Mujer,210000.0,,true,PERCENT,0.0,InStock,100.0,150000.0,,,,,,,,,,,,,,,,,,,,,,,,,,,,,,,1,1,false,,,,
item_11312,Product,Historic Olmeda Afnan,,,,11312,Hombre,334600.0,,true,PERCENT,0.0,InStock,100.0,239000.0,,,,,,,,,,,,,,,,,,,,,,,,,,,,,,,1,1,false,,,,
item_11311,Product,Valentino Uomo Born In Roma The Gold,,,,11311,,824600.0,,true,PERCENT,0.0,InStock,100.0,589000.0,,,,,,,,,,,,,,,,,,,,,,,,,,,,,,,1,1,false,,,,
item_11310,Product,Boss Bottled Triumph Elixir Hugo Boss,,,,11310,,639800.0,,true,PERCENT,0.0,InStock,100.0,457000.0,,,,,,,,,,,,,,,,,,,,,,,,,,,,,,,1,1,false,,,,
item_11309,Product,You Are My Fire Rouge Zakat,,,,11309,,316400.0,,true,PERCENT,0.0,InStock,100.0,226000.0,,,,,,,,,,,,,,,,,,,,,,,,,,,,,,,1,1,false,,,,
item_11307,Product,Shouq Le Falcon√©,,,,11307,Mujer,302400.0,,true,PERCENT,0.0,InStock,100.0,216000.0,,,,,,,,,,,,,,,,,,,,,,,,,,,,,,,1,1,false,,,,
item_11305,Product,Qannas Le Falcon√©,,,,11305,Hombre,302400.0,,true,PERCENT,0.0,InStock,100.0,216000.0,,,,,,,,,,,,,,,,,,,,,,,,,,,,,,,1,1,false,,,,
item_11304,Product,Taskeen Marina Paris Corner,,,,11304,,295400.0,,true,PERCENT,0.0,InStock,100.0,211000.0,,,,,,,,,,,,,,,,,,,,,,,,,,,,,,,1,1,false,,,,
item_11303,Product,Minya Paris Corner,,,,11303,Mujer,334600.0,,true,PERCENT,0.0,InStock,100.0,239000.0,,,,,,,,,,,,,,,,,,,,,,,,,,,,,,,1,1,false,,,,
item_11301,Product,Club De Nuit Iconic De Armaf,,,,11301,Hombre,544600.0,,true,PERCENT,0.0,InStock,200.0,389000.0,,,,,,,,,,,,,,,,,,,,,,,,,,,,,,,1,1,false,,,,
item_11299,Product,Hayaati Florence Lattafa,,,,11299,Mujer,247800.0,,true,PERCENT,0.0,InStock,100.0,177000.0,,,,,,,,,,,,,,,,,,,,,,,,,,,,,,,1,1,false,,,,
item_11298,Product,Sensual Vanilla Maison Alhambra,,,,11298,,285600.0,,true,PERCENT,0.0,InStock,80.0,204000.0,,,,,,,,,,,,,,,,,,,,,,,,,,,,,,,1,1,false,,,,
item_11297,Product,Aruba Gold Emper,,,,11297,Unisex,278600.0,,true,PERCENT,0.0,InStock,100.0,199000.0,,,,,,,,,,,,,,,,,,,,,,,,,,,,,,,1,1,false,,,,
item_11296,Product,Rochas Man Intense Hombre,,,,11296,Hombre,326200.0,,true,PERCENT,0.0,InStock,100.0,233000.0,,,,,,,,,,,,,,,,,,,,,,,,,,,,,,,1,1,false,,,,
item_11283,Product,Tag Him Uomo Rosso Armaf Hombre,,,,11283,Hombre,294000.0,,true,PERCENT,0.0,InStock,100.0,210000.0,,,,,,,,,,,,,,,,,,,,,,,,,,,,,,,1,1,false,,,,
item_11282,Product,Beach Party Armaf,,,,11282,Unisex,326200.0,,true,PERCENT,0.0,InStock,100.0,233000.0,,,,,,,,,,,,,,,,,,,,,,,,,,,,,,,1,1,false,,,,
item_11281,Product,Victoria Lattafa,,,,11281,Mujer,352800.0,,true,PERCENT,0.0,InStock,100.0,252000.0,,,,,,,,,,,,,,,,,,,,,,,,,,,,,,,1,1,false,,,,
item_11280,Product,Chocola Addict French Avenue,,,,11280,Unisex,376600.0,,true,PERCENT,0.0,InStock,100.0,269000.0,,,,,,,,,,,,,,,,,,,,,,,,,,,,,,,1,1,false,,,,
item_11279,Product,Aether Extrait French Avenue,,,,11279,,399000.0,,true,PERCENT,0.0,InStock,100.0,285000.0,,,,,,,,,,,,,,,,,,,,,,,,,,,,,,,1,1,false,,,,
item_11278,Product,Hacivat X Nishane,,,,11278,,1428000.0,,true,PERCENT,0.0,InStock,100.0,1020000.0,,,,,,,,,,,,,,,,,,,,,,,,,,,,,,,1,1,false,,,,
item_11277,Product,Hacivat Nishane,,,,11277,,1428000.0,,true,PERCENT,0.0,InStock,100.0,1020000.0,,,,,,,,,,,,,,,,,,,,,,,,,,,,,,,1,1,false,,,,
item_11275,Product,Goddess Burberry Intense Mujer,,,,11275,Mujer,816200.0,,true,PERCENT,0.0,InStock,100.0,583000.0,,,,,,,,,,,,,,,,,,,,,,,,,,,,,,,1,1,false,,,,
item_11274,Product,CR7 Discover Cristiano Ronaldo,,,,11274,,306600.0,,true,PERCENT,0.0,InStock,100.0,219000.0,,,,,,,,,,,,,,,,,,,,,,,,,,,,,,,1,1,false,,,,
item_11273,Product,Rare Carbon Afnan Hombre,,,,11273,Hombre,326200.0,,true,PERCENT,0.0,InStock,100.0,233000.0,,,,,,,,,,,,,,,,,,,,,,,,,,,,,,,1,1,false,,,,
item_11272,Product,Rave Pure Desire Intense Man Lattafa,,,,11272,Hombre,266000.0,,true,PERCENT,0.0,InStock,100.0,190000.0,,,,,,,,,,,,,,,,,,,,,,,,,,,,,,,1,1,false,,,,
item_11270,Product,Inara White Armaf,,,,11270,,259000.0,,true,PERCENT,0.0,InStock,100.0,185000.0,,,,,,,,,,,,,,,,,,,,,,,,,,,,,,,1,1,false,,,,
item_11269,Product,Inara Black Hombre Armaf,,,,11269,Hombre,259000.0,,true,PERCENT,0.0,InStock,100.0,185000.0,,,,,,,,,,,,,,,,,,,,,,,,,,,,,,,1,1,false,,,,
item_11268,Product,Le√≥nie Maison Alhambra Mujer,,,,11268,Mujer,259000.0,,true,PERCENT,0.0,InStock,100.0,185000.0,,,,,,,,,,,,,,,,,,,,,,,,,,,,,,,1,1,false,,,,
item_11267,Product,Yum Yum Armaf Delights Dama,,,,11267,Mujer,553000.0,,true,PERCENT,0.0,InStock,100.0,395000.0,,,,,,,,,,,,,,,,,,,,,,,,,,,,,,,1,1,false,,,,
item_11266,Product,Island Bliss Armaf Delights Dama,,,,11266,Mujer,553000.0,,true,PERCENT,0.0,InStock,100.0,395000.0,,,,,,,,,,,,,,,,,,,,,,,,,,,,,,,1,1,false,,,,
item_11264,Product,Acqua Di Gio Giorgio Armani,,,,11264,,571200.0,,true,PERCENT,0.0,InStock,100.0,408000.0,,,,,,,,,,,,,,,,,,,,,,,,,,,,,,,1,1,false,,,,
item_11263,Product,Tubbees Unicorn Vanilla Grandeur,,,,11263,,168000.0,,true,PERCENT,0.0,InStock,50.0,120000.0,,,,,,,,,,,,,,,,,,,,,,,,,,,,,,,1,1,false,,,,
item_11256,Product,L.12.12 Rose Eau Intense Lacoste,,,,11256,,394800.0,,true,PERCENT,0.0,InStock,100.0,282000.0,,,,,,,,,,,,,,,,,,,,,,,,,,,,,,,1,1,false,,,,
item_11251,Product,Kelly Cal√©che Herm√©s EDT,,,,11251,,877800.0,,true,PERCENT,0.0,InStock,100.0,627000.0,,,,,,,,,,,,,,,,,,,,,,,,,,,,,,,1,1,false,,,,
item_11255,Product,Ralph's Club Parfum Ralph Lauren Hombre,,,,11255,Hombre,1051400.0,,true,PERCENT,0.0,InStock,100.0,751000.0,,,,,,,,,,,,,,,,,,,,,,,,,,,,,,,1,1,false,,,,
item_11250,Product,Art d'Amour Armaf Mujer,,,,11250,Mujer,285600.0,,true,PERCENT,0.0,InStock,100.0,204000.0,,,,,,,,,,,,,,,,,,,,,,,,,,,,,,,1,1,false,,,,
item_11249,Product,Traditional Hugh Parsons Hombre,,,,11249,Hombre,828800.0,,true,PERCENT,0.0,InStock,100.0,592000.0,,,,,,,,,,,,,,,,,,,,,,,,,,,,,,,1,1,false,,,,
item_11257,Product,Savile Row Hugh Parsons Hombre,,,,11257,Hombre,828800.0,,true,PERCENT,0.0,InStock,100.0,592000.0,,,,,,,,,,,,,,,,,,,,,,,,,,,,,,,1,1,false,,,,
item_11248,Product,Odyssey Dubai Chocolat de Armaf,,,,11248,,295400.0,,true,PERCENT,0.0,InStock,100.0,211000.0,,,,,,,,,,,,,,,,,,,,,,,,,,,,,,,1,1,false,,,,
item_11247,Product,212 VIP Black Elixir Carolina Herrera,,,,11247,,667800.0,,true,PERCENT,0.0,InStock,100.0,477000.0,,,,,,,,,,,,,,,,,,,,,,,,,,,,,,,1,1,false,,,,
item_11246,Product,Dallacha√Ø Montale,,,,11246,Unisex,806400.0,,true,PERCENT,0.0,InStock,100.0,576000.0,,,,,,,,,,,,,,,,,,,,,,,,,,,,,,,1,1,false,,,,
item_11245,Product,Tubbees Strawberry Cheesecake Grandeur,,,,11245,,133000.0,,true,PERCENT,0.0,InStock,50.0,95000.0,,,,,,,,,,,,,,,,,,,,,,,,,,,,,,,1,1,false,,,,
item_11243,Product,Invictus Aqua Paco Rabanne,,,,11243,,656600.0,,true,PERCENT,0.0,InStock,100.0,469000.0,,,,,,,,,,,,,,,,,,,,,,,,,,,,,,,1,1,false,,,,
item_11241,Product,Hawas Elixir De Rasasi,,,,11241,,326200.0,,true,PERCENT,0.0,InStock,100.0,233000.0,,,,,,,,,,,,,,,,,,,,,,,,,,,,,,,1,1,false,,,,
item_11240,Product,La Panth√©re Cartier,,,,11240,,701400.0,,true,PERCENT,0.0,InStock,100.0,501000.0,,,,,,,,,,,,,,,,,,,,,,,,,,,,,,,1,1,false,,,,
item_11237,Product,Bad Boy Cobalt Elixir Carolina Herrera,,,,11237,,712600.0,,true,PERCENT,0.0,InStock,50.0,509000.0,,,,,,,,,,,,,,,,,,,,,,,,,,,,,,,1,1,false,,,,
item_11236,Product,Beverly Hills Polo Club Sport 9,,,,11236,Hombre,189000.0,,true,PERCENT,0.0,InStock,100.0,135000.0,,,,,,,,,,,,,,,,,,,,,,,,,,,,,,,1,1,false,,,,
item_11235,Product,Beverly Hills Polo Club Sport 8,,,,11235,Hombre,197400.0,,true,PERCENT,0.0,InStock,100.0,141000.0,,,,,,,,,,,,,,,,,,,,,,,,,,,,,,,1,1,false,,,,
item_11232,Product,Red Aoud De Montale,,,,11232,,697200.0,,true,PERCENT,0.0,InStock,100.0,498000.0,,,,,,,,,,,,,,,,,,,,,,,,,,,,,,,1,1,false,,,,
item_11231,Product,Powder Flowers De Montale,,,,11231,,684600.0,,true,PERCENT,0.0,InStock,100.0,489000.0,,,,,,,,,,,,,,,,,,,,,,,,,,,,,,,1,1,false,,,,
item_11228,Product,Rose Noire Giorgio Valenti,,,,11228,Hombre,147000.0,,true,PERCENT,0.0,InStock,100.0,105000.0,,,,,,,,,,,,,,,,,,,,,,,,,,,,,,,1,1,false,,,,
item_11227,Product,Hawas Fire De Rasasi,,,,11227,Hombre,442400.0,,true,PERCENT,0.0,InStock,100.0,316000.0,,,,,,,,,,,,,,,,,,,,,,,,,,,,,,,1,1,false,,,,
item_11225,Product,Tubbees Pink Sugar Grandeur,,,,11225,,168000.0,,true,PERCENT,0.0,InStock,50.0,120000.0,,,,,,,,,,,,,,,,,,,,,,,,,,,,,,,1,1,false,,,,
item_11224,Product,Tubbees Pacificrim Grandeur,,,,11224,,168000.0,,true,PERCENT,0.0,InStock,50.0,120000.0,,,,,,,,,,,,,,,,,,,,,,,,,,,,,,,1,1,false,,,,
item_11223,Product,Tubbees Dreamy Treats Grandeur,,,,11223,,168000.0,,true,PERCENT,0.0,InStock,50.0,120000.0,,,,,,,,,,,,,,,,,,,,,,,,,,,,,,,1,1,false,,,,
item_11222,Product,Tubbees Cotton Candy Grandeur,,,,11222,,168000.0,,true,PERCENT,0.0,InStock,50.0,120000.0,,,,,,,,,,,,,,,,,,,,,,,,,,,,,,,1,1,false,,,,
item_11221,Product,Tubbees Cherry Luxe Grandeur,,,,11221,,168000.0,,true,PERCENT,0.0,InStock,50.0,120000.0,,,,,,,,,,,,,,,,,,,,,,,,,,,,,,,1,1,false,,,,
item_11219,Product,Tubbees Berry Blast Grandeur,,,,11219,,168000.0,,true,PERCENT,0.0,InStock,50.0,120000.0,,,,,,,,,,,,,,,,,,,,,,,,,,,,,,,1,1,false,,,,
item_11218,Product,Tubbees Beary Love Grandeur,,,,11218,,168000.0,,true,PERCENT,0.0,InStock,50.0,120000.0,,,,,,,,,,,,,,,,,,,,,,,,,,,,,,,1,1,false,,,,
item_11217,Product,Tubbees Bubble Gum Grandeur,,,,11217,,168000.0,,true,PERCENT,0.0,InStock,50.0,120000.0,,,,,,,,,,,,,,,,,,,,,,,,,,,,,,,1,1,false,,,,
item_11216,Product,Tubbees Chocolate Fudge Grandeur,,,,11216,,133000.0,,true,PERCENT,0.0,InStock,50.0,95000.0,,,,,,,,,,,,,,,,,,,,,,,,,,,,,,,1,1,false,,,,
item_11215,Product,Tubbees Cookies And Cream Grandeur,,,,11215,,133000.0,,true,PERCENT,0.0,InStock,50.0,95000.0,,,,,,,,,,,,,,,,,,,,,,,,,,,,,,,1,1,false,,,,
item_11213,Product,Elixir 88 Stallion 53 Emper,,,,11213,,273000.0,,true,PERCENT,0.0,InStock,100.0,195000.0,,,,,,,,,,,,,,,,,,,,,,,,,,,,,,,1,1,false,,,,
item_11212,Product,Jean Lowe Vibe Maison Alhambra,,,,11212,,326200.0,,true,PERCENT,0.0,InStock,100.0,233000.0,,,,,,,,,,,,,,,,,,,,,,,,,,,,,,,1,1,false,,,,
item_11211,Product,Gharam Lattafa Pride,,,,11211,Mujer,344400.0,,true,PERCENT,0.0,InStock,100.0,246000.0,,,,,,,,,,,,,,,,,,,,,,,,,,,,,,,1,1,false,,,,
item_11210,Product,La collection d'antiquit√©s 1910 Lattafa Pride,,,,11210,,387800.0,,true,PERCENT,0.0,InStock,100.0,277000.0,,,,,,,,,,,,,,,,,,,,,,,,,,,,,,,1,1,false,,,,
item_11209,Product,Levante Blue Noir Jo Milano Paris,,,,11209,Hombre,368200.0,,true,PERCENT,0.0,InStock,100.0,263000.0,,,,,,,,,,,,,,,,,,,,,,,,,,,,,,,1,1,false,,,,
item_11207,Product,Levante Intense Jo Milano Paris,,,,11207,Unisex,368200.0,,true,PERCENT,0.0,InStock,100.0,263000.0,,,,,,,,,,,,,,,,,,,,,,,,,,,,,,,1,1,false,,,,
item_11206,Product,Z25 Zakat Parfum,,,,11206,Unisex,331800.0,,true,PERCENT,0.0,InStock,100.0,237000.0,,,,,,,,,,,,,,,,,,,,,,,,,,,,,,,1,1,false,,,,
item_11205,Product,Burberry Hero De Burberry,,,,11205,,697200.0,,true,PERCENT,0.0,InStock,100.0,498000.0,,,,,,,,,,,,,,,,,,,,,,,,,,,,,,,1,1,false,,,,
item_11204,Product,Game Of Spades High Roller Jo Milano,,,,11204,,592200.0,,true,PERCENT,0.0,InStock,100.0,423000.0,,,,,,,,,,,,,,,,,,,,,,,,,,,,,,,1,1,false,,,,
item_11202,Product,Devotion Intense Dolce & Gabbana,,,,11202,,530600.0,,true,PERCENT,0.0,InStock,100.0,379000.0,,,,,,,,,,,,,,,,,,,,,,,,,,,,,,,1,1,false,,,,
item_11201,Product,Pharaoh Ramesses II Bharara,,,,11201,,686000.0,,true,PERCENT,0.0,InStock,100.0,490000.0,,,,,,,,,,,,,,,,,,,,,,,,,,,,,,,1,1,false,,,,
item_11200,Product,Sehr De Lattafa,,,,11200,Unisex,386400.0,,true,PERCENT,0.0,InStock,100.0,276000.0,,,,,,,,,,,,,,,,,,,,,,,,,,,,,,,1,1,false,,,,
item_11199,Product,The Scent Of Karol Metropolis,,,,11199,Unisex,295400.0,,true,PERCENT,0.0,InStock,100.0,211000.0,,,,,,,,,,,,,,,,,,,,,,,,,,,,,,,1,1,false,,,,
item_11198,Product,Guess Iconic De Guess,,,,11198,Mujer,344400.0,,true,PERCENT,0.0,InStock,100.0,246000.0,,,,,,,,,,,,,,,,,,,,,,,,,,,,,,,1,1,false,,,,
item_11197,Product,Show Me Love Escada,,,,11197,Mujer,295400.0,,true,PERCENT,0.0,InStock,100.0,211000.0,,,,,,,,,,,,,,,,,,,,,,,,,,,,,,,1,1,false,,,,
item_11196,Product,Mashrabya Lattafa,,,,11196,Unisex,359800.0,,true,PERCENT,0.0,InStock,100.0,257000.0,,,,,,,,,,,,,,,,,,,,,,,,,,,,,,,1,1,false,,,,
item_11193,Product,Fame The Couture Edition Paco Rabanne,,,,11193,,859600.0,,true,PERCENT,0.0,InStock,80.0,614000.0,,,,,,,,,,,,,,,,,,,,,,,,,,,,,,,1,1,false,,,,
item_11192,Product,The Icon Attitude De Antonio Banderas,,,,11192,,229600.0,,true,PERCENT,0.0,InStock,100.0,164000.0,,,,,,,,,,,,,,,,,,,,,,,,,,,,,,,1,1,false,,,,
item_11191,Product,Le Beau Flower Edition Jean Paul Gaultier,,,,11191,,799400.0,,true,PERCENT,0.0,InStock,125.0,571000.0,,,,,,,,,,,,,,,,,,,,,,,,,,,,,,,1,1,false,,,,
item_11190,Product,Armani Code Parfum Giorgio Armani,,,,11190,,674800.0,,true,PERCENT,0.0,InStock,75.0,482000.0,,,,,,,,,,,,,,,,,,,,,,,,,,,,,,,1,1,false,,,,
item_11189,Product,Amber & Spices Montale,,,,11189,Unisex,630000.0,,true,PERCENT,0.0,InStock,100.0,450000.0,,,,,,,,,,,,,,,,,,,,,,,,,,,,,,,1,1,false,,,,
item_11186,Product,The Lion's Club F√©roce Armaf,,,,11186,,407400.0,,true,PERCENT,0.0,InStock,100.0,291000.0,,,,,,,,,,,,,,,,,,,,,,,,,,,,,,,1,1,false,,,,
item_11185,Product,The Lion's Club Monarque Armaf,,,,11185,,407400.0,,true,PERCENT,0.0,InStock,100.0,291000.0,,,,,,,,,,,,,,,,,,,,,,,,,,,,,,,1,1,false,,,,
item_11182,Product,Ansaam silver lattafa,,,,11182,Hombre,340200.0,,true,PERCENT,0.0,InStock,100.0,243000.0,,,,,,,,,,,,,,,,,,,,,,,,,,,,,,,1,1,false,,,,
item_11181,Product,The Lion's Rugir Armaf,,,,11181,Hombre,421400.0,,true,PERCENT,0.0,InStock,100.0,301000.0,,,,,,,,,,,,,,,,,,,,,,,,,,,,,,,1,1,false,,,,
item_11180,Product,Delilah Blanc Maison Alhambra,,,,11180,Mujer,238000.0,,true,PERCENT,0.0,InStock,100.0,170000.0,,,,,,,,,,,,,,,,,,,,,,,,,,,,,,,1,1,false,,,,
item_11179,Product,Club De Nuit Lionheart Armaf,,,,11179,Mujer,407400.0,,true,PERCENT,0.0,InStock,100.0,291000.0,,,,,,,,,,,,,,,,,,,,,,,,,,,,,,,1,1,false,,,,
item_11178,Product,Club De Nuit Lionheart Armaf,,,,11178,Hombre,421400.0,,true,PERCENT,0.0,InStock,100.0,301000.0,,,,,,,,,,,,,,,,,,,,,,,,,,,,,,,1,1,false,,,,
item_11176,Product,Lail Maleki Moroccan Blue Lattafa,,,,11176,,247800.0,,true,PERCENT,0.0,InStock,100.0,177000.0,,,,,,,,,,,,,,,,,,,,,,,,,,,,,,,1,1,false,,,,
item_11173,Product,Infinity Gold Armaf,,,,11173,Mujer,413000.0,,true,PERCENT,0.0,InStock,100.0,295000.0,,,,,,,,,,,,,,,,,,,,,,,,,,,,,,,1,1,false,,,,
item_11172,Product,Connoisseur Armaf,,,,11172,Hombre,407400.0,,true,PERCENT,0.0,InStock,100.0,291000.0,,,,,,,,,,,,,,,,,,,,,,,,,,,,,,,1,1,false,,,,
item_11171,Product,Connoisseur Armaf,,,,11171,Mujer,407400.0,,true,PERCENT,0.0,InStock,100.0,291000.0,,,,,,,,,,,,,,,,,,,,,,,,,,,,,,,1,1,false,,,,
item_11170,Product,Best Of The Best Adidas,,,,11170,,113400.0,,true,PERCENT,0.0,InStock,100.0,81000.0,,,,,,,,,,,,,,,,,,,,,,,,,,,,,,,1,1,false,,,,
item_11169,Product,Odyssey Candee Armaf,,,,11169,Mujer,334600.0,,true,PERCENT,0.0,InStock,100.0,239000.0,,,,,,,,,,,,,,,,,,,,,,,,,,,,,,,1,1,false,,,,
item_11259,Product,Cocoa Morado French Avenue,,,,11259,Unisex,379400.0,,true,PERCENT,0.0,InStock,100.0,271000.0,,,,,,,,,,,,,,,,,,,,,,,,,,,,,,,1,1,false,,,,
item_11168,Product,Art Of Universe Lattafa Pride,,,,11168,Unisex,403200.0,,true,PERCENT,0.0,InStock,100.0,288000.0,,,,,,,,,,,,,,,,,,,,,,,,,,,,,,,1,1,false,,,,
item_11167,Product,Rayhaan Lion De Rayhaan Parfum,,,,11167,,326200.0,,true,PERCENT,0.0,InStock,100.0,233000.0,,,,,,,,,,,,,,,,,,,,,,,,,,,,,,,1,1,false,,,,
item_11164,Product,Asad Bourbon Lattafa,,,,11164,,285600.0,,true,PERCENT,0.0,InStock,100.0,204000.0,,,,,,,,,,,,,,,,,,,,,,,,,,,,,,,1,1,false,,,,
item_11258,Product,Y Yves Saint Laurent EDP Intense,,,,11258,,812000.0,,true,PERCENT,0.0,InStock,100.0,580000.0,,,,,,,,,,,,,,,,,,,,,,,,,,,,,,,1,1,false,,,,
item_11162,Product,Mon Paris Intensement Yves Saint Laurent,,,,11162,,947800.0,,true,PERCENT,0.0,InStock,90.0,677000.0,,,,,,,,,,,,,,,,,,,,,,,,,,,,,,,1,1,false,,,,
item_11262,Product,Gucci Bloom,,,,11262,Mujer,847000.0,,true,PERCENT,0.0,InStock,150.0,605000.0,,,,,,,,,,,,,,,,,,,,,,,,,,,,,,,1,1,false,,,,
item_11159,Product,Gucci Bamboo De Gucci,,,,11159,Mujer,639800.0,,true,PERCENT,0.0,InStock,75.0,457000.0,,,,,,,,,,,,,,,,,,,,,,,,,,,,,,,1,1,false,,,,
item_11157,Product,Cloud Pink Ariana Grande,,,,11157,Mujer,438200.0,,true,PERCENT,0.0,InStock,100.0,313000.0,,,,,,,,,,,,,,,,,,,,,,,,,,,,,,,1,1,false,,,,
item_11156,Product,L'Homme Id√©al Extr√™me De Guerlain,,,,11156,,779800.0,,true,PERCENT,0.0,InStock,100.0,557000.0,,,,,,,,,,,,,,,,,,,,,,,,,,,,,,,1,1,false,,,,
item_11148,Product,Mercedes Benz Sign Mercedes-Benz,,,,11148,,344400.0,,true,PERCENT,0.0,InStock,50.0,246000.0,,,,,,,,,,,,,,,,,,,,,,,,,,,,,,,1,1,false,,,,
item_11145,Product,Gentleman Society Eau de Parfum Extr√™me Givenchy,,,,11145,,558600.0,,true,PERCENT,0.0,InStock,100.0,399000.0,,,,,,,,,,,,,,,,,,,,,,,,,,,,,,,1,1,false,,,,
item_11144,Product,Carpe Diem Maktoub,,,,11144,,413000.0,,true,PERCENT,0.0,InStock,100.0,295000.0,,,,,,,,,,,,,,,,,,,,,,,,,,,,,,,1,1,false,,,,
item_11143,Product,88 Maktoub,,,,11143,Unisex,406000.0,,true,PERCENT,0.0,InStock,100.0,290000.0,,,,,,,,,,,,,,,,,,,,,,,,,,,,,,,1,1,false,,,,
item_11142,Product,Eternal Maktoub,,,,11142,,406000.0,,true,PERCENT,0.0,InStock,100.0,290000.0,,,,,,,,,,,,,,,,,,,,,,,,,,,,,,,1,1,false,,,,
item_11141,Product,Next World Maktoub,,,,11141,,406000.0,,true,PERCENT,0.0,InStock,100.0,290000.0,,,,,,,,,,,,,,,,,,,,,,,,,,,,,,,1,1,false,,,,
item_11140,Product,Fame Parfum Paco Rabanne Dama,,,,11140,Mujer,711200.0,,true,PERCENT,0.0,InStock,80.0,508000.0,,,,,,,,,,,,,,,,,,,,,,,,,,,,,,,1,1,false,,,,
item_11137,Product,Supremacy Pink Afnan Mujer,,,,11137,Mujer,285600.0,,true,PERCENT,0.0,InStock,100.0,204000.0,,,,,,,,,,,,,,,,,,,,,,,,,,,,,,,1,1,false,,,,
item_11136,Product,Oscent White Alexandre.J,,,,11136,Unisex,889000.0,,true,PERCENT,0.0,InStock,100.0,635000.0,,,,,,,,,,,,,,,,,,,,,,,,,,,,,,,1,1,false,,,,
item_11135,Product,Lacoste Original De Lacoste Hombre,,,,11135,Hombre,422800.0,,true,PERCENT,0.0,InStock,100.0,302000.0,,,,,,,,,,,,,,,,,,,,,,,,,,,,,,,1,1,false,,,,
item_11151,Product,Gucci Guilty De Gucci Mujer,,,,11151,Mujer,551600.0,,true,PERCENT,0.0,InStock,90.0,394000.0,,,,,,,,,,,,,,,,,,,,,,,,,,,,,,,1,1,false,,,,
item_11134,Product,Libre Le Parfum Yves Saint Laurent Mujer,,,,11134,Mujer,884800.0,,true,PERCENT,0.0,InStock,90.0,632000.0,,,,,,,,,,,,,,,,,,,,,,,,,,,,,,,1,1,false,,,,
item_11133,Product,Bogart Story Red Jacques Bogart Hombre,,,,11133,Hombre,224000.0,,true,PERCENT,0.0,InStock,100.0,160000.0,,,,,,,,,,,,,,,,,,,,,,,,,,,,,,,1,1,false,,,,
item_11131,Product,Oscent Pink Alexandre.J,,,,11131,Mujer,817600.0,,true,PERCENT,0.0,InStock,100.0,584000.0,,,,,,,,,,,,,,,,,,,,,,,,,,,,,,,1,1,false,,,,
item_11130,Product,Hawas de Rasasi Mujer,,,,11130,Mujer,316400.0,,true,PERCENT,0.0,InStock,100.0,226000.0,,,,,,,,,,,,,,,,,,,,,,,,,,,,,,,1,1,false,,,,
item_11129,Product,L.12.12 Blanc Eau Fraiche Lacoste,,,,11129,Hombre,376600.0,,true,PERCENT,0.0,InStock,100.0,269000.0,,,,,,,,,,,,,,,,,,,,,,,,,,,,,,,1,1,false,,,,
item_11128,Product,L.12.12 Noir Intense de Lacoste,,,,11128,Hombre,399000.0,,true,PERCENT,0.0,InStock,100.0,285000.0,,,,,,,,,,,,,,,,,,,,,,,,,,,,,,,1,1,false,,,,
item_11127,Product,The Most Wanted Azzaro EDP Intense Hombre,,,,11127,Hombre,798000.0,,true,PERCENT,0.0,InStock,100.0,570000.0,,,,,,,,,,,,,,,,,,,,,,,,,,,,,,,1,1,false,,,,
item_11126,Product,The Secret Absolu De Antonio Banderas,,,,11126,Hombre,229600.0,,true,PERCENT,0.0,InStock,100.0,164000.0,,,,,,,,,,,,,,,,,,,,,,,,,,,,,,,1,1,false,,,,
item_11125,Product,Charlie Blue De Revlon,,,,11125,Mujer,113400.0,,true,PERCENT,0.0,InStock,100.0,81000.0,,,,,,,,,,,,,,,,,,,,,,,,,,,,,,,1,1,false,,,,
item_11124,Product,Histoire D¬¥Amour Parfum Aubusson,,,,11124,,205800.0,,true,PERCENT,0.0,InStock,100.0,147000.0,,,,,,,,,,,,,,,,,,,,,,,,,,,,,,,1,1,false,,,,
item_11123,Product,Signorina Libera Ferragamo,,,,11123,,434000.0,,true,PERCENT,0.0,InStock,100.0,310000.0,,,,,,,,,,,,,,,,,,,,,,,,,,,,,,,1,1,false,,,,
item_11122,Product,Rome Pour Femme Mast Parfum,,,,11122,Mujer,296800.0,,true,PERCENT,0.0,InStock,100.0,212000.0,,,,,,,,,,,,,,,,,,,,,,,,,,,,,,,1,1,false,,,,
item_11121,Product,Burberry Hero De Burberry,,,,11121,,595000.0,,true,PERCENT,0.0,InStock,100.0,425000.0,,,,,,,,,,,,,,,,,,,,,,,,,,,,,,,1,1,false,,,,
item_11120,Product,My Way Nectar Giorgio Armani,,,,11120,,844200.0,,true,PERCENT,0.0,InStock,90.0,603000.0,,,,,,,,,,,,,,,,,,,,,,,,,,,,,,,1,1,false,,,,
item_11117,Product,Afeef Lattafa,,,,11117,Mujer,380800.0,,true,PERCENT,0.0,InStock,100.0,272000.0,,,,,,,,,,,,,,,,,,,,,,,,,,,,,,,1,1,false,,,,
item_11116,Product,Art Du Parfum Abstracto Armaf,,,,11116,,295400.0,,true,PERCENT,0.0,InStock,100.0,211000.0,,,,,,,,,,,,,,,,,,,,,,,,,,,,,,,1,1,false,,,,
item_11115,Product,Kiaanna Angel Afnan,,,,11115,Mujer,399000.0,,true,PERCENT,0.0,InStock,100.0,285000.0,,,,,,,,,,,,,,,,,,,,,,,,,,,,,,,1,1,false,,,,
item_11114,Product,Kiaanna Crush Afnan,,,,11114,Mujer,470400.0,,true,PERCENT,0.0,InStock,100.0,336000.0,,,,,,,,,,,,,,,,,,,,,,,,,,,,,,,1,1,false,,,,
item_11112,Product,Messi,,,,11112,Hombre,387800.0,,true,PERCENT,0.0,InStock,100.0,277000.0,,,,,,,,,,,,,,,,,,,,,,,,,,,,,,,1,1,false,,,,
item_11111,Product,Eros Energy De Versace,,,,11111,,693000.0,,true,PERCENT,0.0,InStock,200.0,495000.0,,,,,,,,,,,,,,,,,,,,,,,,,,,,,,,1,1,false,,,,
item_11106,Product,9 PM Rebel Afnan,,,,11106,Unisex,340200.0,,true,PERCENT,0.0,InStock,100.0,243000.0,,,,,,,,,,,,,,,,,,,,,,,,,,,,,,,1,1,false,,,,
item_11105,Product,Acqua di Gi√≤ Profondo Parfum Giorgio Armani,,,,11105,,842800.0,,true,PERCENT,0.0,InStock,100.0,602000.0,,,,,,,,,,,,,,,,,,,,,,,,,,,,,,,1,1,false,,,,
item_11103,Product,Spicy Leather Salvatore Ferragamo,,,,11103,,478800.0,,true,PERCENT,0.0,InStock,100.0,342000.0,,,,,,,,,,,,,,,,,,,,,,,,,,,,,,,1,1,false,,,,
item_11102,Product,Caramel Cream Ainash Parfums,,,,11102,,407400.0,,true,PERCENT,0.0,InStock,100.0,291000.0,,,,,,,,,,,,,,,,,,,,,,,,,,,,,,,1,1,false,,,,
item_11101,Product,Kleon Ainash Parfums,,,,11101,Hombre,407400.0,,true,PERCENT,0.0,InStock,100.0,291000.0,,,,,,,,,,,,,,,,,,,,,,,,,,,,,,,1,1,false,,,,
item_11100,Product,Faucon Ainash Parfums,,,,11100,Hombre,407400.0,,true,PERCENT,0.0,InStock,100.0,291000.0,,,,,,,,,,,,,,,,,,,,,,,,,,,,,,,1,1,false,,,,
item_11099,Product,Lumiere Ainash Parfums,,,,11099,Mujer,407400.0,,true,PERCENT,0.0,InStock,100.0,291000.0,,,,,,,,,,,,,,,,,,,,,,,,,,,,,,,1,1,false,,,,
item_11094,Product,Teriaq Intense De Lattafa,,,,11094,,301000.0,,true,PERCENT,0.0,InStock,100.0,215000.0,,,,,,,,,,,,,,,,,,,,,,,,,,,,,,,1,1,false,,,,
item_11093,Product,Winsome De Maison Alhambra,,,,11093,,326200.0,,true,PERCENT,0.0,InStock,90.0,233000.0,,,,,,,,,,,,,,,,,,,,,,,,,,,,,,,1,1,false,,,,
item_11092,Product,Olymp√©a Flora Paco Rabanne,,,,11092,,590800.0,,true,PERCENT,0.0,InStock,80.0,422000.0,,,,,,,,,,,,,,,,,,,,,,,,,,,,,,,1,1,false,,,,
item_11091,Product,Qimmah For Men Lattafa,,,,11091,Hombre,313600.0,,true,PERCENT,0.0,InStock,100.0,224000.0,,,,,,,,,,,,,,,,,,,,,,,,,,,,,,,1,1,false,,,,
item_11090,Product,Qimmah For Women Lattafa,,,,11090,Mujer,322000.0,,true,PERCENT,0.0,InStock,100.0,230000.0,,,,,,,,,,,,,,,,,,,,,,,,,,,,,,,1,1,false,,,,
item_11089,Product,Kayaan Gold Al Wataniah,,,,11089,,326200.0,,true,PERCENT,0.0,InStock,100.0,233000.0,,,,,,,,,,,,,,,,,,,,,,,,,,,,,,,1,1,false,,,,
item_11088,Product,Ventana Marine De Armaf,,,,11088,,316400.0,,true,PERCENT,0.0,InStock,100.0,226000.0,,,,,,,,,,,,,,,,,,,,,,,,,,,,,,,1,1,false,,,,
item_11086,Product,Divine Le Parfum Jean Paul Gaultier EDP,,,,11086,,851200.0,,true,PERCENT,0.0,InStock,100.0,608000.0,,,,,,,,,,,,,,,,,,,,,,,,,,,,,,,1,1,false,,,,
item_11085,Product,Nitro Platinum Dumont Paris,,,,11085,,334600.0,,true,PERCENT,0.0,InStock,100.0,239000.0,,,,,,,,,,,,,,,,,,,,,,,,,,,,,,,1,1,false,,,,
item_11084,Product,Mayar Cherry Intense Lattafa,,,,11084,,285600.0,,true,PERCENT,0.0,InStock,100.0,204000.0,,,,,,,,,,,,,,,,,,,,,,,,,,,,,,,1,1,false,,,,
item_11083,Product,Olympea Paco Rabanne,,,,11083,,464800.0,,true,PERCENT,0.0,InStock,50.0,332000.0,,,,,,,,,,,,,,,,,,,,,,,,,,,,,,,1,1,false,,,,
item_11081,Product,L'Eau d'Issey Pure Issey Miyake,,,,11081,Mujer,438200.0,,true,PERCENT,0.0,InStock,50.0,313000.0,,,,,,,,,,,,,,,,,,,,,,,,,,,,,,,1,1,false,,,,
item_11079,Product,J'Adore Dior,,,,11079,Mujer,910000.0,,true,PERCENT,0.0,InStock,50.0,650000.0,,,,,,,,,,,,,,,,,,,,,,,,,,,,,,,1,1,false,,,,
item_11078,Product,J'Adore Infinissime Dior,,,,11078,,607600.0,,true,PERCENT,0.0,InStock,50.0,434000.0,,,,,,,,,,,,,,,,,,,,,,,,,,,,,,,1,1,false,,,,
item_11077,Product,Bad Boy Sparkling Ice Carolina Herrera,,,,11077,,729400.0,,true,PERCENT,0.0,InStock,100.0,521000.0,,,,,,,,,,,,,,,,,,,,,,,,,,,,,,,1,1,false,,,,
item_11074,Product,Haramain Natural Iris Al Haramain,,,,11074,,553000.0,,true,PERCENT,0.0,InStock,,395000.0,,,,,,,,,,,,,,,,,,,,,,,,,,,,,,,1,1,false,,,,
item_11073,Product,Rome Pour Homme Mast Perfume,,,,11073,Hombre,295400.0,,true,PERCENT,0.0,InStock,100.0,211000.0,,,,,,,,,,,,,,,,,,,,,,,,,,,,,,,1,1,false,,,,
item_11072,Product,Haya Crush Le Chameau Emper,,,,11072,,299600.0,,true,PERCENT,0.0,InStock,100.0,214000.0,,,,,,,,,,,,,,,,,,,,,,,,,,,,,,,1,1,false,,,,
item_11071,Product,Arabia The Beauty Le Chameau Emper Hombre,,,,11071,Hombre,296800.0,,true,PERCENT,0.0,InStock,100.0,212000.0,,,,,,,,,,,,,,,,,,,,,,,,,,,,,,,1,1,false,,,,
item_11070,Product,Emotion Le Cameau Emper,,,,11070,,296800.0,,true,PERCENT,0.0,InStock,100.0,212000.0,,,,,,,,,,,,,,,,,,,,,,,,,,,,,,,1,1,false,,,,
item_11069,Product,K De Dolce & Gabbana EDP Intense,,,,11069,,586600.0,,true,PERCENT,0.0,InStock,100.0,419000.0,,,,,,,,,,,,,,,,,,,,,,,,,,,,,,,1,1,false,,,,
item_11067,Product,Brioche Vanille Lattafa,,,,11067,,376600.0,,true,PERCENT,0.0,InStock,100.0,269000.0,,,,,,,,,,,,,,,,,,,,,,,,,,,,,,,1,1,false,,,,
item_11063,Product,Riviera Neroli Flavia,,,,11063,Unisex,296800.0,,true,PERCENT,0.0,InStock,100.0,212000.0,,,,,,,,,,,,,,,,,,,,,,,,,,,,,,,1,1,false,,,,
item_11060,Product,The One Dolce & Gabbana Hombre EDP Intense,,,,11060,Hombre,534800.0,,true,PERCENT,0.0,InStock,100.0,382000.0,,,,,,,,,,,,,,,,,,,,,,,,,,,,,,,1,1,false,,,,
item_11059,Product,Tous Kids Bear,,,,11059,Ni√±os,267400.0,,true,PERCENT,0.0,InStock,100.0,191000.0,,,,,,,,,,,,,,,,,,,,,,,,,,,,,,,1,1,false,,,,
item_11058,Product,Q Dolce & Gabbana EDP Intense,,,,11058,Mujer,606200.0,,true,PERCENT,0.0,InStock,100.0,433000.0,,,,,,,,,,,,,,,,,,,,,,,,,,,,,,,1,1,false,,,,
item_11056,Product,Save Elixir Le Chameau,,,,11056,,306600.0,,true,PERCENT,0.0,InStock,85.0,219000.0,,,,,,,,,,,,,,,,,,,,,,,,,,,,,,,1,1,false,,,,
item_11055,Product,Lady Million Royal de Paco Rabanne,,,,11055,,618800.0,,true,PERCENT,0.0,InStock,80.0,442000.0,,,,,,,,,,,,,,,,,,,,,,,,,,,,,,,1,1,false,,,,
item_11053,Product,Goddess Burberry,,,,11053,Mujer,708400.0,,true,PERCENT,0.0,InStock,100.0,506000.0,,,,,,,,,,,,,,,,,,,,,,,,,,,,,,,1,1,false,,,,
item_11050,Product,Muharib Le Falcon√©,,,,11050,,302400.0,,true,PERCENT,0.0,InStock,85.0,216000.0,,,,,,,,,,,,,,,,,,,,,,,,,,,,,,,1,1,false,,,,
item_11049,Product,Eros Energy De Versace,,,,11049,,414400.0,,true,PERCENT,0.0,InStock,100.0,296000.0,,,,,,,,,,,,,,,,,,,,,,,,,,,,,,,1,1,false,,,,
item_11048,Product,Polo Red Ralph Lauren,,,,11048,,415800.0,,true,PERCENT,0.0,InStock,125.0,297000.0,,,,,,,,,,,,,,,,,,,,,,,,,,,,,,,1,1,false,,,,
item_11047,Product,Khair Confection Paris Corner,,,,11047,,316400.0,,true,PERCENT,0.0,InStock,100.0,226000.0,,,,,,,,,,,,,,,,,,,,,,,,,,,,,,,1,1,false,,,,
item_11046,Product,Jean Lowe Azure Maison Alhambra,,,,11046,,344400.0,,true,PERCENT,0.0,InStock,100.0,246000.0,,,,,,,,,,,,,,,,,,,,,,,,,,,,,,,1,1,false,,,,
item_11045,Product,King Gold Edition Bharara,,,,11045,,592200.0,,true,PERCENT,0.0,InStock,100.0,423000.0,,,,,,,,,,,,,,,,,,,,,,,,,,,,,,,1,1,false,,,,
item_11044,Product,Sky De Perry Ellis,,,,11044,Hombre,355600.0,,true,PERCENT,0.0,InStock,100.0,254000.0,,,,,,,,,,,,,,,,,,,,,,,,,,,,,,,1,1,false,,,,
item_11043,Product,Zaurac Spirit Of Kings,,,,11043,Unisex,1318800.0,,true,PERCENT,0.0,InStock,100.0,942000.0,,,,,,,,,,,,,,,,,,,,,,,,,,,,,,,1,1,false,,,,
item_11042,Product,Matar Spirit Of Kings,,,,11042,Unisex,1318800.0,,true,PERCENT,0.0,InStock,100.0,942000.0,,,,,,,,,,,,,,,,,,,,,,,,,,,,,,,1,1,false,,,,
item_11041,Product,Eau Tropicale Sisley Paris,,,,11041,,1187200.0,,true,PERCENT,0.0,InStock,100.0,848000.0,,,,,,,,,,,,,,,,,,,,,,,,,,,,,,,1,1,false,,,,
item_11038,Product,Rohit Rouge Bharara,,,,11038,,306600.0,,true,PERCENT,0.0,InStock,100.0,219000.0,,,,,,,,,,,,,,,,,,,,,,,,,,,,,,,1,1,false,,,,
item_11037,Product,Bade'e Al Oud Noble Blush Lattafa,,,,11037,,302400.0,,true,PERCENT,0.0,InStock,100.0,216000.0,,,,,,,,,,,,,,,,,,,,,,,,,,,,,,,1,1,false,,,,
item_11036,Product,Haramain Green Dubai,,,,11036,Unisex,522200.0,,true,PERCENT,0.0,InStock,100.0,373000.0,,,,,,,,,,,,,,,,,,,,,,,,,,,,,,,1,1,false,,,,
item_11154,Product,Haramain Palm Dubai,,,,11154,Unisex,558600.0,,true,PERCENT,0.0,InStock,100.0,399000.0,,,,,,,,,,,,,,,,,,,,,,,,,,,,,,,1,1,false,,,,
item_11035,Product,Haramain Miracle Dubai,,,,11035,Mujer,558600.0,,true,PERCENT,0.0,InStock,100.0,399000.0,,,,,,,,,,,,,,,,,,,,,,,,,,,,,,,1,1,false,,,,
item_11034,Product,Live Irr√©sistible Givenchy,,,,11034,Mujer,586600.0,,true,PERCENT,0.0,InStock,75.0,419000.0,,,,,,,,,,,,,,,,,,,,,,,,,,,,,,,1,1,false,,,,
item_11024,Product,Cocktail Pepe Jeans London,,,,11024,Mujer,231000.0,,true,PERCENT,0.0,InStock,100.0,165000.0,,,,,,,,,,,,,,,,,,,,,,,,,,,,,,,1,1,false,,,,
item_11023,Product,Cocktail Pepe Jeans London,,,,11023,Hombre,231000.0,,true,PERCENT,0.0,InStock,100.0,165000.0,,,,,,,,,,,,,,,,,,,,,,,,,,,,,,,1,1,false,,,,
item_11022,Product,Perfect Intense De Marc Jacobs,,,,11022,Mujer,743400.0,,true,PERCENT,0.0,InStock,100.0,531000.0,,,,,,,,,,,,,,,,,,,,,,,,,,,,,,,1,1,false,,,,
item_11018,Product,Ch Pasion De Carolina Herrera,,,,11018,Hombre,701400.0,,true,PERCENT,0.0,InStock,100.0,501000.0,,,,,,,,,,,,,,,,,,,,,,,,,,,,,,,1,1,false,,,,
item_11019,Product,Bamb√∫ De Adolfo Dominguez,,,,11019,Hombre,259000.0,,true,PERCENT,0.0,InStock,120.0,185000.0,,,,,,,,,,,,,,,,,,,,,,,,,,,,,,,1,1,false,,,,
item_11017,Product,Z15 Zakat Parfum,,,,11017,Unisex,301000.0,,true,PERCENT,0.0,InStock,100.0,215000.0,,,,,,,,,,,,,,,,,,,,,,,,,,,,,,,1,1,false,,,,
item_11016,Product,Z17 Zakat Parfum,,,,11016,Mujer,301000.0,,true,PERCENT,0.0,InStock,100.0,215000.0,,,,,,,,,,,,,,,,,,,,,,,,,,,,,,,1,1,false,,,,
item_11015,Product,Z12 Zakat Parfum,,,,11015,Mujer,301000.0,,true,PERCENT,0.0,InStock,100.0,215000.0,,,,,,,,,,,,,,,,,,,,,,,,,,,,,,,1,1,false,,,,
item_11014,Product,Z19 Zakat Parfum,,,,11014,Mujer,301000.0,,true,PERCENT,0.0,InStock,100.0,215000.0,,,,,,,,,,,,,,,,,,,,,,,,,,,,,,,1,1,false,,,,
item_11013,Product,Z6 Zakat Parfum,,,,11013,,301000.0,,true,PERCENT,0.0,InStock,100.0,215000.0,,,,,,,,,,,,,,,,,,,,,,,,,,,,,,,1,1,false,,,,
item_11012,Product,Z2 Zakat Parfum,,,,11012,Mujer,301000.0,,true,PERCENT,0.0,InStock,100.0,215000.0,,,,,,,,,,,,,,,,,,,,,,,,,,,,,,,1,1,false,,,,
item_11011,Product,Bonita La Rose Le Falcon√©,,,,11011,Mujer,285600.0,,true,PERCENT,0.0,InStock,90.0,204000.0,,,,,,,,,,,,,,,,,,,,,,,,,,,,,,,1,1,false,,,,
item_11010,Product,Bonita Rouge Le Falcon√©,,,,11010,Mujer,285600.0,,true,PERCENT,0.0,InStock,100.0,204000.0,,,,,,,,,,,,,,,,,,,,,,,,,,,,,,,1,1,false,,,,
item_11009,Product,Just Lychee Fragrance World,,,,11009,Mujer,274400.0,,true,PERCENT,0.0,InStock,100.0,196000.0,,,,,,,,,,,,,,,,,,,,,,,,,,,,,,,1,1,false,,,,
item_11008,Product,Queen Check Mate Armaf,,,,11008,Mujer,442400.0,,true,PERCENT,0.0,InStock,100.0,316000.0,,,,,,,,,,,,,,,,,,,,,,,,,,,,,,,1,1,false,,,,
item_11007,Product,King Check Mate Armaf,,,,11007,Hombre,445200.0,,true,PERCENT,0.0,InStock,100.0,318000.0,,,,,,,,,,,,,,,,,,,,,,,,,,,,,,,1,1,false,,,,
item_11006,Product,Pegasus De Ahli,,,,11006,Unisex,553000.0,,true,PERCENT,0.0,InStock,60.0,395000.0,,,,,,,,,,,,,,,,,,,,,,,,,,,,,,,1,1,false,,,,
item_11005,Product,Overdose De Ahli,,,,11005,Unisex,553000.0,,true,PERCENT,0.0,InStock,60.0,395000.0,,,,,,,,,,,,,,,,,,,,,,,,,,,,,,,1,1,false,,,,
item_11155,Product,Karpos De Ahli,,,,11155,Unisex,553000.0,,true,PERCENT,0.0,InStock,60.0,395000.0,,,,,,,,,,,,,,,,,,,,,,,,,,,,,,,1,1,false,,,,
item_11004,Product,Delta De Ahli,,,,11004,Unisex,516600.0,,true,PERCENT,0.0,InStock,60.0,369000.0,,,,,,,,,,,,,,,,,,,,,,,,,,,,,,,1,1,false,,,,
item_11003,Product,Crux De Ahli,,,,11003,Unisex,586600.0,,true,PERCENT,0.0,InStock,60.0,419000.0,,,,,,,,,,,,,,,,,,,,,,,,,,,,,,,1,1,false,,,,
item_11002,Product,As F**K De Ahli,,,,11002,Hombre,604800.0,,true,PERCENT,0.0,InStock,60.0,432000.0,,,,,,,,,,,,,,,,,,,,,,,,,,,,,,,1,1,false,,,,
item_11001,Product,Antlia De Ahli,,,,11001,Unisex,553000.0,,true,PERCENT,0.0,InStock,60.0,395000.0,,,,,,,,,,,,,,,,,,,,,,,,,,,,,,,1,1,false,,,,
item_11000,Product,Il Sommet De Ilmin,,,,11000,Unisex,719600.0,,true,PERCENT,0.0,InStock,30.0,514000.0,,,,,,,,,,,,,,,,,,,,,,,,,,,,,,,1,1,false,,,,
item_10997,Product,Il Peace De Ilmin,,,,10997,Unisex,719600.0,,true,PERCENT,0.0,InStock,30.0,514000.0,,,,,,,,,,,,,,,,,,,,,,,,,,,,,,,1,1,false,,,,
item_10996,Product,Il Mer De Ilmin,,,,10996,Unisex,719600.0,,true,PERCENT,0.0,InStock,30.0,514000.0,,,,,,,,,,,,,,,,,,,,,,,,,,,,,,,1,1,false,,,,
item_10995,Product,Il Luxe De Ilmin,,,,10995,Unisex,719600.0,,true,PERCENT,0.0,InStock,30.0,514000.0,,,,,,,,,,,,,,,,,,,,,,,,,,,,,,,1,1,false,,,,
item_10994,Product,Il Lourd De Ilmin,,,,10994,Unisex,719600.0,,true,PERCENT,0.0,InStock,30.0,514000.0,,,,,,,,,,,,,,,,,,,,,,,,,,,,,,,1,1,false,,,,
item_10993,Product,Il Lavish De Ilmin,,,,10993,Unisex,719600.0,,true,PERCENT,0.0,InStock,30.0,514000.0,,,,,,,,,,,,,,,,,,,,,,,,,,,,,,,1,1,false,,,,
item_10992,Product,Rayhaan Elixir,,,,10992,Hombre,320600.0,,true,PERCENT,0.0,InStock,100.0,229000.0,,,,,,,,,,,,,,,,,,,,,,,,,,,,,,,1,1,false,,,,
item_10991,Product,Happy Brush Lattafa Pride,,,,10991,Ni√±os,266000.0,,true,PERCENT,0.0,InStock,75.0,190000.0,,,,,,,,,,,,,,,,,,,,,,,,,,,,,,,1,1,false,,,,
item_10990,Product,Sing Lattafa Pride,,,,10990,Ni√±os,266000.0,,true,PERCENT,0.0,InStock,75.0,190000.0,,,,,,,,,,,,,,,,,,,,,,,,,,,,,,,1,1,false,,,,
item_10989,Product,Riders Lattafa Pride,,,,10989,Ni√±os,266000.0,,true,PERCENT,0.0,InStock,75.0,190000.0,,,,,,,,,,,,,,,,,,,,,,,,,,,,,,,1,1,false,,,,
item_10988,Product,Stop Wait Go Lattafa Pride,,,,10988,Ni√±os,266000.0,,true,PERCENT,0.0,InStock,75.0,190000.0,,,,,,,,,,,,,,,,,,,,,,,,,,,,,,,1,1,false,,,,
item_10987,Product,Liquid Brun French Avenue,,,,10987,Unisex,393400.0,,true,PERCENT,0.0,InStock,80.0,281000.0,,,,,,,,,,,,,,,,,,,,,,,,,,,,,,,1,1,false,,,,
item_10986,Product,Sorrento De Emmir Milano,,,,10986,Hombre,917000.0,,true,PERCENT,0.0,InStock,50.0,655000.0,,,,,,,,,,,,,,,,,,,,,,,,,,,,,,,1,1,false,,,,
item_10985,Product,Firenze De Emmir Milano,,,,10985,Hombre,917000.0,,true,PERCENT,0.0,InStock,50.0,655000.0,,,,,,,,,,,,,,,,,,,,,,,,,,,,,,,1,1,false,,,,
item_10984,Product,Milano De Emmir Milano,,,,10984,Hombre,917000.0,,true,PERCENT,0.0,InStock,50.0,655000.0,,,,,,,,,,,,,,,,,,,,,,,,,,,,,,,1,1,false,,,,
item_10983,Product,Her Confession De Lattafa,,,,10983,Mujer,329000.0,,true,PERCENT,0.0,InStock,100.0,235000.0,,,,,,,,,,,,,,,,,,,,,,,,,,,,,,,1,1,false,,,,
item_10981,Product,Odyssey Spectra Armaf,,,,10981,,295400.0,,true,PERCENT,0.0,InStock,100.0,211000.0,,,,,,,,,,,,,,,,,,,,,,,,,,,,,,,1,1,false,,,,
item_10980,Product,Odyssey Limoni Fresh Armaf,,,,10980,,295400.0,,true,PERCENT,0.0,InStock,100.0,211000.0,,,,,,,,,,,,,,,,,,,,,,,,,,,,,,,1,1,false,,,,
item_10979,Product,Azzure Aoud French Avenue,,,,10979,,380800.0,,true,PERCENT,0.0,InStock,80.0,272000.0,,,,,,,,,,,,,,,,,,,,,,,,,,,,,,,1,1,false,,,,
item_10978,Product,Sondos Lattafa,,,,10978,Mujer,312200.0,,true,PERCENT,0.0,InStock,100.0,223000.0,,,,,,,,,,,,,,,,,,,,,,,,,,,,,,,1,1,false,,,,
item_10977,Product,Sweet Velvet Mast Perfume Bharara,,,,10977,,312200.0,,true,PERCENT,0.0,InStock,100.0,223000.0,,,,,,,,,,,,,,,,,,,,,,,,,,,,,,,1,1,false,,,,
item_10976,Product,√öniq Effects Armaf,,,,10976,,368200.0,,true,PERCENT,0.0,InStock,100.0,263000.0,,,,,,,,,,,,,,,,,,,,,,,,,,,,,,,1,1,false,,,,
item_10975,Product,√öniq Oud Forever Armaf,,,,10975,,368200.0,,true,PERCENT,0.0,InStock,100.0,263000.0,,,,,,,,,,,,,,,,,,,,,,,,,,,,,,,1,1,false,,,,
item_10974,Product,Aguafresca De Gardenia Adolfo Dominguez,,,,10974,Mujer,246400.0,,true,PERCENT,0.0,InStock,120.0,176000.0,,,,,,,,,,,,,,,,,,,,,,,,,,,,,,,1,1,false,,,,
item_10973,Product,Elegance Bharara,,,,10973,Unisex,553000.0,,true,PERCENT,0.0,InStock,100.0,395000.0,,,,,,,,,,,,,,,,,,,,,,,,,,,,,,,1,1,false,,,,
item_10972,Product,Essence Bharara,,,,10972,Unisex,553000.0,,true,PERCENT,0.0,InStock,100.0,395000.0,,,,,,,,,,,,,,,,,,,,,,,,,,,,,,,1,1,false,,,,
item_10970,Product,Enigma Bharara,,,,10970,Unisex,553000.0,,true,PERCENT,0.0,InStock,100.0,395000.0,,,,,,,,,,,,,,,,,,,,,,,,,,,,,,,1,1,false,,,,
item_10969,Product,Goddess De Bharara,,,,10969,Mujer,448000.0,,true,PERCENT,0.0,InStock,100.0,320000.0,,,,,,,,,,,,,,,,,,,,,,,,,,,,,,,1,1,false,,,,
item_10967,Product,Il France De Ilmin,,,,10967,,719600.0,,true,PERCENT,0.0,InStock,30.0,514000.0,,,,,,,,,,,,,,,,,,,,,,,,,,,,,,,1,1,false,,,,
item_10966,Product,Il Fort De Ilmin,,,,10966,Unisex,728000.0,,true,PERCENT,0.0,InStock,30.0,520000.0,,,,,,,,,,,,,,,,,,,,,,,,,,,,,,,1,1,false,,,,
item_10965,Product,Il Ciel De Ilmin,,,,10965,Unisex,732200.0,,true,PERCENT,0.0,InStock,30.0,523000.0,,,,,,,,,,,,,,,,,,,,,,,,,,,,,,,1,1,false,,,,
item_10964,Product,Il Chaleur De Ilmin,,,,10964,Unisex,732200.0,,true,PERCENT,0.0,InStock,30.0,523000.0,,,,,,,,,,,,,,,,,,,,,,,,,,,,,,,1,1,false,,,,
item_10963,Product,Il Albanian De Ilmin,,,,10963,Hombre,732200.0,,true,PERCENT,0.0,InStock,30.0,523000.0,,,,,,,,,,,,,,,,,,,,,,,,,,,,,,,1,1,false,,,,
item_10962,Product,His Confession De Lattafa,,,,10962,Hombre,329000.0,,true,PERCENT,0.0,InStock,100.0,235000.0,,,,,,,,,,,,,,,,,,,,,,,,,,,,,,,1,1,false,,,,
item_10961,Product,Queen Of Silk Creed,,,,10961,Mujer,1666000.0,,true,PERCENT,0.0,InStock,75.0,1190000.0,,,,,,,,,,,,,,,,,,,,,,,,,,,,,,,1,1,false,,,,
item_10960,Product,Very Good Girl Glam Parfum Carolina Herrera,,,,10960,,764400.0,,true,PERCENT,0.0,InStock,80.0,546000.0,,,,,,,,,,,,,,,,,,,,,,,,,,,,,,,1,1,false,,,,
item_10959,Product,Club De Nuit Intense Limited Pride Armaf,,,,10959,Hombre,550200.0,,true,PERCENT,0.0,InStock,105.0,393000.0,,,,,,,,,,,,,,,,,,,,,,,,,,,,,,,1,1,false,,,,
item_10958,Product,Angham Lattafa,,,,10958,Mujer,387800.0,,true,PERCENT,0.0,InStock,100.0,277000.0,,,,,,,,,,,,,,,,,,,,,,,,,,,,,,,1,1,false,,,,
item_10957,Product,Feu La For√©t,,,,10957,Hombre,453600.0,,true,PERCENT,0.0,InStock,100.0,324000.0,,,,,,,,,,,,,,,,,,,,,,,,,,,,,,,1,1,false,,,,
item_10954,Product,Dance Midnight Muse Shakira,,,,10954,Mujer,210000.0,,true,PERCENT,0.0,InStock,80.0,150000.0,,,,,,,,,,,,,,,,,,,,,,,,,,,,,,,1,1,false,,,,
item_10952,Product,Nitro Red Dumont Paris,,,,10952,Hombre,334600.0,,true,PERCENT,0.0,InStock,100.0,239000.0,,,,,,,,,,,,,,,,,,,,,,,,,,,,,,,1,1,false,,,,
item_10951,Product,Daisy Wild De Marc Jacobs,,,,10951,Mujer,613200.0,,true,PERCENT,0.0,InStock,100.0,438000.0,,,,,,,,,,,,,,,,,,,,,,,,,,,,,,,1,1,false,,,,
item_10950,Product,I Want Choo Forever Jimmy Choo,,,,10950,,470400.0,,true,PERCENT,0.0,InStock,100.0,336000.0,,,,,,,,,,,,,,,,,,,,,,,,,,,,,,,1,1,false,,,,
item_10949,Product,Electro Touch Tous,,,,10949,Mujer,316400.0,,true,PERCENT,0.0,InStock,100.0,226000.0,,,,,,,,,,,,,,,,,,,,,,,,,,,,,,,1,1,false,,,,
item_10947,Product,Hugo Intense De Hugo Boss,,,,10947,Hombre,648200.0,,true,PERCENT,0.0,InStock,125.0,463000.0,,,,,,,,,,,,,,,,,,,,,,,,,,,,,,,1,1,false,,,,
item_10942,Product,My Wish Halloween,,,,10942,Mujer,354200.0,,true,PERCENT,0.0,InStock,100.0,253000.0,,,,,,,,,,,,,,,,,,,,,,,,,,,,,,,1,1,false,,,,
item_10941,Product,Se√±orita Mon Amour El Ganso,,,,10941,Mujer,257600.0,,true,PERCENT,0.0,InStock,125.0,184000.0,,,,,,,,,,,,,,,,,,,,,,,,,,,,,,,1,1,false,,,,
item_10934,Product,Joy Dior De Christian Dior,,,,10934,Mujer,520800.0,,true,PERCENT,0.0,InStock,50.0,372000.0,,,,,,,,,,,,,,,,,,,,,,,,,,,,,,,1,1,false,,,,
item_10933,Product,Les Tops Tonos De Pimienta Blanca Jean Pascal,,,,10933,Unisex,443800.0,,true,PERCENT,0.0,InStock,120.0,317000.0,,,,,,,,,,,,,,,,,,,,,,,,,,,,,,,1,1,false,,,,
item_10932,Product,Les Tops Tambores Salvajes Jean Pascal,,,,10932,Hombre,443800.0,,true,PERCENT,0.0,InStock,120.0,317000.0,,,,,,,,,,,,,,,,,,,,,,,,,,,,,,,1,1,false,,,,
item_10931,Product,Les Tops Lavanda Absoluta Jean Pascal,,,,10931,Mujer,443800.0,,true,PERCENT,0.0,InStock,120.0,317000.0,,,,,,,,,,,,,,,,,,,,,,,,,,,,,,,1,1,false,,,,
item_10930,Product,Les Tops Espiritus Del Paramo Jean Pascal,,,,10930,Mujer,443800.0,,true,PERCENT,0.0,InStock,120.0,317000.0,,,,,,,,,,,,,,,,,,,,,,,,,,,,,,,1,1,false,,,,
item_10929,Product,Les Tops Amaranta Jean Pascal,,,,10929,Mujer,443800.0,,true,PERCENT,0.0,InStock,120.0,317000.0,,,,,,,,,,,,,,,,,,,,,,,,,,,,,,,1,1,false,,,,
item_10925,Product,Game Of Spades Full House Jo Milano,,,,10925,,579600.0,,true,PERCENT,0.0,InStock,100.0,414000.0,,,,,,,,,,,,,,,,,,,,,,,,,,,,,,,1,1,false,,,,
item_10924,Product,Game Of Spades WildCard Jo Milano,,,,10924,,564200.0,,true,PERCENT,0.0,InStock,100.0,403000.0,,,,,,,,,,,,,,,,,,,,,,,,,,,,,,,1,1,false,,,,
item_10923,Product,Hawas Black De Rasasi,,,,10923,Hombre,295400.0,,true,PERCENT,0.0,InStock,100.0,211000.0,,,,,,,,,,,,,,,,,,,,,,,,,,,,,,,1,1,false,,,,
item_10921,Product,Guess Seductive Blue,,,,10921,Mujer,218400.0,,true,PERCENT,0.0,InStock,75.0,156000.0,,,,,,,,,,,,,,,,,,,,,,,,,,,,,,,1,1,false,,,,
item_10920,Product,Realities Liz Claiborne,,,,10920,Mujer,215600.0,,true,PERCENT,0.0,InStock,100.0,154000.0,,,,,,,,,,,,,,,,,,,,,,,,,,,,,,,1,1,false,,,,
item_10919,Product,Good Girl Blush Elixir Carolina Herrera,,,,10919,,761600.0,,true,PERCENT,0.0,InStock,80.0,544000.0,,,,,,,,,,,,,,,,,,,,,,,,,,,,,,,1,1,false,,,,
item_10918,Product,Samsara Guerlain,,,,10918,Mujer,743400.0,,true,PERCENT,0.0,InStock,75.0,531000.0,,,,,,,,,,,,,,,,,,,,,,,,,,,,,,,1,1,false,,,,
item_10915,Product,Amber Oud Gold 999.9 Dubai Edition Al Haramain,,,,10915,,501200.0,,true,PERCENT,0.0,InStock,75.0,358000.0,,,,,,,,,,,,,,,,,,,,,,,,,,,,,,,1,1,false,,,,
item_10914,Product,Venetian Ambre Edition de Armaf,,,,10914,,295400.0,,true,PERCENT,0.0,InStock,100.0,211000.0,,,,,,,,,,,,,,,,,,,,,,,,,,,,,,,1,1,false,,,,
item_10913,Product,Olymp√©a Parfum Paco Rabanne,,,,10913,Mujer,723800.0,,true,PERCENT,0.0,InStock,80.0,517000.0,,,,,,,,,,,,,,,,,,,,,,,,,,,,,,,1,1,false,,,,
item_10910,Product,Miss Dior,,,,10910,Mujer,893200.0,,true,PERCENT,0.0,InStock,100.0,638000.0,,,,,,,,,,,,,,,,,,,,,,,,,,,,,,,1,1,false,,,,
item_10909,Product,Mercedes Benz Man Bright,,,,10909,,422800.0,,true,PERCENT,0.0,InStock,100.0,302000.0,,,,,,,,,,,,,,,,,,,,,,,,,,,,,,,1,1,false,,,,
item_10908,Product,Compassion 2 Irresistible Louis Cardin,,,,10908,,359800.0,,true,PERCENT,0.0,InStock,90.0,257000.0,,,,,,,,,,,,,,,,,,,,,,,,,,,,,,,1,1,false,,,,
item_10906,Product,Aire Loewe,,,,10906,Mujer,571200.0,,true,PERCENT,0.0,InStock,100.0,408000.0,,,,,,,,,,,,,,,,,,,,,,,,,,,,,,,1,1,false,,,,
item_10904,Product,Vintage John Varvatos,,,,10904,,355600.0,,true,PERCENT,0.0,InStock,125.0,254000.0,,,,,,,,,,,,,,,,,,,,,,,,,,,,,,,1,1,false,,,,
item_10901,Product,Naxos Xerjoff,,,,10901,Unisex,1565200.0,,true,PERCENT,0.0,InStock,100.0,1118000.0,,,,,,,,,,,,,,,,,,,,,,,,,,,,,,,1,1,false,,,,
item_10900,Product,The Kingdom Lattafa,,,,10900,Hombre,327600.0,,true,PERCENT,0.0,InStock,100.0,234000.0,,,,,,,,,,,,,,,,,,,,,,,,,,,,,,,1,1,false,,,,
item_10899,Product,The Kingdom Lattafa,,,,10899,Mujer,289800.0,,true,PERCENT,0.0,InStock,100.0,207000.0,,,,,,,,,,,,,,,,,,,,,,,,,,,,,,,1,1,false,,,,
item_10898,Product,Wardi Ana Al Awwal Nusuk,,,,10898,,254800.0,,true,PERCENT,0.0,InStock,100.0,182000.0,,,,,,,,,,,,,,,,,,,,,,,,,,,,,,,1,1,false,,,,
item_10897,Product,Terre D'hermes Parfum Pure Parfum,,,,10897,Hombre,743400.0,,true,PERCENT,0.0,InStock,75.0,531000.0,,,,,,,,,,,,,,,,,,,,,,,,,,,,,,,1,1,false,,,,
item_10896,Product,Urban Hero Gold Jimmy Choo,,,,10896,Hombre,386400.0,,true,PERCENT,0.0,InStock,100.0,276000.0,,,,,,,,,,,,,,,,,,,,,,,,,,,,,,,1,1,false,,,,
item_10894,Product,Scandal Absolu Jean Paul Gaultier,,,,10894,Mujer,809200.0,,true,PERCENT,0.0,InStock,80.0,578000.0,,,,,,,,,,,,,,,,,,,,,,,,,,,,,,,1,1,false,,,,
item_10893,Product,Scandal Absolu Jean Paul Gaultier,,,,10893,Hombre,704200.0,,true,PERCENT,0.0,InStock,100.0,503000.0,,,,,,,,,,,,,,,,,,,,,,,,,,,,,,,1,1,false,,,,
item_10892,Product,Mast Perfume Velvet Rose Bharara,,,,10892,,280000.0,,true,PERCENT,0.0,InStock,100.0,200000.0,,,,,,,,,,,,,,,,,,,,,,,,,,,,,,,1,1,false,,,,
item_10891,Product,L'Eau Super Majeure Intense Issey Miyake,,,,10891,,387800.0,,true,PERCENT,0.0,InStock,50.0,277000.0,,,,,,,,,,,,,,,,,,,,,,,,,,,,,,,1,1,false,,,,
item_10889,Product,Dolce & Gabbana Tradicional,,,,10889,Mujer,553000.0,,true,PERCENT,0.0,InStock,100.0,395000.0,,,,,,,,,,,,,,,,,,,,,,,,,,,,,,,1,1,false,,,,
item_10888,Product,West Side Bond No 9 NYC,,,,10888,Unisex,1544200.0,,true,PERCENT,0.0,InStock,100.0,1103000.0,,,,,,,,,,,,,,,,,,,,,,,,,,,,,,,1,1,false,,,,
item_10885,Product,Beverly Hills Polo Club Sport 2,,,,10885,Hombre,189000.0,,true,PERCENT,0.0,InStock,100.0,135000.0,,,,,,,,,,,,,,,,,,,,,,,,,,,,,,,1,1,false,,,,
item_10882,Product,Tour Beverly Hills Polo Club,,,,10882,Hombre,243600.0,,true,PERCENT,0.0,InStock,100.0,174000.0,,,,,,,,,,,,,,,,,,,,,,,,,,,,,,,1,1,false,,,,
item_10881,Product,Titan Beverly Hills Polo Club,,,,10881,Hombre,243600.0,,true,PERCENT,0.0,InStock,100.0,174000.0,,,,,,,,,,,,,,,,,,,,,,,,,,,,,,,1,1,false,,,,
item_10880,Product,Passion Beverly Hills Polo Club,,,,10880,Mujer,243600.0,,true,PERCENT,0.0,InStock,100.0,174000.0,,,,,,,,,,,,,,,,,,,,,,,,,,,,,,,1,1,false,,,,
item_10879,Product,Mystique Beverly Hills Polo Club,,,,10879,Mujer,243600.0,,true,PERCENT,0.0,InStock,100.0,174000.0,,,,,,,,,,,,,,,,,,,,,,,,,,,,,,,1,1,false,,,,
item_10876,Product,Miss Dior Parfum,,,,10876,Mujer,1122800.0,,true,PERCENT,0.0,InStock,80.0,802000.0,,,,,,,,,,,,,,,,,,,,,,,,,,,,,,,1,1,false,,,,
item_10873,Product,Crystal Noir Parfum Versace,,,,10873,,567000.0,,true,PERCENT,0.0,InStock,90.0,405000.0,,,,,,,,,,,,,,,,,,,,,,,,,,,,,,,1,1,false,,,,
item_10871,Product,Kings Road Hugh Parsons Hombre,,,,10871,Hombre,828800.0,,true,PERCENT,0.0,InStock,100.0,592000.0,,,,,,,,,,,,,,,,,,,,,,,,,,,,,,,1,1,false,,,,
item_10870,Product,Ciao Bella! El Ganso,,,,10870,Mujer,242200.0,,true,PERCENT,0.0,InStock,125.0,173000.0,,,,,,,,,,,,,,,,,,,,,,,,,,,,,,,1,1,false,,,,
item_10869,Product,Uomo Born in Roma Green Stravaganza Valentino,,,,10869,,869400.0,,true,PERCENT,0.0,InStock,100.0,621000.0,,,,,,,,,,,,,,,,,,,,,,,,,,,,,,,1,1,false,,,,
item_10867,Product,Odyssey Homme White Edition De Armaf,,,,10867,Hombre,421400.0,,true,PERCENT,0.0,InStock,200.0,301000.0,,,,,,,,,,,,,,,,,,,,,,,,,,,,,,,1,1,false,,,,
item_10866,Product,Uomo Born in Roma Green Stravaganza Valentino,,,,10866,,753200.0,,true,PERCENT,0.0,InStock,100.0,538000.0,,,,,,,,,,,,,,,,,,,,,,,,,,,,,,,1,1,false,,,,
item_10865,Product,Taskeen Caramel Cascade Paris Corner,,,,10865,Unisex,344400.0,,true,PERCENT,0.0,InStock,100.0,246000.0,,,,,,,,,,,,,,,,,,,,,,,,,,,,,,,1,1,false,,,,
item_10864,Product,Khair Pistachio Paris Corner,,,,10864,Unisex,326200.0,,true,PERCENT,0.0,InStock,100.0,233000.0,,,,,,,,,,,,,,,,,,,,,,,,,,,,,,,1,1,false,,,,
item_10863,Product,Khair Fusion Paris Corner,,,,10863,Unisex,326200.0,,true,PERCENT,0.0,InStock,100.0,233000.0,,,,,,,,,,,,,,,,,,,,,,,,,,,,,,,1,1,false,,,,
item_10862,Product,Odyssey Mandarin Sky Armaf,,,,10862,Hombre,380800.0,,true,PERCENT,0.0,InStock,200.0,272000.0,,,,,,,,,,,,,,,,,,,,,,,,,,,,,,,1,1,false,,,,
item_10860,Product,Bella Bouquet Oscar de la Renta,,,,10860,,674800.0,,true,PERCENT,0.0,InStock,100.0,482000.0,,,,,,,,,,,,,,,,,,,,,,,,,,,,,,,1,1,false,,,,
item_10859,Product,Yara Candy Lattafa,,,,10859,Mujer,259000.0,,true,PERCENT,0.0,InStock,100.0,185000.0,,,,,,,,,,,,,,,,,,,,,,,,,,,,,,,1,1,false,,,,
item_10858,Product,Sceptre Oceana Maison Alhambra,,,,10858,,326200.0,,true,PERCENT,0.0,InStock,100.0,233000.0,,,,,,,,,,,,,,,,,,,,,,,,,,,,,,,1,1,false,,,,
item_10855,Product,Amber Oud Aqua Dubai Night Al Haramain,,,,10855,,415800.0,,true,PERCENT,0.0,InStock,75.0,297000.0,,,,,,,,,,,,,,,,,,,,,,,,,,,,,,,1,1,false,,,,
item_10854,Product,Amber Oud Aqua Dubai Night Al Haramain,,,,10854,,448000.0,,true,PERCENT,0.0,InStock,100.0,320000.0,,,,,,,,,,,,,,,,,,,,,,,,,,,,,,,1,1,false,,,,
item_10857,Product,Flower Ikebana Sakura Kenzo,,,,10857,,562800.0,,true,PERCENT,0.0,InStock,75.0,402000.0,,,,,,,,,,,,,,,,,,,,,,,,,,,,,,,1,1,false,,,,
item_10856,Product,Flower Ikebana Mimosa Kenzo,,,,10856,,588000.0,,true,PERCENT,0.0,InStock,75.0,420000.0,,,,,,,,,,,,,,,,,,,,,,,,,,,,,,,1,1,false,,,,
item_10853,Product,Tempel Comet Tiziana Terenzi,,,,10853,,2444400.0,,true,PERCENT,0.0,InStock,100.0,1746000.0,,,,,,,,,,,,,,,,,,,,,,,,,,,,,,,1,1,false,,,,
item_10850,Product,Amber Oud Aqua Dubai Al Haramain,,,,10850,,456400.0,,true,PERCENT,0.0,InStock,100.0,326000.0,,,,,,,,,,,,,,,,,,,,,,,,,,,,,,,1,1,false,,,,
item_10849,Product,Million Gold Rabanne,,,,10849,Mujer,733600.0,,true,PERCENT,0.0,InStock,90.0,524000.0,,,,,,,,,,,,,,,,,,,,,,,,,,,,,,,1,1,false,,,,
item_10848,Product,Million Gold EDP Intense Rabbanne,,,,10848,Hombre,628600.0,,true,PERCENT,0.0,InStock,100.0,449000.0,,,,,,,,,,,,,,,,,,,,,,,,,,,,,,,1,1,false,,,,
item_10844,Product,Burj Dubai Arina Le Chameau Emper,,,,10844,,259000.0,,true,PERCENT,0.0,InStock,100.0,185000.0,,,,,,,,,,,,,,,,,,,,,,,,,,,,,,,1,1,false,,,,
item_10843,Product,Desert Angel Le Chameau Emper,,,,10843,,247800.0,,true,PERCENT,0.0,InStock,100.0,177000.0,,,,,,,,,,,,,,,,,,,,,,,,,,,,,,,1,1,false,,,,
item_10842,Product,Arabia Haya Le Chameau Emper,,,,10842,,289800.0,,true,PERCENT,0.0,InStock,100.0,207000.0,,,,,,,,,,,,,,,,,,,,,,,,,,,,,,,1,1,false,,,,
item_10841,Product,The One Gold Intense Dolce&Gabbana Mujer,,,,10841,Mujer,540400.0,,true,PERCENT,0.0,InStock,75.0,386000.0,,,,,,,,,,,,,,,,,,,,,,,,,,,,,,,1,1,false,,,,
item_10840,Product,Carmina Creed,,,,10840,Mujer,1568000.0,,true,PERCENT,0.0,InStock,75.0,1120000.0,,,,,,,,,,,,,,,,,,,,,,,,,,,,,,,1,1,false,,,,
item_10839,Product,Admiral The Pride Of Armaf,,,,10839,,348600.0,,true,PERCENT,0.0,InStock,100.0,249000.0,,,,,,,,,,,,,,,,,,,,,,,,,,,,,,,1,1,false,,,,
item_10837,Product,Desired Rose Ainash Parfums,,,,10837,Mujer,354200.0,,true,PERCENT,0.0,InStock,75.0,253000.0,,,,,,,,,,,,,,,,,,,,,,,,,,,,,,,1,1,false,,,,
item_10835,Product,Coconut Candy Ainash Parfums,,,,10835,Unisex,354200.0,,true,PERCENT,0.0,InStock,75.0,253000.0,,,,,,,,,,,,,,,,,,,,,,,,,,,,,,,1,1,false,,,,
item_10834,Product,Affection love Lattafa Pride,,,,10834,,340200.0,,true,PERCENT,0.0,InStock,100.0,243000.0,,,,,,,,,,,,,,,,,,,,,,,,,,,,,,,1,1,false,,,,
item_10830,Product,Passion Fruit Ainash Parfums,,,,10830,Mujer,354200.0,,true,PERCENT,0.0,InStock,75.0,253000.0,,,,,,,,,,,,,,,,,,,,,,,,,,,,,,,1,1,false,,,,
item_10829,Product,Elion Ainash Parfums,,,,10829,Hombre,387800.0,,true,PERCENT,0.0,InStock,75.0,277000.0,,,,,,,,,,,,,,,,,,,,,,,,,,,,,,,1,1,false,,,,
item_10828,Product,Jimmy Choo Man Aqua,,,,10828,,399000.0,,true,PERCENT,0.0,InStock,100.0,285000.0,,,,,,,,,,,,,,,,,,,,,,,,,,,,,,,1,1,false,,,,
item_10822,Product,Bad Boy Cobalt Elixir Carolina Herrera,,,,10822,,743400.0,,true,PERCENT,0.0,InStock,100.0,531000.0,,,,,,,,,,,,,,,,,,,,,,,,,,,,,,,1,1,false,,,,
item_10819,Product,Infini Oud Joyous Maison Alhambra,,,,10819,,289800.0,,true,PERCENT,0.0,InStock,100.0,207000.0,,,,,,,,,,,,,,,,,,,,,,,,,,,,,,,1,1,false,,,,
item_10818,Product,Infini Elixir Maison Alhambra,,,,10818,,271600.0,,true,PERCENT,0.0,InStock,100.0,194000.0,,,,,,,,,,,,,,,,,,,,,,,,,,,,,,,1,1,false,,,,
item_10817,Product,Glacier Le Noir Maison Alhambra,,,,10817,Hombre,285600.0,,true,PERCENT,0.0,InStock,100.0,204000.0,,,,,,,,,,,,,,,,,,,,,,,,,,,,,,,1,1,false,,,,
item_10814,Product,Victorioso Maison Alhambra,,,,10814,Hombre,274400.0,,true,PERCENT,0.0,InStock,100.0,196000.0,,,,,,,,,,,,,,,,,,,,,,,,,,,,,,,1,1,false,,,,
item_10806,Product,Of The Wild De Mancera,,,,10806,,761600.0,,true,PERCENT,0.0,InStock,120.0,544000.0,,,,,,,,,,,,,,,,,,,,,,,,,,,,,,,1,1,false,,,,
item_10805,Product,Aqua Allegoria Rosa Rossa Guerlain,,,,10805,,816200.0,,true,PERCENT,0.0,InStock,125.0,583000.0,,,,,,,,,,,,,,,,,,,,,,,,,,,,,,,1,1,false,,,,
item_10804,Product,Aqua Allegoria Rosa Rossa Forte Guerlain,,,,10804,,571200.0,,true,PERCENT,0.0,InStock,200.0,408000.0,,,,,,,,,,,,,,,,,,,,,,,,,,,,,,,1,1,false,,,,
item_10803,Product,Aqua Allegoria Rosa Rossa Forte Guerlain,,,,10803,,1002400.0,,true,PERCENT,0.0,InStock,125.0,716000.0,,,,,,,,,,,,,,,,,,,,,,,,,,,,,,,1,1,false,,,,
item_10802,Product,Aqua Allegoria Forte Rosa Rossa Guerlain,,,,10802,,623000.0,,true,PERCENT,0.0,InStock,75.0,445000.0,,,,,,,,,,,,,,,,,,,,,,,,,,,,,,,1,1,false,,,,
item_10801,Product,Aqua Allegoria Mandarine Basilic Harvest Guerlain,,,,10801,,1002400.0,,true,PERCENT,0.0,InStock,125.0,716000.0,,,,,,,,,,,,,,,,,,,,,,,,,,,,,,,1,1,false,,,,
item_10799,Product,Aqua Allegoria Mandarine Basilic Guerlain,,,,10799,,761600.0,,true,PERCENT,0.0,InStock,75.0,544000.0,,,,,,,,,,,,,,,,,,,,,,,,,,,,,,,1,1,false,,,,
item_10798,Product,Dior Homme Christian Dior,,,,10798,,527800.0,,true,PERCENT,0.0,InStock,50.0,377000.0,,,,,,,,,,,,,,,,,,,,,,,,,,,,,,,1,1,false,,,,
item_10796,Product,Blue Seduction Wave Antonio Banderas,,,,10796,Mujer,259000.0,,true,PERCENT,0.0,InStock,100.0,185000.0,,,,,,,,,,,,,,,,,,,,,,,,,,,,,,,1,1,false,,,,
item_10794,Product,Cassandra Rose Rouge Jeanne Arthes,,,,10794,,138600.0,,true,PERCENT,0.0,InStock,100.0,99000.0,,,,,,,,,,,,,,,,,,,,,,,,,,,,,,,1,1,false,,,,
item_10788,Product,Invictus Parfum Paco Rabanne,,,,10788,Hombre,663600.0,,true,PERCENT,0.0,InStock,100.0,474000.0,,,,,,,,,,,,,,,,,,,,,,,,,,,,,,,1,1,false,,,,
item_10783,Product,Melody Of The Sun De Mancera,,,,10783,,761600.0,,true,PERCENT,0.0,InStock,120.0,544000.0,,,,,,,,,,,,,,,,,,,,,,,,,,,,,,,1,1,false,,,,
item_10782,Product,Black Noir De Mancera,,,,10782,,761600.0,,true,PERCENT,0.0,InStock,120.0,544000.0,,,,,,,,,,,,,,,,,,,,,,,,,,,,,,,1,1,false,,,,
item_10781,Product,Aoud S De Mancera,,,,10781,Mujer,761600.0,,true,PERCENT,0.0,InStock,120.0,544000.0,,,,,,,,,,,,,,,,,,,,,,,,,,,,,,,1,1,false,,,,
item_10780,Product,Amore Caff√® De Mancera,,,,10780,Unisex,779800.0,,true,PERCENT,0.0,InStock,120.0,557000.0,,,,,,,,,,,,,,,,,,,,,,,,,,,,,,,1,1,false,,,,
item_10774,Product,Turathi Blue Afnan,,,,10774,,341600.0,,true,PERCENT,0.0,InStock,100.0,244000.0,,,,,,,,,,,,,,,,,,,,,,,,,,,,,,,1,1,false,,,,
item_10773,Product,Sceptre Bronzite Maison Alhambra,,,,10773,,320600.0,,true,PERCENT,0.0,InStock,100.0,229000.0,,,,,,,,,,,,,,,,,,,,,,,,,,,,,,,1,1,false,,,,
item_10770,Product,Hugo Jeans Man Hugo Boss,,,,10770,Hombre,292600.0,,true,PERCENT,0.0,InStock,75.0,209000.0,,,,,,,,,,,,,,,,,,,,,,,,,,,,,,,1,1,false,,,,
item_10767,Product,Erba Gold Xerjoff,,,,10767,,1639400.0,,true,PERCENT,0.0,InStock,100.0,1171000.0,,,,,,,,,,,,,,,,,,,,,,,,,,,,,,,1,1,false,,,,
item_10763,Product,Odyssey Homme De Armaf,,,,10763,Hombre,359800.0,,true,PERCENT,0.0,InStock,200.0,257000.0,,,,,,,,,,,,,,,,,,,,,,,,,,,,,,,1,1,false,,,,
item_10762,Product,Perfume Oasis Armaf √âter,,,,10762,Unisex,376600.0,,true,PERCENT,0.0,InStock,100.0,269000.0,,,,,,,,,,,,,,,,,,,,,,,,,,,,,,,1,1,false,,,,
item_10761,Product,Deset Flower Armaf √âter,,,,10761,Mujer,376600.0,,true,PERCENT,0.0,InStock,100.0,269000.0,,,,,,,,,,,,,,,,,,,,,,,,,,,,,,,1,1,false,,,,
item_10760,Product,Arabian Sky Armaf √âter,,,,10760,,429800.0,,true,PERCENT,0.0,InStock,100.0,307000.0,,,,,,,,,,,,,,,,,,,,,,,,,,,,,,,1,1,false,,,,
item_10759,Product,Royal Crown King Of Kings Macarena,,,,10759,Unisex,501200.0,,true,PERCENT,0.0,InStock,100.0,358000.0,,,,,,,,,,,,,,,,,,,,,,,,,,,,,,,1,1,false,,,,
item_10757,Product,Royal Gold King Of Kings Macarena,,,,10757,,501200.0,,true,PERCENT,0.0,InStock,100.0,358000.0,,,,,,,,,,,,,,,,,,,,,,,,,,,,,,,1,1,false,,,,
item_10754,Product,Royal Sapphire Lattafa,,,,10754,Mujer,295400.0,,true,PERCENT,0.0,InStock,100.0,211000.0,,,,,,,,,,,,,,,,,,,,,,,,,,,,,,,1,1,false,,,,
item_10753,Product,Opulent Red De Lattafa Pride,,,,10753,,259000.0,,true,PERCENT,0.0,InStock,100.0,185000.0,,,,,,,,,,,,,,,,,,,,,,,,,,,,,,,1,1,false,,,,
item_10752,Product,Opulent Oud De Lattafa,,,,10752,Hombre,259000.0,,true,PERCENT,0.0,InStock,100.0,185000.0,,,,,,,,,,,,,,,,,,,,,,,,,,,,,,,1,1,false,,,,
item_10751,Product,Musk Salama Lattafa,,,,10751,Unisex,263200.0,,true,PERCENT,0.0,InStock,100.0,188000.0,,,,,,,,,,,,,,,,,,,,,,,,,,,,,,,1,1,false,,,,
item_10750,Product,Mohra Lattafa,,,,10750,Unisex,274400.0,,true,PERCENT,0.0,InStock,100.0,196000.0,,,,,,,,,,,,,,,,,,,,,,,,,,,,,,,1,1,false,,,,
item_10749,Product,Mahasin Crystal Banafsaj Lattafa,,,,10749,Mujer,285600.0,,true,PERCENT,0.0,InStock,100.0,204000.0,,,,,,,,,,,,,,,,,,,,,,,,,,,,,,,1,1,false,,,,
item_10748,Product,Mahasin Crystal Lattafa,,,,10748,Mujer,285600.0,,true,PERCENT,0.0,InStock,100.0,204000.0,,,,,,,,,,,,,,,,,,,,,,,,,,,,,,,1,1,false,,,,
item_10746,Product,Desert Rose Armaf √âter,,,,10746,,376600.0,,true,PERCENT,0.0,InStock,100.0,269000.0,,,,,,,,,,,,,,,,,,,,,,,,,,,,,,,1,1,false,,,,
item_10745,Product,Ejaazi Intensive Silver Lattafa,,,,10745,,285600.0,,true,PERCENT,0.0,InStock,100.0,204000.0,,,,,,,,,,,,,,,,,,,,,,,,,,,,,,,1,1,false,,,,
item_10744,Product,Lady Roza Matin Martin,,,,10744,Mujer,415800.0,,true,PERCENT,0.0,InStock,100.0,297000.0,,,,,,,,,,,,,,,,,,,,,,,,,,,,,,,1,1,false,,,,
item_10743,Product,Hayaati Gold Elixir Lattafa,,,,10743,Unisex,266000.0,,true,PERCENT,0.0,InStock,100.0,190000.0,,,,,,,,,,,,,,,,,,,,,,,,,,,,,,,1,1,false,,,,
item_10742,Product,Ameerat Al Arab Asdaaf Lattafa,,,,10742,Mujer,274400.0,,true,PERCENT,0.0,InStock,100.0,196000.0,,,,,,,,,,,,,,,,,,,,,,,,,,,,,,,1,1,false,,,,
item_10741,Product,Al Nashama Lattafa,,,,10741,Unisex,399000.0,,true,PERCENT,0.0,InStock,100.0,285000.0,,,,,,,,,,,,,,,,,,,,,,,,,,,,,,,1,1,false,,,,
item_10740,Product,Al Ameed Lattafa,,,,10740,Hombre,285600.0,,true,PERCENT,0.0,InStock,100.0,204000.0,,,,,,,,,,,,,,,,,,,,,,,,,,,,,,,1,1,false,,,,
item_10738,Product,Mill√©sime Imp√©rial Creed,,,,10738,,971600.0,,true,PERCENT,0.0,InStock,50.0,694000.0,,,,,,,,,,,,,,,,,,,,,,,,,,,,,,,1,1,false,,,,
item_10737,Product,Original Santal Creed,,,,10737,,1394400.0,,true,PERCENT,0.0,InStock,50.0,996000.0,,,,,,,,,,,,,,,,,,,,,,,,,,,,,,,1,1,false,,,,
item_10736,Product,CK ALL Calvin Klein,,,,10736,,392000.0,,true,PERCENT,0.0,InStock,100.0,280000.0,,,,,,,,,,,,,,,,,,,,,,,,,,,,,,,1,1,false,,,,
item_10734,Product,212 VIP Ros√© Elixir Carolina Herrera,,,,10734,,693000.0,,true,PERCENT,0.0,InStock,80.0,495000.0,,,,,,,,,,,,,,,,,,,,,,,,,,,,,,,1,1,false,,,,
item_10733,Product,Big Pony 1 Ralph Lauren,,,,10733,Hombre,200200.0,,true,PERCENT,0.0,InStock,50.0,143000.0,,,,,,,,,,,,,,,,,,,,,,,,,,,,,,,1,1,false,,,,
item_10732,Product,Heritage Oud Beverly Hills Polo Club Prestige,,,,10732,Hombre,243600.0,,true,PERCENT,0.0,InStock,100.0,174000.0,,,,,,,,,,,,,,,,,,,,,,,,,,,,,,,1,1,false,,,,
item_10731,Product,Elegance Beverly Hills Polo Club,,,,10731,Mujer,243600.0,,true,PERCENT,0.0,InStock,100.0,174000.0,,,,,,,,,,,,,,,,,,,,,,,,,,,,,,,1,1,false,,,,
item_10729,Product,Agua de Loewe Mar De Coral Loewe,,,,10729,,490000.0,,true,PERCENT,0.0,InStock,100.0,350000.0,,,,,,,,,,,,,,,,,,,,,,,,,,,,,,,1,1,false,,,,
item_10727,Product,Twilly d'Herm√®s Eau Poivr√©e,,,,10727,Mujer,390600.0,,true,PERCENT,0.0,InStock,50.0,279000.0,,,,,,,,,,,,,,,,,,,,,,,,,,,,,,,1,1,false,,,,
item_10724,Product,Gucci Bloom EDT,,,,10724,Mujer,695800.0,,true,PERCENT,0.0,InStock,100.0,497000.0,,,,,,,,,,,,,,,,,,,,,,,,,,,,,,,1,1,false,,,,
item_10723,Product,Irresistible Fraiche Givenchy,,,,10723,,607600.0,,true,PERCENT,0.0,InStock,80.0,434000.0,,,,,,,,,,,,,,,,,,,,,,,,,,,,,,,1,1,false,,,,
item_10720,Product,La Petite Robe Noire Ma Robe Cocktail Guerlain,,,,10720,,410200.0,,true,PERCENT,0.0,InStock,100.0,293000.0,,,,,,,,,,,,,,,,,,,,,,,,,,,,,,,1,1,false,,,,
item_10714,Product,Placid Bharara,,,,10714,,421400.0,,true,PERCENT,0.0,InStock,100.0,301000.0,,,,,,,,,,,,,,,,,,,,,,,,,,,,,,,1,1,false,,,,
item_10713,Product,Queen De Bharara,,,,10713,Mujer,438200.0,,true,PERCENT,0.0,InStock,100.0,313000.0,,,,,,,,,,,,,,,,,,,,,,,,,,,,,,,1,1,false,,,,
item_10711,Product,Crown Matin Martin,,,,10711,,403200.0,,true,PERCENT,0.0,InStock,100.0,288000.0,,,,,,,,,,,,,,,,,,,,,,,,,,,,,,,1,1,false,,,,
item_10709,Product,Look Gold Agatha Ruiz De La Prada,,,,10709,,193200.0,,true,PERCENT,0.0,InStock,80.0,138000.0,,,,,,,,,,,,,,,,,,,,,,,,,,,,,,,1,1,false,,,,
item_10707,Product,Malik Maktoub,,,,10707,Hombre,406000.0,,true,PERCENT,0.0,InStock,100.0,290000.0,,,,,,,,,,,,,,,,,,,,,,,,,,,,,,,1,1,false,,,,
item_10706,Product,Rose Luv Maktoub,,,,10706,Mujer,406000.0,,true,PERCENT,0.0,InStock,100.0,290000.0,,,,,,,,,,,,,,,,,,,,,,,,,,,,,,,1,1,false,,,,
item_10705,Product,Forever Maktoub,,,,10705,,406000.0,,true,PERCENT,0.0,InStock,100.0,290000.0,,,,,,,,,,,,,,,,,,,,,,,,,,,,,,,1,1,false,,,,
item_10704,Product,Tonka Tonka Maktoub,,,,10704,Unisex,421400.0,,true,PERCENT,0.0,InStock,100.0,301000.0,,,,,,,,,,,,,,,,,,,,,,,,,,,,,,,1,1,false,,,,
item_10703,Product,Kudos Maktoub,,,,10703,Unisex,406000.0,,true,PERCENT,0.0,InStock,100.0,290000.0,,,,,,,,,,,,,,,,,,,,,,,,,,,,,,,1,1,false,,,,
item_10700,Product,Musk Al Tahara Louis Cardin Dama,,,,10700,Mujer,359800.0,,true,PERCENT,0.0,InStock,100.0,257000.0,,,,,,,,,,,,,,,,,,,,,,,,,,,,,,,1,1,false,,,,
item_10691,Product,Jour D'Hermes Dama,,,,10691,Mujer,660800.0,,true,PERCENT,0.0,InStock,85.0,472000.0,,,,,,,,,,,,,,,,,,,,,,,,,,,,,,,1,1,false,,,,
item_10725,Product,Scandal Le Parfum Jean Paul Gaultier Hombre,,,,10725,Hombre,681800.0,,true,PERCENT,0.0,InStock,100.0,487000.0,,,,,,,,,,,,,,,,,,,,,,,,,,,,,,,1,1,false,,,,
item_10690,Product,Scandal Le Parfum Jean Paul Gaultier Dama,,,,10690,Mujer,644000.0,,true,PERCENT,0.0,InStock,80.0,460000.0,,,,,,,,,,,,,,,,,,,,,,,,,,,,,,,1,1,false,,,,
item_10726,Product,Plein Fatale Philipp Plein Dama,,,,10726,Mujer,313600.0,,true,PERCENT,0.0,InStock,90.0,224000.0,,,,,,,,,,,,,,,,,,,,,,,,,,,,,,,1,1,false,,,,
item_10687,Product,Omnia Crystalline Bvlgari Dama,,,,10687,Mujer,735000.0,,true,PERCENT,0.0,InStock,100.0,525000.0,,,,,,,,,,,,,,,,,,,,,,,,,,,,,,,1,1,false,,,,
item_10686,Product,Omnia Coral Bvlgari Dama,,,,10686,Mujer,750400.0,,true,PERCENT,0.0,InStock,100.0,536000.0,,,,,,,,,,,,,,,,,,,,,,,,,,,,,,,1,1,false,,,,
item_10685,Product,Omnia Amethyste Bvlgari Dama,,,,10685,Mujer,701400.0,,true,PERCENT,0.0,InStock,100.0,501000.0,,,,,,,,,,,,,,,,,,,,,,,,,,,,,,,1,1,false,,,,
item_10682,Product,Eros Parfum Versace,,,,10682,Hombre,716800.0,,true,PERCENT,0.0,InStock,200.0,512000.0,,,,,,,,,,,,,,,,,,,,,,,,,,,,,,,1,1,false,,,,
item_10680,Product,Phantom Parfum Paco Rabanne,,,,10680,,736400.0,,true,PERCENT,0.0,InStock,100.0,526000.0,,,,,,,,,,,,,,,,,,,,,,,,,,,,,,,1,1,false,,,,
item_10677,Product,La Belle Paradise Garden Jean Paul Gaultier Dama,,,,10677,Mujer,656600.0,,true,PERCENT,0.0,InStock,100.0,469000.0,,,,,,,,,,,,,,,,,,,,,,,,,,,,,,,1,1,false,,,,
item_10676,Product,Peace Bharara Parfum Hombre,,,,10676,Hombre,421400.0,,true,PERCENT,0.0,InStock,100.0,301000.0,,,,,,,,,,,,,,,,,,,,,,,,,,,,,,,1,1,false,,,,
item_10674,Product,Boum De Jeanne Arthes Dama,,,,10674,Mujer,165200.0,,true,PERCENT,0.0,InStock,100.0,118000.0,,,,,,,,,,,,,,,,,,,,,,,,,,,,,,,1,1,false,,,,
item_10673,Product,First Snow Victorinox Swiss Army Dama,,,,10673,Mujer,306600.0,,true,PERCENT,0.0,InStock,100.0,219000.0,,,,,,,,,,,,,,,,,,,,,,,,,,,,,,,1,1,false,,,,
item_10672,Product,Ursa Tiziana Terenzi,,,,10672,,1764000.0,,true,PERCENT,0.0,InStock,100.0,1260000.0,,,,,,,,,,,,,,,,,,,,,,,,,,,,,,,1,1,false,,,,
item_10671,Product,Hayaati Lattafa,,,,10671,Hombre,266000.0,,true,PERCENT,0.0,InStock,100.0,190000.0,,,,,,,,,,,,,,,,,,,,,,,,,,,,,,,1,1,false,,,,
item_10670,Product,Bond Street Hugh Parsons Hombre,,,,10670,Hombre,828800.0,,true,PERCENT,0.0,InStock,100.0,592000.0,,,,,,,,,,,,,,,,,,,,,,,,,,,,,,,1,1,false,,,,
item_10669,Product,The One Gold Intense Dolce & Gabbana Hombre,,,,10669,Hombre,478800.0,,true,PERCENT,0.0,InStock,100.0,342000.0,,,,,,,,,,,,,,,,,,,,,,,,,,,,,,,1,1,false,,,,
item_10668,Product,Tequila Salud Hombre,,,,10668,Hombre,344400.0,,true,PERCENT,0.0,InStock,100.0,246000.0,,,,,,,,,,,,,,,,,,,,,,,,,,,,,,,1,1,false,,,,
item_10666,Product,Baiser Vole Lys Rose Cartier Mujer,,,,10666,Mujer,415800.0,,true,PERCENT,0.0,InStock,50.0,297000.0,,,,,,,,,,,,,,,,,,,,,,,,,,,,,,,1,1,false,,,,
item_10665,Product,Club de Nuit Precieux 1 Armaf,,,,10665,,484400.0,,true,PERCENT,0.0,InStock,55.0,346000.0,,,,,,,,,,,,,,,,,,,,,,,,,,,,,,,1,1,false,,,,
item_10663,Product,Victorinox Swiss Army Classic Red Edition,,,,10663,,238000.0,,true,PERCENT,0.0,InStock,100.0,170000.0,,,,,,,,,,,,,,,,,,,,,,,,,,,,,,,1,1,false,,,,
item_10662,Product,Tag Her Donna Di Terra Armaf Dama,,,,10662,Mujer,285600.0,,true,PERCENT,0.0,InStock,100.0,204000.0,,,,,,,,,,,,,,,,,,,,,,,,,,,,,,,1,1,false,,,,
item_10661,Product,Tag Her Donna Colorata Armaf Dama,,,,10661,Mujer,295400.0,,true,PERCENT,0.0,InStock,100.0,211000.0,,,,,,,,,,,,,,,,,,,,,,,,,,,,,,,1,1,false,,,,
item_10660,Product,Opulence Leather Maison Alhambra,,,,10660,,274400.0,,true,PERCENT,0.0,InStock,100.0,196000.0,,,,,,,,,,,,,,,,,,,,,,,,,,,,,,,1,1,false,,,,
item_10659,Product,Spicebomb Extreme Viktor & Rolf,,,,10659,,761600.0,,true,PERCENT,0.0,InStock,90.0,544000.0,,,,,,,,,,,,,,,,,,,,,,,,,,,,,,,1,1,false,,,,
item_10658,Product,Sceptre Malachite Maison Alhambra,,,,10658,,312200.0,,true,PERCENT,0.0,InStock,100.0,223000.0,,,,,,,,,,,,,,,,,,,,,,,,,,,,,,,1,1,false,,,,
item_10656,Product,Ultimate Mercedes Benz Hombre,,,,10656,Hombre,413000.0,,true,PERCENT,0.0,InStock,120.0,295000.0,,,,,,,,,,,,,,,,,,,,,,,,,,,,,,,1,1,false,,,,
item_10654,Product,Uomo Born In Roma Intense Valentino,,,,10654,,966000.0,,true,PERCENT,0.0,InStock,100.0,690000.0,,,,,,,,,,,,,,,,,,,,,,,,,,,,,,,1,1,false,,,,
item_10651,Product,Eclaire Lattafa Mujer,,,,10651,Mujer,327600.0,,true,PERCENT,0.0,InStock,100.0,234000.0,,,,,,,,,,,,,,,,,,,,,,,,,,,,,,,1,1,false,,,,
item_10648,Product,Perfume Oscent Black Alexandre.J,,,,10648,,901600.0,,true,PERCENT,0.0,InStock,100.0,644000.0,,,,,,,,,,,,,,,,,,,,,,,,,,,,,,,1,1,false,,,,
item_10647,Product,Private Key To My Soul Armaf Dama,,,,10647,Mujer,478800.0,,true,PERCENT,0.0,InStock,100.0,342000.0,,,,,,,,,,,,,,,,,,,,,,,,,,,,,,,1,1,false,,,,
item_10646,Product,Private Key To My Sucess Armaf,,,,10646,Hombre,478800.0,,true,PERCENT,0.0,InStock,100.0,342000.0,,,,,,,,,,,,,,,,,,,,,,,,,,,,,,,1,1,false,,,,
item_10645,Product,Private Key To My Love Armaf Unisex,,,,10645,Unisex,480200.0,,true,PERCENT,0.0,InStock,100.0,343000.0,,,,,,,,,,,,,,,,,,,,,,,,,,,,,,,1,1,false,,,,
item_10644,Product,Private Key To My Life Armaf,,,,10644,Hombre,509600.0,,true,PERCENT,0.0,InStock,100.0,364000.0,,,,,,,,,,,,,,,,,,,,,,,,,,,,,,,1,1,false,,,,
item_10643,Product,Private Key To My Dreams Armaf Hombre,,,,10643,Hombre,485800.0,,true,PERCENT,0.0,InStock,100.0,347000.0,,,,,,,,,,,,,,,,,,,,,,,,,,,,,,,1,1,false,,,,
item_10640,Product,Western Leather Black Alexandre. J,,,,10640,Hombre,901600.0,,true,PERCENT,0.0,InStock,100.0,644000.0,,,,,,,,,,,,,,,,,,,,,,,,,,,,,,,1,1,false,,,,
item_10639,Product,Western Leather White Alexandre. J,,,,10639,Mujer,901600.0,,true,PERCENT,0.0,InStock,100.0,644000.0,,,,,,,,,,,,,,,,,,,,,,,,,,,,,,,1,1,false,,,,
item_10638,Product,Iris Vainilla Adolfo Dominguez,,,,10638,Mujer,261800.0,,true,PERCENT,0.0,InStock,120.0,187000.0,,,,,,,,,,,,,,,,,,,,,,,,,,,,,,,1,1,false,,,,
item_10634,Product,Earth Loewe,,,,10634,Unisex,639800.0,,true,PERCENT,0.0,InStock,100.0,457000.0,,,,,,,,,,,,,,,,,,,,,,,,,,,,,,,1,1,false,,,,
item_10628,Product,Phantom Intense Paco Rabanne,,,,10628,Hombre,656600.0,,true,PERCENT,0.0,InStock,100.0,469000.0,,,,,,,,,,,,,,,,,,,,,,,,,,,,,,,1,1,false,,,,
item_10627,Product,Fame Intense Paco Rabanne Dama,,,,10627,Mujer,723800.0,,true,PERCENT,0.0,InStock,80.0,517000.0,,,,,,,,,,,,,,,,,,,,,,,,,,,,,,,1,1,false,,,,
item_10626,Product,Destino Al Haramain French Collection,,,,10626,Mujer,316400.0,,true,PERCENT,0.0,InStock,100.0,226000.0,,,,,,,,,,,,,,,,,,,,,,,,,,,,,,,1,1,false,,,,
item_10625,Product,Rouge Al Haramain French Collection,,,,10625,Mujer,316400.0,,true,PERCENT,0.0,InStock,100.0,226000.0,,,,,,,,,,,,,,,,,,,,,,,,,,,,,,,1,1,false,,,,
item_10624,Product,Noir Al Haramain French Collection,,,,10624,Hombre,316400.0,,true,PERCENT,0.0,InStock,100.0,226000.0,,,,,,,,,,,,,,,,,,,,,,,,,,,,,,,1,1,false,,,,
item_10623,Product,Blanche Al Haramain French Collection,,,,10623,Mujer,316400.0,,true,PERCENT,0.0,InStock,100.0,226000.0,,,,,,,,,,,,,,,,,,,,,,,,,,,,,,,1,1,false,,,,
item_10622,Product,Azure Al Haramain French Collection,,,,10622,Unisex,316400.0,,true,PERCENT,0.0,InStock,100.0,226000.0,,,,,,,,,,,,,,,,,,,,,,,,,,,,,,,1,1,false,,,,
item_10621,Product,Scarlet Bharara,,,,10621,Unisex,362600.0,,true,PERCENT,0.0,InStock,100.0,259000.0,,,,,,,,,,,,,,,,,,,,,,,,,,,,,,,1,1,false,,,,
item_10620,Product,Chocolate Bharara Hombre,,,,10620,Hombre,504000.0,,true,PERCENT,0.0,InStock,100.0,360000.0,,,,,,,,,,,,,,,,,,,,,,,,,,,,,,,1,1,false,,,,
item_10619,Product,Phantom My Hero Emper Hombre,,,,10619,Hombre,302400.0,,true,PERCENT,0.0,InStock,100.0,216000.0,,,,,,,,,,,,,,,,,,,,,,,,,,,,,,,1,1,false,,,,
item_10618,Product,New Street Bond 9 Dama,,,,10618,Mujer,1478400.0,,true,PERCENT,0.0,InStock,100.0,1056000.0,,,,,,,,,,,,,,,,,,,,,,,,,,,,,,,1,1,false,,,,
item_10617,Product,Signature Scent Bond 9 Dama,,,,10617,Mujer,2465400.0,,true,PERCENT,0.0,InStock,100.0,1761000.0,,,,,,,,,,,,,,,,,,,,,,,,,,,,,,,1,1,false,,,,
item_10616,Product,Queens Bond 9,,,,10616,Mujer,1171800.0,,true,PERCENT,0.0,InStock,100.0,837000.0,,,,,,,,,,,,,,,,,,,,,,,,,,,,,,,1,1,false,,,,
item_10615,Product,La Collection D'antiquit√©s 1886 Lattafa,,,,10615,,326200.0,,true,PERCENT,0.0,InStock,100.0,233000.0,,,,,,,,,,,,,,,,,,,,,,,,,,,,,,,1,1,false,,,,
item_10614,Product,Now White Rave De Lattafa,,,,10614,Hombre,274400.0,,true,PERCENT,0.0,InStock,100.0,196000.0,,,,,,,,,,,,,,,,,,,,,,,,,,,,,,,1,1,false,,,,
item_10613,Product,Jean Lowe Noir Maison Alhambra,,,,10613,Hombre,310800.0,,true,PERCENT,0.0,InStock,100.0,222000.0,,,,,,,,,,,,,,,,,,,,,,,,,,,,,,,1,1,false,,,,
item_10611,Product,Musamam White Intense Lattafa Dama,,,,10611,Mujer,372400.0,,true,PERCENT,0.0,InStock,100.0,266000.0,,,,,,,,,,,,,,,,,,,,,,,,,,,,,,,1,1,false,,,,
item_10610,Product,Bayaan Lattafa Dama,,,,10610,Mujer,296800.0,,true,PERCENT,0.0,InStock,100.0,212000.0,,,,,,,,,,,,,,,,,,,,,,,,,,,,,,,1,1,false,,,,
item_10604,Product,Toy 2 Pearl Moschino Unisex,,,,10604,Unisex,350000.0,,true,PERCENT,0.0,InStock,100.0,250000.0,,,,,,,,,,,,,,,,,,,,,,,,,,,,,,,1,1,false,,,,
item_10603,Product,Onyx Bharara Hombre,,,,10603,Hombre,501200.0,,true,PERCENT,0.0,InStock,100.0,358000.0,,,,,,,,,,,,,,,,,,,,,,,,,,,,,,,1,1,false,,,,
item_10602,Product,Rose Bharara Dama,,,,10602,Mujer,491400.0,,true,PERCENT,0.0,InStock,100.0,351000.0,,,,,,,,,,,,,,,,,,,,,,,,,,,,,,,1,1,false,,,,
item_10601,Product,Fruit D'amour Pink Emanuel Ungaro Dama,,,,10601,Mujer,193200.0,,true,PERCENT,0.0,InStock,100.0,138000.0,,,,,,,,,,,,,,,,,,,,,,,,,,,,,,,1,1,false,,,,
item_10600,Product,Fruit D'amour Lilac Emanuel Ungaro Dama,,,,10600,Mujer,193200.0,,true,PERCENT,0.0,InStock,100.0,138000.0,,,,,,,,,,,,,,,,,,,,,,,,,,,,,,,1,1,false,,,,
item_10599,Product,Fruit D'amour Green Emanuel Ungaro Dama,,,,10599,Mujer,193200.0,,true,PERCENT,0.0,InStock,100.0,138000.0,,,,,,,,,,,,,,,,,,,,,,,,,,,,,,,1,1,false,,,,
item_10598,Product,Ungaro Emanuel Ungaro Dama,,,,10598,Mujer,193200.0,,true,PERCENT,0.0,InStock,90.0,138000.0,,,,,,,,,,,,,,,,,,,,,,,,,,,,,,,1,1,false,,,,
item_10596,Product,The Most Wanted Azzaro Hombre,,,,10596,Hombre,674800.0,,true,PERCENT,0.0,InStock,100.0,482000.0,,,,,,,,,,,,,,,,,,,,,,,,,,,,,,,1,1,false,,,,
item_10595,Product,Fatima Velvet Love Zimaya Dama,,,,10595,Mujer,296800.0,,true,PERCENT,0.0,InStock,100.0,212000.0,,,,,,,,,,,,,,,,,,,,,,,,,,,,,,,1,1,false,,,,
item_10594,Product,Rose Of Dreams Zimaya Dama,,,,10594,Mujer,334600.0,,true,PERCENT,0.0,InStock,100.0,239000.0,,,,,,,,,,,,,,,,,,,,,,,,,,,,,,,1,1,false,,,,
item_10591,Product,Emeer De Lattafa Unisex,,,,10591,Unisex,348600.0,,true,PERCENT,0.0,InStock,100.0,249000.0,,,,,,,,,,,,,,,,,,,,,,,,,,,,,,,1,1,false,,,,
item_10588,Product,Ilang 62 Emper,,,,10588,Hombre,296800.0,,true,PERCENT,0.0,InStock,100.0,212000.0,,,,,,,,,,,,,,,,,,,,,,,,,,,,,,,1,1,false,,,,
item_10587,Product,L'aventure Fra√Æche Al Haramain,,,,10587,Hombre,415800.0,,true,PERCENT,0.0,InStock,100.0,297000.0,,,,,,,,,,,,,,,,,,,,,,,,,,,,,,,1,1,false,,,,
item_10586,Product,L'aventure Iris Al Haramain,,,,10586,Mujer,344400.0,,true,PERCENT,0.0,InStock,100.0,246000.0,,,,,,,,,,,,,,,,,,,,,,,,,,,,,,,1,1,false,,,,
item_10585,Product,L'aventure Grapefruit Al Haramain,,,,10585,Mujer,415800.0,,true,PERCENT,0.0,InStock,100.0,297000.0,,,,,,,,,,,,,,,,,,,,,,,,,,,,,,,1,1,false,,,,
item_10584,Product,L'aventure Ciel Al Haramain,,,,10584,Hombre,415800.0,,true,PERCENT,0.0,InStock,100.0,297000.0,,,,,,,,,,,,,,,,,,,,,,,,,,,,,,,1,1,false,,,,
item_10582,Product,Hawas Ice Rasasi,,,,10582,Hombre,362600.0,,true,PERCENT,0.0,InStock,100.0,259000.0,,,,,,,,,,,,,,,,,,,,,,,,,,,,,,,1,1,false,,,,
item_10581,Product,Game Of Spades Yellow Sapphire Jo Milano,,,,10581,,572600.0,,true,PERCENT,0.0,InStock,100.0,409000.0,,,,,,,,,,,,,,,,,,,,,,,,,,,,,,,1,1,false,,,,
item_10580,Product,Game Of Spades Ruby Jo Milano,,,,10580,Mujer,526400.0,,true,PERCENT,0.0,InStock,100.0,376000.0,,,,,,,,,,,,,,,,,,,,,,,,,,,,,,,1,1,false,,,,
item_10577,Product,Game Of Spades Jackpot Jo Milano,,,,10577,Hombre,448000.0,,true,PERCENT,0.0,InStock,100.0,320000.0,,,,,,,,,,,,,,,,,,,,,,,,,,,,,,,1,1,false,,,,
item_10575,Product,Game Of Spades Gold Jo Milano,,,,10575,Hombre,609000.0,,true,PERCENT,0.0,InStock,100.0,435000.0,,,,,,,,,,,,,,,,,,,,,,,,,,,,,,,1,1,false,,,,
item_10574,Product,Game Of Spades Diamond Jo Milano,,,,10574,Hombre,618800.0,,true,PERCENT,0.0,InStock,100.0,442000.0,,,,,,,,,,,,,,,,,,,,,,,,,,,,,,,1,1,false,,,,
item_10573,Product,Game Of Spades Boston Jo Milano,,,,10573,Hombre,604800.0,,true,PERCENT,0.0,InStock,100.0,432000.0,,,,,,,,,,,,,,,,,,,,,,,,,,,,,,,1,1,false,,,,
item_10572,Product,Sexy Boy Irreversible Jeanne Arthes,,,,10572,Hombre,138600.0,,true,PERCENT,0.0,InStock,100.0,99000.0,,,,,,,,,,,,,,,,,,,,,,,,,,,,,,,1,1,false,,,,
item_10571,Product,Rocky Man White Jeanne Arthes,,,,10571,Hombre,133000.0,,true,PERCENT,0.0,InStock,100.0,95000.0,,,,,,,,,,,,,,,,,,,,,,,,,,,,,,,1,1,false,,,,
item_10570,Product,Magnetic Power Navy Jeanne Arthes Hombre,,,,10570,Hombre,165200.0,,true,PERCENT,0.0,InStock,100.0,118000.0,,,,,,,,,,,,,,,,,,,,,,,,,,,,,,,1,1,false,,,,
item_10569,Product,Magnetic Power Jeanne Arthes Hombre,,,,10569,Hombre,166600.0,,true,PERCENT,0.0,InStock,100.0,119000.0,,,,,,,,,,,,,,,,,,,,,,,,,,,,,,,1,1,false,,,,
item_10568,Product,Love Never Dies Jeanne Arthes Dama,,,,10568,Mujer,96600.0,,true,PERCENT,0.0,InStock,60.0,69000.0,,,,,,,,,,,,,,,,,,,,,,,,,,,,,,,1,1,false,,,,
item_10567,Product,Fuel Power Jeanne Arthes Dama,,,,10567,Mujer,96600.0,,true,PERCENT,0.0,InStock,100.0,69000.0,,,,,,,,,,,,,,,,,,,,,,,,,,,,,,,1,1,false,,,,
item_10566,Product,Boum Sport Jeanne Arthes Hombre,,,,10566,Hombre,166600.0,,true,PERCENT,0.0,InStock,100.0,119000.0,,,,,,,,,,,,,,,,,,,,,,,,,,,,,,,1,1,false,,,,
item_10563,Product,Faconnable L'original French Rivera,,,,10563,Hombre,238000.0,,true,PERCENT,0.0,InStock,90.0,170000.0,,,,,,,,,,,,,,,,,,,,,,,,,,,,,,,1,1,false,,,,
item_10548,Product,Flowerbomb Dew Viktor&rolf Dama,,,,10548,Mujer,816200.0,,true,PERCENT,0.0,InStock,100.0,583000.0,,,,,,,,,,,,,,,,,,,,,,,,,,,,,,,1,1,false,,,,
item_10546,Product,Dolce Rose Dolce & Gabbana Dama,,,,10546,Mujer,504000.0,,true,PERCENT,0.0,InStock,75.0,360000.0,,,,,,,,,,,,,,,,,,,,,,,,,,,,,,,1,1,false,,,,
item_10545,Product,You Desigual Dama,,,,10545,Mujer,232400.0,,true,PERCENT,0.0,InStock,100.0,166000.0,,,,,,,,,,,,,,,,,,,,,,,,,,,,,,,1,1,false,,,,
item_10544,Product,Royal Mirage,,,,10544,Unisex,158200.0,,true,PERCENT,0.0,InStock,120.0,113000.0,,,,,,,,,,,,,,,,,,,,,,,,,,,,,,,1,1,false,,,,
item_10543,Product,Unique Men Louis Cardin Hombre,,,,10543,Hombre,359800.0,,true,PERCENT,0.0,InStock,100.0,257000.0,,,,,,,,,,,,,,,,,,,,,,,,,,,,,,,1,1,false,,,,
item_10542,Product,Silver Louis Cardin Hombre,,,,10542,Hombre,359800.0,,true,PERCENT,0.0,InStock,100.0,257000.0,,,,,,,,,,,,,,,,,,,,,,,,,,,,,,,1,1,false,,,,
item_10541,Product,Sacred Louis Cardin Hombre,,,,10541,Hombre,359800.0,,true,PERCENT,0.0,InStock,100.0,257000.0,,,,,,,,,,,,,,,,,,,,,,,,,,,,,,,1,1,false,,,,
item_10538,Product,Blue Touch Franck Olivier,,,,10538,Hombre,305200.0,,true,PERCENT,0.0,InStock,100.0,218000.0,,,,,,,,,,,,,,,,,,,,,,,,,,,,,,,1,1,false,,,,
item_10537,Product,Voyage Bleu Armaf Hombre,,,,10537,Hombre,296800.0,,true,PERCENT,0.0,InStock,100.0,212000.0,,,,,,,,,,,,,,,,,,,,,,,,,,,,,,,1,1,false,,,,
item_10535,Product,Now Women Rave Lattafa,,,,10535,Mujer,274400.0,,true,PERCENT,0.0,InStock,100.0,196000.0,,,,,,,,,,,,,,,,,,,,,,,,,,,,,,,1,1,false,,,,
item_10533,Product,Asad Zanzibar Lattafa,,,,10533,Hombre,261800.0,,true,PERCENT,0.0,InStock,100.0,187000.0,,,,,,,,,,,,,,,,,,,,,,,,,,,,,,,1,1,false,,,,
item_10532,Product,Loveme The Emerald Elixir Tous Dama,,,,10532,Mujer,407400.0,,true,PERCENT,0.0,InStock,90.0,291000.0,,,,,,,,,,,,,,,,,,,,,,,,,,,,,,,1,1,false,,,,
item_10531,Product,Golden Dream Shakira Dama,,,,10531,Mujer,193200.0,,true,PERCENT,0.0,InStock,80.0,138000.0,,,,,,,,,,,,,,,,,,,,,,,,,,,,,,,1,1,false,,,,
item_10528,Product,Encre Indigo Lalique Hombre,,,,10528,Hombre,306600.0,,true,PERCENT,0.0,InStock,100.0,219000.0,,,,,,,,,,,,,,,,,,,,,,,,,,,,,,,1,1,false,,,,
item_10526,Product,Azure Fantasy Orientica,,,,10526,Mujer,635600.0,,true,PERCENT,0.0,InStock,80.0,454000.0,,,,,,,,,,,,,,,,,,,,,,,,,,,,,,,1,1,false,,,,
item_10525,Product,L'homme Lacoste Hombre,,,,10525,Hombre,376600.0,,true,PERCENT,0.0,InStock,150.0,269000.0,,,,,,,,,,,,,,,,,,,,,,,,,,,,,,,1,1,false,,,,
item_10519,Product,Club De Nuit Oud De Armaf Unisex,,,,10519,Unisex,481600.0,,true,PERCENT,0.0,InStock,105.0,344000.0,,,,,,,,,,,,,,,,,,,,,,,,,,,,,,,1,1,false,,,,
item_10517,Product,One Jennifer Lopez Dama,,,,10517,Mujer,359800.0,,true,PERCENT,0.0,InStock,100.0,257000.0,,,,,,,,,,,,,,,,,,,,,,,,,,,,,,,1,1,false,,,,
item_10514,Product,Intimation Emper,,,,10514,Hombre,274400.0,,true,PERCENT,0.0,InStock,100.0,196000.0,,,,,,,,,,,,,,,,,,,,,,,,,,,,,,,1,1,false,,,,
item_10492,Product,Sign Mercedes Benz,,,,10492,Hombre,417200.0,,true,PERCENT,0.0,InStock,100.0,298000.0,,,,,,,,,,,,,,,,,,,,,,,,,,,,,,,1,1,false,,,,
item_10491,Product,Jimmy Choo L'eau Jimmy Choo,,,,10491,Mujer,401800.0,,true,PERCENT,0.0,InStock,90.0,287000.0,,,,,,,,,,,,,,,,,,,,,,,,,,,,,,,1,1,false,,,,
item_10490,Product,Gucci Bloom Profumo Di Fiori Gucci Dama,,,,10490,Mujer,830200.0,,true,PERCENT,0.0,InStock,100.0,593000.0,,,,,,,,,,,,,,,,,,,,,,,,,,,,,,,1,1,false,,,,
item_10489,Product,Manege Rouge Al Haramain Dama,,,,10489,Mujer,586600.0,,true,PERCENT,0.0,InStock,75.0,419000.0,,,,,,,,,,,,,,,,,,,,,,,,,,,,,,,1,1,false,,,,
item_10488,Product,Manege Blanche Al Haramain Dama,,,,10488,Mujer,586600.0,,true,PERCENT,0.0,InStock,75.0,419000.0,,,,,,,,,,,,,,,,,,,,,,,,,,,,,,,1,1,false,,,,
item_10486,Product,Atlas Lattafa Hombre,,,,10486,Hombre,376600.0,,true,PERCENT,0.0,InStock,55.0,269000.0,,,,,,,,,,,,,,,,,,,,,,,,,,,,,,,1,1,false,,,,
item_10485,Product,Love Story Chlo√© Dama,,,,10485,Mujer,705600.0,,true,PERCENT,0.0,InStock,75.0,504000.0,,,,,,,,,,,,,,,,,,,,,,,,,,,,,,,1,1,false,,,,
item_10484,Product,Conquest Chevignon Hombre,,,,10484,Hombre,299600.0,,true,PERCENT,0.0,InStock,100.0,214000.0,,,,,,,,,,,,,,,,,,,,,,,,,,,,,,,1,1,false,,,,
item_10483,Product,Amber Wave Matin Martin Unisex,,,,10483,Unisex,415800.0,,true,PERCENT,0.0,InStock,100.0,297000.0,,,,,,,,,,,,,,,,,,,,,,,,,,,,,,,1,1,false,,,,
item_10482,Product,Santorini Matin Martin Hombre,,,,10482,Hombre,421400.0,,true,PERCENT,0.0,InStock,100.0,301000.0,,,,,,,,,,,,,,,,,,,,,,,,,,,,,,,1,1,false,,,,
item_10481,Product,Jungle Fantasy Britney Spears,,,,10481,Mujer,259000.0,,true,PERCENT,0.0,InStock,100.0,185000.0,,,,,,,,,,,,,,,,,,,,,,,,,,,,,,,1,1,false,,,,
item_10479,Product,Le Jardin De Monsieur Li Herm√®s,,,,10479,Unisex,819000.0,,true,PERCENT,0.0,InStock,100.0,585000.0,,,,,,,,,,,,,,,,,,,,,,,,,,,,,,,1,1,false,,,,
item_10478,Product,Eau De Pamplemousse Rose H√©rme s Unisex,,,,10478,Unisex,386400.0,,true,PERCENT,0.0,InStock,100.0,276000.0,,,,,,,,,,,,,,,,,,,,,,,,,,,,,,,1,1,false,,,,
item_10477,Product,Eau Des Merveilles Bleue Herm√®s Dama,,,,10477,Mujer,658000.0,,true,PERCENT,0.0,InStock,100.0,470000.0,,,,,,,,,,,,,,,,,,,,,,,,,,,,,,,1,1,false,,,,
item_10475,Product,Eau De Rhubarbe Ecarlate Herm√®s,,,,10475,Mujer,420000.0,,true,PERCENT,0.0,InStock,100.0,300000.0,,,,,,,,,,,,,,,,,,,,,,,,,,,,,,,1,1,false,,,,
item_10474,Product,24 Faubourg Herm√®s Dama,,,,10474,Mujer,603400.0,,true,PERCENT,0.0,InStock,100.0,431000.0,,,,,,,,,,,,,,,,,,,,,,,,,,,,,,,1,1,false,,,,
item_10473,Product,Kenzo World Intense Dama,,,,10473,Mujer,326200.0,,true,PERCENT,0.0,InStock,50.0,233000.0,,,,,,,,,,,,,,,,,,,,,,,,,,,,,,,1,1,false,,,,
item_10472,Product,L'Origine Or Intemporel Noir Premier Lalique Unisex,,,,10472,Unisex,1542800.0,,true,PERCENT,0.0,InStock,100.0,1102000.0,,,,,,,,,,,,,,,,,,,,,,,,,,,,,,,1,1,false,,,,
item_10471,Product,Illusion Captive Lalique Unisex,,,,10471,Unisex,1542800.0,,true,PERCENT,0.0,InStock,100.0,1102000.0,,,,,,,,,,,,,,,,,,,,,,,,,,,,,,,1,1,false,,,,
item_10470,Product,Rose Royale Lalique Dama,,,,10470,Mujer,1542800.0,,true,PERCENT,0.0,InStock,100.0,1102000.0,,,,,,,,,,,,,,,,,,,,,,,,,,,,,,,1,1,false,,,,
item_10468,Product,Sagira Spirit Of Kings,,,,10468,Unisex,1318800.0,,true,PERCENT,0.0,InStock,100.0,942000.0,,,,,,,,,,,,,,,,,,,,,,,,,,,,,,,1,1,false,,,,
item_10467,Product,Errai Spirit Of Kings,,,,10467,Unisex,1318800.0,,true,PERCENT,0.0,InStock,100.0,942000.0,,,,,,,,,,,,,,,,,,,,,,,,,,,,,,,1,1,false,,,,
item_10466,Product,Opera Sospiro Dama,,,,10466,Mujer,1710800.0,,true,PERCENT,0.0,InStock,100.0,1222000.0,,,,,,,,,,,,,,,,,,,,,,,,,,,,,,,1,1,false,,,,
item_10465,Product,N¬∞5 L'eau Chanel Dama,,,,10465,Mujer,931000.0,,true,PERCENT,0.0,InStock,100.0,665000.0,,,,,,,,,,,,,,,,,,,,,,,,,,,,,,,1,1,false,,,,
item_10464,Product,Odyssey Aqua Edition Armaf,,,,10464,Hombre,302400.0,,true,PERCENT,0.0,InStock,100.0,216000.0,,,,,,,,,,,,,,,,,,,,,,,,,,,,,,,1,1,false,,,,
item_10463,Product,Gold Louis Cardin Dama,,,,10463,Mujer,359800.0,,true,PERCENT,0.0,InStock,100.0,257000.0,,,,,,,,,,,,,,,,,,,,,,,,,,,,,,,1,1,false,,,,
item_10462,Product,Ferocious Louis Cardin Dama,,,,10462,Mujer,359800.0,,true,PERCENT,0.0,InStock,100.0,257000.0,,,,,,,,,,,,,,,,,,,,,,,,,,,,,,,1,1,false,,,,
item_10461,Product,Bloom Louis Cardin Dama,,,,10461,Mujer,359800.0,,true,PERCENT,0.0,InStock,100.0,257000.0,,,,,,,,,,,,,,,,,,,,,,,,,,,,,,,1,1,false,,,,
item_10460,Product,Eau De Mandarine Ambr√©e Herm√®s,,,,10460,Hombre,410200.0,,true,PERCENT,0.0,InStock,100.0,293000.0,,,,,,,,,,,,,,,,,,,,,,,,,,,,,,,1,1,false,,,,
item_10458,Product,Accento Sospiro,,,,10458,Unisex,1468600.0,,true,PERCENT,0.0,InStock,100.0,1049000.0,,,,,,,,,,,,,,,,,,,,,,,,,,,,,,,1,1,false,,,,
item_10456,Product,Hale Bopp Tiziana Terenzi,,,,10456,Mujer,2444400.0,,true,PERCENT,0.0,InStock,100.0,1746000.0,,,,,,,,,,,,,,,,,,,,,,,,,,,,,,,1,1,false,,,,
item_10455,Product,Foconero Tiziana Terenzi,,,,10455,Hombre,1356600.0,,true,PERCENT,0.0,InStock,100.0,969000.0,,,,,,,,,,,,,,,,,,,,,,,,,,,,,,,1,1,false,,,,
item_10454,Product,White Fire Tiziana Terenzi,,,,10454,Mujer,1356600.0,,true,PERCENT,0.0,InStock,100.0,969000.0,,,,,,,,,,,,,,,,,,,,,,,,,,,,,,,1,1,false,,,,
item_10453,Product,Xix March Tiziana Terenzi,,,,10453,Hombre,1356600.0,,true,PERCENT,0.0,InStock,100.0,969000.0,,,,,,,,,,,,,,,,,,,,,,,,,,,,,,,1,1,false,,,,
item_10452,Product,Kaff Tiziana Terenzi,,,,10452,Hombre,2626400.0,,true,PERCENT,0.0,InStock,100.0,1876000.0,,,,,,,,,,,,,,,,,,,,,,,,,,,,,,,1,1,false,,,,
item_10451,Product,Tyrenum Tiziana Terenzi,,,,10451,Hombre,1324400.0,,true,PERCENT,0.0,InStock,100.0,946000.0,,,,,,,,,,,,,,,,,,,,,,,,,,,,,,,1,1,false,,,,
item_10450,Product,Boss Bottled Parfum Hugo Boss,,,,10450,Hombre,539000.0,,true,PERCENT,0.0,InStock,100.0,385000.0,,,,,,,,,,,,,,,,,,,,,,,,,,,,,,,1,1,false,,,,
item_10445,Product,Aludra Spirit Of Kings Unisex,,,,10445,Unisex,1318800.0,,true,PERCENT,0.0,InStock,100.0,942000.0,,,,,,,,,,,,,,,,,,,,,,,,,,,,,,,1,1,false,,,,
item_10444,Product,Izia La Nuit Sisley Dama,,,,10444,Mujer,1818600.0,,true,PERCENT,0.0,InStock,100.0,1299000.0,,,,,,,,,,,,,,,,,,,,,,,,,,,,,,,1,1,false,,,,
item_10442,Product,Roberto Cavalli Dama,,,,10442,Mujer,376600.0,,true,PERCENT,0.0,InStock,75.0,269000.0,,,,,,,,,,,,,,,,,,,,,,,,,,,,,,,1,1,false,,,,
item_10441,Product,Ungaro Love Emanuel Ungaro Dama,,,,10441,Mujer,189000.0,,true,PERCENT,0.0,InStock,90.0,135000.0,,,,,,,,,,,,,,,,,,,,,,,,,,,,,,,1,1,false,,,,
item_10440,Product,Booster Lacoste Hombre,,,,10440,Hombre,368200.0,,true,PERCENT,0.0,InStock,125.0,263000.0,,,,,,,,,,,,,,,,,,,,,,,,,,,,,,,1,1,false,,,,
item_10439,Product,Fraiche Jean Lowe Maison Alhambra,,,,10439,Hombre,296800.0,,true,PERCENT,0.0,InStock,100.0,212000.0,,,,,,,,,,,,,,,,,,,,,,,,,,,,,,,1,1,false,,,,
item_10438,Product,Le Beau Paradise Garden Jean Paul Gaultier,,,,10438,,677600.0,,true,PERCENT,0.0,InStock,125.0,484000.0,,,,,,,,,,,,,,,,,,,,,,,,,,,,,,,1,1,false,,,,
item_10437,Product,Ajwad Pink To Pink Lattafa Dama,,,,10437,Mujer,243600.0,,true,PERCENT,0.0,InStock,60.0,174000.0,,,,,,,,,,,,,,,,,,,,,,,,,,,,,,,1,1,false,,,,
item_10435,Product,Gold Rose Oudh Tiziana Terenzi,,,,10435,Mujer,1356600.0,,true,PERCENT,0.0,InStock,100.0,969000.0,,,,,,,,,,,,,,,,,,,,,,,,,,,,,,,1,1,false,,,,
item_10434,Product,Highness Iii De Afnan Hombre,,,,10434,Hombre,523600.0,,true,PERCENT,0.0,InStock,100.0,374000.0,,,,,,,,,,,,,,,,,,,,,,,,,,,,,,,1,1,false,,,,
item_10432,Product,Highness V De Afnan Dama,,,,10432,Mujer,526400.0,,true,PERCENT,0.0,InStock,100.0,376000.0,,,,,,,,,,,,,,,,,,,,,,,,,,,,,,,1,1,false,,,,
item_10431,Product,Highness Vi De Afnan Hombre,,,,10431,Hombre,533400.0,,true,PERCENT,0.0,InStock,100.0,381000.0,,,,,,,,,,,,,,,,,,,,,,,,,,,,,,,1,1,false,,,,
item_10428,Product,Highness X De Afnan Hombre,,,,10428,Hombre,518000.0,,true,PERCENT,0.0,InStock,100.0,370000.0,,,,,,,,,,,,,,,,,,,,,,,,,,,,,,,1,1,false,,,,
item_10427,Product,Wood Swiss Army,,,,10427,Hombre,350000.0,,true,PERCENT,0.0,InStock,100.0,250000.0,,,,,,,,,,,,,,,,,,,,,,,,,,,,,,,1,1,false,,,,
item_10423,Product,Flower Kenzo Eau De Lumi√©re Kenzo,,,,10423,Mujer,425600.0,,true,PERCENT,0.0,InStock,100.0,304000.0,,,,,,,,,,,,,,,,,,,,,,,,,,,,,,,1,1,false,,,,
item_10421,Product,Mayar Natural Intense Lattafa Dama,,,,10421,Mujer,296800.0,,true,PERCENT,0.0,InStock,100.0,212000.0,,,,,,,,,,,,,,,,,,,,,,,,,,,,,,,1,1,false,,,,
item_10419,Product,Icon Elite Absolute Alfred Dunhill,,,,10419,Hombre,428400.0,,true,PERCENT,0.0,InStock,100.0,306000.0,,,,,,,,,,,,,,,,,,,,,,,,,,,,,,,1,1,false,,,,
item_10417,Product,L'eau Couture Elie Saab,,,,10417,Mujer,558600.0,,true,PERCENT,0.0,InStock,90.0,399000.0,,,,,,,,,,,,,,,,,,,,,,,,,,,,,,,1,1,false,,,,
item_10414,Product,Bvlgari Man Wood Essence Hombre,,,,10414,Hombre,911400.0,,true,PERCENT,0.0,InStock,150.0,651000.0,,,,,,,,,,,,,,,,,,,,,,,,,,,,,,,1,1,false,,,,
item_10413,Product,Boss Bottled Elixir Hugo Boss Hombre,,,,10413,Hombre,648200.0,,true,PERCENT,0.0,InStock,100.0,463000.0,,,,,,,,,,,,,,,,,,,,,,,,,,,,,,,1,1,false,,,,
item_10403,Product,Boum Vanille Sa Pomme D'amour Jeanne Arthes,,,,10403,Mujer,163800.0,,true,PERCENT,0.0,InStock,100.0,117000.0,,,,,,,,,,,,,,,,,,,,,,,,,,,,,,,1,1,false,,,,
item_10400,Product,Amore Mio Jeanne Arthes Paris Dama,,,,10400,Mujer,163800.0,,true,PERCENT,0.0,InStock,100.0,117000.0,,,,,,,,,,,,,,,,,,,,,,,,,,,,,,,1,1,false,,,,
item_10398,Product,Glacier Bold Maison Alhambra Hombre,,,,10398,Hombre,285600.0,,true,PERCENT,0.0,InStock,100.0,204000.0,,,,,,,,,,,,,,,,,,,,,,,,,,,,,,,1,1,false,,,,
item_10397,Product,Glacier Ultra Maison Alhambra Hombre,,,,10397,Hombre,285600.0,,true,PERCENT,0.0,InStock,100.0,204000.0,,,,,,,,,,,,,,,,,,,,,,,,,,,,,,,1,1,false,,,,
item_10395,Product,Khamrah Qahwa Lattafa,,,,10395,Hombre,302400.0,,true,PERCENT,0.0,InStock,100.0,216000.0,,,,,,,,,,,,,,,,,,,,,,,,,,,,,,,1,1,false,,,,
item_10394,Product,Lalique Le Parfum,,,,10394,Mujer,326200.0,,true,PERCENT,0.0,InStock,100.0,233000.0,,,,,,,,,,,,,,,,,,,,,,,,,,,,,,,1,1,false,,,,
item_10393,Product,Match Point De Lacoste,,,,10393,Hombre,478800.0,,true,PERCENT,0.0,InStock,100.0,342000.0,,,,,,,,,,,,,,,,,,,,,,,,,,,,,,,1,1,false,,,,
item_10391,Product,Encore V Luniche Dama,,,,10391,Mujer,586600.0,,true,PERCENT,0.0,InStock,80.0,419000.0,,,,,,,,,,,,,,,,,,,,,,,,,,,,,,,1,1,false,,,,
item_10389,Product,Thouq Lattafa Dama,,,,10389,Mujer,362600.0,,true,PERCENT,0.0,InStock,80.0,259000.0,,,,,,,,,,,,,,,,,,,,,,,,,,,,,,,1,1,false,,,,
item_10388,Product,Wajood Lattafa,,,,10388,Hombre,312200.0,,true,PERCENT,0.0,InStock,100.0,223000.0,,,,,,,,,,,,,,,,,,,,,,,,,,,,,,,1,1,false,,,,
item_10387,Product,Winners Trophy Gold Lattafa Dama,,,,10387,Mujer,348600.0,,true,PERCENT,0.0,InStock,100.0,249000.0,,,,,,,,,,,,,,,,,,,,,,,,,,,,,,,1,1,false,,,,
item_10386,Product,Winners Trophy Silver Lattafa,,,,10386,Unisex,340200.0,,true,PERCENT,0.0,InStock,100.0,243000.0,,,,,,,,,,,,,,,,,,,,,,,,,,,,,,,1,1,false,,,,
item_10385,Product,Jasmin Exclusif Mancera,,,,10385,Mujer,656600.0,,true,PERCENT,0.0,InStock,120.0,469000.0,,,,,,,,,,,,,,,,,,,,,,,,,,,,,,,1,1,false,,,,
item_10384,Product,Fabulous Yuzu Mancera,,,,10384,Hombre,761600.0,,true,PERCENT,0.0,InStock,120.0,544000.0,,,,,,,,,,,,,,,,,,,,,,,,,,,,,,,1,1,false,,,,
item_10383,Product,Ecstasy Tiziana Terenzi,,,,10383,Hombre,1356600.0,,true,PERCENT,0.0,InStock,100.0,969000.0,,,,,,,,,,,,,,,,,,,,,,,,,,,,,,,1,1,false,,,,
item_10382,Product,Delox Tiziana Terenzi,,,,10382,Mujer,1356600.0,,true,PERCENT,0.0,InStock,100.0,969000.0,,,,,,,,,,,,,,,,,,,,,,,,,,,,,,,1,1,false,,,,
item_10381,Product,Nude Musk Adolfo Dominguez Dama,,,,10381,Mujer,261800.0,,true,PERCENT,0.0,InStock,120.0,187000.0,,,,,,,,,,,,,,,,,,,,,,,,,,,,,,,1,1,false,,,,
item_10380,Product,Lima Tonka Aguafresca Adolfo Dominguez,,,,10380,Hombre,267400.0,,true,PERCENT,0.0,InStock,120.0,191000.0,,,,,,,,,,,,,,,,,,,,,,,,,,,,,,,1,1,false,,,,
item_10378,Product,Jazm√≠n Tonka Adolfo Dominguez,,,,10378,Mujer,341600.0,,true,PERCENT,0.0,InStock,120.0,244000.0,,,,,,,,,,,,,,,,,,,,,,,,,,,,,,,1,1,false,,,,
item_10377,Product,Aguafresca De Mimosa Coriandro Adolfo Dominguez,,,,10377,Mujer,246400.0,,true,PERCENT,0.0,InStock,120.0,176000.0,,,,,,,,,,,,,,,,,,,,,,,,,,,,,,,1,1,false,,,,
item_10376,Product,Yes I Am Delicious Cacharel,,,,10376,Mujer,250600.0,,true,PERCENT,0.0,InStock,75.0,179000.0,,,,,,,,,,,,,,,,,,,,,,,,,,,,,,,1,1,false,,,,
item_10375,Product,La Petite Robe Noire Guerlain,,,,10375,Mujer,457800.0,,true,PERCENT,0.0,InStock,100.0,327000.0,,,,,,,,,,,,,,,,,,,,,,,,,,,,,,,1,1,false,,,,
item_10373,Product,Aqua Allegoria Nerolia Vetiver Harvest,,,,10373,Mujer,880600.0,,true,PERCENT,0.0,InStock,125.0,629000.0,,,,,,,,,,,,,,,,,,,,,,,,,,,,,,,1,1,false,,,,
item_10372,Product,Artisan Blue John Varvatos Hombre,,,,10372,Hombre,470400.0,,true,PERCENT,0.0,InStock,125.0,336000.0,,,,,,,,,,,,,,,,,,,,,,,,,,,,,,,1,1,false,,,,
item_10371,Product,Artisan Acqua John Varvatos Hombre,,,,10371,Hombre,327600.0,,true,PERCENT,0.0,InStock,125.0,234000.0,,,,,,,,,,,,,,,,,,,,,,,,,,,,,,,1,1,false,,,,
item_10369,Product,Luxe Rush Paris Hilton Dama,,,,10369,Mujer,263200.0,,true,PERCENT,0.0,InStock,100.0,188000.0,,,,,,,,,,,,,,,,,,,,,,,,,,,,,,,1,1,false,,,,
item_10367,Product,Pacha Ibiza Be Insane Hombre,,,,10367,Hombre,152600.0,,true,PERCENT,0.0,InStock,100.0,109000.0,,,,,,,,,,,,,,,,,,,,,,,,,,,,,,,1,1,false,,,,
item_10366,Product,Pacha Ibiza Be Insane Dama,,,,10366,Mujer,152600.0,,true,PERCENT,0.0,InStock,80.0,109000.0,,,,,,,,,,,,,,,,,,,,,,,,,,,,,,,1,1,false,,,,
item_10365,Product,Pacha Ibiza Priv√© Hombre,,,,10365,Hombre,152600.0,,true,PERCENT,0.0,InStock,100.0,109000.0,,,,,,,,,,,,,,,,,,,,,,,,,,,,,,,1,1,false,,,,
item_10364,Product,Pacha Ibiza Ros√© Dama,,,,10364,Mujer,152600.0,,true,PERCENT,0.0,InStock,80.0,109000.0,,,,,,,,,,,,,,,,,,,,,,,,,,,,,,,1,1,false,,,,
item_10361,Product,Aqua Allegoria Bergamota Calabria Guerlain,,,,10361,Mujer,835800.0,,true,PERCENT,0.0,InStock,125.0,597000.0,,,,,,,,,,,,,,,,,,,,,,,,,,,,,,,1,1,false,,,,
item_10360,Product,L'homme Ideal L'intense Guerlain,,,,10360,Hombre,816200.0,,true,PERCENT,0.0,InStock,100.0,583000.0,,,,,,,,,,,,,,,,,,,,,,,,,,,,,,,1,1,false,,,,
item_10356,Product,Poison Girl De Dior,,,,10356,Mujer,998200.0,,true,PERCENT,0.0,InStock,100.0,713000.0,,,,,,,,,,,,,,,,,,,,,,,,,,,,,,,1,1,false,,,,
item_10355,Product,Premium Blend Original Penguin,,,,10355,Hombre,341600.0,,true,PERCENT,0.0,InStock,100.0,244000.0,,,,,,,,,,,,,,,,,,,,,,,,,,,,,,,1,1,false,,,,
item_10354,Product,Lua Xerjoff,,,,10354,Mujer,1393000.0,,true,PERCENT,0.0,InStock,50.0,995000.0,,,,,,,,,,,,,,,,,,,,,,,,,,,,,,,1,1,false,,,,
item_10353,Product,Cassiopea Tiziana Terenzi,,,,10353,Mujer,1764000.0,,true,PERCENT,0.0,InStock,100.0,1260000.0,,,,,,,,,,,,,,,,,,,,,,,,,,,,,,,1,1,false,,,,
item_10352,Product,Cas Tiziana Terenzi,,,,10352,Mujer,2626400.0,,true,PERCENT,0.0,InStock,100.0,1876000.0,,,,,,,,,,,,,,,,,,,,,,,,,,,,,,,1,1,false,,,,
item_10351,Product,Tyl Assoluto Tiziana Terenzi,,,,10351,Mujer,3494400.0,,true,PERCENT,0.0,InStock,100.0,2496000.0,,,,,,,,,,,,,,,,,,,,,,,,,,,,,,,1,1,false,,,,
item_10350,Product,Arethusa Tiziana Terenzi,,,,10350,Unisex,1356600.0,,true,PERCENT,0.0,InStock,100.0,969000.0,,,,,,,,,,,,,,,,,,,,,,,,,,,,,,,1,1,false,,,,
item_10348,Product,Afrodite Tiziana Terenzi,,,,10348,Mujer,2444400.0,,true,PERCENT,0.0,InStock,100.0,1746000.0,,,,,,,,,,,,,,,,,,,,,,,,,,,,,,,1,1,false,,,,
item_10347,Product,Lucrethia V Canto,,,,10347,Mujer,760200.0,,true,PERCENT,0.0,InStock,100.0,543000.0,,,,,,,,,,,,,,,,,,,,,,,,,,,,,,,1,1,false,,,,
item_10346,Product,Splendida Magnolia Sensuel Bvlgari,,,,10346,Mujer,821800.0,,true,PERCENT,0.0,InStock,100.0,587000.0,,,,,,,,,,,,,,,,,,,,,,,,,,,,,,,1,1,false,,,,
item_10345,Product,Rose Goldea Blossom Delight Bvlgari,,,,10345,Mujer,648200.0,,true,PERCENT,0.0,InStock,75.0,463000.0,,,,,,,,,,,,,,,,,,,,,,,,,,,,,,,1,1,false,,,,
item_10342,Product,Animale Instinct Homme,,,,10342,Hombre,250600.0,,true,PERCENT,0.0,InStock,100.0,179000.0,,,,,,,,,,,,,,,,,,,,,,,,,,,,,,,1,1,false,,,,
item_10341,Product,Animale Instinct Femme,,,,10341,Mujer,253400.0,,true,PERCENT,0.0,InStock,100.0,181000.0,,,,,,,,,,,,,,,,,,,,,,,,,,,,,,,1,1,false,,,,
item_10340,Product,Kenzo Flower De Kenzo,,,,10340,Mujer,411600.0,,true,PERCENT,0.0,InStock,100.0,294000.0,,,,,,,,,,,,,,,,,,,,,,,,,,,,,,,1,1,false,,,,
item_10339,Product,Idole Aura De Lancome,,,,10339,Mujer,904400.0,,true,PERCENT,0.0,InStock,100.0,646000.0,,,,,,,,,,,,,,,,,,,,,,,,,,,,,,,1,1,false,,,,
item_10337,Product,Bordeux Emper,,,,10337,Mujer,210000.0,,true,PERCENT,0.0,InStock,100.0,150000.0,,,,,,,,,,,,,,,,,,,,,,,,,,,,,,,1,1,false,,,,
item_10336,Product,Prive Lotus De Emper,,,,10336,Mujer,191800.0,,true,PERCENT,0.0,InStock,100.0,137000.0,,,,,,,,,,,,,,,,,,,,,,,,,,,,,,,1,1,false,,,,
item_10334,Product,Priv√© Ethos Night De Emper,,,,10334,Hombre,210000.0,,true,PERCENT,0.0,InStock,100.0,150000.0,,,,,,,,,,,,,,,,,,,,,,,,,,,,,,,1,1,false,,,,
item_10333,Product,Prive Dori De Emper,,,,10333,Mujer,210000.0,,true,PERCENT,0.0,InStock,90.0,150000.0,,,,,,,,,,,,,,,,,,,,,,,,,,,,,,,1,1,false,,,,
item_10332,Product,Prive Doll De Emper,,,,10332,Mujer,210000.0,,true,PERCENT,0.0,InStock,90.0,150000.0,,,,,,,,,,,,,,,,,,,,,,,,,,,,,,,1,1,false,,,,
item_10329,Product,Fruits Of Musk De Montale,,,,10329,Hombre,639800.0,,true,PERCENT,0.0,InStock,100.0,457000.0,,,,,,,,,,,,,,,,,,,,,,,,,,,,,,,1,1,false,,,,
item_10328,Product,Loewe Pour Homme,,,,10328,Hombre,483000.0,,true,PERCENT,0.0,InStock,100.0,345000.0,,,,,,,,,,,,,,,,,,,,,,,,,,,,,,,1,1,false,,,,
item_10323,Product,Eau De Basilic Pourpre Herm√®s,,,,10323,Hombre,355600.0,,true,PERCENT,0.0,InStock,100.0,254000.0,,,,,,,,,,,,,,,,,,,,,,,,,,,,,,,1,1,false,,,,
item_10321,Product,Mon Sparkling Bouquet Guerlain,,,,10321,Mujer,576800.0,,true,PERCENT,0.0,InStock,100.0,412000.0,,,,,,,,,,,,,,,,,,,,,,,,,,,,,,,1,1,false,,,,
item_10318,Product,Alien Goddess Supra Florale Mugler,,,,10318,Mujer,551600.0,,true,PERCENT,0.0,InStock,90.0,394000.0,,,,,,,,,,,,,,,,,,,,,,,,,,,,,,,1,1,false,,,,
item_10317,Product,Gentleman Givenchy Intense,,,,10317,Hombre,530600.0,,true,PERCENT,0.0,InStock,100.0,379000.0,,,,,,,,,,,,,,,,,,,,,,,,,,,,,,,1,1,false,,,,
item_10316,Product,Irr√©sistible Rose Velvet Givenchy,,,,10316,Mujer,683200.0,,true,PERCENT,0.0,InStock,80.0,488000.0,,,,,,,,,,,,,,,,,,,,,,,,,,,,,,,1,1,false,,,,
item_10315,Product,Sunday Mood El Ganso Hombre,,,,10315,Hombre,287000.0,,true,PERCENT,0.0,InStock,125.0,205000.0,,,,,,,,,,,,,,,,,,,,,,,,,,,,,,,1,1,false,,,,
item_10314,Product,Hey Sunshine El Ganso Dama,,,,10314,Mujer,260400.0,,true,PERCENT,0.0,InStock,125.0,186000.0,,,,,,,,,,,,,,,,,,,,,,,,,,,,,,,1,1,false,,,,
item_10313,Product,Like Father Like Son El Ganso,,,,10313,Hombre,261800.0,,true,PERCENT,0.0,InStock,125.0,187000.0,,,,,,,,,,,,,,,,,,,,,,,,,,,,,,,1,1,false,,,,
item_10304,Product,Hala De Lattafa,,,,10304,Hombre,399000.0,,true,PERCENT,0.0,InStock,100.0,285000.0,,,,,,,,,,,,,,,,,,,,,,,,,,,,,,,1,1,false,,,,
item_10301,Product,Ejaazi Lattafa,,,,10301,Hombre,259000.0,,true,PERCENT,0.0,InStock,100.0,185000.0,,,,,,,,,,,,,,,,,,,,,,,,,,,,,,,1,1,false,,,,
item_10300,Product,Awraq Al Oud Lattafa,,,,10300,Hombre,274400.0,,true,PERCENT,0.0,InStock,100.0,196000.0,,,,,,,,,,,,,,,,,,,,,,,,,,,,,,,1,1,false,,,,
item_10299,Product,Ansaam Gold De Lattafa,,,,10299,Mujer,372400.0,,true,PERCENT,0.0,InStock,100.0,266000.0,,,,,,,,,,,,,,,,,,,,,,,,,,,,,,,1,1,false,,,,
item_10298,Product,Ajayeb Dubai De Lattafa,,,,10298,Hombre,316400.0,,true,PERCENT,0.0,InStock,100.0,226000.0,,,,,,,,,,,,,,,,,,,,,,,,,,,,,,,1,1,false,,,,
item_10297,Product,Adeeb De Lattafa,,,,10297,Hombre,326200.0,,true,PERCENT,0.0,InStock,80.0,233000.0,,,,,,,,,,,,,,,,,,,,,,,,,,,,,,,1,1,false,,,,
item_10296,Product,Prive Diva Emper,,,,10296,Mujer,191800.0,,true,PERCENT,0.0,InStock,100.0,137000.0,,,,,,,,,,,,,,,,,,,,,,,,,,,,,,,1,1,false,,,,
item_10295,Product,Prive Coral Party Emper,,,,10295,Mujer,210000.0,,true,PERCENT,0.0,InStock,95.0,150000.0,,,,,,,,,,,,,,,,,,,,,,,,,,,,,,,1,1,false,,,,
item_10294,Product,Prive Butik Emper,,,,10294,Mujer,210000.0,,true,PERCENT,0.0,InStock,100.0,150000.0,,,,,,,,,,,,,,,,,,,,,,,,,,,,,,,1,1,false,,,,
item_10293,Product,Prive Ballet Emper,,,,10293,Mujer,210000.0,,true,PERCENT,0.0,InStock,100.0,150000.0,,,,,,,,,,,,,,,,,,,,,,,,,,,,,,,1,1,false,,,,
item_10292,Product,Prive Affair Emper,,,,10292,Hombre,210000.0,,true,PERCENT,0.0,InStock,100.0,150000.0,,,,,,,,,,,,,,,,,,,,,,,,,,,,,,,1,1,false,,,,
item_10291,Product,Prive Affair Emper,,,,10291,Mujer,205800.0,,true,PERCENT,0.0,InStock,100.0,147000.0,,,,,,,,,,,,,,,,,,,,,,,,,,,,,,,1,1,false,,,,
item_10289,Product,Odyssey Wild One Gold Edition Armaf,,,,10289,Hombre,274400.0,,true,PERCENT,0.0,InStock,100.0,196000.0,,,,,,,,,,,,,,,,,,,,,,,,,,,,,,,1,1,false,,,,
item_10288,Product,Halloween Man Mystery,,,,10288,Hombre,329000.0,,true,PERCENT,0.0,InStock,125.0,235000.0,,,,,,,,,,,,,,,,,,,,,,,,,,,,,,,1,1,false,,,,
item_10287,Product,Al Fares Malikat Al Sohraa,,,,10287,Hombre,191800.0,,true,PERCENT,0.0,InStock,100.0,137000.0,,,,,,,,,,,,,,,,,,,,,,,,,,,,,,,1,1,false,,,,
item_10285,Product,6Th Sense Priv√© De Emper,,,,10285,Hombre,210000.0,,true,PERCENT,0.0,InStock,100.0,150000.0,,,,,,,,,,,,,,,,,,,,,,,,,,,,,,,1,1,false,,,,
item_10284,Product,6Th Sense Priv√© De Emper,,,,10284,Mujer,210000.0,,true,PERCENT,0.0,InStock,100.0,150000.0,,,,,,,,,,,,,,,,,,,,,,,,,,,,,,,1,1,false,,,,
item_10282,Product,Cosmic Pepper De Mancera,,,,10282,Hombre,761600.0,,true,PERCENT,0.0,InStock,120.0,544000.0,,,,,,,,,,,,,,,,,,,,,,,,,,,,,,,1,1,false,,,,
item_10278,Product,Blue Prisme Patek Maison,,,,10278,Hombre,442400.0,,true,PERCENT,0.0,InStock,90.0,316000.0,,,,,,,,,,,,,,,,,,,,,,,,,,,,,,,1,1,false,,,,
item_10277,Product,Luminous Noir Patek Maison,,,,10277,Hombre,478800.0,,true,PERCENT,0.0,InStock,100.0,342000.0,,,,,,,,,,,,,,,,,,,,,,,,,,,,,,,1,1,false,,,,
item_10276,Product,Luminous Ghost Patek Maison,,,,10276,Hombre,478800.0,,true,PERCENT,0.0,InStock,100.0,342000.0,,,,,,,,,,,,,,,,,,,,,,,,,,,,,,,1,1,false,,,,
item_10275,Product,Luminous Azure Patek Maison,,,,10275,Hombre,478800.0,,true,PERCENT,0.0,InStock,100.0,342000.0,,,,,,,,,,,,,,,,,,,,,,,,,,,,,,,1,1,false,,,,
item_10272,Product,Noir Prisme Patek Maison,,,,10272,Hombre,450800.0,,true,PERCENT,0.0,InStock,90.0,322000.0,,,,,,,,,,,,,,,,,,,,,,,,,,,,,,,1,1,false,,,,
item_10271,Product,Bordeaux Prisme Patek Maison,,,,10271,Hombre,446600.0,,true,PERCENT,0.0,InStock,90.0,319000.0,,,,,,,,,,,,,,,,,,,,,,,,,,,,,,,1,1,false,,,,
item_10270,Product,Spirit Millionaire Gold Icon Le Parfum Lomani,,,,10270,Mujer,238000.0,,true,PERCENT,0.0,InStock,100.0,170000.0,,,,,,,,,,,,,,,,,,,,,,,,,,,,,,,1,1,false,,,,
item_10269,Product,Spicebomb Night Vision Viktor&rolf,,,,10269,Hombre,564200.0,,true,PERCENT,0.0,InStock,90.0,403000.0,,,,,,,,,,,,,,,,,,,,,,,,,,,,,,,1,1,false,,,,
item_10268,Product,Uomo Born In Roma Coral Fantasy Valentino,,,,10268,Hombre,722400.0,,true,PERCENT,0.0,InStock,100.0,516000.0,,,,,,,,,,,,,,,,,,,,,,,,,,,,,,,1,1,false,,,,
item_10266,Product,Il Lonve De Ilmin Oro 24K,,,,10266,Unisex,935200.0,,true,PERCENT,0.0,InStock,30.0,668000.0,,,,,,,,,,,,,,,,,,,,,,,,,,,,,,,1,1,false,,,,
item_10265,Product,Il Fin De Ilmin Oro 24K,,,,10265,Hombre,935200.0,,true,PERCENT,0.0,InStock,30.0,668000.0,,,,,,,,,,,,,,,,,,,,,,,,,,,,,,,1,1,false,,,,
item_10263,Product,Il Azzurro De Ilmin,,,,10263,Hombre,728000.0,,true,PERCENT,0.0,InStock,30.0,520000.0,,,,,,,,,,,,,,,,,,,,,,,,,,,,,,,1,1,false,,,,
item_10260,Product,Original Blend Penguin,,,,10260,Hombre,306600.0,,true,PERCENT,0.0,InStock,100.0,219000.0,,,,,,,,,,,,,,,,,,,,,,,,,,,,,,,1,1,false,,,,
item_10259,Product,Brume 75 Eau Parfum√©e Jean Pascal,,,,10259,Hombre,154000.0,,true,PERCENT,0.0,InStock,100.0,110000.0,,,,,,,,,,,,,,,,,,,,,,,,,,,,,,,1,1,false,,,,
item_10257,Product,Nuit 43 Eau Parfum√©e Jean Pascal,,,,10257,Unisex,154000.0,,true,PERCENT,0.0,InStock,100.0,110000.0,,,,,,,,,,,,,,,,,,,,,,,,,,,,,,,1,1,false,,,,
item_10256,Product,Ivoire 59 Eau Parfum√©e Jean Pascal,,,,10256,Unisex,154000.0,,true,PERCENT,0.0,InStock,100.0,110000.0,,,,,,,,,,,,,,,,,,,,,,,,,,,,,,,1,1,false,,,,
item_10255,Product,Flores De Abril Jean Pascal,,,,10255,Mujer,165200.0,,true,PERCENT,0.0,InStock,100.0,118000.0,,,,,,,,,,,,,,,,,,,,,,,,,,,,,,,1,1,false,,,,
item_10254,Product,Tasman Santal Premiere Note Paris,,,,10254,Hombre,1626800.0,,true,PERCENT,0.0,InStock,100.0,1162000.0,,,,,,,,,,,,,,,,,,,,,,,,,,,,,,,1,1,false,,,,
item_10253,Product,Rose Sheherazade Premiere Note Paris,,,,10253,Mujer,1626800.0,,true,PERCENT,0.0,InStock,100.0,1162000.0,,,,,,,,,,,,,,,,,,,,,,,,,,,,,,,1,1,false,,,,
item_10252,Product,Himalayan Oud Premiere Note Paris,,,,10252,Hombre,1626800.0,,true,PERCENT,0.0,InStock,100.0,1162000.0,,,,,,,,,,,,,,,,,,,,,,,,,,,,,,,1,1,false,,,,
item_10251,Product,Aura Tonka Premiere Note Paris,,,,10251,Hombre,1626800.0,,true,PERCENT,0.0,InStock,100.0,1162000.0,,,,,,,,,,,,,,,,,,,,,,,,,,,,,,,1,1,false,,,,
item_10250,Product,Ambre Kashmir Premiere Note Paris,,,,10250,Mujer,1626800.0,,true,PERCENT,0.0,InStock,100.0,1162000.0,,,,,,,,,,,,,,,,,,,,,,,,,,,,,,,1,1,false,,,,
item_10249,Product,Espada Azul Le Chameau,,,,10249,Hombre,218400.0,,true,PERCENT,0.0,InStock,100.0,156000.0,,,,,,,,,,,,,,,,,,,,,,,,,,,,,,,1,1,false,,,,
item_10240,Product,Casamorati Bouquet Ideale Xerjoff,,,,10240,Mujer,1688400.0,,true,PERCENT,0.0,InStock,100.0,1206000.0,,,,,,,,,,,,,,,,,,,,,,,,,,,,,,,1,1,false,,,,
item_10239,Product,Casamorati 1888 Xerjoff,,,,10239,Hombre,1688400.0,,true,PERCENT,0.0,InStock,100.0,1206000.0,,,,,,,,,,,,,,,,,,,,,,,,,,,,,,,1,1,false,,,,
item_10238,Product,Light Blue Dolce&gabbana,,,,10238,Hombre,609000.0,,true,PERCENT,0.0,InStock,75.0,435000.0,,,,,,,,,,,,,,,,,,,,,,,,,,,,,,,1,1,false,,,,
item_10237,Product,Secret Of Love Gourmet M. Micallef,,,,10237,,1002400.0,,true,PERCENT,0.0,InStock,75.0,716000.0,,,,,,,,,,,,,,,,,,,,,,,,,,,,,,,1,1,false,,,,
item_10236,Product,Secret Of Love Glamour M. Micallef,,,,10236,,1002400.0,,true,PERCENT,0.0,InStock,75.0,716000.0,,,,,,,,,,,,,,,,,,,,,,,,,,,,,,,1,1,false,,,,
item_10235,Product,Royal Muska M. Micallef,,,,10235,Mujer,1393000.0,,true,PERCENT,0.0,InStock,100.0,995000.0,,,,,,,,,,,,,,,,,,,,,,,,,,,,,,,1,1,false,,,,
item_10234,Product,Black Ananda M. Micallef,,,,10234,Mujer,1398600.0,,true,PERCENT,0.0,InStock,100.0,999000.0,,,,,,,,,,,,,,,,,,,,,,,,,,,,,,,1,1,false,,,,
item_10233,Product,Secret Of Love Delice M. Micallef,,,,10233,,1002400.0,,true,PERCENT,0.0,InStock,75.0,716000.0,,,,,,,,,,,,,,,,,,,,,,,,,,,,,,,1,1,false,,,,
item_10232,Product,Impact Intense De Tommy Hilfiger,,,,10232,Hombre,408800.0,,true,PERCENT,0.0,InStock,100.0,292000.0,,,,,,,,,,,,,,,,,,,,,,,,,,,,,,,1,1,false,,,,
item_10229,Product,Elixir Blanc De Stendhal,,,,10229,Mujer,376600.0,,true,PERCENT,0.0,InStock,90.0,269000.0,,,,,,,,,,,,,,,,,,,,,,,,,,,,,,,1,1,false,,,,
item_10227,Product,Latin Lover Carner Barcelona,,,,10227,Mujer,1057000.0,,true,PERCENT,0.0,InStock,100.0,755000.0,,,,,,,,,,,,,,,,,,,,,,,,,,,,,,,1,1,false,,,,
item_10226,Product,Ambar Del Sur Carner Barcelona,,,,10226,Hombre,1057000.0,,true,PERCENT,0.0,InStock,100.0,755000.0,,,,,,,,,,,,,,,,,,,,,,,,,,,,,,,1,1,false,,,,
item_10225,Product,Issey Miyake L'eau D'issey Pure,,,,10225,Mujer,508200.0,,true,PERCENT,0.0,InStock,90.0,363000.0,,,,,,,,,,,,,,,,,,,,,,,,,,,,,,,1,1,false,,,,
item_10222,Product,Look Kool De Agatha Ruiz De La Prada,,,,10222,Mujer,186200.0,,true,PERCENT,0.0,InStock,80.0,133000.0,,,,,,,,,,,,,,,,,,,,,,,,,,,,,,,1,1,false,,,,
item_10220,Product,Igo Fusion D'issey Issey Miyake,,,,10220,Hombre,526400.0,,true,PERCENT,0.0,InStock,100.0,376000.0,,,,,,,,,,,,,,,,,,,,,,,,,,,,,,,1,1,false,,,,
item_10219,Product,L'eau D'issey Igo Issey Miyake Dama,,,,10219,Mujer,526400.0,,true,PERCENT,0.0,InStock,80.0,376000.0,,,,,,,,,,,,,,,,,,,,,,,,,,,,,,,1,1,false,,,,
item_10217,Product,A Drop D'issey Issey Miyake,,,,10217,Mujer,620200.0,,true,PERCENT,0.0,InStock,90.0,443000.0,,,,,,,,,,,,,,,,,,,,,,,,,,,,,,,1,1,false,,,,
item_10214,Product,Terracota Musk Adolfo Dominguez,,,,10214,Mujer,267400.0,,true,PERCENT,0.0,InStock,120.0,191000.0,,,,,,,,,,,,,,,,,,,,,,,,,,,,,,,1,1,false,,,,
item_10209,Product,Sisterland Yellow Peony De Benetton,,,,10209,Mujer,218400.0,,true,PERCENT,0.0,InStock,80.0,156000.0,,,,,,,,,,,,,,,,,,,,,,,,,,,,,,,1,1,false,,,,
item_10208,Product,Aguafresca Citrus Cedro Adolfo Dominguez,,,,10208,Hombre,302400.0,,true,PERCENT,0.0,InStock,120.0,216000.0,,,,,,,,,,,,,,,,,,,,,,,,,,,,,,,1,1,false,,,,
item_10201,Product,Eau D'orange Verte Herm√®s,,,,10201,Hombre,410200.0,,true,PERCENT,0.0,InStock,100.0,293000.0,,,,,,,,,,,,,,,,,,,,,,,,,,,,,,,1,1,false,,,,
item_10200,Product,Vetiver Essence Ferrari,,,,10200,Hombre,259000.0,,true,PERCENT,0.0,InStock,100.0,185000.0,,,,,,,,,,,,,,,,,,,,,,,,,,,,,,,1,1,false,,,,
item_10198,Product,Fantastic Basilic De Montale,,,,10198,Hombre,711200.0,,true,PERCENT,0.0,InStock,100.0,508000.0,,,,,,,,,,,,,,,,,,,,,,,,,,,,,,,1,1,false,,,,
item_10197,Product,Dark Purple De Montale,,,,10197,Mujer,639800.0,,true,PERCENT,0.0,InStock,100.0,457000.0,,,,,,,,,,,,,,,,,,,,,,,,,,,,,,,1,1,false,,,,
item_10196,Product,Dark Aoud De Montale,,,,10196,Hombre,639800.0,,true,PERCENT,0.0,InStock,100.0,457000.0,,,,,,,,,,,,,,,,,,,,,,,,,,,,,,,1,1,false,,,,
item_10192,Product,Ch Pasion De Carolina Herrera,,,,10192,Mujer,639800.0,,true,PERCENT,0.0,InStock,100.0,457000.0,,,,,,,,,,,,,,,,,,,,,,,,,,,,,,,1,1,false,,,,
item_10191,Product,Double Bleu De Bharara,,,,10191,Hombre,406000.0,,true,PERCENT,0.0,InStock,100.0,290000.0,,,,,,,,,,,,,,,,,,,,,,,,,,,,,,,1,1,false,,,,
item_10190,Product,Mia Me Mine Halloween,,,,10190,Mujer,183400.0,,true,PERCENT,0.0,InStock,100.0,131000.0,,,,,,,,,,,,,,,,,,,,,,,,,,,,,,,1,1,false,,,,
item_10189,Product,Baiser Vol√© Parfum De Cartier,,,,10189,Mujer,711200.0,,true,PERCENT,0.0,InStock,100.0,508000.0,,,,,,,,,,,,,,,,,,,,,,,,,,,,,,,1,1,false,,,,
item_10187,Product,United Dreams Together Benetton Hombre,,,,10187,Hombre,182000.0,,true,PERCENT,0.0,InStock,100.0,130000.0,,,,,,,,,,,,,,,,,,,,,,,,,,,,,,,1,1,false,,,,
item_10184,Product,Bad Boy Extreme Carolina Herrera,,,,10184,Hombre,637000.0,,true,PERCENT,0.0,InStock,100.0,455000.0,,,,,,,,,,,,,,,,,,,,,,,,,,,,,,,1,1,false,,,,
item_10172,Product,Very Sexy Orchid Victoria's Secret Mist Luxe,,,,10172,Mujer,176400.0,,true,PERCENT,0.0,InStock,250.0,126000.0,,,,,,,,,,,,,,,,,,,,,,,,,,,,,,,1,1,false,,,,
item_10162,Product,Blanc Capones,,,,10162,Hombre,309400.0,,true,PERCENT,0.0,InStock,100.0,221000.0,,,,,,,,,,,,,,,,,,,,,,,,,,,,,,,1,1,false,,,,
item_10161,Product,Beaute Noire Capones,,,,10161,Hombre,306600.0,,true,PERCENT,0.0,InStock,100.0,219000.0,,,,,,,,,,,,,,,,,,,,,,,,,,,,,,,1,1,false,,,,
item_10160,Product,Absolute Black Capones,,,,10160,Hombre,273000.0,,true,PERCENT,0.0,InStock,100.0,195000.0,,,,,,,,,,,,,,,,,,,,,,,,,,,,,,,1,1,false,,,,
item_10157,Product,Beautiful Belle Est√©e Lauder,,,,10157,Mujer,406000.0,,true,PERCENT,0.0,InStock,100.0,290000.0,,,,,,,,,,,,,,,,,,,,,,,,,,,,,,,1,1,false,,,,
item_10156,Product,Splendida Patchouli Tentation Bvlgari,,,,10156,Mujer,903000.0,,true,PERCENT,0.0,InStock,100.0,645000.0,,,,,,,,,,,,,,,,,,,,,,,,,,,,,,,1,1,false,,,,
item_10155,Product,Halloween Blossom,,,,10155,Mujer,299600.0,,true,PERCENT,0.0,InStock,100.0,214000.0,,,,,,,,,,,,,,,,,,,,,,,,,,,,,,,1,1,false,,,,
item_10150,Product,Orientica Amber Rouge De Al Haramain,,,,10150,Unisex,595000.0,,true,PERCENT,0.0,InStock,150.0,425000.0,,,,,,,,,,,,,,,,,,,,,,,,,,,,,,,1,1,false,,,,
item_10149,Product,Part Time Hero El Ganso,,,,10149,Hombre,193200.0,,true,PERCENT,0.0,InStock,125.0,138000.0,,,,,,,,,,,,,,,,,,,,,,,,,,,,,,,1,1,false,,,,
item_10148,Product,After Game El Ganso,,,,10148,Hombre,168000.0,,true,PERCENT,0.0,InStock,125.0,120000.0,,,,,,,,,,,,,,,,,,,,,,,,,,,,,,,1,1,false,,,,
item_10144,Product,Azahar Aguafresca Adolfo Dominguez Dama,,,,10144,Mujer,257600.0,,true,PERCENT,0.0,InStock,120.0,184000.0,,,,,,,,,,,,,,,,,,,,,,,,,,,,,,,1,1,false,,,,
item_10143,Product,Rosas Aguafresca Adolfo Dominguez,,,,10143,Mujer,267400.0,,true,PERCENT,0.0,InStock,120.0,191000.0,,,,,,,,,,,,,,,,,,,,,,,,,,,,,,,1,1,false,,,,
item_10139,Product,Azlan Oud Bleu Edition Al Haramain,,,,10139,Hombre,618800.0,,true,PERCENT,0.0,InStock,100.0,442000.0,,,,,,,,,,,,,,,,,,,,,,,,,,,,,,,1,1,false,,,,
item_10138,Product,Devotion Dolce & Gabbana,,,,10138,Mujer,509600.0,,true,PERCENT,0.0,InStock,100.0,364000.0,,,,,,,,,,,,,,,,,,,,,,,,,,,,,,,1,1,false,,,,
item_10136,Product,Bois De Yuzu Karl Lagerfeld,,,,10136,Hombre,287000.0,,true,PERCENT,0.0,InStock,100.0,205000.0,,,,,,,,,,,,,,,,,,,,,,,,,,,,,,,1,1,false,,,,
item_10135,Product,Elsatys Homme Intense De Reyane,,,,10135,Hombre,191800.0,,true,PERCENT,0.0,InStock,100.0,137000.0,,,,,,,,,,,,,,,,,,,,,,,,,,,,,,,1,1,false,,,,
item_10133,Product,Liam Blue Shine De Lattafa,,,,10133,Hombre,289800.0,,true,PERCENT,0.0,InStock,100.0,207000.0,,,,,,,,,,,,,,,,,,,,,,,,,,,,,,,1,1,false,,,,
item_10126,Product,Miss Armaf Voce Viva,,,,10126,Mujer,376600.0,,true,PERCENT,0.0,InStock,100.0,269000.0,,,,,,,,,,,,,,,,,,,,,,,,,,,,,,,1,1,false,,,,
item_10124,Product,Miss Armaf Mystique,,,,10124,Mujer,376600.0,,true,PERCENT,0.0,InStock,100.0,269000.0,,,,,,,,,,,,,,,,,,,,,,,,,,,,,,,1,1,false,,,,
item_10121,Product,Miss Armaf Grandeur,,,,10121,Mujer,376600.0,,true,PERCENT,0.0,InStock,100.0,269000.0,,,,,,,,,,,,,,,,,,,,,,,,,,,,,,,1,1,false,,,,
item_10120,Product,More More Pink Tous,,,,10120,Mujer,387800.0,,true,PERCENT,0.0,InStock,90.0,277000.0,,,,,,,,,,,,,,,,,,,,,,,,,,,,,,,1,1,false,,,,
item_10118,Product,Mini Coach Dreams Sunset,,,,10118,Mujer,91000.0,,true,PERCENT,0.0,InStock,5.0,65000.0,,,,,,,,,,,,,,,,,,,,,,,,,,,,,,,1,1,false,,,,
item_10115,Product,Mini Floral Jimmy Choo,,,,10115,Mujer,81200.0,,true,PERCENT,0.0,InStock,5.0,58000.0,,,,,,,,,,,,,,,,,,,,,,,,,,,,,,,1,1,false,,,,
item_10109,Product,Mini Miracle Blossom Lanc√¥me,,,,10109,Mujer,93800.0,,true,PERCENT,0.0,InStock,5.0,67000.0,,,,,,,,,,,,,,,,,,,,,,,,,,,,,,,1,1,false,,,,
item_10108,Product,Mini La Femme L'eau Prada Milano,,,,10108,Mujer,109200.0,,true,PERCENT,0.0,InStock,9.0,78000.0,,,,,,,,,,,,,,,,,,,,,,,,,,,,,,,1,1,false,,,,
item_10106,Product,Moncler Pour Homme,,,,10106,Hombre,859600.0,,true,PERCENT,0.0,InStock,100.0,614000.0,,,,,,,,,,,,,,,,,,,,,,,,,,,,,,,1,1,false,,,,
item_10105,Product,Moncler Pour Femme,,,,10105,Mujer,859600.0,,true,PERCENT,0.0,InStock,100.0,614000.0,,,,,,,,,,,,,,,,,,,,,,,,,,,,,,,1,1,false,,,,
item_10104,Product,Cloud 2.0 Intense De Ariana Grande,,,,10104,Mujer,484400.0,,true,PERCENT,0.0,InStock,100.0,346000.0,,,,,,,,,,,,,,,,,,,,,,,,,,,,,,,1,1,false,,,,
item_10103,Product,Taurus De Ahli,,,,10103,Hombre,674800.0,,true,PERCENT,0.0,InStock,60.0,482000.0,,,,,,,,,,,,,,,,,,,,,,,,,,,,,,,1,1,false,,,,
item_10100,Product,Le Male Elixir De Jean Paul Gaultier,,,,10100,Hombre,677600.0,,true,PERCENT,0.0,InStock,125.0,484000.0,,,,,,,,,,,,,,,,,,,,,,,,,,,,,,,1,1,false,,,,
item_10099,Product,Gaultier Divine De Jean Paul Gaultier,,,,10099,Mujer,798000.0,,true,PERCENT,0.0,InStock,100.0,570000.0,,,,,,,,,,,,,,,,,,,,,,,,,,,,,,,1,1,false,,,,
item_10098,Product,Lyra De Ahli,,,,10098,Mujer,553000.0,,true,PERCENT,0.0,InStock,60.0,395000.0,,,,,,,,,,,,,,,,,,,,,,,,,,,,,,,1,1,false,,,,
item_10097,Product,Gemini De Ahli,,,,10097,Mujer,553000.0,,true,PERCENT,0.0,InStock,60.0,395000.0,,,,,,,,,,,,,,,,,,,,,,,,,,,,,,,1,1,false,,,,
item_10096,Product,Beta De Ahli,,,,10096,Hombre,498400.0,,true,PERCENT,0.0,InStock,60.0,356000.0,,,,,,,,,,,,,,,,,,,,,,,,,,,,,,,1,1,false,,,,
item_10095,Product,Alpha De Ahli,,,,10095,Hombre,522200.0,,true,PERCENT,0.0,InStock,60.0,373000.0,,,,,,,,,,,,,,,,,,,,,,,,,,,,,,,1,1,false,,,,
item_10094,Product,Bvlgari Man Rain Essence De Bvlgari,,,,10094,Hombre,586600.0,,true,PERCENT,0.0,InStock,100.0,419000.0,,,,,,,,,,,,,,,,,,,,,,,,,,,,,,,1,1,false,,,,
item_10092,Product,Hamsah Al Lail Emper,,,,10092,Hombre,191800.0,,true,PERCENT,0.0,InStock,100.0,137000.0,,,,,,,,,,,,,,,,,,,,,,,,,,,,,,,1,1,false,,,,
item_10091,Product,Signature Absolue De Montblanc,,,,10091,Mujer,387800.0,,true,PERCENT,0.0,InStock,90.0,277000.0,,,,,,,,,,,,,,,,,,,,,,,,,,,,,,,1,1,false,,,,
item_10089,Product,Amber Noir Orientica,,,,10089,Hombre,572600.0,,true,PERCENT,0.0,InStock,80.0,409000.0,,,,,,,,,,,,,,,,,,,,,,,,,,,,,,,1,1,false,,,,
item_10088,Product,Bade'e Al Oud Honor & Glory Lattafa,,,,10088,Hombre,263200.0,,true,PERCENT,0.0,InStock,100.0,188000.0,,,,,,,,,,,,,,,,,,,,,,,,,,,,,,,1,1,false,,,,
item_10087,Product,Eilish No 2 De Billie Eilish,,,,10087,Unisex,369600.0,,true,PERCENT,0.0,InStock,100.0,264000.0,,,,,,,,,,,,,,,,,,,,,,,,,,,,,,,1,1,false,,,,
item_10086,Product,We Are Tribe De Benetton,,,,10086,Hombre,204400.0,,true,PERCENT,0.0,InStock,90.0,146000.0,,,,,,,,,,,,,,,,,,,,,,,,,,,,,,,1,1,false,,,,
item_10085,Product,We Are Tribe Intense De Benetton,,,,10085,Hombre,211400.0,,true,PERCENT,0.0,InStock,90.0,151000.0,,,,,,,,,,,,,,,,,,,,,,,,,,,,,,,1,1,false,,,,
item_10084,Product,Dylan Purple Versace,,,,10084,Mujer,462000.0,,true,PERCENT,0.0,InStock,100.0,330000.0,,,,,,,,,,,,,,,,,,,,,,,,,,,,,,,1,1,false,,,,
item_10083,Product,Amber Oud Private Edition Al Haramain,,,,10083,Hombre,421400.0,,true,PERCENT,0.0,InStock,60.0,301000.0,,,,,,,,,,,,,,,,,,,,,,,,,,,,,,,1,1,false,,,,
item_10082,Product,Amber Oud Ultra Violet Al Haramain,,,,10082,Mujer,530600.0,,true,PERCENT,0.0,InStock,60.0,379000.0,,,,,,,,,,,,,,,,,,,,,,,,,,,,,,,1,1,false,,,,
item_10080,Product,Viking Rio De Bharara,,,,10080,Hombre,470400.0,,true,PERCENT,0.0,InStock,100.0,336000.0,,,,,,,,,,,,,,,,,,,,,,,,,,,,,,,1,1,false,,,,
item_10079,Product,Mod Blush De Ariana Grande,,,,10079,Mujer,438200.0,,true,PERCENT,0.0,InStock,100.0,313000.0,,,,,,,,,,,,,,,,,,,,,,,,,,,,,,,1,1,false,,,,
item_10078,Product,Mod Vanilla De Ariana Grande,,,,10078,Mujer,413000.0,,true,PERCENT,0.0,InStock,100.0,295000.0,,,,,,,,,,,,,,,,,,,,,,,,,,,,,,,1,1,false,,,,
item_10077,Product,Polo Blue De Ralph Lauren Parfum,,,,10077,Hombre,735000.0,,true,PERCENT,0.0,InStock,125.0,525000.0,,,,,,,,,,,,,,,,,,,,,,,,,,,,,,,1,1,false,,,,
item_10076,Product,Stallion 53 De Emper,,,,10076,Unisex,271600.0,,true,PERCENT,0.0,InStock,100.0,194000.0,,,,,,,,,,,,,,,,,,,,,,,,,,,,,,,1,1,false,,,,
item_10075,Product,Explorer Platinum De Montblanc,,,,10075,Hombre,420000.0,,true,PERCENT,0.0,InStock,100.0,300000.0,,,,,,,,,,,,,,,,,,,,,,,,,,,,,,,1,1,false,,,,
item_10070,Product,Beautiful Day In Love Castelbajac,,,,10070,Mujer,347200.0,,true,PERCENT,0.0,InStock,100.0,248000.0,,,,,,,,,,,,,,,,,,,,,,,,,,,,,,,1,1,false,,,,
item_10069,Product,Beautiful Day L'bonheur Castelbajac,,,,10069,Mujer,347200.0,,true,PERCENT,0.0,InStock,100.0,248000.0,,,,,,,,,,,,,,,,,,,,,,,,,,,,,,,1,1,false,,,,
item_10068,Product,Beautiful Day L'original Castelbajac,,,,10068,Mujer,347200.0,,true,PERCENT,0.0,InStock,100.0,248000.0,,,,,,,,,,,,,,,,,,,,,,,,,,,,,,,1,1,false,,,,
item_10067,Product,Homme De Castelbajac,,,,10067,Hombre,347200.0,,true,PERCENT,0.0,InStock,100.0,248000.0,,,,,,,,,,,,,,,,,,,,,,,,,,,,,,,1,1,false,,,,
item_10066,Product,Homme Sport De Castelbajac,,,,10066,Hombre,347200.0,,true,PERCENT,0.0,InStock,100.0,248000.0,,,,,,,,,,,,,,,,,,,,,,,,,,,,,,,1,1,false,,,,
item_10065,Product,Homme Cool De Castelbajac,,,,10065,Hombre,347200.0,,true,PERCENT,0.0,InStock,100.0,248000.0,,,,,,,,,,,,,,,,,,,,,,,,,,,,,,,1,1,false,,,,
item_10064,Product,Sakeena De Lattafa,,,,10064,Mujer,312200.0,,true,PERCENT,0.0,InStock,100.0,223000.0,,,,,,,,,,,,,,,,,,,,,,,,,,,,,,,1,1,false,,,,
item_10063,Product,Emaan De Lattafa,,,,10063,Hombre,271600.0,,true,PERCENT,0.0,InStock,100.0,194000.0,,,,,,,,,,,,,,,,,,,,,,,,,,,,,,,1,1,false,,,,
item_10062,Product,Jawhar Al Oud Al Fares,,,,10062,Hombre,191800.0,,true,PERCENT,0.0,InStock,100.0,137000.0,,,,,,,,,,,,,,,,,,,,,,,,,,,,,,,1,1,false,,,,
item_10060,Product,Oud Al Shahamah Al Fares,,,,10060,Hombre,210000.0,,true,PERCENT,0.0,InStock,100.0,150000.0,,,,,,,,,,,,,,,,,,,,,,,,,,,,,,,1,1,false,,,,
item_10059,Product,Seufi Al Fares,,,,10059,Hombre,229600.0,,true,PERCENT,0.0,InStock,100.0,164000.0,,,,,,,,,,,,,,,,,,,,,,,,,,,,,,,1,1,false,,,,
item_10058,Product,Il Pi√©t√© De Ilmin,,,,10058,Hombre,719600.0,,true,PERCENT,0.0,InStock,30.0,514000.0,,,,,,,,,,,,,,,,,,,,,,,,,,,,,,,1,1,false,,,,
item_10057,Product,Baroque Rouge 540 Maison Alhambra,,,,10057,Unisex,259000.0,,true,PERCENT,0.0,InStock,100.0,185000.0,,,,,,,,,,,,,,,,,,,,,,,,,,,,,,,1,1,false,,,,
item_10056,Product,Musk Al Ghazal De Emper,,,,10056,Mujer,210000.0,,true,PERCENT,0.0,InStock,100.0,150000.0,,,,,,,,,,,,,,,,,,,,,,,,,,,,,,,1,1,false,,,,
item_10055,Product,Odyssey Tyrant Armaf,,,,10055,Hombre,285600.0,,true,PERCENT,0.0,InStock,100.0,204000.0,,,,,,,,,,,,,,,,,,,,,,,,,,,,,,,1,1,false,,,,
item_10054,Product,Odyssey Mega Armaf,,,,10054,Hombre,285600.0,,true,PERCENT,0.0,InStock,100.0,204000.0,,,,,,,,,,,,,,,,,,,,,,,,,,,,,,,1,1,false,,,,
item_10053,Product,Odyssey Mandarin Sky Armaf,,,,10053,Hombre,294000.0,,true,PERCENT,0.0,InStock,100.0,210000.0,,,,,,,,,,,,,,,,,,,,,,,,,,,,,,,1,1,false,,,,
item_10052,Product,Odyssey Aoud Armaf,,,,10052,Hombre,274400.0,,true,PERCENT,0.0,InStock,100.0,196000.0,,,,,,,,,,,,,,,,,,,,,,,,,,,,,,,1,1,false,,,,
item_10051,Product,Auriga De Ahli,,,,10051,Hombre,553000.0,,true,PERCENT,0.0,InStock,60.0,395000.0,,,,,,,,,,,,,,,,,,,,,,,,,,,,,,,1,1,false,,,,
item_10050,Product,Ara De Ahli,,,,10050,,533400.0,,true,PERCENT,0.0,InStock,60.0,381000.0,,,,,,,,,,,,,,,,,,,,,,,,,,,,,,,1,1,false,,,,
item_10049,Product,Apus De Ahli,,,,10049,Hombre,533400.0,,true,PERCENT,0.0,InStock,60.0,381000.0,,,,,,,,,,,,,,,,,,,,,,,,,,,,,,,1,1,false,,,,
item_10048,Product,Gamma De Ahli,,,,10048,Hombre,555800.0,,true,PERCENT,0.0,InStock,60.0,397000.0,,,,,,,,,,,,,,,,,,,,,,,,,,,,,,,1,1,false,,,,
item_10047,Product,Corvus De Ahli,,,,10047,Mujer,553000.0,,true,PERCENT,0.0,InStock,60.0,395000.0,,,,,,,,,,,,,,,,,,,,,,,,,,,,,,,1,1,false,,,,
item_10046,Product,Il Bordeaux De Ilmin,,,,10046,Mujer,732200.0,,true,PERCENT,0.0,InStock,30.0,523000.0,,,,,,,,,,,,,,,,,,,,,,,,,,,,,,,1,1,false,,,,
item_10043,Product,Maahir Legacy De Lattafa,,,,10043,,289800.0,,true,PERCENT,0.0,InStock,100.0,207000.0,,,,,,,,,,,,,,,,,,,,,,,,,,,,,,,1,1,false,,,,
item_10042,Product,Fakhar Gold De Lattafa,,,,10042,Hombre,271600.0,,true,PERCENT,0.0,InStock,100.0,194000.0,,,,,,,,,,,,,,,,,,,,,,,,,,,,,,,1,1,false,,,,
item_10041,Product,King Parfum De Bharara,,,,10041,Hombre,572600.0,,true,PERCENT,0.0,InStock,100.0,409000.0,,,,,,,,,,,,,,,,,,,,,,,,,,,,,,,1,1,false,,,,
item_10040,Product,Al Qiam Gold De Lattafa Pride,,,,10040,Hombre,289800.0,,true,PERCENT,0.0,InStock,100.0,207000.0,,,,,,,,,,,,,,,,,,,,,,,,,,,,,,,1,1,false,,,,
item_10039,Product,Arabia Madame Le Chameau,,,,10039,Mujer,274400.0,,true,PERCENT,0.0,InStock,100.0,196000.0,,,,,,,,,,,,,,,,,,,,,,,,,,,,,,,1,1,false,,,,
item_10036,Product,Arabia Explorer Le Chameau,,,,10036,Hombre,285600.0,,true,PERCENT,0.0,InStock,100.0,204000.0,,,,,,,,,,,,,,,,,,,,,,,,,,,,,,,1,1,false,,,,
item_10035,Product,My Way Intense De Giorgio Armani,,,,10035,Mujer,827400.0,,true,PERCENT,0.0,InStock,90.0,591000.0,,,,,,,,,,,,,,,,,,,,,,,,,,,,,,,1,1,false,,,,
item_10034,Product,Good Girl Gold Fantasy Carolina Herrera,,,,10034,Mujer,798000.0,,true,PERCENT,0.0,InStock,80.0,570000.0,,,,,,,,,,,,,,,,,,,,,,,,,,,,,,,1,1,false,,,,
item_10033,Product,Maharjan Gold De Lattafa,,,,10033,Hombre,345800.0,,true,PERCENT,0.0,InStock,100.0,247000.0,,,,,,,,,,,,,,,,,,,,,,,,,,,,,,,1,1,false,,,,
item_10032,Product,Blue Sapphire De Lattafa,,,,10032,Hombre,320600.0,,true,PERCENT,0.0,InStock,100.0,229000.0,,,,,,,,,,,,,,,,,,,,,,,,,,,,,,,1,1,false,,,,
item_10031,Product,Al Areeq Gold De Lattafa,,,,10031,Hombre,320600.0,,true,PERCENT,0.0,InStock,100.0,229000.0,,,,,,,,,,,,,,,,,,,,,,,,,,,,,,,1,1,false,,,,
item_10030,Product,Afaq De Lattafa Pride,,,,10030,Hombre,306600.0,,true,PERCENT,0.0,InStock,100.0,219000.0,,,,,,,,,,,,,,,,,,,,,,,,,,,,,,,1,1,false,,,,
item_10029,Product,Musk Mood De Lattafa,,,,10029,Unisex,362600.0,,true,PERCENT,0.0,InStock,100.0,259000.0,,,,,,,,,,,,,,,,,,,,,,,,,,,,,,,1,1,false,,,,
item_10028,Product,Haya De Lattafa,,,,10028,Mujer,285600.0,,true,PERCENT,0.0,InStock,100.0,204000.0,,,,,,,,,,,,,,,,,,,,,,,,,,,,,,,1,1,false,,,,
item_10027,Product,Al Fares Dalal De Emper,,,,10027,Hombre,191800.0,,true,PERCENT,0.0,InStock,100.0,137000.0,,,,,,,,,,,,,,,,,,,,,,,,,,,,,,,1,1,false,,,,
item_10025,Product,Q De Dolce & Gabbana,,,,10025,Mujer,558600.0,,true,PERCENT,0.0,InStock,100.0,399000.0,,,,,,,,,,,,,,,,,,,,,,,,,,,,,,,1,1,false,,,,
item_10023,Product,Areej Al Oud De Al Fares,,,,10023,Hombre,191800.0,,true,PERCENT,0.0,InStock,100.0,137000.0,,,,,,,,,,,,,,,,,,,,,,,,,,,,,,,1,1,false,,,,
item_10022,Product,Ahlaami Al Fares Emper,,,,10022,Hombre,191800.0,,true,PERCENT,0.0,InStock,80.0,137000.0,,,,,,,,,,,,,,,,,,,,,,,,,,,,,,,1,1,false,,,,
item_10021,Product,Dyamante De Daddy Yankee,,,,10021,Mujer,191800.0,,true,PERCENT,0.0,InStock,100.0,137000.0,,,,,,,,,,,,,,,,,,,,,,,,,,,,,,,1,1,false,,,,
item_10020,Product,Daddy Yankee,,,,10020,Hombre,191800.0,,true,PERCENT,0.0,InStock,100.0,137000.0,,,,,,,,,,,,,,,,,,,,,,,,,,,,,,,1,1,false,,,,
item_10019,Product,Reveal De Calvin Klein,,,,10019,Mujer,399000.0,,true,PERCENT,0.0,InStock,100.0,285000.0,,,,,,,,,,,,,,,,,,,,,,,,,,,,,,,1,1,false,,,,
item_10018,Product,Open Road De Coach,,,,10018,Hombre,387800.0,,true,PERCENT,0.0,InStock,100.0,277000.0,,,,,,,,,,,,,,,,,,,,,,,,,,,,,,,1,1,false,,,,
item_10017,Product,Togs Unlimited White De Chevignon,,,,10017,Hombre,296800.0,,true,PERCENT,0.0,InStock,100.0,212000.0,,,,,,,,,,,,,,,,,,,,,,,,,,,,,,,1,1,false,,,,
item_10016,Product,Togs Unlimited De Chevignon,,,,10016,Hombre,296800.0,,true,PERCENT,0.0,InStock,100.0,212000.0,,,,,,,,,,,,,,,,,,,,,,,,,,,,,,,1,1,false,,,,
item_10015,Product,Espada Prime Le Chameau,,,,10015,Hombre,218400.0,,true,PERCENT,0.0,InStock,100.0,156000.0,,,,,,,,,,,,,,,,,,,,,,,,,,,,,,,1,1,false,,,,
item_10014,Product,La Rouge Baroque Extreme De Maison Alhambra,,,,10014,Mujer,254800.0,,true,PERCENT,0.0,InStock,100.0,182000.0,,,,,,,,,,,,,,,,,,,,,,,,,,,,,,,1,1,false,,,,
item_10013,Product,Bad Boy Cobalt Electrique De Carolina Herrera,,,,10013,Hombre,621600.0,,true,PERCENT,0.0,InStock,100.0,444000.0,,,,,,,,,,,,,,,,,,,,,,,,,,,,,,,1,1,false,,,,
item_10012,Product,Amber Oud Black Edition De Al Haramain,,,,10012,Hombre,340200.0,,true,PERCENT,0.0,InStock,60.0,243000.0,,,,,,,,,,,,,,,,,,,,,,,,,,,,,,,1,1,false,,,,
item_10010,Product,9 Am De Afnan,,,,10010,Hombre,280000.0,,true,PERCENT,0.0,InStock,100.0,200000.0,,,,,,,,,,,,,,,,,,,,,,,,,,,,,,,1,1,false,,,,
item_10008,Product,Amber Oud Black Edition De Al Haramain,,,,10008,Hombre,526400.0,,true,PERCENT,0.0,InStock,150.0,376000.0,,,,,,,,,,,,,,,,,,,,,,,,,,,,,,,1,1,false,,,,
item_10007,Product,Amber Oud Black Edition De Al Haramain,,,,10007,Hombre,585200.0,,true,PERCENT,0.0,InStock,200.0,418000.0,,,,,,,,,,,,,,,,,,,,,,,,,,,,,,,1,1,false,,,,
item_10006,Product,9 Am Dive De Afnan,,,,10006,Hombre,289800.0,,true,PERCENT,0.0,InStock,100.0,207000.0,,,,,,,,,,,,,,,,,,,,,,,,,,,,,,,1,1,false,,,,
item_10005,Product,Supremacy Not Only Intense De Afnan,,,,10005,Hombre,462000.0,,true,PERCENT,0.0,InStock,150.0,330000.0,,,,,,,,,,,,,,,,,,,,,,,,,,,,,,,1,1,false,,,,
item_10004,Product,Supremacy Not Only Intense De Afnan,,,,10004,Hombre,372400.0,,true,PERCENT,0.0,InStock,100.0,266000.0,,,,,,,,,,,,,,,,,,,,,,,,,,,,,,,1,1,false,,,,
item_9995,Product,Gentleman Society De Givenchy,,,,9995,Hombre,666400.0,,true,PERCENT,0.0,InStock,100.0,476000.0,,,,,,,,,,,,,,,,,,,,,,,,,,,,,,,1,1,false,,,,
item_9994,Product,1 Million Royal Parfum De Paco Rabanne,,,,9994,Hombre,673400.0,,true,PERCENT,0.0,InStock,100.0,481000.0,,,,,,,,,,,,,,,,,,,,,,,,,,,,,,,1,1,false,,,,
item_9992,Product,Yara Tous De Lattafa,,,,9992,Mujer,259000.0,,true,PERCENT,0.0,InStock,100.0,185000.0,,,,,,,,,,,,,,,,,,,,,,,,,,,,,,,1,1,false,,,,
item_9991,Product,Maharjan Silver Lattafa,,,,9991,Hombre,401800.0,,true,PERCENT,0.0,InStock,100.0,287000.0,,,,,,,,,,,,,,,,,,,,,,,,,,,,,,,1,1,false,,,,
item_9986,Product,Acqua Di Parisis Capri Palace De Reyane Tradition,,,,9986,,210000.0,,true,PERCENT,0.0,InStock,100.0,150000.0,,,,,,,,,,,,,,,,,,,,,,,,,,,,,,,1,1,false,,,,
item_9985,Product,Acqua Di Parisis Miami Sunset EDP Reyane Tradition Unisex,,,,9985,Unisex,210000.0,,true,PERCENT,0.0,InStock,100.0,150000.0,,,,,,,,,,,,,,,,,,,,,,,,,,,,,,,1,1,false,,,,
item_9984,Product,Game Of Spades Queen De Jo Milano,,,,9984,Mujer,509600.0,,true,PERCENT,0.0,InStock,100.0,364000.0,,,,,,,,,,,,,,,,,,,,,,,,,,,,,,,1,1,false,,,,
item_9983,Product,Game Of Spades Royale De Jo Milano,,,,9983,Hombre,564200.0,,true,PERCENT,0.0,InStock,100.0,403000.0,,,,,,,,,,,,,,,,,,,,,,,,,,,,,,,1,1,false,,,,
item_9981,Product,Game Of Spades Bid De Jo Milano,,,,9981,Hombre,544600.0,,true,PERCENT,0.0,InStock,100.0,389000.0,,,,,,,,,,,,,,,,,,,,,,,,,,,,,,,1,1,false,,,,
item_9980,Product,Game Of Spades Rouge De Jo Milano,,,,9980,Mujer,544600.0,,true,PERCENT,0.0,InStock,100.0,389000.0,,,,,,,,,,,,,,,,,,,,,,,,,,,,,,,1,1,false,,,,
item_9977,Product,Yeah De Maison Alhambra,,,,9977,Hombre,280000.0,,true,PERCENT,0.0,InStock,100.0,200000.0,,,,,,,,,,,,,,,,,,,,,,,,,,,,,,,1,1,false,,,,
item_9976,Product,White Amber De Santalis,,,,9976,Hombre,259000.0,,true,PERCENT,0.0,InStock,90.0,185000.0,,,,,,,,,,,,,,,,,,,,,,,,,,,,,,,1,1,false,,,,
item_9975,Product,Aventura De Santalis,,,,9975,Hombre,259000.0,,true,PERCENT,0.0,InStock,90.0,185000.0,,,,,,,,,,,,,,,,,,,,,,,,,,,,,,,1,1,false,,,,
item_9974,Product,Al Hayba De Santalis,,,,9974,,259000.0,,true,PERCENT,0.0,InStock,100.0,185000.0,,,,,,,,,,,,,,,,,,,,,,,,,,,,,,,1,1,false,,,,
item_9971,Product,Velvet Rose De Lattafa,,,,9971,Mujer,274400.0,,true,PERCENT,0.0,InStock,100.0,196000.0,,,,,,,,,,,,,,,,,,,,,,,,,,,,,,,1,1,false,,,,
item_9969,Product,Voyage Titan De Armaf,,,,9969,Hombre,285600.0,,true,PERCENT,0.0,InStock,100.0,204000.0,,,,,,,,,,,,,,,,,,,,,,,,,,,,,,,1,1,false,,,,
item_9968,Product,Art Du`parfum De Armaf,,,,9968,Hombre,285600.0,,true,PERCENT,0.0,InStock,100.0,204000.0,,,,,,,,,,,,,,,,,,,,,,,,,,,,,,,1,1,false,,,,
item_9967,Product,Ego Exotic De Armaf,,,,9967,Mujer,316400.0,,true,PERCENT,0.0,InStock,100.0,226000.0,,,,,,,,,,,,,,,,,,,,,,,,,,,,,,,1,1,false,,,,
item_9965,Product,Cassius De Maison Alhambra,,,,9965,Hombre,229600.0,,true,PERCENT,0.0,InStock,100.0,164000.0,,,,,,,,,,,,,,,,,,,,,,,,,,,,,,,1,1,false,,,,
item_9961,Product,Good Girl Blush De Carolina Herrera,,,,9961,Mujer,743400.0,,true,PERCENT,0.0,InStock,80.0,531000.0,,,,,,,,,,,,,,,,,,,,,,,,,,,,,,,1,1,false,,,,
item_9960,Product,Reyna De Maison Alhambra,,,,9960,Mujer,266000.0,,true,PERCENT,0.0,InStock,100.0,190000.0,,,,,,,,,,,,,,,,,,,,,,,,,,,,,,,1,1,false,,,,
item_9959,Product,Al Areeq Silver De Lattafa Pride,,,,9959,Hombre,383600.0,,true,PERCENT,0.0,InStock,100.0,274000.0,,,,,,,,,,,,,,,,,,,,,,,,,,,,,,,1,1,false,,,,
item_9958,Product,Ishq Al Shuyukh Gold De Lattafa,,,,9958,Hombre,331800.0,,true,PERCENT,0.0,InStock,100.0,237000.0,,,,,,,,,,,,,,,,,,,,,,,,,,,,,,,1,1,false,,,,
item_9955,Product,Love Rush De Paris Hilton,,,,9955,Mujer,260400.0,,true,PERCENT,0.0,InStock,100.0,186000.0,,,,,,,,,,,,,,,,,,,,,,,,,,,,,,,1,1,false,,,,
item_9954,Product,Bade'e Al Oud Sublime De Lattafa,,,,9954,Unisex,280000.0,,true,PERCENT,0.0,InStock,100.0,200000.0,,,,,,,,,,,,,,,,,,,,,,,,,,,,,,,1,1,false,,,,
item_9953,Product,Supremacy In Oud De Afnan,,,,9953,Hombre,387800.0,,true,PERCENT,0.0,InStock,100.0,277000.0,,,,,,,,,,,,,,,,,,,,,,,,,,,,,,,1,1,false,,,,
item_9952,Product,Viking Kashmir De Bharara,,,,9952,Hombre,501200.0,,true,PERCENT,0.0,InStock,100.0,358000.0,,,,,,,,,,,,,,,,,,,,,,,,,,,,,,,1,1,false,,,,
item_9950,Product,Mayar De Lattafa,,,,9950,Mujer,296800.0,,true,PERCENT,0.0,InStock,100.0,212000.0,,,,,,,,,,,,,,,,,,,,,,,,,,,,,,,1,1,false,,,,
item_9949,Product,Toscano Leather De Maison Alhambra,,,,9949,Hombre,271600.0,,true,PERCENT,0.0,InStock,80.0,194000.0,,,,,,,,,,,,,,,,,,,,,,,,,,,,,,,1,1,false,,,,
item_9947,Product,Vega Gold De Ahli,,,,9947,Mujer,798000.0,,true,PERCENT,0.0,InStock,60.0,570000.0,,,,,,,,,,,,,,,,,,,,,,,,,,,,,,,1,1,false,,,,
item_9946,Product,Andromeda De Ahli,,,,9946,Mujer,553000.0,,true,PERCENT,0.0,InStock,60.0,395000.0,,,,,,,,,,,,,,,,,,,,,,,,,,,,,,,1,1,false,,,,
item_9944,Product,Naos De Ahli,,,,9944,Hombre,553000.0,,true,PERCENT,0.0,InStock,60.0,395000.0,,,,,,,,,,,,,,,,,,,,,,,,,,,,,,,1,1,false,,,,
item_9943,Product,Roses Vanille De Mancera,,,,9943,Mujer,697200.0,,true,PERCENT,0.0,InStock,120.0,498000.0,,,,,,,,,,,,,,,,,,,,,,,,,,,,,,,1,1,false,,,,
item_9941,Product,The Icon The Perfume Antonio Banderas,,,,9941,Hombre,197400.0,,true,PERCENT,0.0,InStock,100.0,141000.0,,,,,,,,,,,,,,,,,,,,,,,,,,,,,,,1,1,false,,,,
item_9939,Product,Expose Blanc Maison Alhambra,,,,9939,Hombre,210000.0,,true,PERCENT,0.0,InStock,100.0,150000.0,,,,,,,,,,,,,,,,,,,,,,,,,,,,,,,1,1,false,,,,
item_9938,Product,Expose Intense Men De Maison Alhambra,,,,9938,Hombre,235200.0,,true,PERCENT,0.0,InStock,100.0,168000.0,,,,,,,,,,,,,,,,,,,,,,,,,,,,,,,1,1,false,,,,
item_9936,Product,Ana Al Awwal Maleki De Nusuk,,,,9936,Mujer,218400.0,,true,PERCENT,0.0,InStock,100.0,156000.0,,,,,,,,,,,,,,,,,,,,,,,,,,,,,,,1,1,false,,,,
item_9934,Product,Al Noble Wazeer De Lattafa,,,,9934,Hombre,260400.0,,true,PERCENT,0.0,InStock,100.0,186000.0,,,,,,,,,,,,,,,,,,,,,,,,,,,,,,,1,1,false,,,,
item_9933,Product,Al Noble Ameer De Lattafa,,,,9933,Hombre,274400.0,,true,PERCENT,0.0,InStock,100.0,196000.0,,,,,,,,,,,,,,,,,,,,,,,,,,,,,,,1,1,false,,,,
item_9932,Product,Al Noble Safeer De Lattafa,,,,9932,Hombre,260400.0,,true,PERCENT,0.0,InStock,100.0,186000.0,,,,,,,,,,,,,,,,,,,,,,,,,,,,,,,1,1,false,,,,
item_9928,Product,Viking Cairo De Bharara,,,,9928,Hombre,512400.0,,true,PERCENT,0.0,InStock,100.0,366000.0,,,,,,,,,,,,,,,,,,,,,,,,,,,,,,,1,1,false,,,,
item_9927,Product,Al Qiam Silver De Lattafa Pride,,,,9927,Hombre,301000.0,,true,PERCENT,0.0,InStock,100.0,215000.0,,,,,,,,,,,,,,,,,,,,,,,,,,,,,,,1,1,false,,,,
item_9926,Product,Viking Beirut De Bharara,,,,9926,Hombre,495600.0,,true,PERCENT,0.0,InStock,100.0,354000.0,,,,,,,,,,,,,,,,,,,,,,,,,,,,,,,1,1,false,,,,
item_9925,Product,Sparkle De Kate Spade,,,,9925,Mujer,407400.0,,true,PERCENT,0.0,InStock,100.0,291000.0,,,,,,,,,,,,,,,,,,,,,,,,,,,,,,,1,1,false,,,,
item_9921,Product,Dafa Al Rooh De Al Wataniah,,,,9921,Mujer,284200.0,,true,PERCENT,0.0,InStock,100.0,203000.0,,,,,,,,,,,,,,,,,,,,,,,,,,,,,,,1,1,false,,,,
item_9920,Product,Lahdath De Lattafa Pride,,,,9920,Mujer,372400.0,,true,PERCENT,0.0,InStock,80.0,266000.0,,,,,,,,,,,,,,,,,,,,,,,,,,,,,,,1,1,false,,,,
item_9919,Product,Valentino Uomo Intense De Valentino,,,,9919,Hombre,824600.0,,true,PERCENT,0.0,InStock,100.0,589000.0,,,,,,,,,,,,,,,,,,,,,,,,,,,,,,,1,1,false,,,,
item_9918,Product,Oud Al Rumaan Wasam De Lattafa,,,,9918,Mujer,302400.0,,true,PERCENT,0.0,InStock,100.0,216000.0,,,,,,,,,,,,,,,,,,,,,,,,,,,,,,,1,1,false,,,,
item_9916,Product,Kismet Magic Maison Alhambra,,,,9916,Mujer,291200.0,,true,PERCENT,0.0,InStock,100.0,208000.0,,,,,,,,,,,,,,,,,,,,,,,,,,,,,,,1,1,false,,,,
item_9911,Product,King De Bharara,,,,9911,Hombre,564200.0,,true,PERCENT,0.0,InStock,200.0,403000.0,,,,,,,,,,,,,,,,,,,,,,,,,,,,,,,1,1,false,,,,
item_9910,Product,Ristretto Intense Caf√® De Montale,,,,9910,Hombre,701400.0,,true,PERCENT,0.0,InStock,100.0,501000.0,,,,,,,,,,,,,,,,,,,,,,,,,,,,,,,1,1,false,,,,
item_9909,Product,Tonka Cola De Mancera,,,,9909,,761600.0,,true,PERCENT,0.0,InStock,120.0,544000.0,,,,,,,,,,,,,,,,,,,,,,,,,,,,,,,1,1,false,,,,
item_9908,Product,Defy De Calvin Klein,,,,9908,Hombre,376600.0,,true,PERCENT,0.0,InStock,100.0,269000.0,,,,,,,,,,,,,,,,,,,,,,,,,,,,,,,1,1,false,,,,
item_9906,Product,Tuscany Leather De Fragrance World,,,,9906,Hombre,327600.0,,true,PERCENT,0.0,InStock,80.0,234000.0,,,,,,,,,,,,,,,,,,,,,,,,,,,,,,,1,1,false,,,,
item_9905,Product,Chrome Under The Pole De Azzaro,,,,9905,Hombre,326200.0,,true,PERCENT,0.0,InStock,100.0,233000.0,,,,,,,,,,,,,,,,,,,,,,,,,,,,,,,1,1,false,,,,
item_9903,Product,Oud Desert Gold Cool & Cool,,,,9903,Mujer,359800.0,,true,PERCENT,0.0,InStock,100.0,257000.0,,,,,,,,,,,,,,,,,,,,,,,,,,,,,,,1,1,false,,,,
item_9902,Product,Musk Eternal Vogue Cool & Cool,,,,9902,Mujer,372400.0,,true,PERCENT,0.0,InStock,100.0,266000.0,,,,,,,,,,,,,,,,,,,,,,,,,,,,,,,1,1,false,,,,
item_9901,Product,Bakhoor Royal Ocean Cool & Cool,,,,9901,Hombre,368200.0,,true,PERCENT,0.0,InStock,100.0,263000.0,,,,,,,,,,,,,,,,,,,,,,,,,,,,,,,1,1,false,,,,
item_9900,Product,Amber Divine Passion Cool & Cool,,,,9900,Mujer,359800.0,,true,PERCENT,0.0,InStock,100.0,257000.0,,,,,,,,,,,,,,,,,,,,,,,,,,,,,,,1,1,false,,,,
item_9899,Product,Bleecker Street Bond 9,,,,9899,Hombre,1904000.0,,true,PERCENT,0.0,InStock,100.0,1360000.0,,,,,,,,,,,,,,,,,,,,,,,,,,,,,,,1,1,false,,,,
item_9897,Product,Roses Musk De Montale,,,,9897,Mujer,621600.0,,true,PERCENT,0.0,InStock,100.0,444000.0,,,,,,,,,,,,,,,,,,,,,,,,,,,,,,,1,1,false,,,,
item_9893,Product,Hala De Al Wataniah,,,,9893,,229600.0,,true,PERCENT,0.0,InStock,100.0,164000.0,,,,,,,,,,,,,,,,,,,,,,,,,,,,,,,1,1,false,,,,
item_9889,Product,Inebriante Hnd,,,,9889,Hombre,354200.0,,true,PERCENT,0.0,InStock,100.0,253000.0,,,,,,,,,,,,,,,,,,,,,,,,,,,,,,,1,1,false,,,,
item_9882,Product,9 Pm De Afnan,,,,9882,Mujer,295400.0,,true,PERCENT,0.0,InStock,100.0,211000.0,,,,,,,,,,,,,,,,,,,,,,,,,,,,,,,1,1,false,,,,
item_9878,Product,9 Am Pour Femme De Afnan,,,,9878,Mujer,306600.0,,true,PERCENT,0.0,InStock,100.0,219000.0,,,,,,,,,,,,,,,,,,,,,,,,,,,,,,,1,1,false,,,,
item_9872,Product,Hayati De Al Haramain,,,,9872,Mujer,618800.0,,true,PERCENT,0.0,InStock,100.0,442000.0,,,,,,,,,,,,,,,,,,,,,,,,,,,,,,,1,1,false,,,,
item_9871,Product,Prada Amber Pour Homme Intense,,,,9871,Hombre,959000.0,,true,PERCENT,0.0,InStock,100.0,685000.0,,,,,,,,,,,,,,,,,,,,,,,,,,,,,,,1,1,false,,,,
item_9870,Product,Yara Moi De Lattafa,,,,9870,Mujer,264600.0,,true,PERCENT,0.0,InStock,100.0,189000.0,,,,,,,,,,,,,,,,,,,,,,,,,,,,,,,1,1,false,,,,
item_9869,Product,Oud Mood Reminiscence De Lattafa,,,,9869,Hombre,247800.0,,true,PERCENT,0.0,InStock,100.0,177000.0,,,,,,,,,,,,,,,,,,,,,,,,,,,,,,,1,1,false,,,,
item_9868,Product,Oud Mood Elixir De Lattafa,,,,9868,Hombre,229600.0,,true,PERCENT,0.0,InStock,100.0,164000.0,,,,,,,,,,,,,,,,,,,,,,,,,,,,,,,1,1,false,,,,
item_9866,Product,Rose Petals De Maison Alhambra,,,,9866,Mujer,259000.0,,true,PERCENT,0.0,InStock,80.0,185000.0,,,,,,,,,,,,,,,,,,,,,,,,,,,,,,,1,1,false,,,,
item_9864,Product,Bright Peach De Maison Alhambra,,,,9864,Mujer,266000.0,,true,PERCENT,0.0,InStock,80.0,190000.0,,,,,,,,,,,,,,,,,,,,,,,,,,,,,,,1,1,false,,,,
item_9862,Product,Salvo De Maison Alhambra,,,,9862,Hombre,336000.0,,true,PERCENT,0.0,InStock,100.0,240000.0,,,,,,,,,,,,,,,,,,,,,,,,,,,,,,,1,1,false,,,,
item_9861,Product,Viking Dubai De Bharara,,,,9861,Hombre,536200.0,,true,PERCENT,0.0,InStock,100.0,383000.0,,,,,,,,,,,,,,,,,,,,,,,,,,,,,,,1,1,false,,,,
item_9859,Product,Amber & Leather Maison Alhambra,,,,9859,Hombre,266000.0,,true,PERCENT,0.0,InStock,100.0,190000.0,,,,,,,,,,,,,,,,,,,,,,,,,,,,,,,1,1,false,,,,
item_9858,Product,Club De Nuit Urban Man Elixir De Armaf,,,,9858,Hombre,326200.0,,true,PERCENT,0.0,InStock,105.0,233000.0,,,,,,,,,,,,,,,,,,,,,,,,,,,,,,,1,1,false,,,,
item_9855,Product,Il Noir De Ilmin,,,,9855,Hombre,719600.0,,true,PERCENT,0.0,InStock,30.0,514000.0,,,,,,,,,,,,,,,,,,,,,,,,,,,,,,,1,1,false,,,,
item_9854,Product,Il Rojo De Ilmin,,,,9854,Hombre,725200.0,,true,PERCENT,0.0,InStock,30.0,518000.0,,,,,,,,,,,,,,,,,,,,,,,,,,,,,,,1,1,false,,,,
item_9852,Product,Il √ârotique De Ilmin Oro 24K,,,,9852,Mujer,935200.0,,true,PERCENT,0.0,InStock,30.0,668000.0,,,,,,,,,,,,,,,,,,,,,,,,,,,,,,,1,1,false,,,,
item_9853,Product,Il √ârotique De Ilmin,,,,9853,Mujer,719600.0,,true,PERCENT,0.0,InStock,30.0,514000.0,,,,,,,,,,,,,,,,,,,,,,,,,,,,,,,1,1,false,,,,
item_9850,Product,Il Ego De Ilmin,,,,9850,Hombre,719600.0,,true,PERCENT,0.0,InStock,30.0,514000.0,,,,,,,,,,,,,,,,,,,,,,,,,,,,,,,1,1,false,,,,
item_9849,Product,Il Oomph De Ilmin,,,,9849,Unisex,719600.0,,true,PERCENT,0.0,InStock,30.0,514000.0,,,,,,,,,,,,,,,,,,,,,,,,,,,,,,,1,1,false,,,,
item_9848,Product,Il Mexico De Ilmin,,,,9848,Hombre,719600.0,,true,PERCENT,0.0,InStock,30.0,514000.0,,,,,,,,,,,,,,,,,,,,,,,,,,,,,,,1,1,false,,,,
item_9845,Product,Viva La Juicy Petals Please Juicy Couture,,,,9845,Mujer,376600.0,,true,PERCENT,0.0,InStock,100.0,269000.0,,,,,,,,,,,,,,,,,,,,,,,,,,,,,,,1,1,false,,,,
item_9844,Product,Versus Red Jeans De Versace,,,,9844,Mujer,210000.0,,true,PERCENT,0.0,InStock,75.0,150000.0,,,,,,,,,,,,,,,,,,,,,,,,,,,,,,,1,1,false,,,,
item_9843,Product,Merak√°i Bliss De Patek Maison,,,,9843,Hombre,478800.0,,true,PERCENT,0.0,InStock,100.0,342000.0,,,,,,,,,,,,,,,,,,,,,,,,,,,,,,,1,1,false,,,,
item_9841,Product,Il Bee De Ilmin,,,,9841,Unisex,719600.0,,true,PERCENT,0.0,InStock,30.0,514000.0,,,,,,,,,,,,,,,,,,,,,,,,,,,,,,,1,1,false,,,,
item_9838,Product,Il Aroma De Ilmin,,,,9838,Mujer,732200.0,,true,PERCENT,0.0,InStock,30.0,523000.0,,,,,,,,,,,,,,,,,,,,,,,,,,,,,,,1,1,false,,,,
item_9837,Product,Il Dolce De Ilmin Oro 24K,,,,9837,Unisex,935200.0,,true,PERCENT,0.0,InStock,30.0,668000.0,,,,,,,,,,,,,,,,,,,,,,,,,,,,,,,1,1,false,,,,
item_9835,Product,Il Sexuel De Ilmin,,,,9835,Unisex,728000.0,,true,PERCENT,0.0,InStock,30.0,520000.0,,,,,,,,,,,,,,,,,,,,,,,,,,,,,,,1,1,false,,,,
item_9834,Product,Il Snob De Ilmin,,,,9834,Hombre,767200.0,,true,PERCENT,0.0,InStock,30.0,548000.0,,,,,,,,,,,,,,,,,,,,,,,,,,,,,,,1,1,false,,,,
item_9833,Product,Il Sont De Ilmin,,,,9833,Unisex,719600.0,,true,PERCENT,0.0,InStock,30.0,514000.0,,,,,,,,,,,,,,,,,,,,,,,,,,,,,,,1,1,false,,,,
item_9832,Product,Il Vert De Ilmin,,,,9832,Hombre,719600.0,,true,PERCENT,0.0,InStock,30.0,514000.0,,,,,,,,,,,,,,,,,,,,,,,,,,,,,,,1,1,false,,,,
item_9830,Product,Invictus Platinum De Paco Rabanne,,,,9830,Hombre,581000.0,,true,PERCENT,0.0,InStock,100.0,415000.0,,,,,,,,,,,,,,,,,,,,,,,,,,,,,,,1,1,false,,,,
item_9829,Product,Salvatore Pour Homme De Salvatore Ferragamo,,,,9829,Hombre,285600.0,,true,PERCENT,0.0,InStock,100.0,204000.0,,,,,,,,,,,,,,,,,,,,,,,,,,,,,,,1,1,false,,,,
item_9828,Product,Fantasy Naked Britney Spears,,,,9828,Mujer,266000.0,,true,PERCENT,0.0,InStock,100.0,190000.0,,,,,,,,,,,,,,,,,,,,,,,,,,,,,,,1,1,false,,,,
item_9824,Product,Ra'ed Silver Lattafa,,,,9824,Hombre,243600.0,,true,PERCENT,0.0,InStock,100.0,174000.0,,,,,,,,,,,,,,,,,,,,,,,,,,,,,,,1,1,false,,,,
item_9823,Product,Ramz Silver De Lattafa,,,,9823,Hombre,296800.0,,true,PERCENT,0.0,InStock,100.0,212000.0,,,,,,,,,,,,,,,,,,,,,,,,,,,,,,,1,1,false,,,,
item_9822,Product,High Line Bond No 9 Nyc,,,,9822,Unisex,2086000.0,,true,PERCENT,0.0,InStock,100.0,1490000.0,,,,,,,,,,,,,,,,,,,,,,,,,,,,,,,1,1,false,,,,
item_9821,Product,Stronger With You Absolutely Emporio Armani,,,,9821,Hombre,865200.0,,true,PERCENT,0.0,InStock,100.0,618000.0,,,,,,,,,,,,,,,,,,,,,,,,,,,,,,,1,1,false,,,,
item_9819,Product,Club De Nuit Untold De Armaf,,,,9819,,368200.0,,true,PERCENT,0.0,InStock,105.0,263000.0,,,,,,,,,,,,,,,,,,,,,,,,,,,,,,,1,1,false,,,,
item_9818,Product,Club De Nuit Iconic De Armaf,,,,9818,Hombre,359800.0,,true,PERCENT,0.0,InStock,105.0,257000.0,,,,,,,,,,,,,,,,,,,,,,,,,,,,,,,1,1,false,,,,
item_9817,Product,Club De Nuit White Imperiale Armaf,,,,9817,Mujer,368200.0,,true,PERCENT,0.0,InStock,105.0,263000.0,,,,,,,,,,,,,,,,,,,,,,,,,,,,,,,1,1,false,,,,
item_9816,Product,Young Sexy Lovely De Ysl,,,,9816,Mujer,644000.0,,true,PERCENT,0.0,InStock,75.0,460000.0,,,,,,,,,,,,,,,,,,,,,,,,,,,,,,,1,1,false,,,,
item_9810,Product,Rave Now Black Edition De Lattafa,,,,9810,Hombre,254800.0,,true,PERCENT,0.0,InStock,100.0,182000.0,,,,,,,,,,,,,,,,,,,,,,,,,,,,,,,1,1,false,,,,
item_9808,Product,Dance Diamonds De Shakira,,,,9808,Mujer,214200.0,,true,PERCENT,0.0,InStock,80.0,153000.0,,,,,,,,,,,,,,,,,,,,,,,,,,,,,,,1,1,false,,,,
item_9807,Product,Dance Red Midnight De Shakira,,,,9807,Mujer,211400.0,,true,PERCENT,0.0,InStock,80.0,151000.0,,,,,,,,,,,,,,,,,,,,,,,,,,,,,,,1,1,false,,,,
item_9806,Product,Dream De Shakira,,,,9806,Mujer,191800.0,,true,PERCENT,0.0,InStock,80.0,137000.0,,,,,,,,,,,,,,,,,,,,,,,,,,,,,,,1,1,false,,,,
item_9804,Product,Tous Man Chill,,,,9804,Hombre,292600.0,,true,PERCENT,0.0,InStock,100.0,209000.0,,,,,,,,,,,,,,,,,,,,,,,,,,,,,,,1,1,false,,,,
item_9801,Product,Wall Street Bond No 9 Nyc,,,,9801,Hombre,2188200.0,,true,PERCENT,0.0,InStock,100.0,1563000.0,,,,,,,,,,,,,,,,,,,,,,,,,,,,,,,1,1,false,,,,
item_9800,Product,Central Park West Bond No 9 Nyc,,,,9800,Unisex,1642200.0,,true,PERCENT,0.0,InStock,100.0,1173000.0,,,,,,,,,,,,,,,,,,,,,,,,,,,,,,,1,1,false,,,,
item_9798,Product,Amber Oud Gold Edition Al Haramain,,,,9798,,407400.0,,true,PERCENT,0.0,InStock,100.0,291000.0,,,,,,,,,,,,,,,,,,,,,,,,,,,,,,,1,1,false,,,,
item_9796,Product,Eilish De Billie Eilish,,,,9796,Mujer,380800.0,,true,PERCENT,0.0,InStock,100.0,272000.0,,,,,,,,,,,,,,,,,,,,,,,,,,,,,,,1,1,false,,,,
item_9795,Product,French Riviera De Mancera,,,,9795,Hombre,806400.0,,true,PERCENT,0.0,InStock,120.0,576000.0,,,,,,,,,,,,,,,,,,,,,,,,,,,,,,,1,1,false,,,,
item_9788,Product,Jean Lowe Nouveau De Maison Alhambra,,,,9788,Hombre,313600.0,,true,PERCENT,0.0,InStock,100.0,224000.0,,,,,,,,,,,,,,,,,,,,,,,,,,,,,,,1,1,false,,,,
item_9787,Product,Jean Lowe Maitre De Maison Alhambra,,,,9787,,274400.0,,true,PERCENT,0.0,InStock,100.0,196000.0,,,,,,,,,,,,,,,,,,,,,,,,,,,,,,,1,1,false,,,,
item_9785,Product,Jean Lowe Immortel Maison Alhambra,,,,9785,Hombre,292600.0,,true,PERCENT,0.0,InStock,100.0,209000.0,,,,,,,,,,,,,,,,,,,,,,,,,,,,,,,1,1,false,,,,
item_9783,Product,Khamrah De Lattafa,,,,9783,Hombre,295400.0,,true,PERCENT,0.0,InStock,100.0,211000.0,,,,,,,,,,,,,,,,,,,,,,,,,,,,,,,1,1,false,,,,
item_9780,Product,Tharwah Gold De Lattafa,,,,9780,Hombre,348600.0,,true,PERCENT,0.0,InStock,100.0,249000.0,,,,,,,,,,,,,,,,,,,,,,,,,,,,,,,1,1,false,,,,
item_9779,Product,Awaan De Lattafa,,,,9779,Hombre,316400.0,,true,PERCENT,0.0,InStock,100.0,226000.0,,,,,,,,,,,,,,,,,,,,,,,,,,,,,,,1,1,false,,,,
item_9776,Product,Il Kakuno De Ilmin,,,,9776,Hombre,719600.0,,true,PERCENT,0.0,InStock,30.0,514000.0,,,,,,,,,,,,,,,,,,,,,,,,,,,,,,,1,1,false,,,,
item_9774,Product,Night Party De Metropolis,,,,9774,Hombre,285600.0,,true,PERCENT,0.0,InStock,100.0,204000.0,,,,,,,,,,,,,,,,,,,,,,,,,,,,,,,1,1,false,,,,
item_9773,Product,Masterpiece De Metropolis,,,,9773,Hombre,285600.0,,true,PERCENT,0.0,InStock,100.0,204000.0,,,,,,,,,,,,,,,,,,,,,,,,,,,,,,,1,1,false,,,,
item_9772,Product,Hot Lips De Metropolis,,,,9772,Mujer,285600.0,,true,PERCENT,0.0,InStock,100.0,204000.0,,,,,,,,,,,,,,,,,,,,,,,,,,,,,,,1,1,false,,,,
item_9771,Product,Green Valley Village De Metropolis,,,,9771,Mujer,285600.0,,true,PERCENT,0.0,InStock,100.0,204000.0,,,,,,,,,,,,,,,,,,,,,,,,,,,,,,,1,1,false,,,,
item_9769,Product,Loewe 7 Cobalt De Loewe,,,,9769,Hombre,743400.0,,true,PERCENT,0.0,InStock,100.0,531000.0,,,,,,,,,,,,,,,,,,,,,,,,,,,,,,,1,1,false,,,,
item_9768,Product,Aura Floral De Loewe,,,,9768,Mujer,833000.0,,true,PERCENT,0.0,InStock,100.0,595000.0,,,,,,,,,,,,,,,,,,,,,,,,,,,,,,,1,1,false,,,,
item_9766,Product,Gentleman De Givenchy,,,,9766,Hombre,586600.0,,true,PERCENT,0.0,InStock,100.0,419000.0,,,,,,,,,,,,,,,,,,,,,,,,,,,,,,,1,1,false,,,,
item_9761,Product,Aqua Palma De Montale,,,,9761,Hombre,674800.0,,true,PERCENT,0.0,InStock,100.0,482000.0,,,,,,,,,,,,,,,,,,,,,,,,,,,,,,,1,1,false,,,,
item_9758,Product,Good Fortune Viktor & Rolf,,,,9758,Mujer,963200.0,,true,PERCENT,0.0,InStock,90.0,688000.0,,,,,,,,,,,,,,,,,,,,,,,,,,,,,,,1,1,false,,,,
item_9755,Product,Amber Oud Bleu Edition Al Haramain,,,,9755,Hombre,624400.0,,true,PERCENT,0.0,InStock,200.0,446000.0,,,,,,,,,,,,,,,,,,,,,,,,,,,,,,,1,1,false,,,,
item_9754,Product,Supremacy Silver De Afnan,,,,9754,Hombre,285600.0,,true,PERCENT,0.0,InStock,100.0,204000.0,,,,,,,,,,,,,,,,,,,,,,,,,,,,,,,1,1,false,,,,
item_9753,Product,Supremacy Noir De Afnan,,,,9753,Hombre,274400.0,,true,PERCENT,0.0,InStock,100.0,196000.0,,,,,,,,,,,,,,,,,,,,,,,,,,,,,,,1,1,false,,,,
item_9752,Product,Supremacy Gold De Afnan,,,,9752,Unisex,306600.0,,true,PERCENT,0.0,InStock,100.0,219000.0,,,,,,,,,,,,,,,,,,,,,,,,,,,,,,,1,1,false,,,,
item_9750,Product,9 Pm De Afnan,,,,9750,Hombre,285600.0,,true,PERCENT,0.0,InStock,100.0,204000.0,,,,,,,,,,,,,,,,,,,,,,,,,,,,,,,1,1,false,,,,
item_9749,Product,Kedu De Memo Paris,,,,9749,Hombre,1232000.0,,true,PERCENT,0.0,InStock,75.0,880000.0,,,,,,,,,,,,,,,,,,,,,,,,,,,,,,,1,1,false,,,,
item_9747,Product,Ishq Al Shuyukh Silver De Lattafa,,,,9747,Hombre,289800.0,,true,PERCENT,0.0,InStock,100.0,207000.0,,,,,,,,,,,,,,,,,,,,,,,,,,,,,,,1,1,false,,,,
item_9746,Product,Shaheen Gold De Lattafa,,,,9746,Hombre,285600.0,,true,PERCENT,0.0,InStock,100.0,204000.0,,,,,,,,,,,,,,,,,,,,,,,,,,,,,,,1,1,false,,,,
item_9744,Product,Eternal Oud De Lattafa,,,,9744,Hombre,289800.0,,true,PERCENT,0.0,InStock,100.0,207000.0,,,,,,,,,,,,,,,,,,,,,,,,,,,,,,,1,1,false,,,,
item_9739,Product,Delilah De Maison Alhambra,,,,9739,Mujer,229600.0,,true,PERCENT,0.0,InStock,100.0,164000.0,,,,,,,,,,,,,,,,,,,,,,,,,,,,,,,1,1,false,,,,
item_9737,Product,Invictus De Paco Rabanne,,,,9737,Hombre,792400.0,,true,PERCENT,0.0,InStock,200.0,566000.0,,,,,,,,,,,,,,,,,,,,,,,,,,,,,,,1,1,false,,,,
item_9734,Product,Lail Maleki De Lattafa,,,,9734,Unisex,225400.0,,true,PERCENT,0.0,InStock,100.0,161000.0,,,,,,,,,,,,,,,,,,,,,,,,,,,,,,,1,1,false,,,,
item_9733,Product,Galatea Maison Alhambra,,,,9733,Hombre,289800.0,,true,PERCENT,0.0,InStock,100.0,207000.0,,,,,,,,,,,,,,,,,,,,,,,,,,,,,,,1,1,false,,,,
item_9730,Product,Musamam De Lattafa,,,,9730,Hombre,326200.0,,true,PERCENT,0.0,InStock,100.0,233000.0,,,,,,,,,,,,,,,,,,,,,,,,,,,,,,,1,1,false,,,,
item_9729,Product,Shaheen Silver De Lattafa,,,,9729,Hombre,289800.0,,true,PERCENT,0.0,InStock,100.0,207000.0,,,,,,,,,,,,,,,,,,,,,,,,,,,,,,,1,1,false,,,,
item_9728,Product,Suqraat De Lattafa,,,,9728,Hombre,285600.0,,true,PERCENT,0.0,InStock,100.0,204000.0,,,,,,,,,,,,,,,,,,,,,,,,,,,,,,,1,1,false,,,,
item_9727,Product,Nebras De Lattafa,,,,9727,,302400.0,,true,PERCENT,0.0,InStock,100.0,216000.0,,,,,,,,,,,,,,,,,,,,,,,,,,,,,,,1,1,false,,,,
item_9626,Product,Blue Oud De Lattafa,,,,9626,Hombre,266000.0,,true,PERCENT,0.0,InStock,100.0,190000.0,,,,,,,,,,,,,,,,,,,,,,,,,,,,,,,1,1,false,,,,
item_9624,Product,Drakkar Intense De Guy Laroche,,,,9624,Hombre,322000.0,,true,PERCENT,0.0,InStock,100.0,230000.0,,,,,,,,,,,,,,,,,,,,,,,,,,,,,,,1,1,false,,,,
item_9619,Product,Asad De Lattafa,,,,9619,Hombre,261800.0,,true,PERCENT,0.0,InStock,100.0,187000.0,,,,,,,,,,,,,,,,,,,,,,,,,,,,,,,1,1,false,,,,
item_9618,Product,Qaed Al Fursan Unlimited De Lattafa,,,,9618,,229600.0,,true,PERCENT,0.0,InStock,90.0,164000.0,,,,,,,,,,,,,,,,,,,,,,,,,,,,,,,1,1,false,,,,
item_9617,Product,Qaed Al Fursan De Lattafa,,,,9617,Hombre,229600.0,,true,PERCENT,0.0,InStock,90.0,164000.0,,,,,,,,,,,,,,,,,,,,,,,,,,,,,,,1,1,false,,,,
item_9615,Product,Ameer Al Oudh Intense Oud De Lattafa,,,,9615,Hombre,281400.0,,true,PERCENT,0.0,InStock,100.0,201000.0,,,,,,,,,,,,,,,,,,,,,,,,,,,,,,,1,1,false,,,,
item_9614,Product,Oud Mood De Lattafa,,,,9614,Unisex,235200.0,,true,PERCENT,0.0,InStock,100.0,168000.0,,,,,,,,,,,,,,,,,,,,,,,,,,,,,,,1,1,false,,,,
item_9613,Product,Opulent Musk De Lattafa,,,,9613,Mujer,218400.0,,true,PERCENT,0.0,InStock,100.0,156000.0,,,,,,,,,,,,,,,,,,,,,,,,,,,,,,,1,1,false,,,,
item_9602,Product,Jannat De Memo Paris,,,,9602,Unisex,1232000.0,,true,PERCENT,0.0,InStock,75.0,880000.0,,,,,,,,,,,,,,,,,,,,,,,,,,,,,,,1,1,false,,,,
item_9600,Product,Irish Leather De Memo Paris,,,,9600,Hombre,1232000.0,,true,PERCENT,0.0,InStock,100.0,880000.0,,,,,,,,,,,,,,,,,,,,,,,,,,,,,,,1,1,false,,,,
item_9599,Product,Ajwad De Lattafa,,,,9599,Mujer,285600.0,,true,PERCENT,0.0,InStock,60.0,204000.0,,,,,,,,,,,,,,,,,,,,,,,,,,,,,,,1,1,false,,,,
item_9598,Product,Maahir De Lattafa,,,,9598,Hombre,280000.0,,true,PERCENT,0.0,InStock,100.0,200000.0,,,,,,,,,,,,,,,,,,,,,,,,,,,,,,,1,1,false,,,,
item_9597,Product,Maahir Black Edition De Lattafa,,,,9597,Hombre,280000.0,,true,PERCENT,0.0,InStock,100.0,200000.0,,,,,,,,,,,,,,,,,,,,,,,,,,,,,,,1,1,false,,,,
item_9594,Product,Ilha Do Mel De Memo Paris,,,,9594,Mujer,1197000.0,,true,PERCENT,0.0,InStock,75.0,855000.0,,,,,,,,,,,,,,,,,,,,,,,,,,,,,,,1,1,false,,,,
item_9586,Product,Fleur De Pecher Karl Lagerfeld,,,,9586,Mujer,296800.0,,true,PERCENT,0.0,InStock,100.0,212000.0,,,,,,,,,,,,,,,,,,,,,,,,,,,,,,,1,1,false,,,,
item_9584,Product,Flower De Kenzo L'absolue,,,,9584,Mujer,539000.0,,true,PERCENT,0.0,InStock,100.0,385000.0,,,,,,,,,,,,,,,,,,,,,,,,,,,,,,,1,1,false,,,,
item_9581,Product,Xo Xclusif Oud Classic De Orientica,,,,9581,Unisex,604800.0,,true,PERCENT,0.0,InStock,60.0,432000.0,,,,,,,,,,,,,,,,,,,,,,,,,,,,,,,1,1,false,,,,
item_9580,Product,Xo Xclusif Oud Sport De Orientica,,,,9580,Unisex,604800.0,,true,PERCENT,0.0,InStock,60.0,432000.0,,,,,,,,,,,,,,,,,,,,,,,,,,,,,,,1,1,false,,,,
item_9579,Product,Xo Xclusif Oud Bleu De Orientica,,,,9579,Hombre,424200.0,,true,PERCENT,0.0,InStock,60.0,303000.0,,,,,,,,,,,,,,,,,,,,,,,,,,,,,,,1,1,false,,,,
item_9577,Product,Amber Oud Gold Edition Extreme De Al Haramain,,,,9577,,553000.0,,true,PERCENT,0.0,InStock,100.0,395000.0,,,,,,,,,,,,,,,,,,,,,,,,,,,,,,,1,1,false,,,,
item_9576,Product,Amber Oud Gold Edition Extreme De Al Haramain,,,,9576,Hombre,761600.0,,true,PERCENT,0.0,InStock,200.0,544000.0,,,,,,,,,,,,,,,,,,,,,,,,,,,,,,,1,1,false,,,,
item_9573,Product,Loveme The Silver Parfum De Tous,,,,9573,Mujer,359800.0,,true,PERCENT,0.0,InStock,90.0,257000.0,,,,,,,,,,,,,,,,,,,,,,,,,,,,,,,1,1,false,,,,
item_9570,Product,Kismet Moscow De Maison Alhambra,,,,9570,Hombre,271600.0,,true,PERCENT,0.0,InStock,100.0,194000.0,,,,,,,,,,,,,,,,,,,,,,,,,,,,,,,1,1,false,,,,
item_9569,Product,Kismet De Maison Alhambra,,,,9569,Mujer,243600.0,,true,PERCENT,0.0,InStock,100.0,174000.0,,,,,,,,,,,,,,,,,,,,,,,,,,,,,,,1,1,false,,,,
item_9568,Product,Kismet De Maison Alhambra,,,,9568,Hombre,243600.0,,true,PERCENT,0.0,InStock,100.0,174000.0,,,,,,,,,,,,,,,,,,,,,,,,,,,,,,,1,1,false,,,,
item_9565,Product,Game Of Spades Win De Jo Milano,,,,9565,Hombre,544600.0,,true,PERCENT,0.0,InStock,100.0,389000.0,,,,,,,,,,,,,,,,,,,,,,,,,,,,,,,1,1,false,,,,
item_9563,Product,L'aventure Gold De Al Haramain,,,,9563,Mujer,526400.0,,true,PERCENT,0.0,InStock,200.0,376000.0,,,,,,,,,,,,,,,,,,,,,,,,,,,,,,,1,1,false,,,,
item_9562,Product,L'aventure Gold De Al Haramain,,,,9562,Mujer,316400.0,,true,PERCENT,0.0,InStock,100.0,226000.0,,,,,,,,,,,,,,,,,,,,,,,,,,,,,,,1,1,false,,,,
item_9561,Product,Dynamic De Bharara,,,,9561,Hombre,289800.0,,true,PERCENT,0.0,InStock,100.0,207000.0,,,,,,,,,,,,,,,,,,,,,,,,,,,,,,,1,1,false,,,,
item_9560,Product,L¬•aventure Rose De Al Haramain,,,,9560,Mujer,372400.0,,true,PERCENT,0.0,InStock,200.0,266000.0,,,,,,,,,,,,,,,,,,,,,,,,,,,,,,,1,1,false,,,,
item_9559,Product,Infini Rose De Maison Alhambra,,,,9559,Mujer,271600.0,,true,PERCENT,0.0,InStock,100.0,194000.0,,,,,,,,,,,,,,,,,,,,,,,,,,,,,,,1,1,false,,,,
item_9556,Product,Coach Wild Rose De Coach,,,,9556,Mujer,413000.0,,true,PERCENT,0.0,InStock,90.0,295000.0,,,,,,,,,,,,,,,,,,,,,,,,,,,,,,,1,1,false,,,,
item_9555,Product,Delina Exclusif Parfums De Marly,,,,9555,Mujer,1797600.0,,true,PERCENT,0.0,InStock,75.0,1284000.0,,,,,,,,,,,,,,,,,,,,,,,,,,,,,,,1,1,false,,,,
item_9554,Product,Orientica Royal Bleu De Al Haramain,,,,9554,Hombre,487200.0,,true,PERCENT,0.0,InStock,80.0,348000.0,,,,,,,,,,,,,,,,,,,,,,,,,,,,,,,1,1,false,,,,
item_9552,Product,I Want Choo De Jimmy Choo,,,,9552,Mujer,478800.0,,true,PERCENT,0.0,InStock,100.0,342000.0,,,,,,,,,,,,,,,,,,,,,,,,,,,,,,,1,1,false,,,,
item_9551,Product,Yara De Lattafa,,,,9551,Mujer,264600.0,,true,PERCENT,0.0,InStock,100.0,189000.0,,,,,,,,,,,,,,,,,,,,,,,,,,,,,,,1,1,false,,,,
item_9549,Product,Washwashah De Lattafa Pure Concentrated,,,,9549,Mujer,218400.0,,true,PERCENT,0.0,InStock,25.0,156000.0,,,,,,,,,,,,,,,,,,,,,,,,,,,,,,,1,1,false,,,,
item_9544,Product,Guess Effect De Guess,,,,9544,Hombre,247800.0,,true,PERCENT,0.0,InStock,100.0,177000.0,,,,,,,,,,,,,,,,,,,,,,,,,,,,,,,1,1,false,,,,
item_9541,Product,Tous Gems Party De Tous,,,,9541,Mujer,368200.0,,true,PERCENT,0.0,InStock,90.0,263000.0,,,,,,,,,,,,,,,,,,,,,,,,,,,,,,,1,1,false,,,,
item_9540,Product,Fig Extasy De Mancera,,,,9540,Hombre,621600.0,,true,PERCENT,0.0,InStock,120.0,444000.0,,,,,,,,,,,,,,,,,,,,,,,,,,,,,,,1,1,false,,,,
item_9539,Product,Lady Million Fabulous De Paco Rabanne,,,,9539,Mujer,604800.0,,true,PERCENT,0.0,InStock,80.0,432000.0,,,,,,,,,,,,,,,,,,,,,,,,,,,,,,,1,1,false,,,,
item_9537,Product,Ana Al Awwal De Nusuk Silver,,,,9537,Hombre,210000.0,,true,PERCENT,0.0,InStock,100.0,150000.0,,,,,,,,,,,,,,,,,,,,,,,,,,,,,,,1,1,false,,,,
item_9534,Product,Our Moment De One Direction,,,,9534,Mujer,266000.0,,true,PERCENT,0.0,InStock,100.0,190000.0,,,,,,,,,,,,,,,,,,,,,,,,,,,,,,,1,1,false,,,,
item_9528,Product,Amber Oud Gold Edition De Al Haramain,,,,9528,,550200.0,,true,PERCENT,0.0,InStock,200.0,393000.0,,,,,,,,,,,,,,,,,,,,,,,,,,,,,,,1,1,false,,,,
item_9525,Product,Erba Pura De Xerjoff,,,,9525,Unisex,1503600.0,,true,PERCENT,0.0,InStock,100.0,1074000.0,,,,,,,,,,,,,,,,,,,,,,,,,,,,,,,1,1,false,,,,
item_9522,Product,Burberry Her Blossom De Burberry,,,,9522,Mujer,547400.0,,true,PERCENT,0.0,InStock,100.0,391000.0,,,,,,,,,,,,,,,,,,,,,,,,,,,,,,,1,1,false,,,,
item_9511,Product,Light Blue Italian Love Dolce & Gabbana,,,,9511,Mujer,614600.0,,true,PERCENT,0.0,InStock,100.0,439000.0,,,,,,,,,,,,,,,,,,,,,,,,,,,,,,,1,1,false,,,,
item_9502,Product,Chypre Fruite De Montale,,,,9502,Mujer,630000.0,,true,PERCENT,0.0,InStock,100.0,450000.0,,,,,,,,,,,,,,,,,,,,,,,,,,,,,,,1,1,false,,,,
item_9500,Product,Classique De Jean Paul Gaultier,,,,9500,Mujer,574000.0,,true,PERCENT,0.0,InStock,100.0,410000.0,,,,,,,,,,,,,,,,,,,,,,,,,,,,,,,1,1,false,,,,
item_9499,Product,Bella Vita De Guess,,,,9499,Mujer,316400.0,,true,PERCENT,0.0,InStock,100.0,226000.0,,,,,,,,,,,,,,,,,,,,,,,,,,,,,,,1,1,false,,,,
item_9498,Product,Bella Vita Rosa De Guess,,,,9498,Mujer,316400.0,,true,PERCENT,0.0,InStock,100.0,226000.0,,,,,,,,,,,,,,,,,,,,,,,,,,,,,,,1,1,false,,,,
item_9497,Product,Wind Flowers De Creed,,,,9497,Mujer,2007600.0,,true,PERCENT,0.0,InStock,75.0,1434000.0,,,,,,,,,,,,,,,,,,,,,,,,,,,,,,,1,1,false,,,,
item_9495,Product,Lacoste Red De Lacoste,,,,9495,Hombre,362600.0,,true,PERCENT,0.0,InStock,125.0,259000.0,,,,,,,,,,,,,,,,,,,,,,,,,,,,,,,1,1,false,,,,
item_9494,Product,Colors Rose Intenso De Benetton,,,,9494,Mujer,197400.0,,true,PERCENT,0.0,InStock,80.0,141000.0,,,,,,,,,,,,,,,,,,,,,,,,,,,,,,,1,1,false,,,,
item_9493,Product,Colors Man Black Intenso De Benetton,,,,9493,Hombre,238000.0,,true,PERCENT,0.0,InStock,100.0,170000.0,,,,,,,,,,,,,,,,,,,,,,,,,,,,,,,1,1,false,,,,
item_9492,Product,Aqua Extreme Perry Ellis,,,,9492,Hombre,301000.0,,true,PERCENT,0.0,InStock,200.0,215000.0,,,,,,,,,,,,,,,,,,,,,,,,,,,,,,,1,1,false,,,,
item_9490,Product,Nina Rose De Nina Ricci,,,,9490,Mujer,414400.0,,true,PERCENT,0.0,InStock,80.0,296000.0,,,,,,,,,,,,,,,,,,,,,,,,,,,,,,,1,1,false,,,,
item_9488,Product,Bassano Extremis Intense,,,,9488,Hombre,210000.0,,true,PERCENT,0.0,InStock,100.0,150000.0,,,,,,,,,,,,,,,,,,,,,,,,,,,,,,,1,1,false,,,,
item_9487,Product,Bassano Extremis Black,,,,9487,Hombre,210000.0,,true,PERCENT,0.0,InStock,100.0,150000.0,,,,,,,,,,,,,,,,,,,,,,,,,,,,,,,1,1,false,,,,
item_9485,Product,Ahli Orion,,,,9485,Mujer,533400.0,,true,PERCENT,0.0,InStock,60.0,381000.0,,,,,,,,,,,,,,,,,,,,,,,,,,,,,,,1,1,false,,,,
item_9484,Product,Ahli Canes,,,,9484,Unisex,553000.0,,true,PERCENT,0.0,InStock,60.0,395000.0,,,,,,,,,,,,,,,,,,,,,,,,,,,,,,,1,1,false,,,,
item_9483,Product,Sisterland Blue Neroli De Benetton,,,,9483,Mujer,194600.0,,true,PERCENT,0.0,InStock,80.0,139000.0,,,,,,,,,,,,,,,,,,,,,,,,,,,,,,,1,1,false,,,,
item_9482,Product,Ana Al Awwal De Nusuk,,,,9482,Unisex,218400.0,,true,PERCENT,0.0,InStock,100.0,156000.0,,,,,,,,,,,,,,,,,,,,,,,,,,,,,,,1,1,false,,,,
item_9481,Product,Bade'e Al Oud Amethyst De Lattafa,,,,9481,Mujer,263200.0,,true,PERCENT,0.0,InStock,100.0,188000.0,,,,,,,,,,,,,,,,,,,,,,,,,,,,,,,1,1,false,,,,
item_9478,Product,Neon Candy De Tous,,,,9478,Mujer,295400.0,,true,PERCENT,0.0,InStock,90.0,211000.0,,,,,,,,,,,,,,,,,,,,,,,,,,,,,,,1,1,false,,,,
item_9477,Product,God Is A Woman De Ariana Grande,,,,9477,Mujer,326200.0,,true,PERCENT,0.0,InStock,100.0,233000.0,,,,,,,,,,,,,,,,,,,,,,,,,,,,,,,1,1,false,,,,
item_9476,Product,Bade'e Al Oud For Glory De Lattafa,,,,9476,Hombre,263200.0,,true,PERCENT,0.0,InStock,100.0,188000.0,,,,,,,,,,,,,,,,,,,,,,,,,,,,,,,1,1,false,,,,
item_9473,Product,Escada Fairy Love,,,,9473,Mujer,376600.0,,true,PERCENT,0.0,InStock,100.0,269000.0,,,,,,,,,,,,,,,,,,,,,,,,,,,,,,,1,1,false,,,,
item_9471,Product,Eros Parfum De Versace,,,,9471,Hombre,495600.0,,true,PERCENT,0.0,InStock,100.0,354000.0,,,,,,,,,,,,,,,,,,,,,,,,,,,,,,,1,1,false,,,,
item_9470,Product,Cedrat Boise Intense De Mancera,,,,9470,Hombre,779800.0,,true,PERCENT,0.0,InStock,120.0,557000.0,,,,,,,,,,,,,,,,,,,,,,,,,,,,,,,1,1,false,,,,
item_9466,Product,One Man Show De Jacques Bogart,,,,9466,Hombre,168000.0,,true,PERCENT,0.0,InStock,100.0,120000.0,,,,,,,,,,,,,,,,,,,,,,,,,,,,,,,1,1,false,,,,
item_9464,Product,Acqua Di Gioia De Giorgio Armani,,,,9464,Mujer,798000.0,,true,PERCENT,0.0,InStock,150.0,570000.0,,,,,,,,,,,,,,,,,,,,,,,,,,,,,,,1,1,false,,,,
item_9463,Product,Boss Man De Hugo Boss,,,,9463,Hombre,295400.0,,true,PERCENT,0.0,InStock,100.0,211000.0,,,,,,,,,,,,,,,,,,,,,,,,,,,,,,,1,1,false,,,,
item_9458,Product,Paco Rabanne Pour Homme,,,,9458,Hombre,316400.0,,true,PERCENT,0.0,InStock,100.0,226000.0,,,,,,,,,,,,,,,,,,,,,,,,,,,,,,,1,1,false,,,,
item_9455,Product,Perry Ellis 18 Fuego,,,,9455,Hombre,259000.0,,true,PERCENT,0.0,InStock,100.0,185000.0,,,,,,,,,,,,,,,,,,,,,,,,,,,,,,,1,1,false,,,,
item_9454,Product,Passion De Elizabeth Taylor's,,,,9454,Mujer,229600.0,,true,PERCENT,0.0,InStock,74.0,164000.0,,,,,,,,,,,,,,,,,,,,,,,,,,,,,,,1,1,false,,,,
item_9453,Product,Passion For Men De Elizabeth Taylor's,,,,9453,Hombre,177800.0,,true,PERCENT,0.0,InStock,118.0,127000.0,,,,,,,,,,,,,,,,,,,,,,,,,,,,,,,1,1,false,,,,
item_9452,Product,Rumba De Ted Lapidus,,,,9452,Mujer,218400.0,,true,PERCENT,0.0,InStock,100.0,156000.0,,,,,,,,,,,,,,,,,,,,,,,,,,,,,,,1,1,false,,,,
item_9451,Product,Rose Noire Black De Giorgio Valenti,,,,9451,Hombre,107800.0,,true,PERCENT,0.0,InStock,100.0,77000.0,,,,,,,,,,,,,,,,,,,,,,,,,,,,,,,1,1,false,,,,
item_9449,Product,Legend Red De Montblanc,,,,9449,Hombre,334600.0,,true,PERCENT,0.0,InStock,100.0,239000.0,,,,,,,,,,,,,,,,,,,,,,,,,,,,,,,1,1,false,,,,
item_9448,Product,Intense Tiare De Montale,,,,9448,Mujer,630000.0,,true,PERCENT,0.0,InStock,100.0,450000.0,,,,,,,,,,,,,,,,,,,,,,,,,,,,,,,1,1,false,,,,
item_9447,Product,Cr7 Origins De Cristiano Ronaldo,,,,9447,Hombre,306600.0,,true,PERCENT,0.0,InStock,100.0,219000.0,,,,,,,,,,,,,,,,,,,,,,,,,,,,,,,1,1,false,,,,
item_9446,Product,Ruby Rush De Paris Hilton,,,,9446,Mujer,263200.0,,true,PERCENT,0.0,InStock,100.0,188000.0,,,,,,,,,,,,,,,,,,,,,,,,,,,,,,,1,1,false,,,,
item_9441,Product,Perfect De Marc Jacobs,,,,9441,Mujer,609000.0,,true,PERCENT,0.0,InStock,100.0,435000.0,,,,,,,,,,,,,,,,,,,,,,,,,,,,,,,1,1,false,,,,
item_9440,Product,Le Beau Le Parfum Intense Jean Paul Gaultier,,,,9440,,707000.0,,true,PERCENT,0.0,InStock,125.0,505000.0,,,,,,,,,,,,,,,,,,,,,,,,,,,,,,,1,1,false,,,,
item_9439,Product,Fame De Paco Rabanne,,,,9439,Mujer,702800.0,,true,PERCENT,0.0,InStock,80.0,502000.0,,,,,,,,,,,,,,,,,,,,,,,,,,,,,,,1,1,false,,,,
item_9436,Product,Animale Sexy,,,,9436,Mujer,247800.0,,true,PERCENT,0.0,InStock,100.0,177000.0,,,,,,,,,,,,,,,,,,,,,,,,,,,,,,,1,1,false,,,,
item_9435,Product,Miss Dior De Christian Dior,,,,9435,Mujer,1111600.0,,true,PERCENT,0.0,InStock,100.0,794000.0,,,,,,,,,,,,,,,,,,,,,,,,,,,,,,,1,1,false,,,,
item_9434,Product,212 Heroes Forever Young Carolina Herrera,,,,9434,Mujer,618800.0,,true,PERCENT,0.0,InStock,80.0,442000.0,,,,,,,,,,,,,,,,,,,,,,,,,,,,,,,1,1,false,,,,
item_9430,Product,Olympea Solar Paco Rabanne 80  EDP Intense Dama,,,,9430,Mujer,674800.0,,true,PERCENT,0.0,InStock,80.0,482000.0,,,,,,,,,,,,,,,,,,,,,,,,,,,,,,,1,1,false,,,,
item_9427,Product,Oud Edition De Montale,,,,9427,Hombre,639800.0,,true,PERCENT,0.0,InStock,100.0,457000.0,,,,,,,,,,,,,,,,,,,,,,,,,,,,,,,1,1,false,,,,
item_9425,Product,Crazy In Love De Montale,,,,9425,Mujer,743400.0,,true,PERCENT,0.0,InStock,100.0,531000.0,,,,,,,,,,,,,,,,,,,,,,,,,,,,,,,1,1,false,,,,
item_9421,Product,Gold Flowers De Montale,,,,9421,Mujer,630000.0,,true,PERCENT,0.0,InStock,100.0,450000.0,,,,,,,,,,,,,,,,,,,,,,,,,,,,,,,1,1,false,,,,
item_9420,Product,Full Incense De Montale,,,,9420,Hombre,656600.0,,true,PERCENT,0.0,InStock,100.0,469000.0,,,,,,,,,,,,,,,,,,,,,,,,,,,,,,,1,1,false,,,,
item_9419,Product,Chypre Vanille De Montale,,,,9419,Mujer,639800.0,,true,PERCENT,0.0,InStock,100.0,457000.0,,,,,,,,,,,,,,,,,,,,,,,,,,,,,,,1,1,false,,,,
item_9408,Product,Candy Rose De Montale,,,,9408,Mujer,639800.0,,true,PERCENT,0.0,InStock,100.0,457000.0,,,,,,,,,,,,,,,,,,,,,,,,,,,,,,,1,1,false,,,,
item_9406,Product,Tribu De Benetton,,,,9406,Mujer,218400.0,,true,PERCENT,0.0,InStock,100.0,156000.0,,,,,,,,,,,,,,,,,,,,,,,,,,,,,,,1,1,false,,,,
item_9403,Product,Attar De Montale,,,,9403,Unisex,630000.0,,true,PERCENT,0.0,InStock,100.0,450000.0,,,,,,,,,,,,,,,,,,,,,,,,,,,,,,,1,1,false,,,,
item_9402,Product,Idole L'intense De Lancome,,,,9402,Mujer,968800.0,,true,PERCENT,0.0,InStock,75.0,692000.0,,,,,,,,,,,,,,,,,,,,,,,,,,,,,,,1,1,false,,,,
item_9401,Product,Festive Fantasy Britney Spears,,,,9401,Mujer,218400.0,,true,PERCENT,0.0,InStock,100.0,156000.0,,,,,,,,,,,,,,,,,,,,,,,,,,,,,,,1,1,false,,,,
item_9400,Product,Blissful Fantasy Britney Spears,,,,9400,Mujer,242200.0,,true,PERCENT,0.0,InStock,100.0,173000.0,,,,,,,,,,,,,,,,,,,,,,,,,,,,,,,1,1,false,,,,
item_9398,Product,Too Sexy De Cuba Paris,,,,9398,Mujer,107800.0,,true,PERCENT,0.0,InStock,100.0,77000.0,,,,,,,,,,,,,,,,,,,,,,,,,,,,,,,1,1,false,,,,
item_9396,Product,My Love De Cuba Paris,,,,9396,Mujer,107800.0,,true,PERCENT,0.0,InStock,100.0,77000.0,,,,,,,,,,,,,,,,,,,,,,,,,,,,,,,1,1,false,,,,
item_9394,Product,Milestone De Cuba Paris,,,,9394,Hombre,109200.0,,true,PERCENT,0.0,InStock,100.0,78000.0,,,,,,,,,,,,,,,,,,,,,,,,,,,,,,,1,1,false,,,,
item_9393,Product,Club De Nuit Intense Pure Perfume De Armaf,,,,9393,Hombre,429800.0,,true,PERCENT,0.0,InStock,150.0,307000.0,,,,,,,,,,,,,,,,,,,,,,,,,,,,,,,1,1,false,,,,
item_9392,Product,Very Purple De Perry Ellis,,,,9392,Mujer,274400.0,,true,PERCENT,0.0,InStock,100.0,196000.0,,,,,,,,,,,,,,,,,,,,,,,,,,,,,,,1,1,false,,,,
item_9383,Product,Terre D'hermes Eau Intense Vetiver,,,,9383,Hombre,729400.0,,true,PERCENT,0.0,InStock,100.0,521000.0,,,,,,,,,,,,,,,,,,,,,,,,,,,,,,,1,1,false,,,,
item_9381,Product,Guess Uomo,,,,9381,Hombre,259000.0,,true,PERCENT,0.0,InStock,100.0,185000.0,,,,,,,,,,,,,,,,,,,,,,,,,,,,,,,1,1,false,,,,
item_9379,Product,Guess Man Forever,,,,9379,Hombre,238000.0,,true,PERCENT,0.0,InStock,75.0,170000.0,,,,,,,,,,,,,,,,,,,,,,,,,,,,,,,1,1,false,,,,
item_9378,Product,Gucci Guilty Pour Femme,,,,9378,Mujer,695800.0,,true,PERCENT,0.0,InStock,90.0,497000.0,,,,,,,,,,,,,,,,,,,,,,,,,,,,,,,1,1,false,,,,
item_9374,Product,Fantasy Sheer De Britney Spears,,,,9374,Mujer,238000.0,,true,PERCENT,0.0,InStock,100.0,170000.0,,,,,,,,,,,,,,,,,,,,,,,,,,,,,,,1,1,false,,,,
item_9367,Product,Loverdose De Diesel,,,,9367,Mujer,459200.0,,true,PERCENT,0.0,InStock,75.0,328000.0,,,,,,,,,,,,,,,,,,,,,,,,,,,,,,,1,1,false,,,,
item_9364,Product,Curve De Liz Claiborne,,,,9364,Mujer,218400.0,,true,PERCENT,0.0,InStock,100.0,156000.0,,,,,,,,,,,,,,,,,,,,,,,,,,,,,,,1,1,false,,,,
item_9363,Product,Curious Britney Spears,,,,9363,Mujer,201600.0,,true,PERCENT,0.0,InStock,100.0,144000.0,,,,,,,,,,,,,,,,,,,,,,,,,,,,,,,1,1,false,,,,
item_9359,Product,Acqua Di Parisis Venizia Reyane Tradition Dama,,,,9359,Mujer,210000.0,,true,PERCENT,0.0,InStock,100.0,150000.0,,,,,,,,,,,,,,,,,,,,,,,,,,,,,,,1,1,false,,,,
item_9356,Product,Delina La Ros√©e De Marly Paris,,,,9356,Mujer,1639400.0,,true,PERCENT,0.0,InStock,75.0,1171000.0,,,,,,,,,,,,,,,,,,,,,,,,,,,,,,,1,1,false,,,,
item_9355,Product,Kalan De Marly Paris,,,,9355,Unisex,1744400.0,,true,PERCENT,0.0,InStock,125.0,1246000.0,,,,,,,,,,,,,,,,,,,,,,,,,,,,,,,1,1,false,,,,
item_9354,Product,Layton Exclusif De Marly Paris,,,,9354,Unisex,1906800.0,,true,PERCENT,0.0,InStock,125.0,1362000.0,,,,,,,,,,,,,,,,,,,,,,,,,,,,,,,1,1,false,,,,
item_9351,Product,Gentleman Bois√©e De Givenchy,,,,9351,Hombre,595000.0,,true,PERCENT,0.0,InStock,100.0,425000.0,,,,,,,,,,,,,,,,,,,,,,,,,,,,,,,1,1,false,,,,
item_9348,Product,L'aventure Intense De Al Haramain,,,,9348,Hombre,316400.0,,true,PERCENT,0.0,InStock,100.0,226000.0,,,,,,,,,,,,,,,,,,,,,,,,,,,,,,,1,1,false,,,,
item_9340,Product,Sauvage Elixir De Dior,,,,9340,Hombre,1682800.0,,true,PERCENT,0.0,InStock,60.0,1202000.0,,,,,,,,,,,,,,,,,,,,,,,,,,,,,,,1,1,false,,,,
item_9339,Product,1 Million Elixir Parfum Intense De Paco Rabanne Hombre,,,,9339,Hombre,639800.0,,true,PERCENT,0.0,InStock,100.0,457000.0,,,,,,,,,,,,,,,,,,,,,,,,,,,,,,,1,1,false,,,,
item_9338,Product,Fakhar Black De Lattafa,,,,9338,Hombre,280000.0,,true,PERCENT,0.0,InStock,100.0,200000.0,,,,,,,,,,,,,,,,,,,,,,,,,,,,,,,1,1,false,,,,
item_9337,Product,Fakhar White De Lattafa,,,,9337,Mujer,280000.0,,true,PERCENT,0.0,InStock,100.0,200000.0,,,,,,,,,,,,,,,,,,,,,,,,,,,,,,,1,1,false,,,,
item_9335,Product,Hugo Man Extreme De Hugo Boss,,,,9335,Hombre,296800.0,,true,PERCENT,0.0,InStock,75.0,212000.0,,,,,,,,,,,,,,,,,,,,,,,,,,,,,,,1,1,false,,,,
item_9329,Product,Dreams Sunset De Coach,,,,9329,Mujer,390600.0,,true,PERCENT,0.0,InStock,90.0,279000.0,,,,,,,,,,,,,,,,,,,,,,,,,,,,,,,1,1,false,,,,
item_9327,Product,Phantom De Paco Rabanne,,,,9327,Hombre,599200.0,,true,PERCENT,0.0,InStock,100.0,428000.0,,,,,,,,,,,,,,,,,,,,,,,,,,,,,,,1,1,false,,,,
item_9322,Product,Boss Alive Hugo Boss,,,,9322,Mujer,565600.0,,true,PERCENT,0.0,InStock,80.0,404000.0,,,,,,,,,,,,,,,,,,,,,,,,,,,,,,,1,1,false,,,,
item_9321,Product,Halloween I'm Unique,,,,9321,Mujer,196000.0,,true,PERCENT,0.0,InStock,100.0,140000.0,,,,,,,,,,,,,,,,,,,,,,,,,,,,,,,1,1,false,,,,
item_9315,Product,Melodie De Orientica,,,,9315,Mujer,564200.0,,true,PERCENT,0.0,InStock,90.0,403000.0,,,,,,,,,,,,,,,,,,,,,,,,,,,,,,,1,1,false,,,,
item_9310,Product,Tequila Gold,,,,9310,Hombre,306600.0,,true,PERCENT,0.0,InStock,100.0,219000.0,,,,,,,,,,,,,,,,,,,,,,,,,,,,,,,1,1,false,,,,
item_9307,Product,Musk Maliki De Al Haramain,,,,9307,Mujer,473200.0,,true,PERCENT,0.0,InStock,100.0,338000.0,,,,,,,,,,,,,,,,,,,,,,,,,,,,,,,1,1,false,,,,
item_9305,Product,Musk Collection De Al Haramain,,,,9305,Hombre,473200.0,,true,PERCENT,0.0,InStock,100.0,338000.0,,,,,,,,,,,,,,,,,,,,,,,,,,,,,,,1,1,false,,,,
item_9304,Product,Royal Musk De Al Haramain,,,,9304,Mujer,473200.0,,true,PERCENT,0.0,InStock,100.0,338000.0,,,,,,,,,,,,,,,,,,,,,,,,,,,,,,,1,1,false,,,,
item_9294,Product,Blanc L.12.12 De Lacoste,,,,9294,Hombre,411600.0,,true,PERCENT,0.0,InStock,100.0,294000.0,,,,,,,,,,,,,,,,,,,,,,,,,,,,,,,1,1,false,,,,
item_9293,Product,H24 De Herm√©s,,,,9293,Hombre,291200.0,,true,PERCENT,0.0,InStock,100.0,208000.0,,,,,,,,,,,,,,,,,,,,,,,,,,,,,,,1,1,false,,,,
item_9285,Product,Merak√°i Essence De Patek Maison,,,,9285,Mujer,505400.0,,true,PERCENT,0.0,InStock,100.0,361000.0,,,,,,,,,,,,,,,,,,,,,,,,,,,,,,,1,1,false,,,,
item_9276,Product,Sauvage De Dior,,,,9276,Hombre,1345400.0,,true,PERCENT,0.0,InStock,200.0,961000.0,,,,,,,,,,,,,,,,,,,,,,,,,,,,,,,1,1,false,,,,
item_9266,Product,Don De Bharara,,,,9266,Hombre,429800.0,,true,PERCENT,0.0,InStock,100.0,307000.0,,,,,,,,,,,,,,,,,,,,,,,,,,,,,,,1,1,false,,,,
item_9263,Product,Shades Of Kolam De Issey Miyake,,,,9263,Mujer,385000.0,,true,PERCENT,0.0,InStock,100.0,275000.0,,,,,,,,,,,,,,,,,,,,,,,,,,,,,,,1,1,false,,,,
item_9262,Product,Explorer De Montblanc,,,,9262,Hombre,624400.0,,true,PERCENT,0.0,InStock,200.0,446000.0,,,,,,,,,,,,,,,,,,,,,,,,,,,,,,,1,1,false,,,,
item_9261,Product,Vanilla Extasy De Montale,,,,9261,Mujer,630000.0,,true,PERCENT,0.0,InStock,100.0,450000.0,,,,,,,,,,,,,,,,,,,,,,,,,,,,,,,1,1,false,,,,
item_9259,Product,White Musk De Montale,,,,9259,Mujer,697200.0,,true,PERCENT,0.0,InStock,100.0,498000.0,,,,,,,,,,,,,,,,,,,,,,,,,,,,,,,1,1,false,,,,
item_9258,Product,Amber Oud Carbon Edition Al Haramain,,,,9258,Hombre,495600.0,,true,PERCENT,0.0,InStock,100.0,354000.0,,,,,,,,,,,,,,,,,,,,,,,,,,,,,,,1,1,false,,,,
item_9256,Product,Amber Oud White Edition Al Haramain,,,,9256,Hombre,470400.0,,true,PERCENT,0.0,InStock,100.0,336000.0,,,,,,,,,,,,,,,,,,,,,,,,,,,,,,,1,1,false,,,,
item_9248,Product,Chinatown De Bond No 9,,,,9248,Mujer,2090200.0,,true,PERCENT,0.0,InStock,100.0,1493000.0,,,,,,,,,,,,,,,,,,,,,,,,,,,,,,,1,1,false,,,,
item_9247,Product,Arsenal Gc 001 Gilles Cantuel,,,,9247,Hombre,168000.0,,true,PERCENT,0.0,InStock,100.0,120000.0,,,,,,,,,,,,,,,,,,,,,,,,,,,,,,,1,1,false,,,,
item_9245,Product,Invictus Victory De Paco Rabanne 200  Hombre EDP Extr√™me,,,,9245,Hombre,784000.0,,true,PERCENT,0.0,InStock,200.0,560000.0,,,,,,,,,,,,,,,,,,,,,,,,,,,,,,,1,1,false,,,,
item_9242,Product,I Am Juicy Couture De Juicy Couture,,,,9242,Mujer,413000.0,,true,PERCENT,0.0,InStock,100.0,295000.0,,,,,,,,,,,,,,,,,,,,,,,,,,,,,,,1,1,false,,,,
item_9241,Product,R.e.m De Ariana Grande,,,,9241,Mujer,403200.0,,true,PERCENT,0.0,InStock,100.0,288000.0,,,,,,,,,,,,,,,,,,,,,,,,,,,,,,,1,1,false,,,,
item_9239,Product,Diavolo De Antonio Banderas,,,,9239,Hombre,166600.0,,true,PERCENT,0.0,InStock,100.0,119000.0,,,,,,,,,,,,,,,,,,,,,,,,,,,,,,,1,1,false,,,,
item_9238,Product,Queen Lively Muse De Antonio Banderas,,,,9238,Mujer,261800.0,,true,PERCENT,0.0,InStock,80.0,187000.0,,,,,,,,,,,,,,,,,,,,,,,,,,,,,,,1,1,false,,,,
item_9237,Product,Orientica Velvet Gold De Al Haramain,,,,9237,Mujer,484400.0,,true,PERCENT,0.0,InStock,80.0,346000.0,,,,,,,,,,,,,,,,,,,,,,,,,,,,,,,1,1,false,,,,
item_9236,Product,Loveme The Onyx Parfum De Tous,,,,9236,Mujer,399000.0,,true,PERCENT,0.0,InStock,90.0,285000.0,,,,,,,,,,,,,,,,,,,,,,,,,,,,,,,1,1,false,,,,
item_9235,Product,Savane Di Seta De Salvatore Ferragamo,,,,9235,Hombre,376600.0,,true,PERCENT,0.0,InStock,100.0,269000.0,,,,,,,,,,,,,,,,,,,,,,,,,,,,,,,1,1,false,,,,
item_9232,Product,Giungle Di Seta De Salvatore Ferragamo,,,,9232,Hombre,424200.0,,true,PERCENT,0.0,InStock,100.0,303000.0,,,,,,,,,,,,,,,,,,,,,,,,,,,,,,,1,1,false,,,,
item_9231,Product,Niche Sapphire De Armaf,,,,9231,Hombre,296800.0,,true,PERCENT,0.0,InStock,90.0,212000.0,,,,,,,,,,,,,,,,,,,,,,,,,,,,,,,1,1,false,,,,
item_9230,Product,Club De Nuit Woman De Armaf,,,,9230,Mujer,368200.0,,true,PERCENT,0.0,InStock,200.0,263000.0,,,,,,,,,,,,,,,,,,,,,,,,,,,,,,,1,1,false,,,,
item_9225,Product,Guess Seductive Red,,,,9225,Hombre,238000.0,,true,PERCENT,0.0,InStock,100.0,170000.0,,,,,,,,,,,,,,,,,,,,,,,,,,,,,,,1,1,false,,,,
item_9217,Product,White Aoud De Montale,,,,9217,Unisex,630000.0,,true,PERCENT,0.0,InStock,100.0,450000.0,,,,,,,,,,,,,,,,,,,,,,,,,,,,,,,1,1,false,,,,
item_9216,Product,Vetiver Patchouli De Montale,,,,9216,Unisex,630000.0,,true,PERCENT,0.0,InStock,100.0,450000.0,,,,,,,,,,,,,,,,,,,,,,,,,,,,,,,1,1,false,,,,
item_9213,Product,Bakhoor De Montale,,,,9213,Hombre,639800.0,,true,PERCENT,0.0,InStock,100.0,457000.0,,,,,,,,,,,,,,,,,,,,,,,,,,,,,,,1,1,false,,,,
item_9211,Product,Spicy Aoud De Montale,,,,9211,Unisex,630000.0,,true,PERCENT,0.0,InStock,100.0,450000.0,,,,,,,,,,,,,,,,,,,,,,,,,,,,,,,1,1,false,,,,
item_9210,Product,Soleil De Capri Montale,,,,9210,Unisex,586600.0,,true,PERCENT,0.0,InStock,100.0,419000.0,,,,,,,,,,,,,,,,,,,,,,,,,,,,,,,1,1,false,,,,
item_9209,Product,So Iris Intense De Montale,,,,9209,Unisex,630000.0,,true,PERCENT,0.0,InStock,100.0,450000.0,,,,,,,,,,,,,,,,,,,,,,,,,,,,,,,1,1,false,,,,
item_9207,Product,Santal Wood De Montale,,,,9207,Unisex,630000.0,,true,PERCENT,0.0,InStock,100.0,450000.0,,,,,,,,,,,,,,,,,,,,,,,,,,,,,,,1,1,false,,,,
item_9206,Product,Sandflowers De Montale,,,,9206,Unisex,630000.0,,true,PERCENT,0.0,InStock,100.0,450000.0,,,,,,,,,,,,,,,,,,,,,,,,,,,,,,,1,1,false,,,,
item_9205,Product,Royal Aoud De Montale,,,,9205,Unisex,630000.0,,true,PERCENT,0.0,InStock,100.0,450000.0,,,,,,,,,,,,,,,,,,,,,,,,,,,,,,,1,1,false,,,,
item_9203,Product,Shuhrah Pour Femme De Rasasi,,,,9203,Mujer,274400.0,,true,PERCENT,0.0,InStock,100.0,196000.0,,,,,,,,,,,,,,,,,,,,,,,,,,,,,,,1,1,false,,,,
item_9202,Product,Morning Dew Victorinox Swiss Army,,,,9202,Mujer,350000.0,,true,PERCENT,0.0,InStock,100.0,250000.0,,,,,,,,,,,,,,,,,,,,,,,,,,,,,,,1,1,false,,,,
item_9197,Product,Hawas De Rasasi,,,,9197,Hombre,266000.0,,true,PERCENT,0.0,InStock,100.0,190000.0,,,,,,,,,,,,,,,,,,,,,,,,,,,,,,,1,1,false,,,,
item_9195,Product,Pasha De Cartier Parfum,,,,9195,Hombre,674800.0,,true,PERCENT,0.0,InStock,100.0,482000.0,,,,,,,,,,,,,,,,,,,,,,,,,,,,,,,1,1,false,,,,
item_9194,Product,D√©claration Parfum De Cartier,,,,9194,Hombre,630000.0,,true,PERCENT,0.0,InStock,100.0,450000.0,,,,,,,,,,,,,,,,,,,,,,,,,,,,,,,1,1,false,,,,
item_9191,Product,La Belle Le Parfum Jean Paul Gaultier EDP Intense,,,,9191,,653800.0,,true,PERCENT,0.0,InStock,100.0,467000.0,,,,,,,,,,,,,,,,,,,,,,,,,,,,,,,1,1,false,,,,
item_9187,Product,Original Santal Creed,,,,9187,,1604400.0,,true,PERCENT,0.0,InStock,100.0,1146000.0,,,,,,,,,,,,,,,,,,,,,,,,,,,,,,,1,1,false,,,,
item_9183,Product,Donna Born In Roma Yellow Dream Valentino,,,,9183,Mujer,921200.0,,true,PERCENT,0.0,InStock,100.0,658000.0,,,,,,,,,,,,,,,,,,,,,,,,,,,,,,,1,1,false,,,,
item_9178,Product,Maria Farina Gingembre De Roger&gallet,,,,9178,Mujer,274400.0,,true,PERCENT,0.0,InStock,100.0,196000.0,,,,,,,,,,,,,,,,,,,,,,,,,,,,,,,1,1,false,,,,
item_9177,Product,Maria Farina Fleur De Osmanthus Roger & Gallet,,,,9177,Mujer,274400.0,,true,PERCENT,0.0,InStock,100.0,196000.0,,,,,,,,,,,,,,,,,,,,,,,,,,,,,,,1,1,false,,,,
item_9176,Product,Fleur De Figuier Intense Roger&gallet,,,,9176,Mujer,280000.0,,true,PERCENT,0.0,InStock,100.0,200000.0,,,,,,,,,,,,,,,,,,,,,,,,,,,,,,,1,1,false,,,,
item_9175,Product,Maria Farina Bois D¬¥orange De Roger&gallet,,,,9175,Hombre,267400.0,,true,PERCENT,0.0,InStock,100.0,191000.0,,,,,,,,,,,,,,,,,,,,,,,,,,,,,,,1,1,false,,,,
item_9171,Product,Amber Oud Exclusif Classic De Al Haramain,,,,9171,Hombre,434000.0,,true,PERCENT,0.0,InStock,60.0,310000.0,,,,,,,,,,,,,,,,,,,,,,,,,,,,,,,1,1,false,,,,
item_9169,Product,Terrae Essence Bvlgari,,,,9169,Hombre,576800.0,,true,PERCENT,0.0,InStock,100.0,412000.0,,,,,,,,,,,,,,,,,,,,,,,,,,,,,,,1,1,false,,,,
item_9167,Product,2 Wood Dsquared2,,,,9167,Unisex,295400.0,,true,PERCENT,0.0,InStock,100.0,211000.0,,,,,,,,,,,,,,,,,,,,,,,,,,,,,,,1,1,false,,,,
item_9166,Product,Wood Dsquared2,,,,9166,Mujer,323400.0,,true,PERCENT,0.0,InStock,100.0,231000.0,,,,,,,,,,,,,,,,,,,,,,,,,,,,,,,1,1,false,,,,
item_9165,Product,Wood Dsquared2,,,,9165,Hombre,295400.0,,true,PERCENT,0.0,InStock,100.0,211000.0,,,,,,,,,,,,,,,,,,,,,,,,,,,,,,,1,1,false,,,,
item_9164,Product,Red Wood Dsquared2,,,,9164,Mujer,326200.0,,true,PERCENT,0.0,InStock,100.0,233000.0,,,,,,,,,,,,,,,,,,,,,,,,,,,,,,,1,1,false,,,,
item_9147,Product,Diamond Rose De Montale,,,,9147,Mujer,630000.0,,true,PERCENT,0.0,InStock,100.0,450000.0,,,,,,,,,,,,,,,,,,,,,,,,,,,,,,,1,1,false,,,,
item_9146,Product,Diamond Greedy De Montale,,,,9146,Mujer,637000.0,,true,PERCENT,0.0,InStock,100.0,455000.0,,,,,,,,,,,,,,,,,,,,,,,,,,,,,,,1,1,false,,,,
item_9145,Product,Diamond Flowers De Montale,,,,9145,Mujer,604800.0,,true,PERCENT,0.0,InStock,100.0,432000.0,,,,,,,,,,,,,,,,,,,,,,,,,,,,,,,1,1,false,,,,
item_9144,Product,Blue Matcha De Montale,,,,9144,Unisex,639800.0,,true,PERCENT,0.0,InStock,100.0,457000.0,,,,,,,,,,,,,,,,,,,,,,,,,,,,,,,1,1,false,,,,
item_9143,Product,Arabians Tonka De Montale,,,,9143,Unisex,753200.0,,true,PERCENT,0.0,InStock,100.0,538000.0,,,,,,,,,,,,,,,,,,,,,,,,,,,,,,,1,1,false,,,,
item_9139,Product,Burberry Hero De Burberry,,,,9139,,450800.0,,true,PERCENT,0.0,InStock,100.0,322000.0,,,,,,,,,,,,,,,,,,,,,,,,,,,,,,,1,1,false,,,,
item_9138,Product,Hugo Boss Energise,,,,9138,Hombre,281400.0,,true,PERCENT,0.0,InStock,75.0,201000.0,,,,,,,,,,,,,,,,,,,,,,,,,,,,,,,1,1,false,,,,
item_9136,Product,Niche Femme De Bharara,,,,9136,Mujer,436800.0,,true,PERCENT,0.0,InStock,100.0,312000.0,,,,,,,,,,,,,,,,,,,,,,,,,,,,,,,1,1,false,,,,
item_9135,Product,United Dream Aim High De Benetton,,,,9135,Hombre,229600.0,,true,PERCENT,0.0,InStock,200.0,164000.0,,,,,,,,,,,,,,,,,,,,,,,,,,,,,,,1,1,false,,,,
item_9133,Product,Fierce Abercrombie & Fitch,,,,9133,Hombre,798000.0,,true,PERCENT,0.0,InStock,200.0,570000.0,,,,,,,,,,,,,,,,,,,,,,,,,,,,,,,1,1,false,,,,
item_9132,Product,Individuel Tonic De Montblanc,,,,9132,Hombre,285600.0,,true,PERCENT,0.0,InStock,75.0,204000.0,,,,,,,,,,,,,,,,,,,,,,,,,,,,,,,1,1,false,,,,
item_9129,Product,Lacoste Blanc L.12.12,,,,9129,Hombre,470400.0,,true,PERCENT,0.0,InStock,175.0,336000.0,,,,,,,,,,,,,,,,,,,,,,,,,,,,,,,1,1,false,,,,
item_9125,Product,Boss Bottled De Hugo Boss,,,,9125,Hombre,498400.0,,true,PERCENT,0.0,InStock,100.0,356000.0,,,,,,,,,,,,,,,,,,,,,,,,,,,,,,,1,1,false,,,,
item_9124,Product,L¬•aventure Rose De Al Haramain,,,,9124,Mujer,306600.0,,true,PERCENT,0.0,InStock,100.0,219000.0,,,,,,,,,,,,,,,,,,,,,,,,,,,,,,,1,1,false,,,,
item_9118,Product,Aoud Velvet De Montale,,,,9118,Unisex,621600.0,,true,PERCENT,0.0,InStock,100.0,444000.0,,,,,,,,,,,,,,,,,,,,,,,,,,,,,,,1,1,false,,,,
item_9117,Product,Aoud Sense De Montale,,,,9117,Unisex,621600.0,,true,PERCENT,0.0,InStock,100.0,444000.0,,,,,,,,,,,,,,,,,,,,,,,,,,,,,,,1,1,false,,,,
item_9116,Product,Aoud Queen Roses De Montale Mujer,,,,9116,Mujer,621600.0,,true,PERCENT,0.0,InStock,100.0,444000.0,,,,,,,,,,,,,,,,,,,,,,,,,,,,,,,1,1,false,,,,
item_9113,Product,Aoud Purple Rose De Montale,,,,9113,Unisex,621600.0,,true,PERCENT,0.0,InStock,100.0,444000.0,,,,,,,,,,,,,,,,,,,,,,,,,,,,,,,1,1,false,,,,
item_9112,Product,Aoud Musk De Montale,,,,9112,Hombre,621600.0,,true,PERCENT,0.0,InStock,100.0,444000.0,,,,,,,,,,,,,,,,,,,,,,,,,,,,,,,1,1,false,,,,
item_9121,Product,Intense Black Aoud De Montale,,,,9121,Unisex,621600.0,,true,PERCENT,0.0,InStock,100.0,444000.0,,,,,,,,,,,,,,,,,,,,,,,,,,,,,,,1,1,false,,,,
item_9110,Product,Velvet Flowers De Montale,,,,9110,Mujer,630000.0,,true,PERCENT,0.0,InStock,100.0,450000.0,,,,,,,,,,,,,,,,,,,,,,,,,,,,,,,1,1,false,,,,
item_9109,Product,Velvet Fantasy De Montale,,,,9109,Mujer,639800.0,,true,PERCENT,0.0,InStock,100.0,457000.0,,,,,,,,,,,,,,,,,,,,,,,,,,,,,,,1,1,false,,,,
item_7321,Product,Wild Pears De Montale,,,,7321,Mujer,635600.0,,true,PERCENT,0.0,InStock,100.0,454000.0,,,,,,,,,,,,,,,,,,,,,,,,,,,,,,,1,1,false,,,,
item_7318,Product,Uomo Born In Roma Yellow Dream De Valentino,,,,7318,Hombre,761600.0,,true,PERCENT,0.0,InStock,100.0,544000.0,,,,,,,,,,,,,,,,,,,,,,,,,,,,,,,1,1,false,,,,
item_9102,Product,Dark Vanilla De Montale,,,,9102,Unisex,679000.0,,true,PERCENT,0.0,InStock,100.0,485000.0,,,,,,,,,,,,,,,,,,,,,,,,,,,,,,,1,1,false,,,,
item_9101,Product,Sweet Flowers De Montale,,,,9101,Mujer,630000.0,,true,PERCENT,0.0,InStock,100.0,450000.0,,,,,,,,,,,,,,,,,,,,,,,,,,,,,,,1,1,false,,,,
item_9100,Product,Oud Dream De Montale,,,,9100,Unisex,630000.0,,true,PERCENT,0.0,InStock,100.0,450000.0,,,,,,,,,,,,,,,,,,,,,,,,,,,,,,,1,1,false,,,,
item_9099,Product,The New Rose De Montale,,,,9099,Mujer,630000.0,,true,PERCENT,0.0,InStock,100.0,450000.0,,,,,,,,,,,,,,,,,,,,,,,,,,,,,,,1,1,false,,,,
item_9098,Product,Vanille Absolu De Montale,,,,9098,Unisex,639800.0,,true,PERCENT,0.0,InStock,100.0,457000.0,,,,,,,,,,,,,,,,,,,,,,,,,,,,,,,1,1,false,,,,
item_9097,Product,Steel Victorinox Swiss Army,,,,9097,Hombre,238000.0,,true,PERCENT,0.0,InStock,100.0,170000.0,,,,,,,,,,,,,,,,,,,,,,,,,,,,,,,1,1,false,,,,
item_9096,Product,Tommy Now Girl De Tommy Hilfiger,,,,9096,Mujer,266000.0,,true,PERCENT,0.0,InStock,100.0,190000.0,,,,,,,,,,,,,,,,,,,,,,,,,,,,,,,1,1,false,,,,
item_9092,Product,The Pride De Armaf,,,,9092,Mujer,289800.0,,true,PERCENT,0.0,InStock,100.0,207000.0,,,,,,,,,,,,,,,,,,,,,,,,,,,,,,,1,1,false,,,,
item_9087,Product,Nautica Voyage,,,,9087,Hombre,277200.0,,true,PERCENT,0.0,InStock,200.0,198000.0,,,,,,,,,,,,,,,,,,,,,,,,,,,,,,,1,1,false,,,,
item_9085,Product,Sweet Oriental Dream De Montale,,,,9085,Unisex,630000.0,,true,PERCENT,0.0,InStock,100.0,450000.0,,,,,,,,,,,,,,,,,,,,,,,,,,,,,,,1,1,false,,,,
item_9084,Product,Sunset Flowers De Montale,,,,9084,Unisex,630000.0,,true,PERCENT,0.0,InStock,100.0,450000.0,,,,,,,,,,,,,,,,,,,,,,,,,,,,,,,1,1,false,,,,
item_9082,Product,Boise Vanille De Montale,,,,9082,Mujer,630000.0,,true,PERCENT,0.0,InStock,100.0,450000.0,,,,,,,,,,,,,,,,,,,,,,,,,,,,,,,1,1,false,,,,
item_9081,Product,Aoud Lime De Montale,,,,9081,Unisex,630000.0,,true,PERCENT,0.0,InStock,100.0,450000.0,,,,,,,,,,,,,,,,,,,,,,,,,,,,,,,1,1,false,,,,
item_9079,Product,Miss Dior Rose N'roses De Dior,,,,9079,Mujer,940800.0,,true,PERCENT,0.0,InStock,100.0,672000.0,,,,,,,,,,,,,,,,,,,,,,,,,,,,,,,1,1,false,,,,
item_9077,Product,Rose Noire De Giorgio Valenti,,,,9077,Mujer,142800.0,,true,PERCENT,0.0,InStock,100.0,102000.0,,,,,,,,,,,,,,,,,,,,,,,,,,,,,,,1,1,false,,,,
item_9075,Product,Valentino Uomo Born In Roma,,,,9075,Hombre,775600.0,,true,PERCENT,0.0,InStock,100.0,554000.0,,,,,,,,,,,,,,,,,,,,,,,,,,,,,,,1,1,false,,,,
item_9074,Product,Tommy Now De Tommy Hilfiger,,,,9074,Hombre,266000.0,,true,PERCENT,0.0,InStock,100.0,190000.0,,,,,,,,,,,,,,,,,,,,,,,,,,,,,,,1,1,false,,,,
item_9073,Product,Flower Poppy Bouquet De Kenzo,,,,9073,Mujer,509600.0,,true,PERCENT,0.0,InStock,100.0,364000.0,,,,,,,,,,,,,,,,,,,,,,,,,,,,,,,1,1,false,,,,
item_9072,Product,La Vie Est Belle Soleil Cristal Lancome,,,,9072,Mujer,1075200.0,,true,PERCENT,0.0,InStock,100.0,768000.0,,,,,,,,,,,,,,,,,,,,,,,,,,,,,,,1,1,false,,,,
item_9071,Product,Irresistible De Givenchy Dama,,,,9071,Mujer,571200.0,,true,PERCENT,0.0,InStock,80.0,408000.0,,,,,,,,,,,,,,,,,,,,,,,,,,,,,,,1,1,false,,,,
item_9070,Product,Intense Leather De Ferragamo,,,,9070,Hombre,450800.0,,true,PERCENT,0.0,InStock,100.0,322000.0,,,,,,,,,,,,,,,,,,,,,,,,,,,,,,,1,1,false,,,,
item_9067,Product,Bleu De Bharara,,,,9067,Unisex,421400.0,,true,PERCENT,0.0,InStock,100.0,301000.0,,,,,,,,,,,,,,,,,,,,,,,,,,,,,,,1,1,false,,,,
item_9063,Product,Starry Nights De Montale,,,,9063,Unisex,674800.0,,true,PERCENT,0.0,InStock,100.0,482000.0,,,,,,,,,,,,,,,,,,,,,,,,,,,,,,,1,1,false,,,,
item_9059,Product,Cr7 Game On De Cristiano Ronaldo,,,,9059,Hombre,292600.0,,true,PERCENT,0.0,InStock,100.0,209000.0,,,,,,,,,,,,,,,,,,,,,,,,,,,,,,,1,1,false,,,,
item_9049,Product,Aoud Legend De Montale,,,,9049,Unisex,639800.0,,true,PERCENT,0.0,InStock,100.0,457000.0,,,,,,,,,,,,,,,,,,,,,,,,,,,,,,,1,1,false,,,,
item_9048,Product,Aoud Lagoon De Montale,,,,9048,Unisex,639800.0,,true,PERCENT,0.0,InStock,100.0,457000.0,,,,,,,,,,,,,,,,,,,,,,,,,,,,,,,1,1,false,,,,
item_9046,Product,Scandal Pour Homme De Jean Paul Gaultier,,,,9046,Hombre,623000.0,,true,PERCENT,0.0,InStock,100.0,445000.0,,,,,,,,,,,,,,,,,,,,,,,,,,,,,,,1,1,false,,,,
item_9044,Product,Fresh Couture De Moschino,,,,9044,Mujer,270200.0,,true,PERCENT,0.0,InStock,100.0,193000.0,,,,,,,,,,,,,,,,,,,,,,,,,,,,,,,1,1,false,,,,
item_9043,Product,Orange Flowers De Montale,,,,9043,Unisex,630000.0,,true,PERCENT,0.0,InStock,100.0,450000.0,,,,,,,,,,,,,,,,,,,,,,,,,,,,,,,1,1,false,,,,
item_9042,Product,Aoud Flowers De Montale,,,,9042,Hombre,630000.0,,true,PERCENT,0.0,InStock,100.0,450000.0,,,,,,,,,,,,,,,,,,,,,,,,,,,,,,,1,1,false,,,,
item_9041,Product,Aoud Ever De Montale,,,,9041,Unisex,630000.0,,true,PERCENT,0.0,InStock,100.0,450000.0,,,,,,,,,,,,,,,,,,,,,,,,,,,,,,,1,1,false,,,,
item_9040,Product,Aoud Damascus De Montale,,,,9040,,693000.0,,true,PERCENT,0.0,InStock,100.0,495000.0,,,,,,,,,,,,,,,,,,,,,,,,,,,,,,,1,1,false,,,,
item_9038,Product,Wild Rose Aoud De Mancera,,,,9038,Unisex,761600.0,,true,PERCENT,0.0,InStock,120.0,544000.0,,,,,,,,,,,,,,,,,,,,,,,,,,,,,,,1,1,false,,,,
item_9037,Product,Wild Leather De Mancera,,,,9037,Unisex,761600.0,,true,PERCENT,0.0,InStock,120.0,544000.0,,,,,,,,,,,,,,,,,,,,,,,,,,,,,,,1,1,false,,,,
item_9036,Product,Vetiver Sensuel De Mancera,,,,9036,Unisex,765800.0,,true,PERCENT,0.0,InStock,120.0,547000.0,,,,,,,,,,,,,,,,,,,,,,,,,,,,,,,1,1,false,,,,
item_9035,Product,The Aoud De Mancera,,,,9035,Unisex,761600.0,,true,PERCENT,0.0,InStock,120.0,544000.0,,,,,,,,,,,,,,,,,,,,,,,,,,,,,,,1,1,false,,,,
item_9033,Product,Saharian Wind De Mancera,,,,9033,Unisex,765800.0,,true,PERCENT,0.0,InStock,120.0,547000.0,,,,,,,,,,,,,,,,,,,,,,,,,,,,,,,1,1,false,,,,
item_9030,Product,All√®gresse Rivi√©res De Cartier,,,,9030,Unisex,560000.0,,true,PERCENT,0.0,InStock,100.0,400000.0,,,,,,,,,,,,,,,,,,,,,,,,,,,,,,,1,1,false,,,,
item_9029,Product,Impact De Tommy Hilfiger,,,,9029,Hombre,385000.0,,true,PERCENT,0.0,InStock,100.0,275000.0,,,,,,,,,,,,,,,,,,,,,,,,,,,,,,,1,1,false,,,,
item_9028,Product,Dolce & Gabbana Tradicional,,,,9028,Hombre,548800.0,,true,PERCENT,0.0,InStock,200.0,392000.0,,,,,,,,,,,,,,,,,,,,,,,,,,,,,,,1,1,false,,,,
item_9021,Product,Ferragamo De Salvatore Ferragamo,,,,9021,Hombre,450800.0,,true,PERCENT,0.0,InStock,100.0,322000.0,,,,,,,,,,,,,,,,,,,,,,,,,,,,,,,1,1,false,,,,
item_9019,Product,Enduring Glow De Jennifer Lopez,,,,9019,Mujer,247800.0,,true,PERCENT,0.0,InStock,100.0,177000.0,,,,,,,,,,,,,,,,,,,,,,,,,,,,,,,1,1,false,,,,
item_9018,Product,Dolce De Dolce & Gabbana,,,,9018,Mujer,674800.0,,true,PERCENT,0.0,InStock,75.0,482000.0,,,,,,,,,,,,,,,,,,,,,,,,,,,,,,,1,1,false,,,,
item_9013,Product,The Icon De Antonio Banderas,,,,9013,Hombre,201600.0,,true,PERCENT,0.0,InStock,100.0,144000.0,,,,,,,,,,,,,,,,,,,,,,,,,,,,,,,1,1,false,,,,
item_9012,Product,Viking Cologne De Creed,,,,9012,Hombre,1260000.0,,true,PERCENT,0.0,InStock,100.0,900000.0,,,,,,,,,,,,,,,,,,,,,,,,,,,,,,,1,1,false,,,,
item_9011,Product,Vanille Exclusive De Mancera,,,,9011,Unisex,621600.0,,true,PERCENT,0.0,InStock,120.0,444000.0,,,,,,,,,,,,,,,,,,,,,,,,,,,,,,,1,1,false,,,,
item_9001,Product,Cool Force De Baldessarini,,,,9001,Hombre,285600.0,,true,PERCENT,0.0,InStock,90.0,204000.0,,,,,,,,,,,,,,,,,,,,,,,,,,,,,,,1,1,false,,,,
item_8968,Product,Mon De Guerlain Intense,,,,8968,Mujer,922600.0,,true,PERCENT,0.0,InStock,100.0,659000.0,,,,,,,,,,,,,,,,,,,,,,,,,,,,,,,1,1,false,,,,
item_8956,Product,Bravo Monsieur El Ganso,,,,8956,Hombre,291200.0,,true,PERCENT,0.0,InStock,125.0,208000.0,,,,,,,,,,,,,,,,,,,,,,,,,,,,,,,1,1,false,,,,
item_8955,Product,Pepe Jeans London,,,,8955,Mujer,296800.0,,true,PERCENT,0.0,InStock,80.0,212000.0,,,,,,,,,,,,,,,,,,,,,,,,,,,,,,,1,1,false,,,,
item_8952,Product,Forget Me Not De Victorinox,,,,8952,Mujer,350000.0,,true,PERCENT,0.0,InStock,100.0,250000.0,,,,,,,,,,,,,,,,,,,,,,,,,,,,,,,1,1,false,,,,
item_8951,Product,Black Steel De Victorinox,,,,8951,Hombre,334600.0,,true,PERCENT,0.0,InStock,100.0,239000.0,,,,,,,,,,,,,,,,,,,,,,,,,,,,,,,1,1,false,,,,
item_8950,Product,1920 The Origin De Tous,,,,8950,Hombre,254800.0,,true,PERCENT,0.0,InStock,100.0,182000.0,,,,,,,,,,,,,,,,,,,,,,,,,,,,,,,1,1,false,,,,
item_8949,Product,1920 The Origin De Tous,,,,8949,Hombre,341600.0,,true,PERCENT,0.0,InStock,100.0,244000.0,,,,,,,,,,,,,,,,,,,,,,,,,,,,,,,1,1,false,,,,
item_8947,Product,Maritime Journey De Tommy Bahama,,,,8947,Hombre,285600.0,,true,PERCENT,0.0,InStock,125.0,204000.0,,,,,,,,,,,,,,,,,,,,,,,,,,,,,,,1,1,false,,,,
item_8946,Product,Maritime Deep Blue De Tommy Bahama,,,,8946,Hombre,285600.0,,true,PERCENT,0.0,InStock,125.0,204000.0,,,,,,,,,,,,,,,,,,,,,,,,,,,,,,,1,1,false,,,,
item_8939,Product,Wild Cherry De Mancera,,,,8939,Unisex,761600.0,,true,PERCENT,0.0,InStock,120.0,544000.0,,,,,,,,,,,,,,,,,,,,,,,,,,,,,,,1,1,false,,,,
item_8938,Product,Royal Vanilla Mancera,,,,8938,Unisex,621600.0,,true,PERCENT,0.0,InStock,120.0,444000.0,,,,,,,,,,,,,,,,,,,,,,,,,,,,,,,1,1,false,,,,
item_8936,Product,Midnight Gold De Mancera,,,,8936,Unisex,761600.0,,true,PERCENT,0.0,InStock,120.0,544000.0,,,,,,,,,,,,,,,,,,,,,,,,,,,,,,,1,1,false,,,,
item_8935,Product,Juicy Flowers De Mancera,,,,8935,Mujer,761600.0,,true,PERCENT,0.0,InStock,120.0,544000.0,,,,,,,,,,,,,,,,,,,,,,,,,,,,,,,1,1,false,,,,
item_8934,Product,Black Intensitive Aoud De Mancera,,,,8934,Unisex,835800.0,,true,PERCENT,0.0,InStock,120.0,597000.0,,,,,,,,,,,,,,,,,,,,,,,,,,,,,,,1,1,false,,,,
item_8933,Product,Indian Dream De Mancera,,,,8933,Mujer,761600.0,,true,PERCENT,0.0,InStock,120.0,544000.0,,,,,,,,,,,,,,,,,,,,,,,,,,,,,,,1,1,false,,,,
item_8932,Product,Gold Aoud De Mancera,,,,8932,Unisex,994000.0,,true,PERCENT,0.0,InStock,120.0,710000.0,,,,,,,,,,,,,,,,,,,,,,,,,,,,,,,1,1,false,,,,
item_8931,Product,Feminity De Mancera,,,,8931,Mujer,639800.0,,true,PERCENT,0.0,InStock,120.0,457000.0,,,,,,,,,,,,,,,,,,,,,,,,,,,,,,,1,1,false,,,,
item_8930,Product,Choco Violet De Mancera,,,,8930,Unisex,761600.0,,true,PERCENT,0.0,InStock,120.0,544000.0,,,,,,,,,,,,,,,,,,,,,,,,,,,,,,,1,1,false,,,,
item_8929,Product,Aqua Wood De Mancera,,,,8929,Hombre,765800.0,,true,PERCENT,0.0,InStock,120.0,547000.0,,,,,,,,,,,,,,,,,,,,,,,,,,,,,,,1,1,false,,,,
item_8927,Product,Aoud Caf√® De Mancera,,,,8927,Hombre,761600.0,,true,PERCENT,0.0,InStock,120.0,544000.0,,,,,,,,,,,,,,,,,,,,,,,,,,,,,,,1,1,false,,,,
item_8926,Product,Aoud Black Candy De Mancera,,,,8926,Unisex,761600.0,,true,PERCENT,0.0,InStock,120.0,544000.0,,,,,,,,,,,,,,,,,,,,,,,,,,,,,,,1,1,false,,,,
item_8920,Product,Grey Flannel De Geoffrey Beene,,,,8920,Hombre,229600.0,,true,PERCENT,0.0,InStock,240.0,164000.0,,,,,,,,,,,,,,,,,,,,,,,,,,,,,,,1,1,false,,,,
item_8917,Product,Ambr√© Baldessarini,,,,8917,Hombre,330400.0,,true,PERCENT,0.0,InStock,90.0,236000.0,,,,,,,,,,,,,,,,,,,,,,,,,,,,,,,1,1,false,,,,
item_8916,Product,Silver Blue De Mancera,,,,8916,,842800.0,,true,PERCENT,0.0,InStock,120.0,602000.0,,,,,,,,,,,,,,,,,,,,,,,,,,,,,,,1,1,false,,,,
item_8915,Product,Versace Eros,,,,8915,Hombre,644000.0,,true,PERCENT,0.0,InStock,200.0,460000.0,,,,,,,,,,,,,,,,,,,,,,,,,,,,,,,1,1,false,,,,
item_8914,Product,Ventana De Armaf,,,,8914,Hombre,281400.0,,true,PERCENT,0.0,InStock,100.0,201000.0,,,,,,,,,,,,,,,,,,,,,,,,,,,,,,,1,1,false,,,,
item_8909,Product,Roses Greedy De Mancera,,,,8909,Mujer,761600.0,,true,PERCENT,0.0,InStock,120.0,544000.0,,,,,,,,,,,,,,,,,,,,,,,,,,,,,,,1,1,false,,,,
item_8908,Product,Pink Prestigium De Mancera,,,,8908,Mujer,621600.0,,true,PERCENT,0.0,InStock,120.0,444000.0,,,,,,,,,,,,,,,,,,,,,,,,,,,,,,,1,1,false,,,,
item_8907,Product,Pearl De Mancera,,,,8907,Mujer,761600.0,,true,PERCENT,0.0,InStock,120.0,544000.0,,,,,,,,,,,,,,,,,,,,,,,,,,,,,,,1,1,false,,,,
item_8904,Product,Bad Boy Le Parfum Carolina Herrera,,,,8904,Hombre,604800.0,,true,PERCENT,0.0,InStock,100.0,432000.0,,,,,,,,,,,,,,,,,,,,,,,,,,,,,,,1,1,false,,,,
item_8903,Product,Olympea Blossom Paco Rabanne,,,,8903,Mujer,621600.0,,true,PERCENT,0.0,InStock,80.0,444000.0,,,,,,,,,,,,,,,,,,,,,,,,,,,,,,,1,1,false,,,,
item_8902,Product,Shine De Dolce & Gabbana,,,,8902,Mujer,627200.0,,true,PERCENT,0.0,InStock,75.0,448000.0,,,,,,,,,,,,,,,,,,,,,,,,,,,,,,,1,1,false,,,,
item_8898,Product,Halloween Man X,,,,8898,Hombre,289800.0,,true,PERCENT,0.0,InStock,125.0,207000.0,,,,,,,,,,,,,,,,,,,,,,,,,,,,,,,1,1,false,,,,
item_8897,Product,Halloween Man Hero,,,,8897,Hombre,259000.0,,true,PERCENT,0.0,InStock,125.0,185000.0,,,,,,,,,,,,,,,,,,,,,,,,,,,,,,,1,1,false,,,,
item_8896,Product,King De Bharara,,,,8896,Hombre,425600.0,,true,PERCENT,0.0,InStock,100.0,304000.0,,,,,,,,,,,,,,,,,,,,,,,,,,,,,,,1,1,false,,,,
item_8893,Product,212 Heroes De Carolina Herrera,,,,8893,Hombre,548800.0,,true,PERCENT,0.0,InStock,90.0,392000.0,,,,,,,,,,,,,,,,,,,,,,,,,,,,,,,1,1,false,,,,
item_8892,Product,Invictus Victory De Paco Rabanne EDP Extr√™me,,,,8892,Hombre,638400.0,,true,PERCENT,0.0,InStock,100.0,456000.0,,,,,,,,,,,,,,,,,,,,,,,,,,,,,,,1,1,false,,,,
item_8889,Product,Portfolio Euphoric Roots De Al Haramain,,,,8889,Unisex,340200.0,,true,PERCENT,0.0,InStock,75.0,243000.0,,,,,,,,,,,,,,,,,,,,,,,,,,,,,,,1,1,false,,,,
item_8885,Product,Sutton Place De Bond No 9,,,,8885,Hombre,2307200.0,,true,PERCENT,0.0,InStock,100.0,1648000.0,,,,,,,,,,,,,,,,,,,,,,,,,,,,,,,1,1,false,,,,
item_8881,Product,Odyssey White De Armaf,,,,8881,Hombre,274400.0,,true,PERCENT,0.0,InStock,100.0,196000.0,,,,,,,,,,,,,,,,,,,,,,,,,,,,,,,1,1,false,,,,
item_8880,Product,Odyssey Homme De Armaf,,,,8880,Hombre,274400.0,,true,PERCENT,0.0,InStock,100.0,196000.0,,,,,,,,,,,,,,,,,,,,,,,,,,,,,,,1,1,false,,,,
item_8876,Product,Dylan Turquoise De Versace,,,,8876,Mujer,438200.0,,true,PERCENT,0.0,InStock,100.0,313000.0,,,,,,,,,,,,,,,,,,,,,,,,,,,,,,,1,1,false,,,,
item_8875,Product,Portfolio Neroli Canvas De Al Haramain,,,,8875,Unisex,340200.0,,true,PERCENT,0.0,InStock,75.0,243000.0,,,,,,,,,,,,,,,,,,,,,,,,,,,,,,,1,1,false,,,,
item_8874,Product,Portfolio Floral Sculpture Al Haramain,,,,8874,Unisex,368200.0,,true,PERCENT,0.0,InStock,75.0,263000.0,,,,,,,,,,,,,,,,,,,,,,,,,,,,,,,1,1,false,,,,
item_8873,Product,L.12.12 Rose Lacoste,,,,8873,Mujer,415800.0,,true,PERCENT,0.0,InStock,100.0,297000.0,,,,,,,,,,,,,,,,,,,,,,,,,,,,,,,1,1,false,,,,
item_8869,Product,Very Good Girl Carolina Herrera,,,,8869,Mujer,687400.0,,true,PERCENT,0.0,InStock,80.0,491000.0,,,,,,,,,,,,,,,,,,,,,,,,,,,,,,,1,1,false,,,,
item_8863,Product,Pino Silvestre Original,,,,8863,Hombre,172200.0,,true,PERCENT,0.0,InStock,125.0,123000.0,,,,,,,,,,,,,,,,,,,,,,,,,,,,,,,1,1,false,,,,
item_8862,Product,Twilly D'herm√®s Eau Poivr√©e De Herm√®s,,,,8862,Mujer,700000.0,,true,PERCENT,0.0,InStock,85.0,500000.0,,,,,,,,,,,,,,,,,,,,,,,,,,,,,,,1,1,false,,,,
item_8860,Product,Light Blue Love In Capri Dolce&gabbana,,,,8860,Mujer,470400.0,,true,PERCENT,0.0,InStock,100.0,336000.0,,,,,,,,,,,,,,,,,,,,,,,,,,,,,,,1,1,false,,,,
item_8845,Product,Delina De Marly,,,,8845,Mujer,1639400.0,,true,PERCENT,0.0,InStock,75.0,1171000.0,,,,,,,,,,,,,,,,,,,,,,,,,,,,,,,1,1,false,,,,
item_8838,Product,Toy 2 Bubble Gum De Moschino,,,,8838,Mujer,334600.0,,true,PERCENT,0.0,InStock,100.0,239000.0,,,,,,,,,,,,,,,,,,,,,,,,,,,,,,,1,1,false,,,,
item_8836,Product,Greenwich Village De Bond No 9,,,,8836,Unisex,1591800.0,,true,PERCENT,0.0,InStock,100.0,1137000.0,,,,,,,,,,,,,,,,,,,,,,,,,,,,,,,1,1,false,,,,
item_8830,Product,Swiss Army Classic De Victorinox,,,,8830,Hombre,266000.0,,true,PERCENT,0.0,InStock,100.0,190000.0,,,,,,,,,,,,,,,,,,,,,,,,,,,,,,,1,1,false,,,,
item_8827,Product,Sauvage De Dior,,,,8827,Hombre,1045800.0,,true,PERCENT,0.0,InStock,200.0,747000.0,,,,,,,,,,,,,,,,,,,,,,,,,,,,,,,1,1,false,,,,
item_8825,Product,Oscent Rouge De Alexandre. J,,,,8825,Unisex,802200.0,,true,PERCENT,0.0,InStock,100.0,573000.0,,,,,,,,,,,,,,,,,,,,,,,,,,,,,,,1,1,false,,,,
item_8823,Product,Sisterland Green Jasmine De Benetton,,,,8823,Mujer,201600.0,,true,PERCENT,0.0,InStock,80.0,144000.0,,,,,,,,,,,,,,,,,,,,,,,,,,,,,,,1,1,false,,,,
item_8822,Product,Sisterland Red Rose De Benetton,,,,8822,Mujer,189000.0,,true,PERCENT,0.0,InStock,80.0,135000.0,,,,,,,,,,,,,,,,,,,,,,,,,,,,,,,1,1,false,,,,
item_8818,Product,Legend De Montblanc Hombre,,,,8818,Hombre,362600.0,,true,PERCENT,0.0,InStock,100.0,259000.0,,,,,,,,,,,,,,,,,,,,,,,,,,,,,,,1,1,false,,,,
item_8808,Product,Central Park South De Bond No 9,,,,8808,Mujer,1428000.0,,true,PERCENT,0.0,InStock,100.0,1020000.0,,,,,,,,,,,,,,,,,,,,,,,,,,,,,,,1,1,false,,,,
item_8806,Product,Bleu De Chanel Parfum,,,,8806,Hombre,1639400.0,,true,PERCENT,0.0,InStock,150.0,1171000.0,,,,,,,,,,,,,,,,,,,,,,,,,,,,,,,1,1,false,,,,
item_8799,Product,Izia De Sisley,,,,8799,Mujer,1108800.0,,true,PERCENT,0.0,InStock,100.0,792000.0,,,,,,,,,,,,,,,,,,,,,,,,,,,,,,,1,1,false,,,,
item_8772,Product,Romantic Victoria's Secret Splash,,,,8772,Mujer,117600.0,,true,PERCENT,0.0,InStock,250.0,84000.0,,,,,,,,,,,,,,,,,,,,,,,,,,,,,,,1,1,false,,,,
item_8766,Product,Pour Femme Oud Oriental De Versace,,,,8766,Mujer,567000.0,,true,PERCENT,0.0,InStock,100.0,405000.0,,,,,,,,,,,,,,,,,,,,,,,,,,,,,,,1,1,false,,,,
item_8765,Product,Thank U Next De Ariana Grande,,,,8765,Mujer,348600.0,,true,PERCENT,0.0,InStock,100.0,249000.0,,,,,,,,,,,,,,,,,,,,,,,,,,,,,,,1,1,false,,,,
item_8764,Product,Signorina De Ferragamo,,,,8764,Mujer,394800.0,,true,PERCENT,0.0,InStock,100.0,282000.0,,,,,,,,,,,,,,,,,,,,,,,,,,,,,,,1,1,false,,,,
item_8761,Product,Mia Me Mine Halloween,,,,8761,Mujer,183400.0,,true,PERCENT,0.0,InStock,100.0,131000.0,,,,,,,,,,,,,,,,,,,,,,,,,,,,,,,1,1,false,,,,
item_8760,Product,Gabrielle Essence De Chanel,,,,8760,Mujer,1339800.0,,true,PERCENT,0.0,InStock,100.0,957000.0,,,,,,,,,,,,,,,,,,,,,,,,,,,,,,,1,1,false,,,,
item_8745,Product,Loveme De Tous,,,,8745,Mujer,403200.0,,true,PERCENT,0.0,InStock,90.0,288000.0,,,,,,,,,,,,,,,,,,,,,,,,,,,,,,,1,1,false,,,,
item_8737,Product,Unpredictable Girl De Glenn Perri,,,,8737,Mujer,172200.0,,true,PERCENT,0.0,InStock,100.0,123000.0,,,,,,,,,,,,,,,,,,,,,,,,,,,,,,,1,1,false,,,,
item_8734,Product,Keep Glazed De Thoo,,,,8734,Unisex,1003800.0,,true,PERCENT,0.0,InStock,75.0,717000.0,,,,,,,,,,,,,,,,,,,,,,,,,,,,,,,1,1,false,,,,
item_8729,Product,Faconnable French Riviera,,,,8729,Hombre,238000.0,,true,PERCENT,0.0,InStock,90.0,170000.0,,,,,,,,,,,,,,,,,,,,,,,,,,,,,,,1,1,false,,,,
item_8728,Product,Faconnable Regatta Intense,,,,8728,Hombre,238000.0,,true,PERCENT,0.0,InStock,90.0,170000.0,,,,,,,,,,,,,,,,,,,,,,,,,,,,,,,1,1,false,,,,
item_8722,Product,Coach New York Blue,,,,8722,Hombre,354200.0,,true,PERCENT,0.0,InStock,100.0,253000.0,,,,,,,,,,,,,,,,,,,,,,,,,,,,,,,1,1,false,,,,
item_8720,Product,Baiser Vole Lys Rose De Cartier,,,,8720,Mujer,438200.0,,true,PERCENT,0.0,InStock,100.0,313000.0,,,,,,,,,,,,,,,,,,,,,,,,,,,,,,,1,1,false,,,,
item_8719,Product,Colors Man Blue De Benetton,,,,8719,Hombre,218400.0,,true,PERCENT,0.0,InStock,200.0,156000.0,,,,,,,,,,,,,,,,,,,,,,,,,,,,,,,1,1,false,,,,
item_8718,Product,Le Male Le Parfum De Jean Paul Gaultier,,,,8718,Hombre,624400.0,,true,PERCENT,0.0,InStock,125.0,446000.0,,,,,,,,,,,,,,,,,,,,,,,,,,,,,,,1,1,false,,,,
item_8714,Product,Fusion D'issey Issey Miyake,,,,8714,Hombre,424200.0,,true,PERCENT,0.0,InStock,100.0,303000.0,,,,,,,,,,,,,,,,,,,,,,,,,,,,,,,1,1,false,,,,
item_8703,Product,Versace Bright Crystal De Versace,,,,8703,Mujer,609000.0,,true,PERCENT,0.0,InStock,200.0,435000.0,,,,,,,,,,,,,,,,,,,,,,,,,,,,,,,1,1,false,,,,
item_8702,Product,Versace Eros,,,,8702,Hombre,417200.0,,true,PERCENT,0.0,InStock,100.0,298000.0,,,,,,,,,,,,,,,,,,,,,,,,,,,,,,,1,1,false,,,,
item_8701,Product,Rose Alba De Alexandre. J,,,,8701,Mujer,932400.0,,true,PERCENT,0.0,InStock,100.0,666000.0,,,,,,,,,,,,,,,,,,,,,,,,,,,,,,,1,1,false,,,,
item_8687,Product,The Move Express Yourself Mercedes Benz,,,,8687,Hombre,386400.0,,true,PERCENT,0.0,InStock,100.0,276000.0,,,,,,,,,,,,,,,,,,,,,,,,,,,,,,,1,1,false,,,,
item_8677,Product,Albane Noble Grand Palais,,,,8677,Hombre,211400.0,,true,PERCENT,0.0,InStock,100.0,151000.0,,,,,,,,,,,,,,,,,,,,,,,,,,,,,,,1,1,false,,,,
item_8675,Product,Il Benjua De Ilmin,,,,8675,Unisex,732200.0,,true,PERCENT,0.0,InStock,30.0,523000.0,,,,,,,,,,,,,,,,,,,,,,,,,,,,,,,1,1,false,,,,
item_8669,Product,Encre Noire Sport Lalique,,,,8669,Hombre,296800.0,,true,PERCENT,0.0,InStock,100.0,212000.0,,,,,,,,,,,,,,,,,,,,,,,,,,,,,,,1,1,false,,,,
item_8666,Product,Bad Boy De Carolina Herrera,,,,8666,Hombre,674800.0,,true,PERCENT,0.0,InStock,150.0,482000.0,,,,,,,,,,,,,,,,,,,,,,,,,,,,,,,1,1,false,,,,
item_8648,Product,Ultrared De Paco Rabanne,,,,8648,Hombre,371000.0,,true,PERCENT,0.0,InStock,100.0,265000.0,,,,,,,,,,,,,,,,,,,,,,,,,,,,,,,1,1,false,,,,
item_8646,Product,18 De Perry Ellis,,,,8646,Mujer,285600.0,,true,PERCENT,0.0,InStock,100.0,204000.0,,,,,,,,,,,,,,,,,,,,,,,,,,,,,,,1,1,false,,,,
item_8643,Product,Cuir Orientica De Al Haramain,,,,8643,Hombre,253400.0,,true,PERCENT,0.0,InStock,90.0,181000.0,,,,,,,,,,,,,,,,,,,,,,,,,,,,,,,1,1,false,,,,
item_8642,Product,Jimmy Choo Fever,,,,8642,Mujer,415800.0,,true,PERCENT,0.0,InStock,100.0,297000.0,,,,,,,,,,,,,,,,,,,,,,,,,,,,,,,1,1,false,,,,
item_8637,Product,Eternity Flame De Calvin Klein,,,,8637,Mujer,414400.0,,true,PERCENT,0.0,InStock,100.0,296000.0,,,,,,,,,,,,,,,,,,,,,,,,,,,,,,,1,1,false,,,,
item_8627,Product,Club De Nuit Sillage De Armaf,,,,8627,Hombre,341600.0,,true,PERCENT,0.0,InStock,105.0,244000.0,,,,,,,,,,,,,,,,,,,,,,,,,,,,,,,1,1,false,,,,
item_8624,Product,Yellow Diamond De Versace,,,,8624,Mujer,595000.0,,true,PERCENT,0.0,InStock,200.0,425000.0,,,,,,,,,,,,,,,,,,,,,,,,,,,,,,,1,1,false,,,,
item_8608,Product,K De Dolce & Gabbana,,,,8608,Hombre,751800.0,,true,PERCENT,0.0,InStock,150.0,537000.0,,,,,,,,,,,,,,,,,,,,,,,,,,,,,,,1,1,false,,,,
item_8604,Product,Park Avenue South De Bond No 9,,,,8604,Mujer,1090600.0,,true,PERCENT,0.0,InStock,100.0,779000.0,,,,,,,,,,,,,,,,,,,,,,,,,,,,,,,1,1,false,,,,
item_8597,Product,Gucci Bloom,,,,8597,Mujer,656600.0,,true,PERCENT,0.0,InStock,100.0,469000.0,,,,,,,,,,,,,,,,,,,,,,,,,,,,,,,1,1,false,,,,
item_8594,Product,Lacoste Pour Femme De Lacoste,,,,8594,Mujer,415800.0,,true,PERCENT,0.0,InStock,90.0,297000.0,,,,,,,,,,,,,,,,,,,,,,,,,,,,,,,1,1,false,,,,
item_8562,Product,Cloud De Ariana Grande,,,,8562,Mujer,407400.0,,true,PERCENT,0.0,InStock,100.0,291000.0,,,,,,,,,,,,,,,,,,,,,,,,,,,,,,,1,1,false,,,,
item_8543,Product,Orientica Amber Rouge De Al Haramain,,,,8543,Unisex,487200.0,,true,PERCENT,0.0,InStock,80.0,348000.0,,,,,,,,,,,,,,,,,,,,,,,,,,,,,,,1,1,false,,,,
item_8539,Product,L'Homme Ideal De Guerlain,,,,8539,Hombre,859600.0,,true,PERCENT,0.0,InStock,100.0,614000.0,,,,,,,,,,,,,,,,,,,,,,,,,,,,,,,1,1,false,,,,
item_8534,Product,Perry 18 Orchid De Perry Ellis,,,,8534,Mujer,274400.0,,true,PERCENT,0.0,InStock,100.0,196000.0,,,,,,,,,,,,,,,,,,,,,,,,,,,,,,,1,1,false,,,,
item_8531,Product,Lapidus Pour Homme,,,,8531,Hombre,191800.0,,true,PERCENT,0.0,InStock,100.0,137000.0,,,,,,,,,,,,,,,,,,,,,,,,,,,,,,,1,1,false,,,,
item_8529,Product,El Paso De Lomani,,,,8529,Hombre,172200.0,,true,PERCENT,0.0,InStock,100.0,123000.0,,,,,,,,,,,,,,,,,,,,,,,,,,,,,,,1,1,false,,,,
item_8528,Product,Chez Bond No 9,,,,8528,Hombre,2304400.0,,true,PERCENT,0.0,InStock,100.0,1646000.0,,,,,,,,,,,,,,,,,,,,,,,,,,,,,,,1,1,false,,,,
item_8523,Product,Eros Pour Femme Versace,,,,8523,Mujer,410200.0,,true,PERCENT,0.0,InStock,100.0,293000.0,,,,,,,,,,,,,,,,,,,,,,,,,,,,,,,1,1,false,,,,
item_8521,Product,Insurrection Ii Pure Reyane Tradition,,,,8521,Hombre,229600.0,,true,PERCENT,0.0,InStock,90.0,164000.0,,,,,,,,,,,,,,,,,,,,,,,,,,,,,,,1,1,false,,,,
item_8520,Product,Desire Blue De Alfred Dunhill,,,,8520,Hombre,354200.0,,true,PERCENT,0.0,InStock,100.0,253000.0,,,,,,,,,,,,,,,,,,,,,,,,,,,,,,,1,1,false,,,,
item_8517,Product,Rose Oud De Alexandre. J,,,,8517,Mujer,936600.0,,true,PERCENT,0.0,InStock,100.0,669000.0,,,,,,,,,,,,,,,,,,,,,,,,,,,,,,,1,1,false,,,,
item_8516,Product,Zafeer Oud Vanille De Alexandre. J,,,,8516,Unisex,932400.0,,true,PERCENT,0.0,InStock,100.0,666000.0,,,,,,,,,,,,,,,,,,,,,,,,,,,,,,,1,1,false,,,,
item_8514,Product,Iris Violet De Alexandre. J,,,,8514,Mujer,936600.0,,true,PERCENT,0.0,InStock,100.0,669000.0,,,,,,,,,,,,,,,,,,,,,,,,,,,,,,,1,1,false,,,,
item_8512,Product,Joop! Homme,,,,8512,Hombre,295400.0,,true,PERCENT,0.0,InStock,200.0,211000.0,,,,,,,,,,,,,,,,,,,,,,,,,,,,,,,1,1,false,,,,
item_8510,Product,The Scent Of Peace Bond No 9,,,,8510,Mujer,1428000.0,,true,PERCENT,0.0,InStock,100.0,1020000.0,,,,,,,,,,,,,,,,,,,,,,,,,,,,,,,1,1,false,,,,
item_8509,Product,Nolita De Bond No 9,,,,8509,Mujer,2133600.0,,true,PERCENT,0.0,InStock,100.0,1524000.0,,,,,,,,,,,,,,,,,,,,,,,,,,,,,,,1,1,false,,,,
item_8507,Product,Bond St. Bond No 9,,,,8507,Unisex,1604400.0,,true,PERCENT,0.0,InStock,100.0,1146000.0,,,,,,,,,,,,,,,,,,,,,,,,,,,,,,,1,1,false,,,,
item_8504,Product,Nuit De Noho Bond No 9,,,,8504,Mujer,2095800.0,,true,PERCENT,0.0,InStock,100.0,1497000.0,,,,,,,,,,,,,,,,,,,,,,,,,,,,,,,1,1,false,,,,
item_8503,Product,Signature De Montblanc,,,,8503,Mujer,403200.0,,true,PERCENT,0.0,InStock,90.0,288000.0,,,,,,,,,,,,,,,,,,,,,,,,,,,,,,,1,1,false,,,,
item_8490,Product,Orientica Oud Saffron De Al Haramain,,,,8490,Unisex,564200.0,,true,PERCENT,0.0,InStock,80.0,403000.0,,,,,,,,,,,,,,,,,,,,,,,,,,,,,,,1,1,false,,,,
item_8489,Product,Orientica Royal Amber De Al Haramain,,,,8489,Unisex,501200.0,,true,PERCENT,0.0,InStock,80.0,358000.0,,,,,,,,,,,,,,,,,,,,,,,,,,,,,,,1,1,false,,,,
item_8483,Product,Gentle Elsatys De Reyane,,,,8483,Hombre,210000.0,,true,PERCENT,0.0,InStock,100.0,150000.0,,,,,,,,,,,,,,,,,,,,,,,,,,,,,,,1,1,false,,,,
item_8481,Product,K De Dolce & Gabbana,,,,8481,Hombre,588000.0,,true,PERCENT,0.0,InStock,100.0,420000.0,,,,,,,,,,,,,,,,,,,,,,,,,,,,,,,1,1,false,,,,
item_8479,Product,Cabotine De Gres,,,,8479,Mujer,172200.0,,true,PERCENT,0.0,InStock,100.0,123000.0,,,,,,,,,,,,,,,,,,,,,,,,,,,,,,,1,1,false,,,,
item_8477,Product,Burberry Her De Burberry,,,,8477,Mujer,674800.0,,true,PERCENT,0.0,InStock,100.0,482000.0,,,,,,,,,,,,,,,,,,,,,,,,,,,,,,,1,1,false,,,,
item_8476,Product,Burberry Her De Burberry EDP Intense,,,,8476,Mujer,743400.0,,true,PERCENT,0.0,InStock,100.0,531000.0,,,,,,,,,,,,,,,,,,,,,,,,,,,,,,,1,1,false,,,,
item_8458,Product,Pure Xs De Paco Rabanne,,,,8458,Hombre,666400.0,,true,PERCENT,0.0,InStock,150.0,476000.0,,,,,,,,,,,,,,,,,,,,,,,,,,,,,,,1,1,false,,,,
item_8449,Product,Omnia Golden Citrine Bvlgari,,,,8449,Mujer,495600.0,,true,PERCENT,0.0,InStock,65.0,354000.0,,,,,,,,,,,,,,,,,,,,,,,,,,,,,,,1,1,false,,,,
item_8443,Product,Arsenal Black De Gilles Cantuel,,,,8443,Hombre,172200.0,,true,PERCENT,0.0,InStock,100.0,123000.0,,,,,,,,,,,,,,,,,,,,,,,,,,,,,,,1,1,false,,,,
item_8440,Product,Joop! Homme,,,,8440,Hombre,243600.0,,true,PERCENT,0.0,InStock,125.0,174000.0,,,,,,,,,,,,,,,,,,,,,,,,,,,,,,,1,1,false,,,,
item_8437,Product,Red Scuderia Ferrari,,,,8437,Hombre,238000.0,,true,PERCENT,0.0,InStock,125.0,170000.0,,,,,,,,,,,,,,,,,,,,,,,,,,,,,,,1,1,false,,,,
item_8435,Product,Garden De Dolce & Gabbana,,,,8435,Mujer,695800.0,,true,PERCENT,0.0,InStock,75.0,497000.0,,,,,,,,,,,,,,,,,,,,,,,,,,,,,,,1,1,false,,,,
item_8434,Product,Contradiction De Calvin Klein,,,,8434,Hombre,247800.0,,true,PERCENT,0.0,InStock,100.0,177000.0,,,,,,,,,,,,,,,,,,,,,,,,,,,,,,,1,1,false,,,,
item_8424,Product,Spring Fling De Bond No 9,,,,8424,Mujer,2254000.0,,true,PERCENT,0.0,InStock,100.0,1610000.0,,,,,,,,,,,,,,,,,,,,,,,,,,,,,,,1,1,false,,,,
item_8417,Product,Dubai Amber De Bond No 9,,,,8417,Unisex,3038000.0,,true,PERCENT,0.0,InStock,100.0,2170000.0,,,,,,,,,,,,,,,,,,,,,,,,,,,,,,,1,1,false,,,,
item_8325,Product,Halston Classic De Halston,,,,8325,Mujer,215600.0,,true,PERCENT,0.0,InStock,100.0,154000.0,,,,,,,,,,,,,,,,,,,,,,,,,,,,,,,1,1,false,,,,
item_8322,Product,Morning Muscs De Alexandre. J,,,,8322,Unisex,936600.0,,true,PERCENT,0.0,InStock,100.0,669000.0,,,,,,,,,,,,,,,,,,,,,,,,,,,,,,,1,1,false,,,,
item_8314,Product,Pink Sugar Aquolina,,,,8314,Mujer,238000.0,,true,PERCENT,0.0,InStock,100.0,170000.0,,,,,,,,,,,,,,,,,,,,,,,,,,,,,,,1,1,false,,,,
item_8410,Product,Mercedes Benz Club Black,,,,8410,Hombre,343000.0,,true,PERCENT,0.0,InStock,100.0,245000.0,,,,,,,,,,,,,,,,,,,,,,,,,,,,,,,1,1,false,,,,
item_8394,Product,Opulent Sapphire De Al Haramain,,,,8394,Unisex,247800.0,,true,PERCENT,0.0,InStock,100.0,177000.0,,,,,,,,,,,,,,,,,,,,,,,,,,,,,,,1,1,false,,,,
item_8374,Product,Pink Rush De Paris Hilton,,,,8374,Mujer,322000.0,,true,PERCENT,0.0,InStock,100.0,230000.0,,,,,,,,,,,,,,,,,,,,,,,,,,,,,,,1,1,false,,,,
item_8371,Product,Sun Java White De Franck Olivier,,,,8371,Hombre,191800.0,,true,PERCENT,0.0,InStock,75.0,137000.0,,,,,,,,,,,,,,,,,,,,,,,,,,,,,,,1,1,false,,,,
item_8365,Product,Il Potion De Ilmin,,,,8365,Unisex,719600.0,,true,PERCENT,0.0,InStock,30.0,514000.0,,,,,,,,,,,,,,,,,,,,,,,,,,,,,,,1,1,false,,,,
item_8362,Product,Il Femme De Ilmin,,,,8362,Mujer,749000.0,,true,PERCENT,0.0,InStock,30.0,535000.0,,,,,,,,,,,,,,,,,,,,,,,,,,,,,,,1,1,false,,,,
item_8361,Product,Il Rose De Ilmin,,,,8361,Unisex,719600.0,,true,PERCENT,0.0,InStock,30.0,514000.0,,,,,,,,,,,,,,,,,,,,,,,,,,,,,,,1,1,false,,,,
item_8360,Product,Il Roso De Ilmin Para Mujer,,,,8360,Mujer,719600.0,,true,PERCENT,0.0,InStock,30.0,514000.0,,,,,,,,,,,,,,,,,,,,,,,,,,,,,,,1,1,false,,,,
item_8359,Product,Il Lonve De Ilmin,,,,8359,Unisex,728000.0,,true,PERCENT,0.0,InStock,30.0,520000.0,,,,,,,,,,,,,,,,,,,,,,,,,,,,,,,1,1,false,,,,
item_8358,Product,Il Cool De Ilmin,,,,8358,Unisex,732200.0,,true,PERCENT,0.0,InStock,30.0,523000.0,,,,,,,,,,,,,,,,,,,,,,,,,,,,,,,1,1,false,,,,
item_8354,Product,Il Dolce De Ilmin,,,,8354,Unisex,719600.0,,true,PERCENT,0.0,InStock,30.0,514000.0,,,,,,,,,,,,,,,,,,,,,,,,,,,,,,,1,1,false,,,,
item_8348,Product,Insurrection De Reyane Tradition,,,,8348,Hombre,191800.0,,true,PERCENT,0.0,InStock,100.0,137000.0,,,,,,,,,,,,,,,,,,,,,,,,,,,,,,,1,1,false,,,,
item_8346,Product,Il Blanc De Ilmin,,,,8346,Unisex,732200.0,,true,PERCENT,0.0,InStock,30.0,523000.0,,,,,,,,,,,,,,,,,,,,,,,,,,,,,,,1,1,false,,,,
item_8345,Product,Il Chaud De Ilmin,,,,8345,Unisex,732200.0,,true,PERCENT,0.0,InStock,30.0,523000.0,,,,,,,,,,,,,,,,,,,,,,,,,,,,,,,1,1,false,,,,
item_8344,Product,Il M√°le De Ilmin,,,,8344,Hombre,719600.0,,true,PERCENT,0.0,InStock,30.0,514000.0,,,,,,,,,,,,,,,,,,,,,,,,,,,,,,,1,1,false,,,,
item_8343,Product,Il Amour De Ilmin,,,,8343,Unisex,732200.0,,true,PERCENT,0.0,InStock,30.0,523000.0,,,,,,,,,,,,,,,,,,,,,,,,,,,,,,,1,1,false,,,,
item_8342,Product,Il Liscio De Ilmin,,,,8342,Unisex,719600.0,,true,PERCENT,0.0,InStock,30.0,514000.0,,,,,,,,,,,,,,,,,,,,,,,,,,,,,,,1,1,false,,,,
item_8236,Product,Coach New York For Men,,,,8236,Hombre,354200.0,,true,PERCENT,0.0,InStock,100.0,253000.0,,,,,,,,,,,,,,,,,,,,,,,,,,,,,,,1,1,false,,,,
item_8234,Product,Wind Wood De Mancera,,,,8234,Hombre,761600.0,,true,PERCENT,0.0,InStock,120.0,544000.0,,,,,,,,,,,,,,,,,,,,,,,,,,,,,,,1,1,false,,,,
item_8233,Product,Wild Python De Mancera,,,,8233,Mujer,761600.0,,true,PERCENT,0.0,InStock,120.0,544000.0,,,,,,,,,,,,,,,,,,,,,,,,,,,,,,,1,1,false,,,,
item_8232,Product,Wild Candy Mancera,,,,8232,Unisex,761600.0,,true,PERCENT,0.0,InStock,120.0,544000.0,,,,,,,,,,,,,,,,,,,,,,,,,,,,,,,1,1,false,,,,
item_8231,Product,Wave Musk Mancera,,,,8231,Unisex,761600.0,,true,PERCENT,0.0,InStock,120.0,544000.0,,,,,,,,,,,,,,,,,,,,,,,,,,,,,,,1,1,false,,,,
item_8230,Product,Soleil D'italie De Mancera,,,,8230,Unisex,761600.0,,true,PERCENT,0.0,InStock,120.0,544000.0,,,,,,,,,,,,,,,,,,,,,,,,,,,,,,,1,1,false,,,,
item_8229,Product,Gold Intensive Aoud De Mancera,,,,8229,Unisex,761600.0,,true,PERCENT,0.0,InStock,120.0,544000.0,,,,,,,,,,,,,,,,,,,,,,,,,,,,,,,1,1,false,,,,
item_8228,Product,Deep Forest De Mancera,,,,8228,Unisex,761600.0,,true,PERCENT,0.0,InStock,120.0,544000.0,,,,,,,,,,,,,,,,,,,,,,,,,,,,,,,1,1,false,,,,
item_8227,Product,Amber Fever De Mancera,,,,8227,Unisex,779800.0,,true,PERCENT,0.0,InStock,120.0,557000.0,,,,,,,,,,,,,,,,,,,,,,,,,,,,,,,1,1,false,,,,
item_8226,Product,Crazy For Oud De Mancera,,,,8226,Unisex,761600.0,,true,PERCENT,0.0,InStock,120.0,544000.0,,,,,,,,,,,,,,,,,,,,,,,,,,,,,,,1,1,false,,,,
item_8225,Product,Toy Boy De Moschino,,,,8225,Hombre,362600.0,,true,PERCENT,0.0,InStock,100.0,259000.0,,,,,,,,,,,,,,,,,,,,,,,,,,,,,,,1,1,false,,,,
item_8224,Product,Ck Everyone De Calvin Klein,,,,8224,Unisex,326200.0,,true,PERCENT,0.0,InStock,100.0,233000.0,,,,,,,,,,,,,,,,,,,,,,,,,,,,,,,1,1,false,,,,
item_8222,Product,Deep Blue Parfum De Ralph Lauren,,,,8222,Hombre,512400.0,,true,PERCENT,0.0,InStock,125.0,366000.0,,,,,,,,,,,,,,,,,,,,,,,,,,,,,,,1,1,false,,,,
item_8221,Product,Halston Z-14 Cologne,,,,8221,Hombre,191800.0,,true,PERCENT,0.0,InStock,125.0,137000.0,,,,,,,,,,,,,,,,,,,,,,,,,,,,,,,1,1,false,,,,
item_8218,Product,Goldea Rose Blossom Delight De Bvlgari,,,,8218,Mujer,809200.0,,true,PERCENT,0.0,InStock,75.0,578000.0,,,,,,,,,,,,,,,,,,,,,,,,,,,,,,,1,1,false,,,,
item_8217,Product,Amber Oud Gold Edition De Al Haramain Unisex,,,,8217,Unisex,425600.0,,true,PERCENT,0.0,InStock,120.0,304000.0,,,,,,,,,,,,,,,,,,,,,,,,,,,,,,,1,1,false,,,,
item_8214,Product,La Belle De Jean Paul Gaultier,,,,8214,Mujer,600600.0,,true,PERCENT,0.0,InStock,100.0,429000.0,,,,,,,,,,,,,,,,,,,,,,,,,,,,,,,1,1,false,,,,
item_8208,Product,Your Moments De Tous,,,,8208,Mujer,302400.0,,true,PERCENT,0.0,InStock,90.0,216000.0,,,,,,,,,,,,,,,,,,,,,,,,,,,,,,,1,1,false,,,,
item_8200,Product,1 Million Parfum De Paco Rabanne,,,,8200,Hombre,620200.0,,true,PERCENT,0.0,InStock,100.0,443000.0,,,,,,,,,,,,,,,,,,,,,,,,,,,,,,,1,1,false,,,,
item_8199,Product,Sweet Peony De Montale,,,,8199,Mujer,639800.0,,true,PERCENT,0.0,InStock,100.0,457000.0,,,,,,,,,,,,,,,,,,,,,,,,,,,,,,,1,1,false,,,,
item_8197,Product,Tropical Wood De Montale,,,,8197,Unisex,630000.0,,true,PERCENT,0.0,InStock,100.0,450000.0,,,,,,,,,,,,,,,,,,,,,,,,,,,,,,,1,1,false,,,,
item_8196,Product,Red Vetiver De Montale,,,,8196,Hombre,639800.0,,true,PERCENT,0.0,InStock,100.0,457000.0,,,,,,,,,,,,,,,,,,,,,,,,,,,,,,,1,1,false,,,,
item_8195,Product,Nepal Aoud De Montale,,,,8195,Unisex,630000.0,,true,PERCENT,0.0,InStock,100.0,450000.0,,,,,,,,,,,,,,,,,,,,,,,,,,,,,,,1,1,false,,,,
item_8194,Product,Fantastic Oud De Montale,,,,8194,Unisex,586600.0,,true,PERCENT,0.0,InStock,100.0,419000.0,,,,,,,,,,,,,,,,,,,,,,,,,,,,,,,1,1,false,,,,
item_8193,Product,Blue Amber De Montale,,,,8193,Unisex,630000.0,,true,PERCENT,0.0,InStock,100.0,450000.0,,,,,,,,,,,,,,,,,,,,,,,,,,,,,,,1,1,false,,,,
item_8191,Product,Intense Roses Musk De Montale,,,,8191,Mujer,693000.0,,true,PERCENT,0.0,InStock,100.0,495000.0,,,,,,,,,,,,,,,,,,,,,,,,,,,,,,,1,1,false,,,,
item_8151,Product,Legend De Montblanc,,,,8151,Hombre,415800.0,,true,PERCENT,0.0,InStock,200.0,297000.0,,,,,,,,,,,,,,,,,,,,,,,,,,,,,,,1,1,false,,,,
item_8148,Product,Creed Aventus For Her,,,,8148,Mujer,1586200.0,,true,PERCENT,0.0,InStock,75.0,1133000.0,,,,,,,,,,,,,,,,,,,,,,,,,,,,,,,1,1,false,,,,
item_8130,Product,Aoud Lemon Mint De Mancera,,,,8130,Unisex,779800.0,,true,PERCENT,0.0,InStock,120.0,557000.0,,,,,,,,,,,,,,,,,,,,,,,,,,,,,,,1,1,false,,,,
item_8123,Product,Hypnotic Poison De Dior,,,,8123,Mujer,399000.0,,true,PERCENT,0.0,InStock,50.0,285000.0,,,,,,,,,,,,,,,,,,,,,,,,,,,,,,,1,1,false,,,,
item_8115,Product,Vip Women De Cuba Paris,,,,8115,Mujer,107800.0,,true,PERCENT,0.0,InStock,100.0,77000.0,,,,,,,,,,,,,,,,,,,,,,,,,,,,,,,1,1,false,,,,
item_8114,Product,L¬•aventure Femme De Al Haramain,,,,8114,Mujer,403200.0,,true,PERCENT,0.0,InStock,200.0,288000.0,,,,,,,,,,,,,,,,,,,,,,,,,,,,,,,1,1,false,,,,
item_8112,Product,Halloween Magic,,,,8112,Mujer,274400.0,,true,PERCENT,0.0,InStock,100.0,196000.0,,,,,,,,,,,,,,,,,,,,,,,,,,,,,,,1,1,false,,,,
item_8104,Product,Velvet Vainilla Mancera,,,,8104,Unisex,674800.0,,true,PERCENT,0.0,InStock,120.0,482000.0,,,,,,,,,,,,,,,,,,,,,,,,,,,,,,,1,1,false,,,,
item_8099,Product,Fougeres Marines De Montale,,,,8099,Unisex,630000.0,,true,PERCENT,0.0,InStock,100.0,450000.0,,,,,,,,,,,,,,,,,,,,,,,,,,,,,,,1,1,false,,,,
item_8098,Product,Embruns D'essaouira De Montale,,,,8098,Unisex,630000.0,,true,PERCENT,0.0,InStock,100.0,450000.0,,,,,,,,,,,,,,,,,,,,,,,,,,,,,,,1,1,false,,,,
item_8095,Product,Uomo Urban Feel De Salvatore Ferragamo,,,,8095,Hombre,334600.0,,true,PERCENT,0.0,InStock,100.0,239000.0,,,,,,,,,,,,,,,,,,,,,,,,,,,,,,,1,1,false,,,,
item_8094,Product,Ck In 2U De Calvin Klein,,,,8094,Mujer,218400.0,,true,PERCENT,0.0,InStock,100.0,156000.0,,,,,,,,,,,,,,,,,,,,,,,,,,,,,,,1,1,false,,,,
item_8093,Product,L¬•aventure Femme De Al Haramain,,,,8093,Mujer,306600.0,,true,PERCENT,0.0,InStock,100.0,219000.0,,,,,,,,,,,,,,,,,,,,,,,,,,,,,,,1,1,false,,,,
item_8090,Product,Happy Moments De Tous,,,,8090,Mujer,326200.0,,true,PERCENT,0.0,InStock,90.0,233000.0,,,,,,,,,,,,,,,,,,,,,,,,,,,,,,,1,1,false,,,,
item_8087,Product,Black Orchid De Tom Ford,,,,8087,Unisex,1356600.0,,true,PERCENT,0.0,InStock,100.0,969000.0,,,,,,,,,,,,,,,,,,,,,,,,,,,,,,,1,1,false,,,,
item_8079,Product,Glistening Amber Juicy Couture,,,,8079,Mujer,359800.0,,true,PERCENT,0.0,InStock,100.0,257000.0,,,,,,,,,,,,,,,,,,,,,,,,,,,,,,,1,1,false,,,,
item_8077,Product,Le Beau De Jean Paul Gaultier,,,,8077,Hombre,610400.0,,true,PERCENT,0.0,InStock,125.0,436000.0,,,,,,,,,,,,,,,,,,,,,,,,,,,,,,,1,1,false,,,,
item_8076,Product,Sauvage Parfum De Dior,,,,8076,Hombre,1191400.0,,true,PERCENT,0.0,InStock,100.0,851000.0,,,,,,,,,,,,,,,,,,,,,,,,,,,,,,,1,1,false,,,,
item_8055,Product,Aoud Cuir D'arabie De Montale,,,,8055,Hombre,639800.0,,true,PERCENT,0.0,InStock,100.0,457000.0,,,,,,,,,,,,,,,,,,,,,,,,,,,,,,,1,1,false,,,,
item_8054,Product,Spicebomb Viktor & Rolf,,,,8054,Hombre,442400.0,,true,PERCENT,0.0,InStock,90.0,316000.0,,,,,,,,,,,,,,,,,,,,,,,,,,,,,,,1,1,false,,,,
item_8044,Product,Rochas Man,,,,8044,Hombre,376600.0,,true,PERCENT,0.0,InStock,100.0,269000.0,,,,,,,,,,,,,,,,,,,,,,,,,,,,,,,1,1,false,,,,
item_8041,Product,Escape De Calvin Klein,,,,8041,Mujer,313600.0,,true,PERCENT,0.0,InStock,100.0,224000.0,,,,,,,,,,,,,,,,,,,,,,,,,,,,,,,1,1,false,,,,
item_8038,Product,Light Blue Dolce & Gabbana,,,,8038,Hombre,604800.0,,true,PERCENT,0.0,InStock,200.0,432000.0,,,,,,,,,,,,,,,,,,,,,,,,,,,,,,,1,1,false,,,,
item_8037,Product,Club De Nuit Urban Man De Armaf,,,,8037,Hombre,268800.0,,true,PERCENT,0.0,InStock,105.0,192000.0,,,,,,,,,,,,,,,,,,,,,,,,,,,,,,,1,1,false,,,,
item_8034,Product,Amber Oud Rouge Al Haramain,,,,8034,Unisex,429800.0,,true,PERCENT,0.0,InStock,60.0,307000.0,,,,,,,,,,,,,,,,,,,,,,,,,,,,,,,1,1,false,,,,
item_8033,Product,Stronger With You Intensely Emporio Armani,,,,8033,Hombre,770000.0,,true,PERCENT,0.0,InStock,100.0,550000.0,,,,,,,,,,,,,,,,,,,,,,,,,,,,,,,1,1,false,,,,
item_8031,Product,Daisy Love De Marc Jacobs,,,,8031,Mujer,613200.0,,true,PERCENT,0.0,InStock,100.0,438000.0,,,,,,,,,,,,,,,,,,,,,,,,,,,,,,,1,1,false,,,,
item_8030,Product,Club De Nuit Milestone Armaf,,,,8030,Unisex,316400.0,,true,PERCENT,0.0,InStock,105.0,226000.0,,,,,,,,,,,,,,,,,,,,,,,,,,,,,,,1,1,false,,,,
item_8029,Product,Club De Nuit Intense Man De Armaf,,,,8029,Hombre,428400.0,,true,PERCENT,0.0,InStock,200.0,306000.0,,,,,,,,,,,,,,,,,,,,,,,,,,,,,,,1,1,false,,,,
item_8028,Product,Ck Man De Calvin Klein,,,,8028,Hombre,259000.0,,true,PERCENT,0.0,InStock,100.0,185000.0,,,,,,,,,,,,,,,,,,,,,,,,,,,,,,,1,1,false,,,,
item_8026,Product,My Burberry Blush,,,,8026,Mujer,712600.0,,true,PERCENT,0.0,InStock,90.0,509000.0,,,,,,,,,,,,,,,,,,,,,,,,,,,,,,,1,1,false,,,,
item_8021,Product,United Dreams Love Yourself Benetton,,,,8021,Mujer,210000.0,,true,PERCENT,0.0,InStock,80.0,150000.0,,,,,,,,,,,,,,,,,,,,,,,,,,,,,,,1,1,false,,,,
item_8020,Product,L¬•aventure Blanche Al Haramain,,,,8020,Mujer,429800.0,,true,PERCENT,0.0,InStock,200.0,307000.0,,,,,,,,,,,,,,,,,,,,,,,,,,,,,,,1,1,false,,,,
item_8019,Product,United Dreams Live Free De Benetton,,,,8019,Mujer,191800.0,,true,PERCENT,0.0,InStock,80.0,137000.0,,,,,,,,,,,,,,,,,,,,,,,,,,,,,,,1,1,false,,,,
item_8018,Product,Woman Rose United Colors De Benetton,,,,8018,Mujer,182000.0,,true,PERCENT,0.0,InStock,80.0,130000.0,,,,,,,,,,,,,,,,,,,,,,,,,,,,,,,1,1,false,,,,
item_8015,Product,Sand Aoud De Mancera Unisex,,,,8015,Unisex,761600.0,,true,PERCENT,0.0,InStock,120.0,544000.0,,,,,,,,,,,,,,,,,,,,,,,,,,,,,,,1,1,false,,,,
item_8014,Product,So Blue De Mancera Unisex,,,,8014,Unisex,761600.0,,true,PERCENT,0.0,InStock,120.0,544000.0,,,,,,,,,,,,,,,,,,,,,,,,,,,,,,,1,1,false,,,,
item_8012,Product,United Dream Aim High De Benetton,,,,8012,Hombre,193200.0,,true,PERCENT,0.0,InStock,100.0,138000.0,,,,,,,,,,,,,,,,,,,,,,,,,,,,,,,1,1,false,,,,
item_7997,Product,Roses Jasmine De Mancera Unisex,,,,7997,Unisex,761600.0,,true,PERCENT,0.0,InStock,120.0,544000.0,,,,,,,,,,,,,,,,,,,,,,,,,,,,,,,1,1,false,,,,
item_7996,Product,Precious Oud De Mancera Unisex,,,,7996,Unisex,761600.0,,true,PERCENT,0.0,InStock,120.0,544000.0,,,,,,,,,,,,,,,,,,,,,,,,,,,,,,,1,1,false,,,,
item_7994,Product,Aoud Blue Notes De Mancera Unisex,,,,7994,Unisex,761600.0,,true,PERCENT,0.0,InStock,120.0,544000.0,,,,,,,,,,,,,,,,,,,,,,,,,,,,,,,1,1,false,,,,
item_7914,Product,Club De Nuit Intense De Armaf,,,,7914,Mujer,266000.0,,true,PERCENT,0.0,InStock,105.0,190000.0,,,,,,,,,,,,,,,,,,,,,,,,,,,,,,,1,1,false,,,,
item_7912,Product,Spring Flower Creed,,,,7912,Mujer,1356600.0,,true,PERCENT,0.0,InStock,75.0,969000.0,,,,,,,,,,,,,,,,,,,,,,,,,,,,,,,1,1,false,,,,
item_7907,Product,Eros Flame De Versace,,,,7907,Hombre,600600.0,,true,PERCENT,0.0,InStock,200.0,429000.0,,,,,,,,,,,,,,,,,,,,,,,,,,,,,,,1,1,false,,,,
item_7903,Product,Jean Pascal Repuesto,,,,7903,Hombre,247800.0,,true,PERCENT,0.0,InStock,120.0,177000.0,,,,,,,,,,,,,,,,,,,,,,,,,,,,,,,1,1,false,,,,
item_7901,Product,Noir L.12.12. Lacoste,,,,7901,Hombre,407400.0,,true,PERCENT,0.0,InStock,100.0,291000.0,,,,,,,,,,,,,,,,,,,,,,,,,,,,,,,1,1,false,,,,
item_7893,Product,Hypnotic Poison De Dior,,,,7893,Mujer,823200.0,,true,PERCENT,0.0,InStock,100.0,588000.0,,,,,,,,,,,,,,,,,,,,,,,,,,,,,,,1,1,false,,,,
item_7892,Product,Guess Man Gold,,,,7892,Hombre,217000.0,,true,PERCENT,0.0,InStock,75.0,155000.0,,,,,,,,,,,,,,,,,,,,,,,,,,,,,,,1,1,false,,,,
item_7889,Product,Guess Man De Guess,,,,7889,Hombre,210000.0,,true,PERCENT,0.0,InStock,75.0,150000.0,,,,,,,,,,,,,,,,,,,,,,,,,,,,,,,1,1,false,,,,
item_7886,Product,Gucci Rush De Gucci,,,,7886,Mujer,424200.0,,true,PERCENT,0.0,InStock,75.0,303000.0,,,,,,,,,,,,,,,,,,,,,,,,,,,,,,,1,1,false,,,,
item_7885,Product,F De Salvatore Ferragamo,,,,7885,Hombre,296800.0,,true,PERCENT,0.0,InStock,100.0,212000.0,,,,,,,,,,,,,,,,,,,,,,,,,,,,,,,1,1,false,,,,
item_7883,Product,Eternity Aqua For Men De Calvin Klein,,,,7883,Hombre,306600.0,,true,PERCENT,0.0,InStock,100.0,219000.0,,,,,,,,,,,,,,,,,,,,,,,,,,,,,,,1,1,false,,,,
item_7877,Product,The Only One De Dolce & Gabbana,,,,7877,Mujer,651000.0,,true,PERCENT,0.0,InStock,100.0,465000.0,,,,,,,,,,,,,,,,,,,,,,,,,,,,,,,1,1,false,,,,
item_7873,Product,K De Dolce & Gabbana,,,,7873,Hombre,658000.0,,true,PERCENT,0.0,InStock,150.0,470000.0,,,,,,,,,,,,,,,,,,,,,,,,,,,,,,,1,1,false,,,,
item_7872,Product,K De Dolce & Gabbana,,,,7872,Hombre,387800.0,,true,PERCENT,0.0,InStock,100.0,277000.0,,,,,,,,,,,,,,,,,,,,,,,,,,,,,,,1,1,false,,,,
item_7871,Product,Cr7 De Cristiano Ronaldo,,,,7871,Hombre,285600.0,,true,PERCENT,0.0,InStock,100.0,204000.0,,,,,,,,,,,,,,,,,,,,,,,,,,,,,,,1,1,false,,,,
item_7870,Product,Coach Floral Blush De Coach New York,,,,7870,Mujer,415800.0,,true,PERCENT,0.0,InStock,90.0,297000.0,,,,,,,,,,,,,,,,,,,,,,,,,,,,,,,1,1,false,,,,
item_7869,Product,Coach Floral De Coach New York,,,,7869,Mujer,415800.0,,true,PERCENT,0.0,InStock,90.0,297000.0,,,,,,,,,,,,,,,,,,,,,,,,,,,,,,,1,1,false,,,,
item_7860,Product,Man De Jimmy Choo,,,,7860,Hombre,399000.0,,true,PERCENT,0.0,InStock,100.0,285000.0,,,,,,,,,,,,,,,,,,,,,,,,,,,,,,,1,1,false,,,,
item_7859,Product,Man Intense De Jimmy Choo,,,,7859,Hombre,529200.0,,true,PERCENT,0.0,InStock,100.0,378000.0,,,,,,,,,,,,,,,,,,,,,,,,,,,,,,,1,1,false,,,,
item_7858,Product,Jean Pascal Caja,,,,7858,Hombre,302400.0,,true,PERCENT,0.0,InStock,180.0,216000.0,,,,,,,,,,,,,,,,,,,,,,,,,,,,,,,1,1,false,,,,
item_7856,Product,Ch L'eau De Carolina Herrera,,,,7856,Mujer,693000.0,,true,PERCENT,0.0,InStock,150.0,495000.0,,,,,,,,,,,,,,,,,,,,,,,,,,,,,,,1,1,false,,,,
item_7854,Product,Ck Be De Calvin Klein,,,,7854,Unisex,238000.0,,true,PERCENT,0.0,InStock,100.0,170000.0,,,,,,,,,,,,,,,,,,,,,,,,,,,,,,,1,1,false,,,,
item_7852,Product,L¬•aventure De Al Haramain,,,,7852,Hombre,421400.0,,true,PERCENT,0.0,InStock,200.0,301000.0,,,,,,,,,,,,,,,,,,,,,,,,,,,,,,,1,1,false,,,,
item_7831,Product,Black Opium Ysl Yves Saint Laurent,,,,7831,Mujer,816200.0,,true,PERCENT,0.0,InStock,90.0,583000.0,,,,,,,,,,,,,,,,,,,,,,,,,,,,,,,1,1,false,,,,
item_7208,Product,Red Giorgio De Beverly Hills,,,,7208,Mujer,238000.0,,true,PERCENT,0.0,InStock,90.0,170000.0,,,,,,,,,,,,,,,,,,,,,,,,,,,,,,,1,1,false,,,,
item_7207,Product,Reserve De Perry Ellis,,,,7207,Hombre,259000.0,,true,PERCENT,0.0,InStock,100.0,185000.0,,,,,,,,,,,,,,,,,,,,,,,,,,,,,,,1,1,false,,,,
item_7198,Product,Eau De Lacoste L12.12 Pour Elle French Panache,,,,7198,Mujer,344400.0,,true,PERCENT,0.0,InStock,90.0,246000.0,,,,,,,,,,,,,,,,,,,,,,,,,,,,,,,1,1,false,,,,
item_7192,Product,Pink Roses De Mancera,,,,7192,Mujer,761600.0,,true,PERCENT,0.0,InStock,120.0,544000.0,,,,,,,,,,,,,,,,,,,,,,,,,,,,,,,1,1,false,,,,
item_7191,Product,Musky Garden De Mancera,,,,7191,Mujer,800800.0,,true,PERCENT,0.0,InStock,120.0,572000.0,,,,,,,,,,,,,,,,,,,,,,,,,,,,,,,1,1,false,,,,
item_7190,Product,Musk Of Flowers De Mancera,,,,7190,Unisex,711200.0,,true,PERCENT,0.0,InStock,120.0,508000.0,,,,,,,,,,,,,,,,,,,,,,,,,,,,,,,1,1,false,,,,
item_7189,Product,Amber & Roses De Mancera,,,,7189,Unisex,761600.0,,true,PERCENT,0.0,InStock,120.0,544000.0,,,,,,,,,,,,,,,,,,,,,,,,,,,,,,,1,1,false,,,,
item_7188,Product,Sicily De Mancera,,,,7188,Unisex,779800.0,,true,PERCENT,0.0,InStock,120.0,557000.0,,,,,,,,,,,,,,,,,,,,,,,,,,,,,,,1,1,false,,,,
item_7187,Product,Wild Fruits De Mancera,,,,7187,Unisex,761600.0,,true,PERCENT,0.0,InStock,120.0,544000.0,,,,,,,,,,,,,,,,,,,,,,,,,,,,,,,1,1,false,,,,
item_7186,Product,Ultra Male Jean Paul Gaultier 125  Intense Hombre EDT,,,,7186,Hombre,674800.0,,true,PERCENT,0.0,InStock,125.0,482000.0,,,,,,,,,,,,,,,,,,,,,,,,,,,,,,,1,1,false,,,,
item_7171,Product,Club De Nuit Woman De Armaf,,,,7171,Mujer,285600.0,,true,PERCENT,0.0,InStock,105.0,204000.0,,,,,,,,,,,,,,,,,,,,,,,,,,,,,,,1,1,false,,,,
item_7146,Product,Pasha Edition Noire Sport De Cartier,,,,7146,Hombre,495600.0,,true,PERCENT,0.0,InStock,100.0,354000.0,,,,,,,,,,,,,,,,,,,,,,,,,,,,,,,1,1,false,,,,
item_7145,Product,N¬∞5 Eau Premi√©re De Chanel,,,,7145,Mujer,824600.0,,true,PERCENT,0.0,InStock,100.0,589000.0,,,,,,,,,,,,,,,,,,,,,,,,,,,,,,,1,1,false,,,,
item_6747,Product,Himalaya De Creed,,,,6747,Hombre,1674400.0,,true,PERCENT,0.0,InStock,100.0,1196000.0,,,,,,,,,,,,,,,,,,,,,,,,,,,,,,,1,1,false,,,,
item_6746,Product,Chocolate Greedy De Montale Paris,,,,6746,Hombre,621600.0,,true,PERCENT,0.0,InStock,100.0,444000.0,,,,,,,,,,,,,,,,,,,,,,,,,,,,,,,1,1,false,,,,
item_6745,Product,Boise Fruite De Montale Paris,,,,6745,Hombre,674800.0,,true,PERCENT,0.0,InStock,100.0,482000.0,,,,,,,,,,,,,,,,,,,,,,,,,,,,,,,1,1,false,,,,
item_6743,Product,Aqua Gold De Montale Paris,,,,6743,Unisex,639800.0,,true,PERCENT,0.0,InStock,100.0,457000.0,,,,,,,,,,,,,,,,,,,,,,,,,,,,,,,1,1,false,,,,
item_6740,Product,Aoud Greedy De Montale Paris,,,,6740,Unisex,624400.0,,true,PERCENT,0.0,InStock,100.0,446000.0,,,,,,,,,,,,,,,,,,,,,,,,,,,,,,,1,1,false,,,,
item_6739,Product,Lemon Line De Mancera,,,,6739,Unisex,761600.0,,true,PERCENT,0.0,InStock,120.0,544000.0,,,,,,,,,,,,,,,,,,,,,,,,,,,,,,,1,1,false,,,,
item_6738,Product,Kumkat Wood De Mancera,,,,6738,Unisex,761600.0,,true,PERCENT,0.0,InStock,120.0,544000.0,,,,,,,,,,,,,,,,,,,,,,,,,,,,,,,1,1,false,,,,
item_6737,Product,Jardin Exclusif De Mancera,,,,6737,Unisex,674800.0,,true,PERCENT,0.0,InStock,120.0,482000.0,,,,,,,,,,,,,,,,,,,,,,,,,,,,,,,1,1,false,,,,
item_6736,Product,Instant Crush De Mancera,,,,6736,Unisex,729400.0,,true,PERCENT,0.0,InStock,120.0,521000.0,,,,,,,,,,,,,,,,,,,,,,,,,,,,,,,1,1,false,,,,
item_6735,Product,Holidays De Mancera,,,,6735,Unisex,728000.0,,true,PERCENT,0.0,InStock,120.0,520000.0,,,,,,,,,,,,,,,,,,,,,,,,,,,,,,,1,1,false,,,,
item_6734,Product,Cedrat Boise De Mancera,,,,6734,Unisex,637000.0,,true,PERCENT,0.0,InStock,120.0,455000.0,,,,,,,,,,,,,,,,,,,,,,,,,,,,,,,1,1,false,,,,
item_6733,Product,Fidi De Bond No 9,,,,6733,Unisex,1789200.0,,true,PERCENT,0.0,InStock,100.0,1278000.0,,,,,,,,,,,,,,,,,,,,,,,,,,,,,,,1,1,false,,,,
item_6727,Product,Dubai Garnet De Bond No 9,,,,6727,Unisex,2549400.0,,true,PERCENT,0.0,InStock,100.0,1821000.0,,,,,,,,,,,,,,,,,,,,,,,,,,,,,,,1,1,false,,,,
item_6721,Product,Electrify De Paris Hilton 100 Mujer EDP,,,,6721,Mujer,231000.0,,true,PERCENT,0.0,InStock,100.0,165000.0,,,,,,,,,,,,,,,,,,,,,,,,,,,,,,,1,1,false,,,,
item_6719,Product,La Vie Est Belle En Rose De Lancome,,,,6719,Mujer,959000.0,,true,PERCENT,0.0,InStock,100.0,685000.0,,,,,,,,,,,,,,,,,,,,,,,,,,,,,,,1,1,false,,,,
item_6716,Product,Gold Prestigium De Mancera,,,,6716,Unisex,779800.0,,true,PERCENT,0.0,InStock,120.0,557000.0,,,,,,,,,,,,,,,,,,,,,,,,,,,,,,,1,1,false,,,,
item_6715,Product,Gold Incense De Mancera,,,,6715,Unisex,655200.0,,true,PERCENT,0.0,InStock,120.0,468000.0,,,,,,,,,,,,,,,,,,,,,,,,,,,,,,,1,1,false,,,,
item_6714,Product,Coco Vanille De Mancera,,,,6714,Mujer,761600.0,,true,PERCENT,0.0,InStock,120.0,544000.0,,,,,,,,,,,,,,,,,,,,,,,,,,,,,,,1,1,false,,,,
item_6713,Product,Black Vanilla De Mancera,,,,6713,Unisex,761600.0,,true,PERCENT,0.0,InStock,120.0,544000.0,,,,,,,,,,,,,,,,,,,,,,,,,,,,,,,1,1,false,,,,
item_6712,Product,Aoud Forest De Montale Paris,,,,6712,Unisex,695800.0,,true,PERCENT,0.0,InStock,100.0,497000.0,,,,,,,,,,,,,,,,,,,,,,,,,,,,,,,1,1,false,,,,
item_6709,Product,Guess Gold De Guess,,,,6709,Mujer,238000.0,,true,PERCENT,0.0,InStock,75.0,170000.0,,,,,,,,,,,,,,,,,,,,,,,,,,,,,,,1,1,false,,,,
item_6706,Product,Twilly D'hermes De Hermes Paris,,,,6706,Mujer,586600.0,,true,PERCENT,0.0,InStock,85.0,419000.0,,,,,,,,,,,,,,,,,,,,,,,,,,,,,,,1,1,false,,,,
item_6705,Product,Alien Man De Mugler,,,,6705,Hombre,326200.0,,true,PERCENT,0.0,InStock,100.0,233000.0,,,,,,,,,,,,,,,,,,,,,,,,,,,,,,,1,1,false,,,,
item_6700,Product,Black Prestigium De Mancera,,,,6700,Unisex,761600.0,,true,PERCENT,0.0,InStock,125.0,544000.0,,,,,,,,,,,,,,,,,,,,,,,,,,,,,,,1,1,false,,,,
item_6699,Product,Black Line De Mancera,,,,6699,Unisex,729400.0,,true,PERCENT,0.0,InStock,120.0,521000.0,,,,,,,,,,,,,,,,,,,,,,,,,,,,,,,1,1,false,,,,
item_6698,Product,Black Gold De Mancera,,,,6698,Hombre,729400.0,,true,PERCENT,0.0,InStock,120.0,521000.0,,,,,,,,,,,,,,,,,,,,,,,,,,,,,,,1,1,false,,,,
item_6697,Product,Aoud Violet De Mancera,,,,6697,Mujer,687400.0,,true,PERCENT,0.0,InStock,120.0,491000.0,,,,,,,,,,,,,,,,,,,,,,,,,,,,,,,1,1,false,,,,
item_6696,Product,Aoud Vanille De Mancera,,,,6696,Unisex,674800.0,,true,PERCENT,0.0,InStock,120.0,482000.0,,,,,,,,,,,,,,,,,,,,,,,,,,,,,,,1,1,false,,,,
item_6695,Product,Aoud Orchid De Mancera,,,,6695,Unisex,688800.0,,true,PERCENT,0.0,InStock,120.0,492000.0,,,,,,,,,,,,,,,,,,,,,,,,,,,,,,,1,1,false,,,,
item_6694,Product,Aoud Line De Mancera,,,,6694,Unisex,761600.0,,true,PERCENT,0.0,InStock,120.0,544000.0,,,,,,,,,,,,,,,,,,,,,,,,,,,,,,,1,1,false,,,,
item_6693,Product,Aoud Exclusif De Mancera,,,,6693,Unisex,764400.0,,true,PERCENT,0.0,InStock,120.0,546000.0,,,,,,,,,,,,,,,,,,,,,,,,,,,,,,,1,1,false,,,,
item_6671,Product,Women De Calvin Klein,,,,6671,Mujer,462000.0,,true,PERCENT,0.0,InStock,100.0,330000.0,,,,,,,,,,,,,,,,,,,,,,,,,,,,,,,1,1,false,,,,
item_6660,Product,Black Edition De Bentley,,,,6660,Hombre,301000.0,,true,PERCENT,0.0,InStock,100.0,215000.0,,,,,,,,,,,,,,,,,,,,,,,,,,,,,,,1,1,false,,,,
item_6635,Product,Floral Touch So Fresh De Tous,,,,6635,Mujer,334600.0,,true,PERCENT,0.0,InStock,100.0,239000.0,,,,,,,,,,,,,,,,,,,,,,,,,,,,,,,1,1,false,,,,
item_6634,Product,Still De Jennifer Lopez,,,,6634,Mujer,296800.0,,true,PERCENT,0.0,InStock,100.0,212000.0,,,,,,,,,,,,,,,,,,,,,,,,,,,,,,,1,1,false,,,,
item_6633,Product,Versace Woman De Versace,,,,6633,Mujer,393400.0,,true,PERCENT,0.0,InStock,100.0,281000.0,,,,,,,,,,,,,,,,,,,,,,,,,,,,,,,1,1,false,,,,
item_6624,Product,Quorum De Antonio Puig,,,,6624,Hombre,172200.0,,true,PERCENT,0.0,InStock,100.0,123000.0,,,,,,,,,,,,,,,,,,,,,,,,,,,,,,,1,1,false,,,,
item_6623,Product,Hugo Reversed De Hugo Boss,,,,6623,Hombre,306600.0,,true,PERCENT,0.0,InStock,125.0,219000.0,,,,,,,,,,,,,,,,,,,,,,,,,,,,,,,1,1,false,,,,
item_6609,Product,Declaration De Cartier,,,,6609,Hombre,604800.0,,true,PERCENT,0.0,InStock,150.0,432000.0,,,,,,,,,,,,,,,,,,,,,,,,,,,,,,,1,1,false,,,,
item_6600,Product,Victory De Cuba Paris,,,,6600,Mujer,107800.0,,true,PERCENT,0.0,InStock,100.0,77000.0,,,,,,,,,,,,,,,,,,,,,,,,,,,,,,,1,1,false,,,,
item_6599,Product,Shadow De Cuba Paris,,,,6599,Hombre,138600.0,,true,PERCENT,0.0,InStock,100.0,99000.0,,,,,,,,,,,,,,,,,,,,,,,,,,,,,,,1,1,false,,,,
item_6598,Product,La Vida De Cuba Paris,,,,6598,Mujer,138600.0,,true,PERCENT,0.0,InStock,100.0,99000.0,,,,,,,,,,,,,,,,,,,,,,,,,,,,,,,1,1,false,,,,
item_6595,Product,For Her De Narciso Rodriguez,,,,6595,Mujer,604800.0,,true,PERCENT,0.0,InStock,100.0,432000.0,,,,,,,,,,,,,,,,,,,,,,,,,,,,,,,1,1,false,,,,
item_6594,Product,Must De Cartier,,,,6594,Mujer,743400.0,,true,PERCENT,0.0,InStock,100.0,531000.0,,,,,,,,,,,,,,,,,,,,,,,,,,,,,,,1,1,false,,,,
item_6592,Product,Sweet Vainilla De Montale Paris,,,,6592,Unisex,621600.0,,true,PERCENT,0.0,InStock,100.0,444000.0,,,,,,,,,,,,,,,,,,,,,,,,,,,,,,,1,1,false,,,,
item_6588,Product,The One De Dolce & Gabbana,,,,6588,Hombre,499800.0,,true,PERCENT,0.0,InStock,100.0,357000.0,,,,,,,,,,,,,,,,,,,,,,,,,,,,,,,1,1,false,,,,
item_6586,Product,Bad Boy De Carolina Herrera,,,,6586,Hombre,586600.0,,true,PERCENT,0.0,InStock,100.0,419000.0,,,,,,,,,,,,,,,,,,,,,,,,,,,,,,,1,1,false,,,,
item_6571,Product,Le Parfum De Mercedes Benz,,,,6571,Hombre,372400.0,,true,PERCENT,0.0,InStock,120.0,266000.0,,,,,,,,,,,,,,,,,,,,,,,,,,,,,,,1,1,false,,,,
item_6570,Product,Mediterraneo De Antonio Banderas,,,,6570,Hombre,210000.0,,true,PERCENT,0.0,InStock,200.0,150000.0,,,,,,,,,,,,,,,,,,,,,,,,,,,,,,,1,1,false,,,,
item_6569,Product,Mediterraneo De Antonio Banderas,,,,6569,Hombre,172200.0,,true,PERCENT,0.0,InStock,100.0,123000.0,,,,,,,,,,,,,,,,,,,,,,,,,,,,,,,1,1,false,,,,
item_6567,Product,Grey Flannel De Geoffrey Beene,,,,6567,Hombre,172200.0,,true,PERCENT,0.0,InStock,120.0,123000.0,,,,,,,,,,,,,,,,,,,,,,,,,,,,,,,1,1,false,,,,
item_6566,Product,Uomo De Salvatore Ferragamo,,,,6566,Hombre,344400.0,,true,PERCENT,0.0,InStock,100.0,246000.0,,,,,,,,,,,,,,,,,,,,,,,,,,,,,,,1,1,false,,,,
item_6565,Product,Fahrenheit De Christian Dior,,,,6565,Hombre,884800.0,,true,PERCENT,0.0,InStock,200.0,632000.0,,,,,,,,,,,,,,,,,,,,,,,,,,,,,,,1,1,false,,,,
item_6560,Product,Loewe Solo Origami De Loewe,,,,6560,Hombre,470400.0,,true,PERCENT,0.0,InStock,100.0,336000.0,,,,,,,,,,,,,,,,,,,,,,,,,,,,,,,1,1,false,,,,
item_6556,Product,Signorina Ribelle De Ferragamo,,,,6556,Mujer,368200.0,,true,PERCENT,0.0,InStock,100.0,263000.0,,,,,,,,,,,,,,,,,,,,,,,,,,,,,,,1,1,false,,,,
item_6555,Product,Shuhrah Pour Homme De Rasasi,,,,6555,Hombre,326200.0,,true,PERCENT,0.0,InStock,90.0,233000.0,,,,,,,,,,,,,,,,,,,,,,,,,,,,,,,1,1,false,,,,
item_6517,Product,Ck In 2U For Him De Calvin Klein,,,,6517,Hombre,218400.0,,true,PERCENT,0.0,InStock,100.0,156000.0,,,,,,,,,,,,,,,,,,,,,,,,,,,,,,,1,1,false,,,,
item_6515,Product,Pretty Fruity De Montale Paris,,,,6515,Mujer,621600.0,,true,PERCENT,0.0,InStock,100.0,444000.0,,,,,,,,,,,,,,,,,,,,,,,,,,,,,,,1,1,false,,,,
item_6513,Product,Intense Cherry De Montale Paris,,,,6513,Mujer,639800.0,,true,PERCENT,0.0,InStock,100.0,457000.0,,,,,,,,,,,,,,,,,,,,,,,,,,,,,,,1,1,false,,,,
item_6511,Product,Arabians De Montale Paris,,,,6511,Unisex,621600.0,,true,PERCENT,0.0,InStock,100.0,444000.0,,,,,,,,,,,,,,,,,,,,,,,,,,,,,,,1,1,false,,,,
item_6509,Product,Guess 1981 Los Angeles De Guess,,,,6509,Hombre,238000.0,,true,PERCENT,0.0,InStock,100.0,170000.0,,,,,,,,,,,,,,,,,,,,,,,,,,,,,,,1,1,false,,,,
item_6507,Product,Guess 1981 For Men,,,,6507,Hombre,191800.0,,true,PERCENT,0.0,InStock,100.0,137000.0,,,,,,,,,,,,,,,,,,,,,,,,,,,,,,,1,1,false,,,,
item_6503,Product,The One De Dolce & Gabbana,,,,6503,Hombre,553000.0,,true,PERCENT,0.0,InStock,150.0,395000.0,,,,,,,,,,,,,,,,,,,,,,,,,,,,,,,1,1,false,,,,
item_6488,Product,Boss The Scent De Hugo Boss,,,,6488,Mujer,450800.0,,true,PERCENT,0.0,InStock,100.0,322000.0,,,,,,,,,,,,,,,,,,,,,,,,,,,,,,,1,1,false,,,,
item_6484,Product,Boss Bottled De Hugo Boss,,,,6484,Hombre,424200.0,,true,PERCENT,0.0,InStock,100.0,303000.0,,,,,,,,,,,,,,,,,,,,,,,,,,,,,,,1,1,false,,,,
item_6481,Product,Arsenal Platinum De Gilles Cantuel,,,,6481,Hombre,172200.0,,true,PERCENT,0.0,InStock,100.0,123000.0,,,,,,,,,,,,,,,,,,,,,,,,,,,,,,,1,1,false,,,,
item_6476,Product,Lady Million Empire De Paco Rabanne,,,,6476,Mujer,541800.0,,true,PERCENT,0.0,InStock,80.0,387000.0,,,,,,,,,,,,,,,,,,,,,,,,,,,,,,,1,1,false,,,,
item_6460,Product,Pure Blue De Perry Ellis,,,,6460,Hombre,226800.0,,true,PERCENT,0.0,InStock,100.0,162000.0,,,,,,,,,,,,,,,,,,,,,,,,,,,,,,,1,1,false,,,,
item_6453,Product,Platinum Rush De Paris Hilton,,,,6453,Mujer,263200.0,,true,PERCENT,0.0,InStock,100.0,188000.0,,,,,,,,,,,,,,,,,,,,,,,,,,,,,,,1,1,false,,,,
item_6443,Product,Get Ready De Adidas,,,,6443,Hombre,113400.0,,true,PERCENT,0.0,InStock,100.0,81000.0,,,,,,,,,,,,,,,,,,,,,,,,,,,,,,,1,1,false,,,,
item_6442,Product,Goldea The Roman Night Absolute De Bvlgari,,,,6442,Mujer,553000.0,,true,PERCENT,0.0,InStock,75.0,395000.0,,,,,,,,,,,,,,,,,,,,,,,,,,,,,,,1,1,false,,,,
item_6412,Product,Benetton Colors Man Green,,,,6412,Hombre,191800.0,,true,PERCENT,0.0,InStock,100.0,137000.0,,,,,,,,,,,,,,,,,,,,,,,,,,,,,,,1,1,false,,,,
item_6402,Product,L¬•aventure Knight De Al Haramain,,,,6402,Hombre,296800.0,,true,PERCENT,0.0,InStock,100.0,212000.0,,,,,,,,,,,,,,,,,,,,,,,,,,,,,,,1,1,false,,,,
item_6401,Product,L¬•aventure Blanche De Al Haramain,,,,6401,Mujer,306600.0,,true,PERCENT,0.0,InStock,100.0,219000.0,,,,,,,,,,,,,,,,,,,,,,,,,,,,,,,1,1,false,,,,
item_6400,Product,L¬•aventure De Al Haramain,,,,6400,Hombre,306600.0,,true,PERCENT,0.0,InStock,100.0,219000.0,,,,,,,,,,,,,,,,,,,,,,,,,,,,,,,1,1,false,,,,
item_6397,Product,Amber Oud Gold Edition De Al Haramain,,,,6397,Unisex,331800.0,,true,PERCENT,0.0,InStock,60.0,237000.0,,,,,,,,,,,,,,,,,,,,,,,,,,,,,,,1,1,false,,,,
item_6385,Product,Club De Nuit Man De Armaf,,,,6385,Hombre,247800.0,,true,PERCENT,0.0,InStock,105.0,177000.0,,,,,,,,,,,,,,,,,,,,,,,,,,,,,,,1,1,false,,,,
item_6375,Product,Club De Nuit Intense Man De Armaf,,,,6375,Hombre,285600.0,,true,PERCENT,0.0,InStock,105.0,204000.0,,,,,,,,,,,,,,,,,,,,,,,,,,,,,,,1,1,false,,,,
item_6347,Product,Wanted By Night Azzaro,,,,6347,Hombre,558600.0,,true,PERCENT,0.0,InStock,100.0,399000.0,,,,,,,,,,,,,,,,,,,,,,,,,,,,,,,1,1,false,,,,
item_6345,Product,Stronger With You De Emporio Armani,,,,6345,Hombre,586600.0,,true,PERCENT,0.0,InStock,100.0,419000.0,,,,,,,,,,,,,,,,,,,,,,,,,,,,,,,1,1,false,,,,
item_6344,Product,Polo Blue Ralph Lauren,,,,6344,Hombre,530600.0,,true,PERCENT,0.0,InStock,125.0,379000.0,,,,,,,,,,,,,,,,,,,,,,,,,,,,,,,1,1,false,,,,
item_6343,Product,Jimmy Choo Man Blue De Jimmy Choo,,,,6343,Hombre,376600.0,,true,PERCENT,0.0,InStock,100.0,269000.0,,,,,,,,,,,,,,,,,,,,,,,,,,,,,,,1,1,false,,,,
item_6342,Product,Y Yves Saint Laurent,,,,6342,Hombre,672000.0,,true,PERCENT,0.0,InStock,100.0,480000.0,,,,,,,,,,,,,,,,,,,,,,,,,,,,,,,1,1,false,,,,
item_6324,Product,Hugo Woman Extreme De Hugo Boss,,,,6324,Mujer,306600.0,,true,PERCENT,0.0,InStock,75.0,219000.0,,,,,,,,,,,,,,,,,,,,,,,,,,,,,,,1,1,false,,,,
item_6322,Product,Youth Dew De Estee Lauder,,,,6322,Mujer,296800.0,,true,PERCENT,0.0,InStock,67.0,212000.0,,,,,,,,,,,,,,,,,,,,,,,,,,,,,,,1,1,false,,,,
item_6302,Product,Explorer De Montblanc,,,,6302,Hombre,415800.0,,true,PERCENT,0.0,InStock,100.0,297000.0,,,,,,,,,,,,,,,,,,,,,,,,,,,,,,,1,1,false,,,,
item_6267,Product,Black Xs For Her De Paco Rabanne,,,,6267,Mujer,470400.0,,true,PERCENT,0.0,InStock,80.0,336000.0,,,,,,,,,,,,,,,,,,,,,,,,,,,,,,,1,1,false,,,,
item_6255,Product,Burberry London De Burberry,,,,6255,Hombre,344400.0,,true,PERCENT,0.0,InStock,100.0,246000.0,,,,,,,,,,,,,,,,,,,,,,,,,,,,,,,1,1,false,,,,
item_6243,Product,Eros Flame De Versace,,,,6243,Hombre,442400.0,,true,PERCENT,0.0,InStock,100.0,316000.0,,,,,,,,,,,,,,,,,,,,,,,,,,,,,,,1,1,false,,,,
item_6215,Product,Colors Man Black De Benetton,,,,6215,Hombre,210000.0,,true,PERCENT,0.0,InStock,100.0,150000.0,,,,,,,,,,,,,,,,,,,,,,,,,,,,,,,1,1,false,,,,
item_6214,Product,Uomo Signature De Salvatore Ferragamo,,,,6214,Hombre,376600.0,,true,PERCENT,0.0,InStock,100.0,269000.0,,,,,,,,,,,,,,,,,,,,,,,,,,,,,,,1,1,false,,,,
item_6174,Product,Bleu De Chanel Parfum,,,,6174,Hombre,1409800.0,,true,PERCENT,0.0,InStock,100.0,1007000.0,,,,,,,,,,,,,,,,,,,,,,,,,,,,,,,1,1,false,,,,
item_6164,Product,Katy Perry's Indi Visible,,,,6164,Mujer,207200.0,,true,PERCENT,0.0,InStock,100.0,148000.0,,,,,,,,,,,,,,,,,,,,,,,,,,,,,,,1,1,false,,,,
item_5644,Product,Gems Power De Tous,,,,5644,Mujer,326200.0,,true,PERCENT,0.0,InStock,90.0,233000.0,,,,,,,,,,,,,,,,,,,,,,,,,,,,,,,1,1,false,,,,
item_5608,Product,Sweet Like Candy De Ariana Grande,,,,5608,Mujer,322000.0,,true,PERCENT,0.0,InStock,100.0,230000.0,,,,,,,,,,,,,,,,,,,,,,,,,,,,,,,1,1,false,,,,
item_5601,Product,Bella Blanca De Oscar De La Renta,,,,5601,Mujer,674800.0,,true,PERCENT,0.0,InStock,100.0,482000.0,,,,,,,,,,,,,,,,,,,,,,,,,,,,,,,1,1,false,,,,
item_5582,Product,Pure Xs Her De Paco Rabanne,,,,5582,Mujer,520800.0,,true,PERCENT,0.0,InStock,80.0,372000.0,,,,,,,,,,,,,,,,,,,,,,,,,,,,,,,1,1,false,,,,
item_5579,Product,Toy 2 De Moschino,,,,5579,Mujer,350000.0,,true,PERCENT,0.0,InStock,100.0,250000.0,,,,,,,,,,,,,,,,,,,,,,,,,,,,,,,1,1,false,,,,
item_5569,Product,Dylan Blue Pour Femme De Versace,,,,5569,Mujer,442400.0,,true,PERCENT,0.0,InStock,100.0,316000.0,,,,,,,,,,,,,,,,,,,,,,,,,,,,,,,1,1,false,,,,
item_5567,Product,Valentino Donna De Valentino,,,,5567,Mujer,798000.0,,true,PERCENT,0.0,InStock,100.0,570000.0,,,,,,,,,,,,,,,,,,,,,,,,,,,,,,,1,1,false,,,,
item_5564,Product,Romance De Ralph Lauren,,,,5564,Mujer,495600.0,,true,PERCENT,0.0,InStock,100.0,354000.0,,,,,,,,,,,,,,,,,,,,,,,,,,,,,,,1,1,false,,,,
item_5546,Product,Red Door De Elizabeth Arden,,,,5546,Mujer,292600.0,,true,PERCENT,0.0,InStock,100.0,209000.0,,,,,,,,,,,,,,,,,,,,,,,,,,,,,,,1,1,false,,,,
item_5534,Product,Vip Cuba De Cuba Paris,,,,5534,Hombre,109200.0,,true,PERCENT,0.0,InStock,100.0,78000.0,,,,,,,,,,,,,,,,,,,,,,,,,,,,,,,1,1,false,,,,
item_5510,Product,Coach New York De Coach,,,,5510,Mujer,415800.0,,true,PERCENT,0.0,InStock,90.0,297000.0,,,,,,,,,,,,,,,,,,,,,,,,,,,,,,,1,1,false,,,,
item_5509,Product,Coach Platinum De Coach,,,,5509,Hombre,372400.0,,true,PERCENT,0.0,InStock,100.0,266000.0,,,,,,,,,,,,,,,,,,,,,,,,,,,,,,,1,1,false,,,,
item_5496,Product,Sauvage De Dior,,,,5496,Hombre,981400.0,,true,PERCENT,0.0,InStock,100.0,701000.0,,,,,,,,,,,,,,,,,,,,,,,,,,,,,,,1,1,false,,,,
item_5492,Product,Viking De Creed,,,,5492,Hombre,1589000.0,,true,PERCENT,0.0,InStock,100.0,1135000.0,,,,,,,,,,,,,,,,,,,,,,,,,,,,,,,1,1,false,,,,
item_5491,Product,Green Irish Tweed Creed,,,,5491,Hombre,1594600.0,,true,PERCENT,0.0,InStock,100.0,1139000.0,,,,,,,,,,,,,,,,,,,,,,,,,,,,,,,1,1,false,,,,
item_5486,Product,Euphoria Men De Calvin Klein,,,,5486,Hombre,306600.0,,true,PERCENT,0.0,InStock,100.0,219000.0,,,,,,,,,,,,,,,,,,,,,,,,,,,,,,,1,1,false,,,,
item_5483,Product,Mr. Burberry,,,,5483,Hombre,462000.0,,true,PERCENT,0.0,InStock,100.0,330000.0,,,,,,,,,,,,,,,,,,,,,,,,,,,,,,,1,1,false,,,,
item_5482,Product,Burberry Touch For Men Burberry,,,,5482,Hombre,296800.0,,true,PERCENT,0.0,InStock,100.0,212000.0,,,,,,,,,,,,,,,,,,,,,,,,,,,,,,,1,1,false,,,,
item_5413,Product,Ari De Ariana Grande,,,,5413,Mujer,329000.0,,true,PERCENT,0.0,InStock,100.0,235000.0,,,,,,,,,,,,,,,,,,,,,,,,,,,,,,,1,1,false,,,,
item_5412,Product,A Men De Mugler,,,,5412,Hombre,537600.0,,true,PERCENT,0.0,InStock,100.0,384000.0,,,,,,,,,,,,,,,,,,,,,,,,,,,,,,,1,1,false,,,,
item_5411,Product,Ange Ou Demon De Givenchy,,,,5411,Mujer,604800.0,,true,PERCENT,0.0,InStock,100.0,432000.0,,,,,,,,,,,,,,,,,,,,,,,,,,,,,,,1,1,false,,,,
item_5355,Product,Drakkar Noir De Guy Laroche Paris,,,,5355,Hombre,295400.0,,true,PERCENT,0.0,InStock,200.0,211000.0,,,,,,,,,,,,,,,,,,,,,,,,,,,,,,,1,1,false,,,,
item_5354,Product,Dune Pour Homme De Dior,,,,5354,Hombre,639800.0,,true,PERCENT,0.0,InStock,100.0,457000.0,,,,,,,,,,,,,,,,,,,,,,,,,,,,,,,1,1,false,,,,
item_5346,Product,Curve Cologne Pour Homme De Liz Claiborne,,,,5346,Hombre,259000.0,,true,PERCENT,0.0,InStock,125.0,185000.0,,,,,,,,,,,,,,,,,,,,,,,,,,,,,,,1,1,false,,,,
item_5308,Product,Boss Orange De Hugo Boss,,,,5308,Mujer,266000.0,,true,PERCENT,0.0,InStock,75.0,190000.0,,,,,,,,,,,,,,,,,,,,,,,,,,,,,,,1,1,false,,,,
item_5306,Product,Halloween Man Shot De Halloween,,,,5306,Hombre,330400.0,,true,PERCENT,0.0,InStock,125.0,236000.0,,,,,,,,,,,,,,,,,,,,,,,,,,,,,,,1,1,false,,,,
item_5303,Product,Halloween Man Rock On De Halloween,,,,5303,Hombre,256200.0,,true,PERCENT,0.0,InStock,125.0,183000.0,,,,,,,,,,,,,,,,,,,,,,,,,,,,,,,1,1,false,,,,
item_5297,Product,Nuit D'Issey Issey Miyake,,,,5297,Hombre,376600.0,,true,PERCENT,0.0,InStock,125.0,269000.0,,,,,,,,,,,,,,,,,,,,,,,,,,,,,,,1,1,false,,,,
item_5293,Product,L'eau D'issey Pure De Issey Miyake,,,,5293,Mujer,449400.0,,true,PERCENT,0.0,InStock,90.0,321000.0,,,,,,,,,,,,,,,,,,,,,,,,,,,,,,,1,1,false,,,,
item_5290,Product,Hugo Boss Bottled Unlimited,,,,5290,Hombre,512400.0,,true,PERCENT,0.0,InStock,200.0,366000.0,,,,,,,,,,,,,,,,,,,,,,,,,,,,,,,1,1,false,,,,
item_5284,Product,Number One De Hugo Boss,,,,5284,Hombre,296800.0,,true,PERCENT,0.0,InStock,100.0,212000.0,,,,,,,,,,,,,,,,,,,,,,,,,,,,,,,1,1,false,,,,
item_5272,Product,Lapidus Por Homme Gold Extreme De Ted Lapidus,,,,5272,Hombre,287000.0,,true,PERCENT,0.0,InStock,100.0,205000.0,,,,,,,,,,,,,,,,,,,,,,,,,,,,,,,1,1,false,,,,
item_5269,Product,Esencia Loewe Sport,,,,5269,Hombre,466200.0,,true,PERCENT,0.0,InStock,150.0,333000.0,,,,,,,,,,,,,,,,,,,,,,,,,,,,,,,1,1,false,,,,
item_5256,Product,Mercedes Benz Club De Mercedes Benz,,,,5256,Hombre,296800.0,,true,PERCENT,0.0,InStock,100.0,212000.0,,,,,,,,,,,,,,,,,,,,,,,,,,,,,,,1,1,false,,,,
item_5255,Product,Minotaure De Paloma Picasso,,,,5255,Hombre,296800.0,,true,PERCENT,0.0,InStock,75.0,212000.0,,,,,,,,,,,,,,,,,,,,,,,,,,,,,,,1,1,false,,,,
item_5253,Product,Miss Dior Blooming Bouquet Christian Dior,,,,5253,Mujer,960400.0,,true,PERCENT,0.0,InStock,100.0,686000.0,,,,,,,,,,,,,,,,,,,,,,,,,,,,,,,1,1,false,,,,
item_5252,Product,Legend Spirit Montblanc,,,,5252,Hombre,434000.0,,true,PERCENT,0.0,InStock,200.0,310000.0,,,,,,,,,,,,,,,,,,,,,,,,,,,,,,,1,1,false,,,,
item_5241,Product,Pink Fresh Couture De Moschino,,,,5241,Mujer,295400.0,,true,PERCENT,0.0,InStock,100.0,211000.0,,,,,,,,,,,,,,,,,,,,,,,,,,,,,,,1,1,false,,,,
item_5240,Product,Gold Fresh Couture De Moschino,,,,5240,Mujer,287000.0,,true,PERCENT,0.0,InStock,100.0,205000.0,,,,,,,,,,,,,,,,,,,,,,,,,,,,,,,1,1,false,,,,
item_5225,Product,Gold Rush De Paris Hilton,,,,5225,Hombre,303800.0,,true,PERCENT,0.0,InStock,100.0,217000.0,,,,,,,,,,,,,,,,,,,,,,,,,,,,,,,1,1,false,,,,
item_5224,Product,Pasha √âdition Noire De Cartier,,,,5224,Hombre,487200.0,,true,PERCENT,0.0,InStock,100.0,348000.0,,,,,,,,,,,,,,,,,,,,,,,,,,,,,,,1,1,false,,,,
item_5211,Product,Pleasures De Est√©e Lauder,,,,5211,Hombre,368200.0,,true,PERCENT,0.0,InStock,100.0,263000.0,,,,,,,,,,,,,,,,,,,,,,,,,,,,,,,1,1,false,,,,
item_5210,Product,Acqua Di Gioia 100  Giorgio Armani Mujer EDP,,,,5210,Mujer,666400.0,,true,PERCENT,0.0,InStock,100.0,476000.0,,,,,,,,,,,,,,,,,,,,,,,,,,,,,,,1,1,false,,,,
item_5201,Product,Luna Rossa Carbon Prada,,,,5201,Hombre,701400.0,,true,PERCENT,0.0,InStock,100.0,501000.0,,,,,,,,,,,,,,,,,,,,,,,,,,,,,,,1,1,false,,,,
item_5176,Product,Cedar Essence De Ferrari,,,,5176,Hombre,261800.0,,true,PERCENT,0.0,InStock,100.0,187000.0,,,,,,,,,,,,,,,,,,,,,,,,,,,,,,,1,1,false,,,,
item_4954,Product,Drakkar Noir De Guy Laroche Paris,,,,4954,Hombre,238000.0,,true,PERCENT,0.0,InStock,100.0,170000.0,,,,,,,,,,,,,,,,,,,,,,,,,,,,,,,1,1,false,,,,
item_4944,Product,Cheap And Chic Stars De Moschino,,,,4944,Mujer,326200.0,,true,PERCENT,0.0,InStock,100.0,233000.0,,,,,,,,,,,,,,,,,,,,,,,,,,,,,,,1,1,false,,,,
item_4930,Product,Light Blue Eau Intense Dolce & Gabbana,,,,4930,Mujer,539000.0,,true,PERCENT,0.0,InStock,100.0,385000.0,,,,,,,,,,,,,,,,,,,,,,,,,,,,,,,1,1,false,,,,
item_4927,Product,Moon Moonlight De Ariana Grande,,,,4927,Mujer,362600.0,,true,PERCENT,0.0,InStock,100.0,259000.0,,,,,,,,,,,,,,,,,,,,,,,,,,,,,,,1,1,false,,,,
item_4914,Product,Light Blue De Dolce & Gabbana,,,,4914,Mujer,627200.0,,true,PERCENT,0.0,InStock,200.0,448000.0,,,,,,,,,,,,,,,,,,,,,,,,,,,,,,,1,1,false,,,,
item_4912,Product,Pour Homme Intenso De Dolce & Gabbana,,,,4912,Hombre,446600.0,,true,PERCENT,0.0,InStock,125.0,319000.0,,,,,,,,,,,,,,,,,,,,,,,,,,,,,,,1,1,false,,,,
item_4909,Product,Dior Homme Intense De Christian Dior,,,,4909,Hombre,898800.0,,true,PERCENT,0.0,InStock,100.0,642000.0,,,,,,,,,,,,,,,,,,,,,,,,,,,,,,,1,1,false,,,,
item_4893,Product,Les Monstres Luna De Nina Ricci,,,,4893,Mujer,280000.0,,true,PERCENT,0.0,InStock,80.0,200000.0,,,,,,,,,,,,,,,,,,,,,,,,,,,,,,,1,1,false,,,,
item_4888,Product,Winner De Cuba Paris,,,,4888,Hombre,109200.0,,true,PERCENT,0.0,InStock,100.0,78000.0,,,,,,,,,,,,,,,,,,,,,,,,,,,,,,,1,1,false,,,,
item_4883,Product,Sheer Beauty De Calvin Klein,,,,4883,Mujer,295400.0,,true,PERCENT,0.0,InStock,100.0,211000.0,,,,,,,,,,,,,,,,,,,,,,,,,,,,,,,1,1,false,,,,
item_4880,Product,Ch Men De Carolina Herrera,,,,4880,Hombre,819000.0,,true,PERCENT,0.0,InStock,200.0,585000.0,,,,,,,,,,,,,,,,,,,,,,,,,,,,,,,1,1,false,,,,
item_4879,Product,Carolina Herrera For Men,,,,4879,Hombre,604800.0,,true,PERCENT,0.0,InStock,200.0,432000.0,,,,,,,,,,,,,,,,,,,,,,,,,,,,,,,1,1,false,,,,
item_4878,Product,Carolina Herrera For Men,,,,4878,Hombre,450800.0,,true,PERCENT,0.0,InStock,100.0,322000.0,,,,,,,,,,,,,,,,,,,,,,,,,,,,,,,1,1,false,,,,
item_4849,Product,Black Xs De Paco Rabanne,,,,4849,Hombre,456400.0,,true,PERCENT,0.0,InStock,100.0,326000.0,,,,,,,,,,,,,,,,,,,,,,,,,,,,,,,1,1,false,,,,
item_4845,Product,Fancy De Jessica Simpson,,,,4845,Mujer,296800.0,,true,PERCENT,0.0,InStock,100.0,212000.0,,,,,,,,,,,,,,,,,,,,,,,,,,,,,,,1,1,false,,,,
item_4840,Product,Bleu De Chanel,,,,4840,Hombre,1409800.0,,true,PERCENT,0.0,InStock,150.0,1007000.0,,,,,,,,,,,,,,,,,,,,,,,,,,,,,,,1,1,false,,,,
item_4839,Product,Allure Homme Sport Chanel,,,,4839,Hombre,1254400.0,,true,PERCENT,0.0,InStock,150.0,896000.0,,,,,,,,,,,,,,,,,,,,,,,,,,,,,,,1,1,false,,,,
item_4819,Product,Kouros De Yves Saint Laurent,,,,4819,Hombre,639800.0,,true,PERCENT,0.0,InStock,100.0,457000.0,,,,,,,,,,,,,,,,,,,,,,,,,,,,,,,1,1,false,,,,
item_4809,Product,Sauvage De Dior,,,,4809,Hombre,859600.0,,true,PERCENT,0.0,InStock,100.0,614000.0,,,,,,,,,,,,,,,,,,,,,,,,,,,,,,,1,1,false,,,,
item_7141,Product,King Seduction Absolute De Antonio Banderas,,,,7141,Hombre,191800.0,,true,PERCENT,0.0,InStock,100.0,137000.0,,,,,,,,,,,,,,,,,,,,,,,,,,,,,,,1,1,false,,,,
item_7138,Product,Animale De Animale,,,,7138,Hombre,331800.0,,true,PERCENT,0.0,InStock,200.0,237000.0,,,,,,,,,,,,,,,,,,,,,,,,,,,,,,,1,1,false,,,,
item_7126,Product,Lady Emblem Elixir De Montblanc,,,,7126,Mujer,362600.0,,true,PERCENT,0.0,InStock,75.0,259000.0,,,,,,,,,,,,,,,,,,,,,,,,,,,,,,,1,1,false,,,,
item_7074,Product,360¬∫ Collection Ros√© De Perry Ellis,,,,7074,Mujer,257600.0,,true,PERCENT,0.0,InStock,100.0,184000.0,,,,,,,,,,,,,,,,,,,,,,,,,,,,,,,1,1,false,,,,
item_7072,Product,Scandal De Jean Paul Gaultier 80  Dama EDP,,,,7072,Mujer,586600.0,,true,PERCENT,0.0,InStock,80.0,419000.0,,,,,,,,,,,,,,,,,,,,,,,,,,,,,,,1,1,false,,,,
item_7057,Product,Lady Million Lucky De Paco Rabanne,,,,7057,Mujer,586600.0,,true,PERCENT,0.0,InStock,80.0,419000.0,,,,,,,,,,,,,,,,,,,,,,,,,,,,,,,1,1,false,,,,
item_7047,Product,Jaipur Homme De Boucheron,,,,7047,Hombre,320600.0,,true,PERCENT,0.0,InStock,100.0,229000.0,,,,,,,,,,,,,,,,,,,,,,,,,,,,,,,1,1,false,,,,
item_7046,Product,Azzaro Pour Homme De Azzaro,,,,7046,Hombre,348600.0,,true,PERCENT,0.0,InStock,200.0,249000.0,,,,,,,,,,,,,,,,,,,,,,,,,,,,,,,1,1,false,,,,
item_7045,Product,Azzaro Pour Homme De Azzaro,,,,7045,Hombre,291200.0,,true,PERCENT,0.0,InStock,100.0,208000.0,,,,,,,,,,,,,,,,,,,,,,,,,,,,,,,1,1,false,,,,
item_7022,Product,My Burberry Black De Burberry,,,,7022,Mujer,666400.0,,true,PERCENT,0.0,InStock,90.0,476000.0,,,,,,,,,,,,,,,,,,,,,,,,,,,,,,,1,1,false,,,,
item_7013,Product,Beautiful De Estee Lauder,,,,7013,Mujer,376600.0,,true,PERCENT,0.0,InStock,75.0,269000.0,,,,,,,,,,,,,,,,,,,,,,,,,,,,,,,1,1,false,,,,
item_6998,Product,Diamonds De Emporio Armani Mujer,,,,6998,Mujer,743400.0,,true,PERCENT,0.0,InStock,100.0,531000.0,,,,,,,,,,,,,,,,,,,,,,,,,,,,,,,1,1,false,,,,
item_6997,Product,Encre Noire Pour Homme De Lalique,,,,6997,Hombre,296800.0,,true,PERCENT,0.0,InStock,100.0,212000.0,,,,,,,,,,,,,,,,,,,,,,,,,,,,,,,1,1,false,,,,
item_6977,Product,Cuba Gold De Parfums Des Champs,,,,6977,Hombre,107800.0,,true,PERCENT,0.0,InStock,100.0,77000.0,,,,,,,,,,,,,,,,,,,,,,,,,,,,,,,1,1,false,,,,
item_6971,Product,Cuba Night De Parfums Des Champs,,,,6971,Mujer,107800.0,,true,PERCENT,0.0,InStock,100.0,77000.0,,,,,,,,,,,,,,,,,,,,,,,,,,,,,,,1,1,false,,,,
item_6968,Product,Animale Intense De Animale,,,,6968,Hombre,224000.0,,true,PERCENT,0.0,InStock,100.0,160000.0,,,,,,,,,,,,,,,,,,,,,,,,,,,,,,,1,1,false,,,,
item_6962,Product,Gold Rush De Paris Hilton,,,,6962,Mujer,263200.0,,true,PERCENT,0.0,InStock,100.0,188000.0,,,,,,,,,,,,,,,,,,,,,,,,,,,,,,,1,1,false,,,,
item_6960,Product,Paris Hilton Men De Paris Hilton,,,,6960,Hombre,229600.0,,true,PERCENT,0.0,InStock,100.0,164000.0,,,,,,,,,,,,,,,,,,,,,,,,,,,,,,,1,1,false,,,,
item_6958,Product,S De Shakira,,,,6958,Mujer,235200.0,,true,PERCENT,0.0,InStock,80.0,168000.0,,,,,,,,,,,,,,,,,,,,,,,,,,,,,,,1,1,false,,,,
item_6956,Product,Dance De Shakira,,,,6956,Mujer,180600.0,,true,PERCENT,0.0,InStock,80.0,129000.0,,,,,,,,,,,,,,,,,,,,,,,,,,,,,,,1,1,false,,,,
item_6955,Product,360¬∫ Very Blue Perry Ellis,,,,6955,Hombre,266000.0,,true,PERCENT,0.0,InStock,100.0,190000.0,,,,,,,,,,,,,,,,,,,,,,,,,,,,,,,1,1,false,,,,
item_6953,Product,212 Vip Black De Carolina Herrera,,,,6953,Hombre,763000.0,,true,PERCENT,0.0,InStock,200.0,545000.0,,,,,,,,,,,,,,,,,,,,,,,,,,,,,,,1,1,false,,,,
item_6949,Product,Rock De Shakira,,,,6949,Mujer,214200.0,,true,PERCENT,0.0,InStock,80.0,153000.0,,,,,,,,,,,,,,,,,,,,,,,,,,,,,,,1,1,false,,,,
item_6948,Product,Signorina In Fiore De Ferragamo,,,,6948,Mujer,359800.0,,true,PERCENT,0.0,InStock,100.0,257000.0,,,,,,,,,,,,,,,,,,,,,,,,,,,,,,,1,1,false,,,,
item_6947,Product,Sirene De Vicky Tiel,,,,6947,Mujer,201600.0,,true,PERCENT,0.0,InStock,100.0,144000.0,,,,,,,,,,,,,,,,,,,,,,,,,,,,,,,1,1,false,,,,
item_6943,Product,Swiss Army Classic Sport De Victorinox,,,,6943,Hombre,238000.0,,true,PERCENT,0.0,InStock,100.0,170000.0,,,,,,,,,,,,,,,,,,,,,,,,,,,,,,,1,1,false,,,,
item_6942,Product,Swiss Army Rock De Victorinox,,,,6942,Hombre,210000.0,,true,PERCENT,0.0,InStock,100.0,150000.0,,,,,,,,,,,,,,,,,,,,,,,,,,,,,,,1,1,false,,,,
item_6937,Product,Terre D'hermes De Hermes,,,,6937,Hombre,548800.0,,true,PERCENT,0.0,InStock,100.0,392000.0,,,,,,,,,,,,,,,,,,,,,,,,,,,,,,,1,1,false,,,,
item_6935,Product,Tommy De Tommy Hilfiger,,,,6935,Hombre,368200.0,,true,PERCENT,0.0,InStock,200.0,263000.0,,,,,,,,,,,,,,,,,,,,,,,,,,,,,,,1,1,false,,,,
item_6930,Product,Very Irresistible De Givenchy,,,,6930,Mujer,666400.0,,true,PERCENT,0.0,InStock,80.0,476000.0,,,,,,,,,,,,,,,,,,,,,,,,,,,,,,,1,1,false,,,,
item_6921,Product,360¬∫ Grados De Perry Ellis,,,,6921,Mujer,344400.0,,true,PERCENT,0.0,InStock,200.0,246000.0,,,,,,,,,,,,,,,,,,,,,,,,,,,,,,,1,1,false,,,,
item_6919,Product,360¬∫ Grados De Perry Ellis,,,,6919,Mujer,280000.0,,true,PERCENT,0.0,InStock,100.0,200000.0,,,,,,,,,,,,,,,,,,,,,,,,,,,,,,,1,1,false,,,,
item_6918,Product,Dylan Blue De Versace,,,,6918,Hombre,415800.0,,true,PERCENT,0.0,InStock,100.0,297000.0,,,,,,,,,,,,,,,,,,,,,,,,,,,,,,,1,1,false,,,,
item_6915,Product,360¬∫ Grados De Perry Ellis,,,,6915,Hombre,326200.0,,true,PERCENT,0.0,InStock,200.0,233000.0,,,,,,,,,,,,,,,,,,,,,,,,,,,,,,,1,1,false,,,,
item_6914,Product,360¬∫ Grados Perry Ellis,,,,6914,Hombre,238000.0,,true,PERCENT,0.0,InStock,100.0,170000.0,,,,,,,,,,,,,,,,,,,,,,,,,,,,,,,1,1,false,,,,
item_6910,Product,Viva La Juicy Gold Couture De Juicy Couture,,,,6910,Mujer,368200.0,,true,PERCENT,0.0,InStock,100.0,263000.0,,,,,,,,,,,,,,,,,,,,,,,,,,,,,,,1,1,false,,,,
item_6909,Product,Viva La Juicy Rose Juicy Couture,,,,6909,Mujer,326200.0,,true,PERCENT,0.0,InStock,100.0,233000.0,,,,,,,,,,,,,,,,,,,,,,,,,,,,,,,1,1,false,,,,
item_6907,Product,Xoxo De Victory International,,,,6907,Mujer,238000.0,,true,PERCENT,0.0,InStock,100.0,170000.0,,,,,,,,,,,,,,,,,,,,,,,,,,,,,,,1,1,false,,,,
item_6904,Product,Pure Xs De Paco Rabanne,,,,6904,Hombre,558600.0,,true,PERCENT,0.0,InStock,100.0,399000.0,,,,,,,,,,,,,,,,,,,,,,,,,,,,,,,1,1,false,,,,
item_6903,Product,L'homme Lacoste,,,,6903,Hombre,344400.0,,true,PERCENT,0.0,InStock,100.0,246000.0,,,,,,,,,,,,,,,,,,,,,,,,,,,,,,,1,1,false,,,,
item_6901,Product,Adidas Team Force,,,,6901,Hombre,113400.0,,true,PERCENT,0.0,InStock,100.0,81000.0,,,,,,,,,,,,,,,,,,,,,,,,,,,,,,,1,1,false,,,,
item_6900,Product,Adidas Dynamic Pulse,,,,6900,Hombre,113400.0,,true,PERCENT,0.0,InStock,100.0,81000.0,,,,,,,,,,,,,,,,,,,,,,,,,,,,,,,1,1,false,,,,
item_6888,Product,Ros√© Rush De Paris Hilton,,,,6888,Mujer,263200.0,,true,PERCENT,0.0,InStock,100.0,188000.0,,,,,,,,,,,,,,,,,,,,,,,,,,,,,,,1,1,false,,,,
item_6884,Product,212 Vip Black De Carolina Herrera,,,,6884,Hombre,530600.0,,true,PERCENT,0.0,InStock,100.0,379000.0,,,,,,,,,,,,,,,,,,,,,,,,,,,,,,,1,1,false,,,,
item_6882,Product,Insens√© Ultramarine De Givenchy,,,,6882,Hombre,295400.0,,true,PERCENT,0.0,InStock,100.0,211000.0,,,,,,,,,,,,,,,,,,,,,,,,,,,,,,,1,1,false,,,,
item_6876,Product,Montblanc Legend Night,,,,6876,Hombre,362600.0,,true,PERCENT,0.0,InStock,100.0,259000.0,,,,,,,,,,,,,,,,,,,,,,,,,,,,,,,1,1,false,,,,
item_6867,Product,L'eau D'issey De Issey Miyake,,,,6867,Hombre,344400.0,,true,PERCENT,0.0,InStock,125.0,246000.0,,,,,,,,,,,,,,,,,,,,,,,,,,,,,,,1,1,false,,,,
item_6783,Product,Aberdeen Lavender Creed,,,,6783,Unisex,1428000.0,,true,PERCENT,0.0,InStock,100.0,1020000.0,,,,,,,,,,,,,,,,,,,,,,,,,,,,,,,1,1,false,,,,
item_6782,Product,Creed Original Vetiver,,,,6782,Hombre,1604400.0,,true,PERCENT,0.0,InStock,100.0,1146000.0,,,,,,,,,,,,,,,,,,,,,,,,,,,,,,,1,1,false,,,,
item_6780,Product,Creed Aventus,,,,6780,Hombre,1939000.0,,true,PERCENT,0.0,InStock,100.0,1385000.0,,,,,,,,,,,,,,,,,,,,,,,,,,,,,,,1,1,false,,,,
item_6136,Product,Splendida Jasmin Noir Bvlgari,,,,6136,Mujer,859600.0,,true,PERCENT,0.0,InStock,100.0,614000.0,,,,,,,,,,,,,,,,,,,,,,,,,,,,,,,1,1,false,,,,
item_6058,Product,Fuel For Life Homme De Diesel,,,,6058,Hombre,344400.0,,true,PERCENT,0.0,InStock,125.0,246000.0,,,,,,,,,,,,,,,,,,,,,,,,,,,,,,,1,1,false,,,,
item_5990,Product,L'imperatrice 3 De Dolce & Gabbana,,,,5990,Mujer,357000.0,,true,PERCENT,0.0,InStock,100.0,255000.0,,,,,,,,,,,,,,,,,,,,,,,,,,,,,,,1,1,false,,,,
item_5983,Product,Cool Water De Davidoff,,,,5983,Mujer,334600.0,,true,PERCENT,0.0,InStock,200.0,239000.0,,,,,,,,,,,,,,,,,,,,,,,,,,,,,,,1,1,false,,,,
item_5965,Product,Dkny Be Delicious Fresh Blossom Donna Karan,,,,5965,Mujer,326200.0,,true,PERCENT,0.0,InStock,100.0,233000.0,,,,,,,,,,,,,,,,,,,,,,,,,,,,,,,1,1,false,,,,
item_5672,Product,Touch De Fred Hayman Beverly Hills Mujer,,,,5672,Mujer,259000.0,,true,PERCENT,0.0,InStock,100.0,185000.0,,,,,,,,,,,,,,,,,,,,,,,,,,,,,,,1,1,false,,,,
item_5727,Product,Guess Seductive Blue De Guess,,,,5727,Hombre,229600.0,,true,PERCENT,0.0,InStock,100.0,164000.0,,,,,,,,,,,,,,,,,,,,,,,,,,,,,,,1,1,false,,,,
item_5726,Product,Guess Seductive De Guess,,,,5726,Mujer,210000.0,,true,PERCENT,0.0,InStock,75.0,150000.0,,,,,,,,,,,,,,,,,,,,,,,,,,,,,,,1,1,false,,,,
item_5723,Product,Guess Dare For Men De Guess Hombre,,,,5723,Hombre,210000.0,,true,PERCENT,0.0,InStock,100.0,150000.0,,,,,,,,,,,,,,,,,,,,,,,,,,,,,,,1,1,false,,,,
item_5068,Product,Boss Bottled Tonic De Hugo Boss,,,,5068,Hombre,462000.0,,true,PERCENT,0.0,InStock,100.0,330000.0,,,,,,,,,,,,,,,,,,,,,,,,,,,,,,,1,1,false,,,,
item_5065,Product,Happy Heart Clinique,,,,5065,Mujer,368200.0,,true,PERCENT,0.0,InStock,100.0,263000.0,,,,,,,,,,,,,,,,,,,,,,,,,,,,,,,1,1,false,,,,
item_5063,Product,Clinique Happy De Clinique,,,,5063,Hombre,309400.0,,true,PERCENT,0.0,InStock,100.0,221000.0,,,,,,,,,,,,,,,,,,,,,,,,,,,,,,,1,1,false,,,,
item_5062,Product,Clinique Happy De Clinique,,,,5062,Mujer,296800.0,,true,PERCENT,0.0,InStock,100.0,212000.0,,,,,,,,,,,,,,,,,,,,,,,,,,,,,,,1,1,false,,,,
item_5022,Product,Baiser Vole De Cartier,,,,5022,Mujer,674800.0,,true,PERCENT,0.0,InStock,100.0,482000.0,,,,,,,,,,,,,,,,,,,,,,,,,,,,,,,1,1,false,,,,
item_4565,Product,Cool Water De Davidoff,,,,4565,Hombre,344400.0,,true,PERCENT,0.0,InStock,200.0,246000.0,,,,,,,,,,,,,,,,,,,,,,,,,,,,,,,1,1,false,,,,
item_4560,Product,Carolina Herrera Tradicional,,,,4560,Mujer,480200.0,,true,PERCENT,0.0,InStock,100.0,343000.0,,,,,,,,,,,,,,,,,,,,,,,,,,,,,,,1,1,false,,,,
item_4541,Product,Guess Night Guess,,,,4541,Hombre,210000.0,,true,PERCENT,0.0,InStock,100.0,150000.0,,,,,,,,,,,,,,,,,,,,,,,,,,,,,,,1,1,false,,,,
item_4537,Product,Very Irresistible De Givenchy,,,,4537,Mujer,595000.0,,true,PERCENT,0.0,InStock,80.0,425000.0,,,,,,,,,,,,,,,,,,,,,,,,,,,,,,,1,1,false,,,,
item_4533,Product,Agua Brava De Antonio Puig,,,,4533,Hombre,191800.0,,true,PERCENT,0.0,InStock,200.0,137000.0,,,,,,,,,,,,,,,,,,,,,,,,,,,,,,,1,1,false,,,,
item_4532,Product,Agua Brava De Antonio Puig,,,,4532,Hombre,168000.0,,true,PERCENT,0.0,InStock,100.0,120000.0,,,,,,,,,,,,,,,,,,,,,,,,,,,,,,,1,1,false,,,,
item_4529,Product,Mr. Burberry De Burberry,,,,4529,Hombre,408800.0,,true,PERCENT,0.0,InStock,100.0,292000.0,,,,,,,,,,,,,,,,,,,,,,,,,,,,,,,1,1,false,,,,
item_4526,Product,Blue Seduction De Antonio Banderas,,,,4526,Hombre,247800.0,,true,PERCENT,0.0,InStock,200.0,177000.0,,,,,,,,,,,,,,,,,,,,,,,,,,,,,,,1,1,false,,,,
item_4525,Product,Blue Seduction De Antonio Banderas,,,,4525,Mujer,218400.0,,true,PERCENT,0.0,InStock,200.0,156000.0,,,,,,,,,,,,,,,,,,,,,,,,,,,,,,,1,1,false,,,,
item_4524,Product,Blue Seduction De Antonio Banderas,,,,4524,Mujer,189000.0,,true,PERCENT,0.0,InStock,80.0,135000.0,,,,,,,,,,,,,,,,,,,,,,,,,,,,,,,1,1,false,,,,
item_4519,Product,Cuba Royal De Parfums Des Champs,,,,4519,Hombre,109200.0,,true,PERCENT,0.0,InStock,100.0,78000.0,,,,,,,,,,,,,,,,,,,,,,,,,,,,,,,1,1,false,,,,
item_4515,Product,Legend Spirit Montblanc,,,,4515,Hombre,359800.0,,true,PERCENT,0.0,InStock,100.0,257000.0,,,,,,,,,,,,,,,,,,,,,,,,,,,,,,,1,1,false,,,,
item_4483,Product,Boucheron Pour Homme De Boucheron,,,,4483,Hombre,294000.0,,true,PERCENT,0.0,InStock,100.0,210000.0,,,,,,,,,,,,,,,,,,,,,,,,,,,,,,,1,1,false,,,,
item_4482,Product,Boucheron Pour Homme De Boucheron,,,,4482,Hombre,306600.0,,true,PERCENT,0.0,InStock,100.0,219000.0,,,,,,,,,,,,,,,,,,,,,,,,,,,,,,,1,1,false,,,,
item_4481,Product,Paradiso Inferno Pink De Benetton,,,,4481,Mujer,182000.0,,true,PERCENT,0.0,InStock,100.0,130000.0,,,,,,,,,,,,,,,,,,,,,,,,,,,,,,,1,1,false,,,,
item_4472,Product,Desire Red For A Man De Alfred Dunhill,,,,4472,Hombre,470400.0,,true,PERCENT,0.0,InStock,100.0,336000.0,,,,,,,,,,,,,,,,,,,,,,,,,,,,,,,1,1,false,,,,
item_4459,Product,Dylan Blue De Versace,,,,4459,Hombre,504000.0,,true,PERCENT,0.0,InStock,200.0,360000.0,,,,,,,,,,,,,,,,,,,,,,,,,,,,,,,1,1,false,,,,
item_4452,Product,Acqua Di Gio De Giorgio Armani,,,,4452,Hombre,711200.0,,true,PERCENT,0.0,InStock,200.0,508000.0,,,,,,,,,,,,,,,,,,,,,,,,,,,,,,,1,1,false,,,,
item_4445,Product,Rose Goldea De Bvlgari,,,,4445,Mujer,869400.0,,true,PERCENT,0.0,InStock,90.0,621000.0,,,,,,,,,,,,,,,,,,,,,,,,,,,,,,,1,1,false,,,,
item_4443,Product,L'air Du Temps De Nina Ricci,,,,4443,Mujer,442400.0,,true,PERCENT,0.0,InStock,100.0,316000.0,,,,,,,,,,,,,,,,,,,,,,,,,,,,,,,1,1,false,,,,
item_4439,Product,Ab Spirit Millionaire Women De Lomani,,,,4439,Mujer,191800.0,,true,PERCENT,0.0,InStock,100.0,137000.0,,,,,,,,,,,,,,,,,,,,,,,,,,,,,,,1,1,false,,,,
item_4435,Product,360¬∫ White For Men De Perry Ellis,,,,4435,Hombre,259000.0,,true,PERCENT,0.0,InStock,100.0,185000.0,,,,,,,,,,,,,,,,,,,,,,,,,,,,,,,1,1,false,,,,
item_4433,Product,360¬∫ Purple De Perry Ellis,,,,4433,Mujer,285600.0,,true,PERCENT,0.0,InStock,100.0,204000.0,,,,,,,,,,,,,,,,,,,,,,,,,,,,,,,1,1,false,,,,
item_4432,Product,360 ¬∫ Black De Perry Ellis,,,,4432,Hombre,266000.0,,true,PERCENT,0.0,InStock,100.0,190000.0,,,,,,,,,,,,,,,,,,,,,,,,,,,,,,,1,1,false,,,,
item_4431,Product,273 Red Fred Hayman,,,,4431,Hombre,182000.0,,true,PERCENT,0.0,InStock,75.0,130000.0,,,,,,,,,,,,,,,,,,,,,,,,,,,,,,,1,1,false,,,,
item_4428,Product,212 Vip Rose De Carolina Herrera,,,,4428,Mujer,711200.0,,true,PERCENT,0.0,InStock,125.0,508000.0,,,,,,,,,,,,,,,,,,,,,,,,,,,,,,,1,1,false,,,,
item_4427,Product,Signorina Misteriosa De Ferragamo,,,,4427,Mujer,368200.0,,true,PERCENT,0.0,InStock,100.0,263000.0,,,,,,,,,,,,,,,,,,,,,,,,,,,,,,,1,1,false,,,,
item_4424,Product,Solo Loewe De Loewe,,,,4424,Hombre,674800.0,,true,PERCENT,0.0,InStock,100.0,482000.0,,,,,,,,,,,,,,,,,,,,,,,,,,,,,,,1,1,false,,,,
item_4422,Product,Tous Silver De Tous,,,,4422,Mujer,316400.0,,true,PERCENT,0.0,InStock,90.0,226000.0,,,,,,,,,,,,,,,,,,,,,,,,,,,,,,,1,1,false,,,,
item_4401,Product,Voyage Sport Nautica,,,,4401,Hombre,182000.0,,true,PERCENT,0.0,InStock,100.0,130000.0,,,,,,,,,,,,,,,,,,,,,,,,,,,,,,,1,1,false,,,,
item_4399,Product,125 Years Your Companion For Life De Victorinox,,,,4399,Hombre,218400.0,,true,PERCENT,0.0,InStock,100.0,156000.0,,,,,,,,,,,,,,,,,,,,,,,,,,,,,,,1,1,false,,,,
item_4398,Product,Adidas Pure Game,,,,4398,Hombre,113400.0,,true,PERCENT,0.0,InStock,100.0,81000.0,,,,,,,,,,,,,,,,,,,,,,,,,,,,,,,1,1,false,,,,
item_4397,Product,Adidas Ice Dive,,,,4397,Hombre,113400.0,,true,PERCENT,0.0,InStock,100.0,81000.0,,,,,,,,,,,,,,,,,,,,,,,,,,,,,,,1,1,false,,,,
item_4395,Product,Adidas Team Five,,,,4395,Hombre,113400.0,,true,PERCENT,0.0,InStock,100.0,81000.0,,,,,,,,,,,,,,,,,,,,,,,,,,,,,,,1,1,false,,,,
item_4382,Product,L.12.12 Pour Lui Magnetic Eau De Lacoste,,,,4382,Hombre,399000.0,,true,PERCENT,0.0,InStock,100.0,285000.0,,,,,,,,,,,,,,,,,,,,,,,,,,,,,,,1,1,false,,,,
item_4377,Product,Halloween Kiss Sexy,,,,4377,Mujer,267400.0,,true,PERCENT,0.0,InStock,100.0,191000.0,,,,,,,,,,,,,,,,,,,,,,,,,,,,,,,1,1,false,,,,
item_4376,Product,Halloween Kiss,,,,4376,Mujer,226800.0,,true,PERCENT,0.0,InStock,100.0,162000.0,,,,,,,,,,,,,,,,,,,,,,,,,,,,,,,1,1,false,,,,
item_4375,Product,Halloween Blue Drop De J.del Pozo,,,,4375,Mujer,274400.0,,true,PERCENT,0.0,InStock,100.0,196000.0,,,,,,,,,,,,,,,,,,,,,,,,,,,,,,,1,1,false,,,,
item_4367,Product,Versace Bright Crystal Versace,,,,4367,Mujer,442400.0,,true,PERCENT,0.0,InStock,90.0,316000.0,,,,,,,,,,,,,,,,,,,,,,,,,,,,,,,1,1,false,,,,
item_4366,Product,Ysatis De Givenchy,,,,4366,Mujer,448000.0,,true,PERCENT,0.0,InStock,100.0,320000.0,,,,,,,,,,,,,,,,,,,,,,,,,,,,,,,1,1,false,,,,
item_4357,Product,Dior Addict De Christian Dior,,,,4357,Mujer,894600.0,,true,PERCENT,0.0,InStock,100.0,639000.0,,,,,,,,,,,,,,,,,,,,,,,,,,,,,,,1,1,false,,,,
item_4325,Product,Diamonds And Emeralds De Elizabeth Taylor Mujer,,,,4325,Mujer,175000.0,,true,PERCENT,0.0,InStock,100.0,125000.0,,,,,,,,,,,,,,,,,,,,,,,,,,,,,,,1,1,false,,,,
item_4323,Product,Ck One Shock For Her De Calvin Klein,,,,4323,Mujer,280000.0,,true,PERCENT,0.0,InStock,200.0,200000.0,,,,,,,,,,,,,,,,,,,,,,,,,,,,,,,1,1,false,,,,
item_4322,Product,Ck One Shock For Him De Calvin Klein,,,,4322,Hombre,296800.0,,true,PERCENT,0.0,InStock,200.0,212000.0,,,,,,,,,,,,,,,,,,,,,,,,,,,,,,,1,1,false,,,,
item_4286,Product,Bvlgari Goldea The Essence Of The Jeweller,,,,4286,Mujer,548800.0,,true,PERCENT,0.0,InStock,90.0,392000.0,,,,,,,,,,,,,,,,,,,,,,,,,,,,,,,1,1,false,,,,
item_4281,Product,Loewe 7 De Loewe,,,,4281,Hombre,639800.0,,true,PERCENT,0.0,InStock,100.0,457000.0,,,,,,,,,,,,,,,,,,,,,,,,,,,,,,,1,1,false,,,,
item_4280,Product,Hamptons Bond No 9 Nyc,,,,4280,Unisex,2188200.0,,true,PERCENT,0.0,InStock,100.0,1563000.0,,,,,,,,,,,,,,,,,,,,,,,,,,,,,,,1,1,false,,,,
item_4251,Product,Daisy Eau So Fresh De Marc Jacobs,,,,4251,Mujer,586600.0,,true,PERCENT,0.0,InStock,125.0,419000.0,,,,,,,,,,,,,,,,,,,,,,,,,,,,,,,1,1,false,,,,
item_4250,Product,Curve Sport De Liz Claiborne,,,,4250,Hombre,198800.0,,true,PERCENT,0.0,InStock,125.0,142000.0,,,,,,,,,,,,,,,,,,,,,,,,,,,,,,,1,1,false,,,,
item_4235,Product,Ck One De Calvin Klein,,,,4235,Unisex,306600.0,,true,PERCENT,0.0,InStock,200.0,219000.0,,,,,,,,,,,,,,,,,,,,,,,,,,,,,,,1,1,false,,,,
item_4232,Product,Chic For Men De Carolina Herrera,,,,4232,Hombre,399000.0,,true,PERCENT,0.0,InStock,100.0,285000.0,,,,,,,,,,,,,,,,,,,,,,,,,,,,,,,1,1,false,,,,
item_4230,Product,Chic De Carolina Herrera,,,,4230,Mujer,393400.0,,true,PERCENT,0.0,InStock,80.0,281000.0,,,,,,,,,,,,,,,,,,,,,,,,,,,,,,,1,1,false,,,,
item_4214,Product,Black Seduction De Antonio Banderas,,,,4214,Hombre,229600.0,,true,PERCENT,0.0,InStock,200.0,164000.0,,,,,,,,,,,,,,,,,,,,,,,,,,,,,,,1,1,false,,,,
item_4213,Product,Blue Seduction De Antonio Banderas,,,,4213,Hombre,191800.0,,true,PERCENT,0.0,InStock,100.0,137000.0,,,,,,,,,,,,,,,,,,,,,,,,,,,,,,,1,1,false,,,,
item_4212,Product,Animale De Animale,,,,4212,Hombre,266000.0,,true,PERCENT,0.0,InStock,100.0,190000.0,,,,,,,,,,,,,,,,,,,,,,,,,,,,,,,1,1,false,,,,
item_4147,Product,Bad De Diesel,,,,4147,Hombre,408800.0,,true,PERCENT,0.0,InStock,125.0,292000.0,,,,,,,,,,,,,,,,,,,,,,,,,,,,,,,1,1,false,,,,
item_4146,Product,Ck Free De Calvin Klein,,,,4146,Hombre,259000.0,,true,PERCENT,0.0,InStock,100.0,185000.0,,,,,,,,,,,,,,,,,,,,,,,,,,,,,,,1,1,false,,,,
item_4145,Product,Good Girl Carolina Herrera,,,,4145,Mujer,693000.0,,true,PERCENT,0.0,InStock,80.0,495000.0,,,,,,,,,,,,,,,,,,,,,,,,,,,,,,,1,1,false,,,,
item_4132,Product,Alien De Thierry Mugler,,,,4132,Mujer,747600.0,,true,PERCENT,0.0,InStock,90.0,534000.0,,,,,,,,,,,,,,,,,,,,,,,,,,,,,,,1,1,false,,,,
item_4131,Product,360 Coral Perry Ellis,,,,4131,Mujer,326200.0,,true,PERCENT,0.0,InStock,200.0,233000.0,,,,,,,,,,,,,,,,,,,,,,,,,,,,,,,1,1,false,,,,
item_4128,Product,212 Men De Carolina Herrera,,,,4128,Hombre,707000.0,,true,PERCENT,0.0,InStock,200.0,505000.0,,,,,,,,,,,,,,,,,,,,,,,,,,,,,,,1,1,false,,,,
item_3996,Product,Flowerbomb De Viktor&rolf,,,,3996,Mujer,707000.0,,true,PERCENT,0.0,InStock,100.0,505000.0,,,,,,,,,,,,,,,,,,,,,,,,,,,,,,,1,1,false,,,,
item_3981,Product,Solo Loewe Cedro De Loewe,,,,3981,Hombre,567000.0,,true,PERCENT,0.0,InStock,100.0,405000.0,,,,,,,,,,,,,,,,,,,,,,,,,,,,,,,1,1,false,,,,
item_3979,Product,Love Tous Moments De Tous Mujer,,,,3979,Mujer,296800.0,,true,PERCENT,0.0,InStock,100.0,212000.0,,,,,,,,,,,,,,,,,,,,,,,,,,,,,,,1,1,false,,,,
item_3978,Product,Tous Man Intense De Tous,,,,3978,Hombre,277200.0,,true,PERCENT,0.0,InStock,100.0,198000.0,,,,,,,,,,,,,,,,,,,,,,,,,,,,,,,1,1,false,,,,
item_3977,Product,Tous Man Sport De Tous,,,,3977,Hombre,247800.0,,true,PERCENT,0.0,InStock,100.0,177000.0,,,,,,,,,,,,,,,,,,,,,,,,,,,,,,,1,1,false,,,,
item_3966,Product,Truth De Calvin Klein,,,,3966,Mujer,306600.0,,true,PERCENT,0.0,InStock,100.0,219000.0,,,,,,,,,,,,,,,,,,,,,,,,,,,,,,,1,1,false,,,,
item_3960,Product,Xs Clasico De Paco Rabanne,,,,3960,Hombre,376600.0,,true,PERCENT,0.0,InStock,100.0,269000.0,,,,,,,,,,,,,,,,,,,,,,,,,,,,,,,1,1,false,,,,
item_3956,Product,N¬∞4711 De Maurer & Wirtz,,,,3956,Hombre,347200.0,,true,PERCENT,0.0,InStock,800.0,248000.0,,,,,,,,,,,,,,,,,,,,,,,,,,,,,,,1,1,false,,,,
item_3954,Product,360¬∫ Red For Men Perry Ellis,,,,3954,Hombre,350000.0,,true,PERCENT,0.0,InStock,200.0,250000.0,,,,,,,,,,,,,,,,,,,,,,,,,,,,,,,1,1,false,,,,
item_3923,Product,Lady Emblem De Montblanc,,,,3923,Mujer,316400.0,,true,PERCENT,0.0,InStock,75.0,226000.0,,,,,,,,,,,,,,,,,,,,,,,,,,,,,,,1,1,false,,,,
item_3920,Product,Signorina Eleganza De Ferragamo,,,,3920,Mujer,344400.0,,true,PERCENT,0.0,InStock,100.0,246000.0,,,,,,,,,,,,,,,,,,,,,,,,,,,,,,,1,1,false,,,,
item_3918,Product,S√¨ Giorgio Armani,,,,3918,Mujer,729400.0,,true,PERCENT,0.0,InStock,100.0,521000.0,,,,,,,,,,,,,,,,,,,,,,,,,,,,,,,1,1,false,,,,
item_3887,Product,Rush Victoria's Secret Splash Fragrance Mist,,,,3887,Mujer,117600.0,,true,PERCENT,0.0,InStock,250.0,84000.0,,,,,,,,,,,,,,,,,,,,,,,,,,,,,,,1,1,false,,,,
item_3880,Product,Coconut Passion Victoria's Secret Splash Fragrance Mist,,,,3880,Mujer,117600.0,,true,PERCENT,0.0,InStock,250.0,84000.0,,,,,,,,,,,,,,,,,,,,,,,,,,,,,,,1,1,false,,,,
item_3878,Product,Swiss Army Altitude Victorinox,,,,3878,Hombre,229600.0,,true,PERCENT,0.0,InStock,100.0,164000.0,,,,,,,,,,,,,,,,,,,,,,,,,,,,,,,1,1,false,,,,
item_3876,Product,Love Spell Victoria's Secret Splash Mist,,,,3876,Mujer,117600.0,,true,PERCENT,0.0,InStock,250.0,84000.0,,,,,,,,,,,,,,,,,,,,,,,,,,,,,,,1,1,false,,,,
item_3865,Product,Tocade De Rochas,,,,3865,Mujer,296800.0,,true,PERCENT,0.0,InStock,100.0,212000.0,,,,,,,,,,,,,,,,,,,,,,,,,,,,,,,1,1,false,,,,
item_3860,Product,Chance Eau Fraiche De Chanel,,,,3860,Mujer,1162000.0,,true,PERCENT,0.0,InStock,100.0,830000.0,,,,,,,,,,,,,,,,,,,,,,,,,,,,,,,1,1,false,,,,
item_3859,Product,Bleu De Chanel,,,,3859,Hombre,1178800.0,,true,PERCENT,0.0,InStock,100.0,842000.0,,,,,,,,,,,,,,,,,,,,,,,,,,,,,,,1,1,false,,,,
item_3847,Product,King Of Seduction Antonio Banderas,,,,3847,Hombre,218400.0,,true,PERCENT,0.0,InStock,200.0,156000.0,,,,,,,,,,,,,,,,,,,,,,,,,,,,,,,1,1,false,,,,
item_3846,Product,King Of Seduction Antonio Banderas,,,,3846,Hombre,201600.0,,true,PERCENT,0.0,InStock,100.0,144000.0,,,,,,,,,,,,,,,,,,,,,,,,,,,,,,,1,1,false,,,,
item_3818,Product,Obsession De Calvin Klein,,,,3818,Mujer,259000.0,,true,PERCENT,0.0,InStock,100.0,185000.0,,,,,,,,,,,,,,,,,,,,,,,,,,,,,,,1,1,false,,,,
item_3811,Product,Kenzo Flower De Kenzo,,,,3811,Mujer,450800.0,,true,PERCENT,0.0,InStock,100.0,322000.0,,,,,,,,,,,,,,,,,,,,,,,,,,,,,,,1,1,false,,,,
item_3809,Product,Jean Pascal Cubierta En Cuero,,,,3809,Hombre,403200.0,,true,PERCENT,0.0,InStock,180.0,288000.0,,,,,,,,,,,,,,,,,,,,,,,,,,,,,,,1,1,false,,,,
item_3795,Product,Blue Jeans Versace,,,,3795,Hombre,210000.0,,true,PERCENT,0.0,InStock,75.0,150000.0,,,,,,,,,,,,,,,,,,,,,,,,,,,,,,,1,1,false,,,,
item_3786,Product,360¬∫ Pink De Perry Ellis,,,,3786,Mujer,253400.0,,true,PERCENT,0.0,InStock,100.0,181000.0,,,,,,,,,,,,,,,,,,,,,,,,,,,,,,,1,1,false,,,,
item_3777,Product,La Nuit De L'homme Yves Saint Laurent,,,,3777,Hombre,683200.0,,true,PERCENT,0.0,InStock,100.0,488000.0,,,,,,,,,,,,,,,,,,,,,,,,,,,,,,,1,1,false,,,,
item_3776,Product,L'homme Yves Saint Laurent Ysl,,,,3776,Hombre,490000.0,,true,PERCENT,0.0,InStock,100.0,350000.0,,,,,,,,,,,,,,,,,,,,,,,,,,,,,,,1,1,false,,,,
item_3771,Product,Purr Katy Perry,,,,3771,Mujer,222600.0,,true,PERCENT,0.0,InStock,100.0,159000.0,,,,,,,,,,,,,,,,,,,,,,,,,,,,,,,1,1,false,,,,
item_3761,Product,Boss The Scent Hugo Boss,,,,3761,Hombre,415800.0,,true,PERCENT,0.0,InStock,100.0,297000.0,,,,,,,,,,,,,,,,,,,,,,,,,,,,,,,1,1,false,,,,
item_3760,Product,Hugo Boss Bottled Unlimited,,,,3760,Hombre,407400.0,,true,PERCENT,0.0,InStock,100.0,291000.0,,,,,,,,,,,,,,,,,,,,,,,,,,,,,,,1,1,false,,,,
item_3750,Product,Gotas De Color De Agatha Ruiz De La Prada,,,,3750,Mujer,196000.0,,true,PERCENT,0.0,InStock,100.0,140000.0,,,,,,,,,,,,,,,,,,,,,,,,,,,,,,,1,1,false,,,,
item_3748,Product,Scuderia Ferrari Black De Ferrari,,,,3748,Hombre,238000.0,,true,PERCENT,0.0,InStock,125.0,170000.0,,,,,,,,,,,,,,,,,,,,,,,,,,,,,,,1,1,false,,,,
item_3746,Product,F De Ferragamo Free Time,,,,3746,Hombre,285600.0,,true,PERCENT,0.0,InStock,100.0,204000.0,,,,,,,,,,,,,,,,,,,,,,,,,,,,,,,1,1,false,,,,
item_3745,Product,Acqua Essenziale Blu Salvatore Ferragamo,,,,3745,Hombre,350000.0,,true,PERCENT,0.0,InStock,100.0,250000.0,,,,,,,,,,,,,,,,,,,,,,,,,,,,,,,1,1,false,,,,
item_3744,Product,Acqua Essenziale Salvatore Ferragamo,,,,3744,Hombre,344400.0,,true,PERCENT,0.0,InStock,100.0,246000.0,,,,,,,,,,,,,,,,,,,,,,,,,,,,,,,1,1,false,,,,
item_3737,Product,Big Pony Numero 2 De Ralph Lauren,,,,3737,Mujer,322000.0,,true,PERCENT,0.0,InStock,100.0,230000.0,,,,,,,,,,,,,,,,,,,,,,,,,,,,,,,1,1,false,,,,
item_3735,Product,Just Me For Man Paris Hilton,,,,3735,Hombre,238000.0,,true,PERCENT,0.0,InStock,100.0,170000.0,,,,,,,,,,,,,,,,,,,,,,,,,,,,,,,1,1,false,,,,
item_3730,Product,Curve Crush De Liz Claiborne,,,,3730,Mujer,238000.0,,true,PERCENT,0.0,InStock,100.0,170000.0,,,,,,,,,,,,,,,,,,,,,,,,,,,,,,,1,1,false,,,,
item_3725,Product,Curve Black De Liz Claiborne,,,,3725,Hombre,200200.0,,true,PERCENT,0.0,InStock,125.0,143000.0,,,,,,,,,,,,,,,,,,,,,,,,,,,,,,,1,1,false,,,,
item_3723,Product,Guess Seductive Homme De Guess,,,,3723,Hombre,229600.0,,true,PERCENT,0.0,InStock,100.0,164000.0,,,,,,,,,,,,,,,,,,,,,,,,,,,,,,,1,1,false,,,,
item_3722,Product,Floral Touch De Tous,,,,3722,Mujer,334600.0,,true,PERCENT,0.0,InStock,100.0,239000.0,,,,,,,,,,,,,,,,,,,,,,,,,,,,,,,1,1,false,,,,
item_3721,Product,Sensual Touch De Tous,,,,3721,Mujer,334600.0,,true,PERCENT,0.0,InStock,100.0,239000.0,,,,,,,,,,,,,,,,,,,,,,,,,,,,,,,1,1,false,,,,
item_3680,Product,L.12.12 Rose Sparkling De Lacoste,,,,3680,Mujer,387800.0,,true,PERCENT,0.0,InStock,100.0,277000.0,,,,,,,,,,,,,,,,,,,,,,,,,,,,,,,1,1,false,,,,
item_3670,Product,Royal Water De Creed Unisex,,,,3670,Unisex,1498000.0,,true,PERCENT,0.0,InStock,100.0,1070000.0,,,,,,,,,,,,,,,,,,,,,,,,,,,,,,,1,1,false,,,,
item_3665,Product,Burberry Men Burberry,,,,3665,Hombre,296800.0,,true,PERCENT,0.0,InStock,100.0,212000.0,,,,,,,,,,,,,,,,,,,,,,,,,,,,,,,1,1,false,,,,
item_3664,Product,Burberry Women Burberry,,,,3664,Mujer,359800.0,,true,PERCENT,0.0,InStock,100.0,257000.0,,,,,,,,,,,,,,,,,,,,,,,,,,,,,,,1,1,false,,,,
item_3661,Product,Olympea De Paco Rabanne,,,,3661,Mujer,595000.0,,true,PERCENT,0.0,InStock,80.0,425000.0,,,,,,,,,,,,,,,,,,,,,,,,,,,,,,,1,1,false,,,,
item_3644,Product,Hugo Man Boss De Hugo Boss,,,,3644,Hombre,361200.0,,true,PERCENT,0.0,InStock,125.0,258000.0,,,,,,,,,,,,,,,,,,,,,,,,,,,,,,,1,1,false,,,,
item_3642,Product,Tous Kids Girl De Tous,,,,3642,Ni√±a,266000.0,,true,PERCENT,0.0,InStock,100.0,190000.0,,,,,,,,,,,,,,,,,,,,,,,,,,,,,,,1,1,false,,,,
item_3641,Product,Tous Kids Boy De Tous,,,,3641,Ni√±os,254800.0,,true,PERCENT,0.0,InStock,100.0,182000.0,,,,,,,,,,,,,,,,,,,,,,,,,,,,,,,1,1,false,,,,
item_3639,Product,Valentina De Valentino,,,,3639,Mujer,424200.0,,true,PERCENT,0.0,InStock,80.0,303000.0,,,,,,,,,,,,,,,,,,,,,,,,,,,,,,,1,1,false,,,,
item_3638,Product,Valentino Uomo De Valentino,,,,3638,Hombre,639800.0,,true,PERCENT,0.0,InStock,100.0,457000.0,,,,,,,,,,,,,,,,,,,,,,,,,,,,,,,1,1,false,,,,
item_3636,Product,Escada Magnetism Escada,,,,3636,Mujer,326200.0,,true,PERCENT,0.0,InStock,75.0,233000.0,,,,,,,,,,,,,,,,,,,,,,,,,,,,,,,1,1,false,,,,
item_3635,Product,Eros Pour Femme De Versace,,,,3635,Mujer,457800.0,,true,PERCENT,0.0,InStock,100.0,327000.0,,,,,,,,,,,,,,,,,,,,,,,,,,,,,,,1,1,false,,,,
item_3634,Product,Versace Eros,,,,3634,Hombre,536200.0,,true,PERCENT,0.0,InStock,200.0,383000.0,,,,,,,,,,,,,,,,,,,,,,,,,,,,,,,1,1,false,,,,
item_3633,Product,Versace Eros,,,,3633,Hombre,394800.0,,true,PERCENT,0.0,InStock,100.0,282000.0,,,,,,,,,,,,,,,,,,,,,,,,,,,,,,,1,1,false,,,,
item_3631,Product,Yellow Diamond Intense Versace,,,,3631,Mujer,530600.0,,true,PERCENT,0.0,InStock,90.0,379000.0,,,,,,,,,,,,,,,,,,,,,,,,,,,,,,,1,1,false,,,,
item_2628,Product,Kenzo Amour De Kenzo,,,,2628,Mujer,450800.0,,true,PERCENT,0.0,InStock,100.0,322000.0,,,,,,,,,,,,,,,,,,,,,,,,,,,,,,,1,1,false,,,,
item_2627,Product,Burberry London De Burberry Dama,,,,2627,Mujer,424200.0,,true,PERCENT,0.0,InStock,100.0,303000.0,,,,,,,,,,,,,,,,,,,,,,,,,,,,,,,1,1,false,,,,
item_3623,Product,Dkny Be Delicious De Donna Karan,,,,3623,Mujer,401800.0,,true,PERCENT,0.0,InStock,100.0,287000.0,,,,,,,,,,,,,,,,,,,,,,,,,,,,,,,1,1,false,,,,
item_3616,Product,Daisy De Marc Jacobs,,,,3616,Mujer,442400.0,,true,PERCENT,0.0,InStock,100.0,316000.0,,,,,,,,,,,,,,,,,,,,,,,,,,,,,,,1,1,false,,,,
item_3615,Product,Daisy Dream De Marc Jacobs,,,,3615,Mujer,539000.0,,true,PERCENT,0.0,InStock,100.0,385000.0,,,,,,,,,,,,,,,,,,,,,,,,,,,,,,,1,1,false,,,,
item_3613,Product,Honey De Marc Jacobs,,,,3613,Mujer,613200.0,,true,PERCENT,0.0,InStock,100.0,438000.0,,,,,,,,,,,,,,,,,,,,,,,,,,,,,,,1,1,false,,,,
item_3609,Product,The Secret De Antonio Banderas,,,,3609,Hombre,218400.0,,true,PERCENT,0.0,InStock,200.0,156000.0,,,,,,,,,,,,,,,,,,,,,,,,,,,,,,,1,1,false,,,,
item_3608,Product,The Secret De Antonio Banderas,,,,3608,Hombre,191800.0,,true,PERCENT,0.0,InStock,100.0,137000.0,,,,,,,,,,,,,,,,,,,,,,,,,,,,,,,1,1,false,,,,
item_3606,Product,King Seduction Absolute Antonio Banderas,,,,3606,Hombre,218400.0,,true,PERCENT,0.0,InStock,200.0,156000.0,,,,,,,,,,,,,,,,,,,,,,,,,,,,,,,1,1,false,,,,
item_3599,Product,360 ¬∫ Red Perry Ellis,,,,3599,Mujer,266000.0,,true,PERCENT,0.0,InStock,100.0,190000.0,,,,,,,,,,,,,,,,,,,,,,,,,,,,,,,1,1,false,,,,
item_3597,Product,Armani Code For Women Giorgio Armani,,,,3597,Mujer,548800.0,,true,PERCENT,0.0,InStock,75.0,392000.0,,,,,,,,,,,,,,,,,,,,,,,,,,,,,,,1,1,false,,,,
item_3596,Product,Armani Code De Giorgio Armani,,,,3596,Hombre,621600.0,,true,PERCENT,0.0,InStock,125.0,444000.0,,,,,,,,,,,,,,,,,,,,,,,,,,,,,,,1,1,false,,,,
item_3594,Product,The Golden Secret De Antonio Banderas,,,,3594,Hombre,238000.0,,true,PERCENT,0.0,InStock,200.0,170000.0,,,,,,,,,,,,,,,,,,,,,,,,,,,,,,,1,1,false,,,,
item_3589,Product,5Ta Avenue Elizabeth Arden,,,,3589,Mujer,266000.0,,true,PERCENT,0.0,InStock,125.0,190000.0,,,,,,,,,,,,,,,,,,,,,,,,,,,,,,,1,1,false,,,,
item_3585,Product,100Cc De Chevignon,,,,3585,Hombre,224000.0,,true,PERCENT,0.0,InStock,100.0,160000.0,,,,,,,,,,,,,,,,,,,,,,,,,,,,,,,1,1,false,,,,
item_3579,Product,Just Me De Paris Hilton,,,,3579,Mujer,238000.0,,true,PERCENT,0.0,InStock,100.0,170000.0,,,,,,,,,,,,,,,,,,,,,,,,,,,,,,,1,1,false,,,,
item_3571,Product,1 Million De Paco Rabanne,,,,3571,Hombre,683200.0,,true,PERCENT,0.0,InStock,200.0,488000.0,,,,,,,,,,,,,,,,,,,,,,,,,,,,,,,1,1,false,,,,
item_3227,Product,Givenchy Gentleman Originale,,,,3227,Hombre,415800.0,,true,PERCENT,0.0,InStock,100.0,297000.0,,,,,,,,,,,,,,,,,,,,,,,,,,,,,,,1,1,false,,,,
item_3225,Product,Hugo Boss Femme,,,,3225,Mujer,334600.0,,true,PERCENT,0.0,InStock,75.0,239000.0,,,,,,,,,,,,,,,,,,,,,,,,,,,,,,,1,1,false,,,,
item_3224,Product,Azzaro Chrome,,,,3224,Hombre,238000.0,,true,PERCENT,0.0,InStock,100.0,170000.0,,,,,,,,,,,,,,,,,,,,,,,,,,,,,,,1,1,false,,,,
item_3223,Product,Anais Anais L‚ÄòOriginal De Cacharel,,,,3223,Mujer,296800.0,,true,PERCENT,0.0,InStock,100.0,212000.0,,,,,,,,,,,,,,,,,,,,,,,,,,,,,,,1,1,false,,,,
item_2223,Product,The Golden Secret De Antonio Banderas,,,,2223,Hombre,193200.0,,true,PERCENT,0.0,InStock,100.0,138000.0,,,,,,,,,,,,,,,,,,,,,,,,,,,,,,,1,1,false,,,,
item_3217,Product,Burberry Weekend De Burberry,,,,3217,Hombre,285600.0,,true,PERCENT,0.0,InStock,100.0,204000.0,,,,,,,,,,,,,,,,,,,,,,,,,,,,,,,1,1,false,,,,
item_3216,Product,Katy Perry Meow De Katy Perry,,,,3216,Mujer,235200.0,,true,PERCENT,0.0,InStock,100.0,168000.0,,,,,,,,,,,,,,,,,,,,,,,,,,,,,,,1,1,false,,,,
item_3213,Product,Guess Marciano De Guess,,,,3213,Hombre,210000.0,,true,PERCENT,0.0,InStock,100.0,150000.0,,,,,,,,,,,,,,,,,,,,,,,,,,,,,,,1,1,false,,,,
item_3212,Product,Versace Bright Crystal Absolu,,,,3212,Mujer,453600.0,,true,PERCENT,0.0,InStock,90.0,324000.0,,,,,,,,,,,,,,,,,,,,,,,,,,,,,,,1,1,false,,,,
item_3017,Product,Aramis De Aramis,,,,3017,Hombre,238000.0,,true,PERCENT,0.0,InStock,110.0,170000.0,,,,,,,,,,,,,,,,,,,,,,,,,,,,,,,1,1,false,,,,
item_3015,Product,Boss Bottled Night De Hugo Boss,,,,3015,Hombre,376600.0,,true,PERCENT,0.0,InStock,100.0,269000.0,,,,,,,,,,,,,,,,,,,,,,,,,,,,,,,1,1,false,,,,
item_3012,Product,Guess Girl Belle,,,,3012,Mujer,229600.0,,true,PERCENT,0.0,InStock,100.0,164000.0,,,,,,,,,,,,,,,,,,,,,,,,,,,,,,,1,1,false,,,,
item_2967,Product,Nuit D‚ÄòIssey Issey Miyake,,,,2967,Hombre,364000.0,,true,PERCENT,0.0,InStock,75.0,260000.0,,,,,,,,,,,,,,,,,,,,,,,,,,,,,,,1,1,false,,,,
item_2897,Product,Boss Ma Vie Pour Femme De Hugo Boss,,,,2897,Mujer,326200.0,,true,PERCENT,0.0,InStock,75.0,233000.0,,,,,,,,,,,,,,,,,,,,,,,,,,,,,,,1,1,false,,,,
item_2896,Product,360 Coral Perry Ellis,,,,2896,Mujer,266000.0,,true,PERCENT,0.0,InStock,100.0,190000.0,,,,,,,,,,,,,,,,,,,,,,,,,,,,,,,1,1,false,,,,
item_2895,Product,Polo Red Ralph Lauren,,,,2895,Hombre,344400.0,,true,PERCENT,0.0,InStock,125.0,246000.0,,,,,,,,,,,,,,,,,,,,,,,,,,,,,,,1,1,false,,,,
item_2893,Product,Gucci Guilty Black Pour Homme,,,,2893,Hombre,586600.0,,true,PERCENT,0.0,InStock,90.0,419000.0,,,,,,,,,,,,,,,,,,,,,,,,,,,,,,,1,1,false,,,,
item_2887,Product,Tous Man,,,,2887,Hombre,341600.0,,true,PERCENT,0.0,InStock,100.0,244000.0,,,,,,,,,,,,,,,,,,,,,,,,,,,,,,,1,1,false,,,,
item_2875,Product,Coco Noir De Chanel,,,,2875,Mujer,1339800.0,,true,PERCENT,0.0,InStock,100.0,957000.0,,,,,,,,,,,,,,,,,,,,,,,,,,,,,,,1,1,false,,,,
item_2872,Product,Femme Individuelle De Montblanc,,,,2872,Mujer,274400.0,,true,PERCENT,0.0,InStock,75.0,196000.0,,,,,,,,,,,,,,,,,,,,,,,,,,,,,,,1,1,false,,,,
item_2871,Product,Individuel Montblanc,,,,2871,Hombre,266000.0,,true,PERCENT,0.0,InStock,75.0,190000.0,,,,,,,,,,,,,,,,,,,,,,,,,,,,,,,1,1,false,,,,
item_2848,Product,Bvlgari Man In Black,,,,2848,Hombre,653800.0,,true,PERCENT,0.0,InStock,100.0,467000.0,,,,,,,,,,,,,,,,,,,,,,,,,,,,,,,1,1,false,,,,
item_2805,Product,Can Can Burlesque De Paris Hilton,,,,2805,Mujer,246400.0,,true,PERCENT,0.0,InStock,100.0,176000.0,,,,,,,,,,,,,,,,,,,,,,,,,,,,,,,1,1,false,,,,
item_2803,Product,Dazzle De Paris Hilton,,,,2803,Mujer,266000.0,,true,PERCENT,0.0,InStock,125.0,190000.0,,,,,,,,,,,,,,,,,,,,,,,,,,,,,,,1,1,false,,,,
item_2788,Product,212 Vip Men De Carolina Herrera,,,,2788,Hombre,707000.0,,true,PERCENT,0.0,InStock,200.0,505000.0,,,,,,,,,,,,,,,,,,,,,,,,,,,,,,,1,1,false,,,,
item_2784,Product,Emporio Armani Lui Giorgio Armani,,,,2784,Hombre,576800.0,,true,PERCENT,0.0,InStock,100.0,412000.0,,,,,,,,,,,,,,,,,,,,,,,,,,,,,,,1,1,false,,,,
item_2780,Product,Chanel N¬∞5,,,,2780,Mujer,1313200.0,,true,PERCENT,0.0,InStock,100.0,938000.0,,,,,,,,,,,,,,,,,,,,,,,,,,,,,,,1,1,false,,,,
item_2779,Product,Poeme Lancome,,,,2779,Mujer,674800.0,,true,PERCENT,0.0,InStock,100.0,482000.0,,,,,,,,,,,,,,,,,,,,,,,,,,,,,,,1,1,false,,,,
item_2676,Product,Burberry My Burberry,,,,2676,Mujer,534800.0,,true,PERCENT,0.0,InStock,90.0,382000.0,,,,,,,,,,,,,,,,,,,,,,,,,,,,,,,1,1,false,,,,
item_2600,Product,Volupte Oscar De La Renta,,,,2600,Mujer,229600.0,,true,PERCENT,0.0,InStock,100.0,164000.0,,,,,,,,,,,,,,,,,,,,,,,,,,,,,,,1,1,false,,,,
item_2598,Product,Pour Lui Oscar De La Renta,,,,2598,Hombre,215600.0,,true,PERCENT,0.0,InStock,100.0,154000.0,,,,,,,,,,,,,,,,,,,,,,,,,,,,,,,1,1,false,,,,
item_2597,Product,Oscar De Oscar De La Renta,,,,2597,Mujer,317800.0,,true,PERCENT,0.0,InStock,100.0,227000.0,,,,,,,,,,,,,,,,,,,,,,,,,,,,,,,1,1,false,,,,
item_2592,Product,Burberry Touch,,,,2592,Mujer,334600.0,,true,PERCENT,0.0,InStock,100.0,239000.0,,,,,,,,,,,,,,,,,,,,,,,,,,,,,,,1,1,false,,,,
item_2587,Product,Burberry Brit Sheer,,,,2587,Mujer,354200.0,,true,PERCENT,0.0,InStock,100.0,253000.0,,,,,,,,,,,,,,,,,,,,,,,,,,,,,,,1,1,false,,,,
item_2581,Product,Polo Verde Ralph Lauren,,,,2581,Hombre,399000.0,,true,PERCENT,0.0,InStock,125.0,285000.0,,,,,,,,,,,,,,,,,,,,,,,,,,,,,,,1,1,false,,,,
item_2580,Product,Pleasures De Estee Lauder,,,,2580,Mujer,362600.0,,true,PERCENT,0.0,InStock,100.0,259000.0,,,,,,,,,,,,,,,,,,,,,,,,,,,,,,,1,1,false,,,,
item_2579,Product,You & I One Direction,,,,2579,Mujer,266000.0,,true,PERCENT,0.0,InStock,100.0,190000.0,,,,,,,,,,,,,,,,,,,,,,,,,,,,,,,1,1,false,,,,
item_2576,Product,Emblem Montblanc,,,,2576,Hombre,387800.0,,true,PERCENT,0.0,InStock,100.0,277000.0,,,,,,,,,,,,,,,,,,,,,,,,,,,,,,,1,1,false,,,,
item_2572,Product,Lacoste L.12.12 Jaune Yellow,,,,2572,Hombre,354200.0,,true,PERCENT,0.0,InStock,100.0,253000.0,,,,,,,,,,,,,,,,,,,,,,,,,,,,,,,1,1,false,,,,
item_2571,Product,212 Vip Rose De Carolina Herrera,,,,2571,Mujer,603400.0,,true,PERCENT,0.0,InStock,80.0,431000.0,,,,,,,,,,,,,,,,,,,,,,,,,,,,,,,1,1,false,,,,
item_2125,Product,Jean Paul Gaultier Le Classique,,,,2125,Mujer,558600.0,,true,PERCENT,0.0,InStock,100.0,399000.0,,,,,,,,,,,,,,,,,,,,,,,,,,,,,,,1,1,false,,,,
item_2123,Product,Terre D'hermes De Hermes,,,,2123,Hombre,772800.0,,true,PERCENT,0.0,InStock,200.0,552000.0,,,,,,,,,,,,,,,,,,,,,,,,,,,,,,,1,1,false,,,,
item_2119,Product,Gentleman Only De Givenchy,,,,2119,Hombre,504000.0,,true,PERCENT,0.0,InStock,150.0,360000.0,,,,,,,,,,,,,,,,,,,,,,,,,,,,,,,1,1,false,,,,
item_2115,Product,Eternity Calvin Klein,,,,2115,Hombre,399000.0,,true,PERCENT,0.0,InStock,200.0,285000.0,,,,,,,,,,,,,,,,,,,,,,,,,,,,,,,1,1,false,,,,
item_2114,Product,Eternity Calvin Klein,,,,2114,Hombre,316400.0,,true,PERCENT,0.0,InStock,100.0,226000.0,,,,,,,,,,,,,,,,,,,,,,,,,,,,,,,1,1,false,,,,
item_2112,Product,Diamonds And Rubies Elizabeth Taylor Mujer,,,,2112,Mujer,187600.0,,true,PERCENT,0.0,InStock,100.0,134000.0,,,,,,,,,,,,,,,,,,,,,,,,,,,,,,,1,1,false,,,,
item_2111,Product,Diamonds And Sapphires Elizabeth Taylor Mujer,,,,2111,Mujer,175000.0,,true,PERCENT,0.0,InStock,100.0,125000.0,,,,,,,,,,,,,,,,,,,,,,,,,,,,,,,1,1,false,,,,
item_1917,Product,Amor Amor De Cacharel,,,,1917,Mujer,296800.0,,true,PERCENT,0.0,InStock,100.0,212000.0,,,,,,,,,,,,,,,,,,,,,,,,,,,,,,,1,1,false,,,,
item_1904,Product,Burberry Brit For Men,,,,1904,Hombre,334600.0,,true,PERCENT,0.0,InStock,100.0,239000.0,,,,,,,,,,,,,,,,,,,,,,,,,,,,,,,1,1,false,,,,
item_1863,Product,Coco Mademoiselle Chanel Paris,,,,1863,Mujer,1374800.0,,true,PERCENT,0.0,InStock,100.0,982000.0,,,,,,,,,,,,,,,,,,,,,,,,,,,,,,,1,1,false,,,,
item_1857,Product,Declaration De Cartier,,,,1857,Hombre,537600.0,,true,PERCENT,0.0,InStock,100.0,384000.0,,,,,,,,,,,,,,,,,,,,,,,,,,,,,,,1,1,false,,,,
item_1853,Product,212 Vip Men De Carolina Herrera,,,,1853,Hombre,504000.0,,true,PERCENT,0.0,InStock,100.0,360000.0,,,,,,,,,,,,,,,,,,,,,,,,,,,,,,,1,1,false,,,,
item_1795,Product,Platinum Egoiste De Chanel,,,,1795,Hombre,966000.0,,true,PERCENT,0.0,InStock,100.0,690000.0,,,,,,,,,,,,,,,,,,,,,,,,,,,,,,,1,1,false,,,,
item_1794,Product,Live De Jennifer Lopez,,,,1794,Mujer,232400.0,,true,PERCENT,0.0,InStock,100.0,166000.0,,,,,,,,,,,,,,,,,,,,,,,,,,,,,,,1,1,false,,,,
item_1792,Product,Live Luxe De Jennifer Lopez Mujer,,,,1792,Mujer,235200.0,,true,PERCENT,0.0,InStock,100.0,168000.0,,,,,,,,,,,,,,,,,,,,,,,,,,,,,,,1,1,false,,,,
item_1788,Product,Invictus Paco Rabanne,,,,1788,Hombre,581000.0,,true,PERCENT,0.0,InStock,100.0,415000.0,,,,,,,,,,,,,,,,,,,,,,,,,,,,,,,1,1,false,,,,
item_1786,Product,La Vie Est Belle De Lancome,,,,1786,Mujer,743400.0,,true,PERCENT,0.0,InStock,100.0,531000.0,,,,,,,,,,,,,,,,,,,,,,,,,,,,,,,1,1,false,,,,
item_1784,Product,Polo Blue De Ralph Lauren,,,,1784,Hombre,387800.0,,true,PERCENT,0.0,InStock,125.0,277000.0,,,,,,,,,,,,,,,,,,,,,,,,,,,,,,,1,1,false,,,,
item_1783,Product,Diesel Only The Brave Tattoo,,,,1783,Hombre,424200.0,,true,PERCENT,0.0,InStock,125.0,303000.0,,,,,,,,,,,,,,,,,,,,,,,,,,,,,,,1,1,false,,,,
item_1780,Product,Diesel Only The Brave,,,,1780,Hombre,368200.0,,true,PERCENT,0.0,InStock,125.0,263000.0,,,,,,,,,,,,,,,,,,,,,,,,,,,,,,,1,1,false,,,,
item_1779,Product,Fairy Dust De Paris Hilton,,,,1779,Mujer,172200.0,,true,PERCENT,0.0,InStock,100.0,123000.0,,,,,,,,,,,,,,,,,,,,,,,,,,,,,,,1,1,false,,,,
item_1775,Product,Paris De Yves Saint Laurent,,,,1775,Mujer,630000.0,,true,PERCENT,0.0,InStock,125.0,450000.0,,,,,,,,,,,,,,,,,,,,,,,,,,,,,,,1,1,false,,,,
item_1774,Product,Hugo Deep Red De Hugo Boss Mujer,,,,1774,Mujer,299600.0,,true,PERCENT,0.0,InStock,100.0,214000.0,,,,,,,,,,,,,,,,,,,,,,,,,,,,,,,1,1,false,,,,
item_1773,Product,Guess Tradicional,,,,1773,Mujer,235200.0,,true,PERCENT,0.0,InStock,75.0,168000.0,,,,,,,,,,,,,,,,,,,,,,,,,,,,,,,1,1,false,,,,
item_1769,Product,Black Seduction De Antonio Banderas,,,,1769,Hombre,187600.0,,true,PERCENT,0.0,InStock,100.0,134000.0,,,,,,,,,,,,,,,,,,,,,,,,,,,,,,,1,1,false,,,,
item_1767,Product,Legend De Montblanc,,,,1767,Hombre,326200.0,,true,PERCENT,0.0,InStock,100.0,233000.0,,,,,,,,,,,,,,,,,,,,,,,,,,,,,,,1,1,false,,,,
item_1766,Product,Nautica Voyage,,,,1766,Hombre,182000.0,,true,PERCENT,0.0,InStock,100.0,130000.0,,,,,,,,,,,,,,,,,,,,,,,,,,,,,,,1,1,false,,,,
item_1765,Product,Polo Black De Ralph Lauren,,,,1765,Hombre,368200.0,,true,PERCENT,0.0,InStock,125.0,263000.0,,,,,,,,,,,,,,,,,,,,,,,,,,,,,,,1,1,false,,,,
item_1764,Product,Soir De Lune De Sisley,,,,1764,Mujer,1108800.0,,true,PERCENT,0.0,InStock,100.0,792000.0,,,,,,,,,,,,,,,,,,,,,,,,,,,,,,,1,1,false,,,,
item_1763,Product,Versace The Dreamer,,,,1763,Hombre,368200.0,,true,PERCENT,0.0,InStock,100.0,263000.0,,,,,,,,,,,,,,,,,,,,,,,,,,,,,,,1,1,false,,,,
item_1762,Product,Baby Tous De Tous,,,,1762,Bebes,259000.0,,true,PERCENT,0.0,InStock,100.0,185000.0,,,,,,,,,,,,,,,,,,,,,,,,,,,,,,,1,1,false,,,,
item_1761,Product,Dark Blue De Hugo Boss,,,,1761,Hombre,247800.0,,true,PERCENT,0.0,InStock,75.0,177000.0,,,,,,,,,,,,,,,,,,,,,,,,,,,,,,,1,1,false,,,,
item_1760,Product,Halloween Man De J Del Pozo,,,,1760,Hombre,271600.0,,true,PERCENT,0.0,InStock,125.0,194000.0,,,,,,,,,,,,,,,,,,,,,,,,,,,,,,,1,1,false,,,,
item_1759,Product,Ch Men Carolina Herrera,,,,1759,Hombre,567000.0,,true,PERCENT,0.0,InStock,100.0,405000.0,,,,,,,,,,,,,,,,,,,,,,,,,,,,,,,1,1,false,,,,
item_1758,Product,Acqua Di Gio De Giorgio Armani,,,,1758,Mujer,504000.0,,true,PERCENT,0.0,InStock,100.0,360000.0,,,,,,,,,,,,,,,,,,,,,,,,,,,,,,,1,1,false,,,,
item_1751,Product,Nautica Classic,,,,1751,Hombre,172200.0,,true,PERCENT,0.0,InStock,100.0,123000.0,,,,,,,,,,,,,,,,,,,,,,,,,,,,,,,1,1,false,,,,
item_1748,Product,Dolce & Gabbana Tradicional,,,,1748,Mujer,567000.0,,true,PERCENT,0.0,InStock,100.0,405000.0,,,,,,,,,,,,,,,,,,,,,,,,,,,,,,,1,1,false,,,,
item_1747,Product,Dolce & Gabbana Tradicional,,,,1747,Hombre,442400.0,,true,PERCENT,0.0,InStock,125.0,316000.0,,,,,,,,,,,,,,,,,,,,,,,,,,,,,,,1,1,false,,,,
item_1746,Product,Arsenal De Gilles Cantuel,,,,1746,Hombre,172200.0,,true,PERCENT,0.0,InStock,100.0,123000.0,,,,,,,,,,,,,,,,,,,,,,,,,,,,,,,1,1,false,,,,
item_1733,Product,Ck Be De Calvin Klein,,,,1733,Unisex,266000.0,,true,PERCENT,0.0,InStock,200.0,190000.0,,,,,,,,,,,,,,,,,,,,,,,,,,,,,,,1,1,false,,,,
item_1721,Product,L'eau D'issey De Issey Miyake,,,,1721,Hombre,476000.0,,true,PERCENT,0.0,InStock,200.0,340000.0,,,,,,,,,,,,,,,,,,,,,,,,,,,,,,,1,1,false,,,,
item_1720,Product,L'eau D'issey De Issey Miyake,,,,1720,Mujer,368200.0,,true,PERCENT,0.0,InStock,100.0,263000.0,,,,,,,,,,,,,,,,,,,,,,,,,,,,,,,1,1,false,,,,
item_1719,Product,Guess De Marciano,,,,1719,Mujer,218400.0,,true,PERCENT,0.0,InStock,100.0,156000.0,,,,,,,,,,,,,,,,,,,,,,,,,,,,,,,1,1,false,,,,
item_1717,Product,Ck One De Calvin Klein,,,,1717,Unisex,254800.0,,true,PERCENT,0.0,InStock,100.0,182000.0,,,,,,,,,,,,,,,,,,,,,,,,,,,,,,,1,1,false,,,,
item_1716,Product,Givenchy Pour Homme,,,,1716,Hombre,368200.0,,true,PERCENT,0.0,InStock,100.0,263000.0,,,,,,,,,,,,,,,,,,,,,,,,,,,,,,,1,1,false,,,,
item_1714,Product,Moschino Funny,,,,1714,Mujer,294000.0,,true,PERCENT,0.0,InStock,100.0,210000.0,,,,,,,,,,,,,,,,,,,,,,,,,,,,,,,1,1,false,,,,
item_1713,Product,I Love Love Cheap & Chic Moschino Mujer,,,,1713,Mujer,299600.0,,true,PERCENT,0.0,InStock,100.0,214000.0,,,,,,,,,,,,,,,,,,,,,,,,,,,,,,,1,1,false,,,,
item_1707,Product,Pi De Givenchy,,,,1707,Hombre,407400.0,,true,PERCENT,0.0,InStock,100.0,291000.0,,,,,,,,,,,,,,,,,,,,,,,,,,,,,,,1,1,false,,,,
item_1702,Product,Ck In 2U De Calvin Klein,,,,1702,Mujer,259000.0,,true,PERCENT,0.0,InStock,150.0,185000.0,,,,,,,,,,,,,,,,,,,,,,,,,,,,,,,1,1,false,,,,
item_1697,Product,Cool Water De Davidoff,,,,1697,Mujer,259000.0,,true,PERCENT,0.0,InStock,100.0,185000.0,,,,,,,,,,,,,,,,,,,,,,,,,,,,,,,1,1,false,,,,
item_1696,Product,Cool Water De Davidoff,,,,1696,Hombre,274400.0,,true,PERCENT,0.0,InStock,125.0,196000.0,,,,,,,,,,,,,,,,,,,,,,,,,,,,,,,1,1,false,,,,
item_1690,Product,United Colors De Benetton Mujer,,,,1690,Mujer,168000.0,,true,PERCENT,0.0,InStock,100.0,120000.0,,,,,,,,,,,,,,,,,,,,,,,,,,,,,,,1,1,false,,,,
item_1689,Product,Boss Bottled Night De Hugo Boss,,,,1689,Hombre,558600.0,,true,PERCENT,0.0,InStock,200.0,399000.0,,,,,,,,,,,,,,,,,,,,,,,,,,,,,,,1,1,false,,,,
item_1686,Product,Ultraviolet Man De Paco Rabanne Hombre,,,,1686,Hombre,376600.0,,true,PERCENT,0.0,InStock,100.0,269000.0,,,,,,,,,,,,,,,,,,,,,,,,,,,,,,,1,1,false,,,,
item_1682,Product,Polo Pony Numero 1 Ralph Lauren,,,,1682,Hombre,306600.0,,true,PERCENT,0.0,InStock,100.0,219000.0,,,,,,,,,,,,,,,,,,,,,,,,,,,,,,,1,1,false,,,,
item_1680,Product,Hugo Boss Xy,,,,1680,Hombre,295400.0,,true,PERCENT,0.0,InStock,100.0,211000.0,,,,,,,,,,,,,,,,,,,,,,,,,,,,,,,1,1,false,,,,
item_1677,Product,Tommy De Tommy Hilfiger,,,,1677,Hombre,260400.0,,true,PERCENT,0.0,InStock,100.0,186000.0,,,,,,,,,,,,,,,,,,,,,,,,,,,,,,,1,1,false,,,,
item_1676,Product,Tommy Girl De Tommy Hilfiger,,,,1676,Mujer,274400.0,,true,PERCENT,0.0,InStock,100.0,196000.0,,,,,,,,,,,,,,,,,,,,,,,,,,,,,,,1,1,false,,,,
item_1674,Product,Heiress De Paris Hilton,,,,1674,Mujer,285600.0,,true,PERCENT,0.0,InStock,100.0,204000.0,,,,,,,,,,,,,,,,,,,,,,,,,,,,,,,1,1,false,,,,
item_1673,Product,Versace Man Eau Fraiche,,,,1673,Hombre,317800.0,,true,PERCENT,0.0,InStock,100.0,227000.0,,,,,,,,,,,,,,,,,,,,,,,,,,,,,,,1,1,false,,,,
item_1672,Product,Siren De Paris Hilton,,,,1672,Mujer,229600.0,,true,PERCENT,0.0,InStock,100.0,164000.0,,,,,,,,,,,,,,,,,,,,,,,,,,,,,,,1,1,false,,,,
item_1671,Product,Yellow Diamond Versace,,,,1671,Mujer,392000.0,,true,PERCENT,0.0,InStock,90.0,280000.0,,,,,,,,,,,,,,,,,,,,,,,,,,,,,,,1,1,false,,,,
item_1670,Product,Tous Touch The Original Gold De Tous,,,,1670,Mujer,316400.0,,true,PERCENT,0.0,InStock,100.0,226000.0,,,,,,,,,,,,,,,,,,,,,,,,,,,,,,,1,1,false,,,,
item_1669,Product,Tous Gold 90  De Tous Mujer,,,,1669,Mujer,316400.0,,true,PERCENT,0.0,InStock,90.0,226000.0,,,,,,,,,,,,,,,,,,,,,,,,,,,,,,,1,1,false,,,,
item_1668,Product,The One De Dolce & Gabbana,,,,1668,Hombre,424200.0,,true,PERCENT,0.0,InStock,100.0,303000.0,,,,,,,,,,,,,,,,,,,,,,,,,,,,,,,1,1,false,,,,
item_1667,Product,The One De Dolce & Gabbana,,,,1667,Mujer,494200.0,,true,PERCENT,0.0,InStock,75.0,353000.0,,,,,,,,,,,,,,,,,,,,,,,,,,,,,,,1,1,false,,,,
item_1664,Product,Crystal Noir Versace,,,,1664,Mujer,414400.0,,true,PERCENT,0.0,InStock,90.0,296000.0,,,,,,,,,,,,,,,,,,,,,,,,,,,,,,,1,1,false,,,,
item_1663,Product,Ange Ou Demon Le Secret De Givenchy,,,,1663,Mujer,621600.0,,true,PERCENT,0.0,InStock,100.0,444000.0,,,,,,,,,,,,,,,,,,,,,,,,,,,,,,,1,1,false,,,,
item_1658,Product,Gucci Guilty Pour Homme,,,,1658,Hombre,450800.0,,true,PERCENT,0.0,InStock,90.0,322000.0,,,,,,,,,,,,,,,,,,,,,,,,,,,,,,,1,1,false,,,,
item_1642,Product,Organza Givenchy,,,,1642,Mujer,474600.0,,true,PERCENT,0.0,InStock,100.0,339000.0,,,,,,,,,,,,,,,,,,,,,,,,,,,,,,,1,1,false,,,,
item_1641,Product,Moschino Pink Bouquet,,,,1641,Mujer,280000.0,,true,PERCENT,0.0,InStock,100.0,200000.0,,,,,,,,,,,,,,,,,,,,,,,,,,,,,,,1,1,false,,,,
item_1638,Product,F De Ferragamo Black Pour Homme,,,,1638,Hombre,296800.0,,true,PERCENT,0.0,InStock,100.0,212000.0,,,,,,,,,,,,,,,,,,,,,,,,,,,,,,,1,1,false,,,,
item_1629,Product,L'eau D'issey Miyake Pour Homme Sport,,,,1629,Hombre,295400.0,,true,PERCENT,0.0,InStock,100.0,211000.0,,,,,,,,,,,,,,,,,,,,,,,,,,,,,,,1,1,false,,,,
item_1628,Product,L'eau D'issey Miyake Pour Homme Intense,,,,1628,Hombre,326200.0,,true,PERCENT,0.0,InStock,125.0,233000.0,,,,,,,,,,,,,,,,,,,,,,,,,,,,,,,1,1,false,,,,
item_1627,Product,Incanto Shine De Ferragamo,,,,1627,Mujer,266000.0,,true,PERCENT,0.0,InStock,100.0,190000.0,,,,,,,,,,,,,,,,,,,,,,,,,,,,,,,1,1,false,,,,
item_1625,Product,Incanto Charms De Ferragamo,,,,1625,Mujer,259000.0,,true,PERCENT,0.0,InStock,100.0,185000.0,,,,,,,,,,,,,,,,,,,,,,,,,,,,,,,1,1,false,,,,
item_1624,Product,Guess Girl De Guess,,,,1624,Mujer,210000.0,,true,PERCENT,0.0,InStock,100.0,150000.0,,,,,,,,,,,,,,,,,,,,,,,,,,,,,,,1,1,false,,,,
item_1623,Product,Midnight Fantasy Britney Spears,,,,1623,Mujer,229600.0,,true,PERCENT,0.0,InStock,100.0,164000.0,,,,,,,,,,,,,,,,,,,,,,,,,,,,,,,1,1,false,,,,
item_1620,Product,Fantasy De Britney Spears,,,,1620,Mujer,238000.0,,true,PERCENT,0.0,InStock,100.0,170000.0,,,,,,,,,,,,,,,,,,,,,,,,,,,,,,,1,1,false,,,,
item_1599,Product,Fahrenheit Christian Dior,,,,1599,Hombre,735000.0,,true,PERCENT,0.0,InStock,100.0,525000.0,,,,,,,,,,,,,,,,,,,,,,,,,,,,,,,1,1,false,,,,
item_1582,Product,Ricci Ricci De Nina Ricci,,,,1582,Mujer,415800.0,,true,PERCENT,0.0,InStock,80.0,297000.0,,,,,,,,,,,,,,,,,,,,,,,,,,,,,,,1,1,false,,,,
item_1579,Product,Nautica Blue,,,,1579,Hombre,182000.0,,true,PERCENT,0.0,InStock,100.0,130000.0,,,,,,,,,,,,,,,,,,,,,,,,,,,,,,,1,1,false,,,,
item_1577,Product,Ch Men Sport De Carolina Herrera,,,,1577,Hombre,376600.0,,true,PERCENT,0.0,InStock,100.0,269000.0,,,,,,,,,,,,,,,,,,,,,,,,,,,,,,,1,1,false,,,,
item_1569,Product,Adidas Victory League,,,,1569,Hombre,114800.0,,true,PERCENT,0.0,InStock,100.0,82000.0,,,,,,,,,,,,,,,,,,,,,,,,,,,,,,,1,1,false,,,,
item_1557,Product,Lacoste Essential,,,,1557,Hombre,354200.0,,true,PERCENT,0.0,InStock,125.0,253000.0,,,,,,,,,,,,,,,,,,,,,,,,,,,,,,,1,1,false,,,,
item_1556,Product,Blue Label Pour Homme Givenchy,,,,1556,Hombre,371000.0,,true,PERCENT,0.0,InStock,100.0,265000.0,,,,,,,,,,,,,,,,,,,,,,,,,,,,,,,1,1,false,,,,
item_1554,Product,J'adore Christian Dior,,,,1554,Mujer,1005200.0,,true,PERCENT,0.0,InStock,100.0,718000.0,,,,,,,,,,,,,,,,,,,,,,,,,,,,,,,1,1,false,,,,
item_1553,Product,Dune De Christian Dior,,,,1553,Mujer,816200.0,,true,PERCENT,0.0,InStock,100.0,583000.0,,,,,,,,,,,,,,,,,,,,,,,,,,,,,,,1,1,false,,,,
item_1552,Product,Allure Homme Edition Blanche Chanel,,,,1552,Hombre,1036000.0,,true,PERCENT,0.0,InStock,100.0,740000.0,,,,,,,,,,,,,,,,,,,,,,,,,,,,,,,1,1,false,,,,
item_1551,Product,Allure Sport Eau Extreme Chanel,,,,1551,Hombre,1071000.0,,true,PERCENT,0.0,InStock,100.0,765000.0,,,,,,,,,,,,,,,,,,,,,,,,,,,,,,,1,1,false,,,,
item_1549,Product,Versace Versense,,,,1549,Mujer,415800.0,,true,PERCENT,0.0,InStock,100.0,297000.0,,,,,,,,,,,,,,,,,,,,,,,,,,,,,,,1,1,false,,,,
item_1548,Product,Versace Pour Homme,,,,1548,Hombre,564200.0,,true,PERCENT,0.0,InStock,200.0,403000.0,,,,,,,,,,,,,,,,,,,,,,,,,,,,,,,1,1,false,,,,
item_1547,Product,Versace Pour Homme,,,,1547,Hombre,399000.0,,true,PERCENT,0.0,InStock,100.0,285000.0,,,,,,,,,,,,,,,,,,,,,,,,,,,,,,,1,1,false,,,,
item_1545,Product,Hugo Man De Hugo Boss,,,,1545,Hombre,424200.0,,true,PERCENT,0.0,InStock,200.0,303000.0,,,,,,,,,,,,,,,,,,,,,,,,,,,,,,,1,1,false,,,,
item_1541,Product,Escape De Calvin Klein,,,,1541,Hombre,274400.0,,true,PERCENT,0.0,InStock,100.0,196000.0,,,,,,,,,,,,,,,,,,,,,,,,,,,,,,,1,1,false,,,,
item_1540,Product,Calvin Klein Obsession,,,,1540,Hombre,306600.0,,true,PERCENT,0.0,InStock,200.0,219000.0,,,,,,,,,,,,,,,,,,,,,,,,,,,,,,,1,1,false,,,,
item_1539,Product,Calvin Klein Obsession,,,,1539,Hombre,285600.0,,true,PERCENT,0.0,InStock,125.0,204000.0,,,,,,,,,,,,,,,,,,,,,,,,,,,,,,,1,1,false,,,,
item_1537,Product,Bvlgari Petits Et Mamans,,,,1537,Bebes,530600.0,,true,PERCENT,0.0,InStock,100.0,379000.0,,,,,,,,,,,,,,,,,,,,,,,,,,,,,,,1,1,false,,,,
item_1535,Product,Bleu De Chanel,,,,1535,Hombre,1309000.0,,true,PERCENT,0.0,InStock,150.0,935000.0,,,,,,,,,,,,,,,,,,,,,,,,,,,,,,,1,1,false,,,,
item_1533,Product,Bleu De Chanel,,,,1533,Hombre,1062600.0,,true,PERCENT,0.0,InStock,100.0,759000.0,,,,,,,,,,,,,,,,,,,,,,,,,,,,,,,1,1,false,,,,
item_1531,Product,Halloween,,,,1531,Mujer,281400.0,,true,PERCENT,0.0,InStock,100.0,201000.0,,,,,,,,,,,,,,,,,,,,,,,,,,,,,,,1,1,false,,,,
item_1529,Product,Boss In Motion 100  De Hugo Boss Hombre EDT,,,,1529,Hombre,296800.0,,true,PERCENT,0.0,InStock,100.0,212000.0,,,,,,,,,,,,,,,,,,,,,,,,,,,,,,,1,1,false,,,,
item_1527,Product,Paloma Picasso De Paloma Picasso,,,,1527,Mujer,354200.0,,true,PERCENT,0.0,InStock,100.0,253000.0,,,,,,,,,,,,,,,,,,,,,,,,,,,,,,,1,1,false,,,,
item_1526,Product,Starwalker De Montblanc,,,,1526,Hombre,295400.0,,true,PERCENT,0.0,InStock,75.0,211000.0,,,,,,,,,,,,,,,,,,,,,,,,,,,,,,,1,1,false,,,,
item_1525,Product,Presence D' Une Femme De Montblanc,,,,1525,Mujer,330400.0,,true,PERCENT,0.0,InStock,75.0,236000.0,,,,,,,,,,,,,,,,,,,,,,,,,,,,,,,1,1,false,,,,
item_1524,Product,Light Blue De Dolce & Gabbana,,,,1524,Mujer,450800.0,,true,PERCENT,0.0,InStock,100.0,322000.0,,,,,,,,,,,,,,,,,,,,,,,,,,,,,,,1,1,false,,,,
item_1523,Product,Lady Million De Paco Rabanne,,,,1523,Mujer,558600.0,,true,PERCENT,0.0,InStock,80.0,399000.0,,,,,,,,,,,,,,,,,,,,,,,,,,,,,,,1,1,false,,,,
item_1522,Product,Lacoste Blanc L.12.12,,,,1522,Hombre,415800.0,,true,PERCENT,0.0,InStock,100.0,297000.0,,,,,,,,,,,,,,,,,,,,,,,,,,,,,,,1,1,false,,,,
item_1403,Product,Ralph De Ralph Lauren,,,,1403,Mujer,424200.0,,true,PERCENT,0.0,InStock,100.0,303000.0,,,,,,,,,,,,,,,,,,,,,,,,,,,,,,,1,1,false,,,,
item_1402,Product,Lacoste Touch Of Pink De,,,,1402,Mujer,316400.0,,true,PERCENT,0.0,InStock,90.0,226000.0,,,,,,,,,,,,,,,,,,,,,,,,,,,,,,,1,1,false,,,,
item_1401,Product,Hugo Boss Xx,,,,1401,Mujer,309400.0,,true,PERCENT,0.0,InStock,100.0,221000.0,,,,,,,,,,,,,,,,,,,,,,,,,,,,,,,1,1,false,,,,
item_1398,Product,Beauty De Calvin Klein,,,,1398,Mujer,296800.0,,true,PERCENT,0.0,InStock,100.0,212000.0,,,,,,,,,,,,,,,,,,,,,,,,,,,,,,,1,1,false,,,,
item_1397,Product,212 Vip Carolina Herrera,,,,1397,Mujer,546000.0,,true,PERCENT,0.0,InStock,80.0,390000.0,,,,,,,,,,,,,,,,,,,,,,,,,,,,,,,1,1,false,,,,
item_1394,Product,Angel De Thierry Mugler Mujer,,,,1394,Mujer,711200.0,,true,PERCENT,0.0,InStock,50.0,508000.0,,,,,,,,,,,,,,,,,,,,,,,,,,,,,,,1,1,false,,,,
item_1393,Product,Amarige De Givenchy,,,,1393,Mujer,462000.0,,true,PERCENT,0.0,InStock,100.0,330000.0,,,,,,,,,,,,,,,,,,,,,,,,,,,,,,,1,1,false,,,,
item_1177,Product,Eternity De Calvin Klein,,,,1177,Mujer,357000.0,,true,PERCENT,0.0,InStock,100.0,255000.0,,,,,,,,,,,,,,,,,,,,,,,,,,,,,,,1,1,false,,,,
item_1176,Product,Euphoria Calvin Klein,,,,1176,Mujer,368200.0,,true,PERCENT,0.0,InStock,100.0,263000.0,,,,,,,,,,,,,,,,,,,,,,,,,,,,,,,1,1,false,,,,
item_431,Product,Montblanc Presence,,,,431,Hombre,264600.0,,true,PERCENT,0.0,InStock,75.0,189000.0,,,,,,,,,,,,,,,,,,,,,,,,,,,,,,,1,1,false,,,,
item_423,Product,Pasha De Cartier,,,,423,Hombre,532000.0,,true,PERCENT,0.0,InStock,100.0,380000.0,,,,,,,,,,,,,,,,,,,,,,,,,,,,,,,1,1,false,,,,
item_422,Product,One Million De Paco Rabanne,,,,422,Hombre,539000.0,,true,PERCENT,0.0,InStock,100.0,385000.0,,,,,,,,,,,,,,,,,,,,,,,,,,,,,,,1,1,false,,,,
item_421,Product,Light Blue Pour Homme De Dolce & Gabbana,,,,421,Hombre,424200.0,,true,PERCENT,0.0,InStock,125.0,303000.0,,,,,,,,,,,,,,,,,,,,,,,,,,,,,,,1,1,false,,,,
item_420,Product,Le Male De Jean Paul Gaultier Hombre,,,,420,Hombre,557200.0,,true,PERCENT,0.0,InStock,125.0,398000.0,,,,,,,,,,,,,,,,,,,,,,,,,,,,,,,1,1,false,,,,
item_415,Product,Ck In 2U For Him De Calvin Klein,,,,415,Hombre,266000.0,,true,PERCENT,0.0,InStock,150.0,190000.0,,,,,,,,,,,,,,,,,,,,,,,,,,,,,,,1,1,false,,,,
item_413,Product,Boss Selection De Hugo Boss,,,,413,Hombre,296800.0,,true,PERCENT,0.0,InStock,100.0,212000.0,,,,,,,,,,,,,,,,,,,,,,,,,,,,,,,1,1,false,,,,
item_412,Product,360¬∫ Red Perry Ellis,,,,412,Hombre,259000.0,,true,PERCENT,0.0,InStock,100.0,185000.0,,,,,,,,,,,,,,,,,,,,,,,,,,,,,,,1,1,false,,,,
item_411,Product,212 Sexy Men De Carolina Herrera,,,,411,Hombre,495600.0,,true,PERCENT,0.0,InStock,100.0,354000.0,,,,,,,,,,,,,,,,,,,,,,,,,,,,,,,1,1,false,,,,
item_396,Product,Can Can De Paris Hilton,,,,396,Mujer,274400.0,,true,PERCENT,0.0,InStock,100.0,196000.0,,,,,,,,,,,,,,,,,,,,,,,,,,,,,,,1,1,false,,,,
item_395,Product,212 NYC Carolina Herrera,,,,395,Mujer,595000.0,,true,PERCENT,0.0,InStock,100.0,425000.0,,,,,,,,,,,,,,,,,,,,,,,,,,,,,,,1,1,false,,,,
item_394,Product,212 Sexy Woman Carolina Herrera,,,,394,Mujer,547400.0,,true,PERCENT,0.0,InStock,100.0,391000.0,,,,,,,,,,,,,,,,,,,,,,,,,,,,,,,1,1,false,,,,
item_393,Product,Ch Carolina Herrera,,,,393,Mujer,604800.0,,true,PERCENT,0.0,InStock,100.0,432000.0,,,,,,,,,,,,,,,,,,,,,,,,,,,,,,,1,1,false,,,,
item_392,Product,Lolita Lempicka,,,,392,Mujer,362600.0,,true,PERCENT,0.0,InStock,100.0,259000.0,,,,,,,,,,,,,,,,,,,,,,,,,,,,,,,1,1,false,,,,
item_391,Product,Paris Hilton Tradicional,,,,391,Mujer,238000.0,,true,PERCENT,0.0,InStock,100.0,170000.0,,,,,,,,,,,,,,,,,,,,,,,,,,,,,,,1,1,false,,,,
item_389,Product,273 Fred Hayman Beverly Hills,,,,389,Mujer,254800.0,,true,PERCENT,0.0,InStock,75.0,182000.0,,,,,,,,,,,,,,,,,,,,,,,,,,,,,,,1,1,false,,,,
item_286,Product,212 Men De Carolina Herrera,,,,286,Hombre,539000.0,,true,PERCENT,0.0,InStock,100.0,385000.0,,,,,,,,,,,,,,,,,,,,,,,,,,,,,,,1,1,false,,,,
item_11955,Product,"Set Good Girl Carolina Herrera, 3 Pcs",,,,11955,Mujer,781200.0,,true,PERCENT,0.0,InStock,,558000.0,,,,,,,,,,,,,,,,,,,,,,,,,,,,,,,,,,,,,
item_11872,Product,"Set Mod Vanilla Ariana Grande, 3 Pcs",,,,11872,,557200.0,,true,PERCENT,0.0,InStock,,398000.0,,,,,,,,,,,,,,,,,,,,,,,,,,,,,,,,,,,,,
item_11871,Product,"Set Million Gold Paco Rabanne, 3 Pcs",,,,11871,Mujer,810600.0,,true,PERCENT,0.0,InStock,,579000.0,,,,,,,,,,,,,,,,,,,,,,,,,,,,,,,,,,,,,
item_11779,Product,"Set Dylan Blue Versace Pour Femme, 4 Pcs Bolso",,,,11779,Mujer,571200.0,,true,PERCENT,0.0,InStock,,408000.0,,,,,,,,,,,,,,,,,,,,,,,,,,,,,,,,,,,,,
item_11572,Product,"Set Sense Laverne, 2 Pcs",,,,11572,Mujer,813400.0,,true,PERCENT,0.0,InStock,,581000.0,,,,,,,,,,,,,,,,,,,,,,,,,,,,,,,,,,,,,
item_11470,Product,"Set 273 Rodeo Drive Fred Hayman, 4 Pcs",,,,11470,Mujer,347200.0,,true,PERCENT,0.0,InStock,,248000.0,,,,,,,,,,,,,,,,,,,,,,,,,,,,,,,,,,,,,
item_11349,Product,"Set Eilish Billie Eilish No 2 Unisex, 2 Pcs",,,,11349,Unisex,457800.0,,true,PERCENT,0.0,InStock,,327000.0,,,,,,,,,,,,,,,,,,,,,,,,,,,,,,,,,,,,,
item_11276,Product,"Discovery Set Club De Nuit Armaf, x10 Pcs",,,,11276,,567000.0,,true,PERCENT,0.0,InStock,,405000.0,,,,,,,,,,,,,,,,,,,,,,,,,,,,,,,,,,,,,
item_10681,Product,"Set Invictus Victory Paco Rabanne, 3 Pcs Hombre",,,,10681,Hombre,757400.0,,true,PERCENT,0.0,InStock,,541000.0,,,,,,,,,,,,,,,,,,,,,,,,,,,,,,,,,,,,,
item_10650,Product,"Set Double Bharara, 4 Pcs Hombre 100 Ml",,,,10650,Hombre,526400.0,,true,PERCENT,0.0,InStock,,376000.0,,,,,,,,,,,,,,,,,,,,,,,,,,,,,,,,,,,,,
item_7150,Product,"Set Olympea De Paco Rabanne, 3 Pcs Mujer",,,,7150,Mujer,667800.0,,true,PERCENT,0.0,InStock,,477000.0,,,,,,,,,,,,,,,,,,,,,,,,,,,,,,,,,,,,,
item_6318,Product,"Set Versace Yellow Diamond, 4 Pcs Mujer",,,,6318,Mujer,560000.0,,true,PERCENT,0.0,InStock,,400000.0,,,,,,,,,,,,,,,,,,,,,,,,,,,,,,,,,,,,,
item_6193,Product,"Estuche 360 Red De Perry Ellis Set X, 4 Pcs Hombre",,,,6193,Hombre,343000.0,,true,PERCENT,0.0,InStock,,245000.0,,,,,,,,,,,,,,,,,,,,,,,,,,,,,,,,,,,,,
item_5514,Product,"Estuche 1 Million De Paco Rabanne, 3 Pcs Hombre",,,,5514,Hombre,590800.0,,true,PERCENT,0.0,InStock,,422000.0,,,,,,,,,,,,,,,,,,,,,,,,,,,,,,,,,,,,,
item_5124,Product,"Estuche Classique De Jean Paul Gaultier, 3 Pcs Mujer",,,,5124,Mujer,648200.0,,true,PERCENT,0.0,InStock,,463000.0,,,,,,,,,,,,,,,,,,,,,,,,,,,,,,,,,,,,,
item_7008,Product,"Set Paris Hilton Tradicional, 4 Pcs Mujer",,,,7008,Mujer,387800.0,,true,PERCENT,0.0,InStock,,277000.0,,,,,,,,,,,,,,,,,,,,,,,,,,,,,,,,,,,,,
product_87c61827-3413-ef4a-9e2a-c5fe384ef71b,Product,DELPHINUS CREED 100 ML EDP UNISEX,"<p>Delphinus de Creed es una fragancia de ámbar amaderado con un perfil elegante y nocturno, inspirada en una constelación luminosa que guiaba a viajeros y soñadores. La salida mezcla incienso resinoso con el brillo especiado de pimienta negra y pimienta rosa, mientras la almendra aporta una cremosidad pulida y elegante. En el corazón, el heliotropo y la orquídea se integran con el orris (iris) para dar un acabado empolvado y sofisticado, propio de fragancias de lujo con firma contemporánea. El fondo de pachulí, haba tonka y vainilla bourbon con matiz cuero deja una estela ámbar amaderada, cálida y refinada, alineada con perfumes y fragancias de alta perfumería.</p>",346e0f_3c638f08f27444bea09121d5919f08a0~mv2.webp,,,,1698000.0,,true,PERCENT,0.0,InStock,,1498000.0,,,,,,,,,,,,,,,,,,,,,,,,,,,,,,,,,,,,,
product_e2a2886f-08e5-0bbb-e9ae-ffe6c327c311,Product,KILIAN PARIS PLAYING WITH THE DEVIL KILIAN 50 ML EDP DAMA,"<p>Playing with the Devil de By Kilian es un perfume de firma provocador y elegante, donde la fruta jugosa se vuelve chispa y la especia sube la temperatura con un aire sofisticado. La salida es vibrante y brillante, con un dulzor afrutado que se siente pulido, nunca infantil, y que rápidamente se tiñe de picante sensual. En el corazón aparece un floral con carácter, más seductor que romántico, mientras el fondo amaderado y cremoso deja una estela cálida y envolvente. En Valmara, esta fragancia destaca entre perfumes nicho por su contraste entre frescura frutal, especias ardientes y maderas suaves.</p>",346e0f_49e64393b2954180bdfbc89c0c7feaae~mv2.webp,,,,1600000.0,,true,PERCENT,0.0,InStock,,1097000.0,,,,,,,,,,,,,,,,,,,,,,,,,,,,,,,,,,,,,
