Product Id,Product Handle,Product Title,Product Status,Product Thumbnail,Variant Id
prod_01KJFY01FC5SXKTGAY9TV1E092,coffee-mug-v3,Medusa Coffee Mug,published,https://medusa-public-images.s3.eu-west-1.amazonaws.com/coffee-mug.png,variant_01KJFY01GVRKTDF8F86M5YM8WV
prod_01KJFY01FCJHG86YP702PQ0TXQ,sweatpants-v2,Medusa Sweatpants,published,https://medusa-public-images.s3.eu-west-1.amazonaws.com/sweatpants-gray-front.png,variant_01KJFY01GWZESHQPXCFRDH38QX
prod_01KJFY01FCJHG86YP702PQ0TXQ,sweatpants-v2,Medusa Sweatpants,published,https://medusa-public-images.s3.eu-west-1.amazonaws.com/sweatpants-gray-front.png,variant_01KJFY01GW100CX3KP45PBRBM2
prod_01KJFY01FCJHG86YP702PQ0TXQ,sweatpants-v2,Medusa Sweatpants,published,https://medusa-public-images.s3.eu-west-1.amazonaws.com/sweatpants-gray-front.png,variant_01KJFY01GWK2GM5WFDQX4RCZ9T
prod_01KJFY01FCJHG86YP702PQ0TXQ,sweatpants-v2,Medusa Sweatpants,published,https://medusa-public-images.s3.eu-west-1.amazonaws.com/sweatpants-gray-front.png,variant_01KJFY01GWMMRQC101Q6641VY4
prod_01KJFYARGG2FR3W2W4TFAJ7QS2,parfum-item-11978,Haramain Detour Eco Al Haramain,published,346e0f_339110678f7c46498ee6e7e3c7b0b172~mv2.jpg,variant_01KJFYASX638GDYJT0S18B5HZM
prod_01KJFYARGG2N91WGE18X8D7S9E,parfum-item-11969,Hawas Verde Rasasi,published,346e0f_7997b2d810cc46409ff59ce622f27170~mv2.jpg,variant_01KJFYASX7D8Q2XM0JSZZMN7CE
prod_01KJFYARGG3KVEV2CV0KE65MR7,parfum-item-11979,Haramain Detour Exclusif Noir Al Haramain,published,346e0f_448e15b0cc7b46588e5e98ef2ffd317e~mv2.jpg,variant_01KJFYASX6JYX9XY13FTDP6WRZ
prod_01KJFYARGG3QGTFQ2C7G8J4DSA,parfum-item-11963,Al Haramain Le Rêve D'Eve White Orchid,published,346e0f_bcb465dfbfda4f9a8180a68a9e9a7b54~mv2.jpg,variant_01KJFYASX8DV4NKYSQSFGJE80M
prod_01KJFYARGG3RM0257VFNM6KMFF,parfum-item-11976,Amber Oud Ultra Violet Al Haramain,published,346e0f_6ccc2917fac64a3e87a8f524e22d4094~mv2.webp,variant_01KJFYASX775F5WRADSFKEKQKY
prod_01KJFYARGG8VTVX37XC1T2W6AR,parfum-item-11968,Jardin des Papillons Paris Corner,published,346e0f_9ba79792c8894f6cae4a0e519ed79519~mv2.avif,variant_01KJFYASX73R9MW7F6HKH8SH5N
prod_01KJFYARGG978QN26946HX9293,parfum-item-11972,Velvet Zafferano Dolce & Gabbana,published,346e0f_f38b2564101e4c6cbfb25835a81c8d74~mv2.avif,variant_01KJFYASX7EQCXGNKFH4VDAJTK
prod_01KJFYARGG9W5WTXN6FTCD711X,parfum-item-11981,Tanasuk Al Haramain,published,346e0f_90ca61ddd9904bb489c6d6c00364b29a~mv2.jpg,variant_01KJFYASX6Y4WKMY34CA1AMKJ2
prod_01KJFYARGGB22PY6S40YMKPH1T,parfum-item-11980,Haramain Detour Rouge Al Haramain,published,346e0f_ef5393173c4b42cfa74d040406a06d97~mv2.jpg,variant_01KJFYASX6YK9XZ8H4A6KM9DHM
prod_01KJFYARGGETPTMDEN3J1F741P,parfum-item-11974,Velvet Desert Oud Dolce & Gabbana,published,346e0f_e6286a1c9f604cb3b9580e95acfe3f73~mv2.avif,variant_01KJFYASX70SV3NGBEQJ0T59W2
prod_01KJFYARGGM6EGYXDAN9A82YY8,parfum-item-11966,Candy White Grandeur,published,346e0f_57370ca1087d4338a90878f6e6d05a57~mv2.webp,variant_01KJFYASX86NDWFNXCZWET3PH3
prod_01KJFYARGGM7P51P7MT5E0BECT,parfum-item-11977,Amber Oud White Edition Al Haramain,published,346e0f_89891c37d77a460f8e1aa57b87c7425e~mv2.webp,variant_01KJFYASX6NX4Y149VD09XZ8RF
prod_01KJFYARGGPY2Z42XC2T0M0M1P,parfum-item-11965,Lumina Bharara,published,346e0f_b017ee103bf14bc6b700e38e17be9264~mv2.webp,variant_01KJFYASX808ZJ71GDFHYVDFXK
prod_01KJFYARGGQG79JZATR9NZVRG3,parfum-item-11973,Velvet Blue Musk Dolce & Gabbana,published,346e0f_d8d4b64ec0ac4a6f9fe97138d13f3529~mv2.avif,variant_01KJFYASX73FC8KB5805K6W0R2
prod_01KJFYARGGWR75P3H2J24GX4GB,parfum-item-11971,Fame In Love Rabanne Parfum Elixir,published,346e0f_9ba79792c8894f6cae4a0e519ed79519~mv2.avif,variant_01KJFYASX7QP15X40WZQW8E9Z4
prod_01KJFYARGGXWM00JASWRVCPMYR,parfum-item-11964,Majesty Maktoub,published,346e0f_6a284c239be5400fbceabc66d272f819~mv2.webp,variant_01KJFYASX81SQFZM1R0K30WPBY
prod_01KJFYARGH1F6GZZ854DFVJDD7,parfum-item-11947,XLNC Titan Nayaat,published,346e0f_26ab75703ac34befad97425079a081f2~mv2.avif,variant_01KJFYASXA6BYTQPDD220A5TXT
prod_01KJFYARGH1N1KNBF17J03FHTR,parfum-item-11958,Matai Nasim,published,346e0f_09b034788b274673a253653c7cea2aeb~mv2.webp,variant_01KJFYASX9TG168MP4ZTSGQFRH
prod_01KJFYARGH3Z8BJGNV5VGY23S6,parfum-item-11943,Al Noor Arabiyat Prestige,published,346e0f_077b29157e6a401c8ac041b7e923751d~mv2.avif,variant_01KJFYASXAAPG4DNWQHJG5ZTEV
prod_01KJFYARGH4RNY74H47F9144YD,parfum-item-11944,Dubai Delicacy Cotton Candy Armaf Delights,published,346e0f_2addaf4b109d479b84d21bae4bf3eaac~mv2.webp,variant_01KJFYASXA5STEC8GSH9YA9N76
prod_01KJFYARGH5K916V6VX2HVVGED,parfum-item-11940,Bon Bon Armaf Delights,published,346e0f_142a9476c2d44477a1bb0773cb927493~mv2.avif,variant_01KJFYASXBYJ5EKRT1WQNPBCX2
prod_01KJFYARGH94NVPEPW6FF4HFM2,parfum-item-11960,Matai Sahara,published,346e0f_4aecc556fc534430891a424aa27be04e~mv2.webp,variant_01KJFYASX8XQM98XYQHCJ3DT40
prod_01KJFYARGHB4S1GBZ9VPEMBGNW,parfum-item-11942,Safa Arabiyat Prestige,published,346e0f_a65f8d624cfb444bbde49d6f737111cb~mv2.avif,variant_01KJFYASXAFND7QC3J8KA6SAHP
prod_01KJFYARGHDY5E3QM5EEHCSNKD,parfum-item-11961,Matai Noor,published,346e0f_1c119757d65f461c98e782f495afe3d7~mv2.png,variant_01KJFYASX8V4CKPT045WW0YZKB
prod_01KJFYARGHEW8MVXGD892H0F4H,parfum-item-11949,The Icon Supreme Banderas,published,346e0f_acd91aebab694af088c6d1338f104f47~mv2.webp,variant_01KJFYASX9P1DRRRTR3XJE837K
prod_01KJFYARGHFAR9R0NP5M7D5YES,parfum-item-11970,Antartic Tsunami de Oussal Parfum D'Origine,published,346e0f_16ac207a51ae4d3d9fbd76c0f8dcce04~mv2.jpg,variant_01KJFYASX9HPM54ZBTDGWPPPD6
prod_01KJFYARGHFMAR7MD5EA3SVFBK,parfum-item-11959,Matai Zenith,published,346e0f_51f75021b96a41cb83f425a418ef8860~mv2.webp,variant_01KJFYASX9GVVJZ47TA69SKQ9J
prod_01KJFYARGHHF50BP4CC8EQPK02,parfum-item-11952,Paradoxe Radical Essence Prada,published,346e0f_c365d5dba09e41b7b9f5b902d6ab1101~mv2.jpg,variant_01KJFYASX96TTSNB6WDP7X4M8G
prod_01KJFYARGHM0AYY26T3EMRKF5V,parfum-item-11957,Flowers Serenade Oussal Parfum D´Origine,published,346e0f_b8f667ab3fd74a3fb67ef87664f2ef4d~mv2.jpg,variant_01KJFYASX9SWBKY6YH3T6X4V9N
prod_01KJFYARGHM6ABWR6WB0NSDFKZ,parfum-item-11939,Naya Niche Avenue,published,346e0f_67c2573aa0424726ab7892c169f22a42~mv2.webp,variant_01KJFYASXBHYN1WN0HD67CM346
prod_01KJFYARGHMA1VXY8JM0MG5R6T,parfum-item-11953,Hawas Viper Rasasi,published,346e0f_1569483386864f25941afeb676540c77~mv2.webp,variant_01KJFYASX9H34KTF18J64SGDX2
prod_01KJFYARGHMHW71QV79RYHY2A7,parfum-item-11941,Marwa Arabiyat Prestige,published,346e0f_862766e5b0fa480cb9f2d2765f44083f~mv2.avif,variant_01KJFYASXAWZ5VX211QJ93ZF7D
prod_01KJFYARGHNPVQPB55KTKFJH1Z,parfum-item-11946,XLNC Imperium Nayaat,published,346e0f_7dc608f53b9d4c11a82fb83d556ef6a1~mv2.avif,variant_01KJFYASXASN3FCT7HVSMSKEZ3
prod_01KJFYARGHTGVREFF2CBWQBY5R,parfum-item-11945,Dubai Delicacy Red Velvet Armaf Delights,published,346e0f_0f6800c3975942108f0f1a1d9104a109~mv2.avif,variant_01KJFYASXAKGBWY8KJ665WTHNM
prod_01KJFYARGHYAASVS23YZ4RPC3X,parfum-item-11954,Uomo Intense Stallion 53 Emper,published,346e0f_7b303c7eae3041859e315f0839300844~mv2.webp,variant_01KJFYASX925649XCPJDFJEBK7
prod_01KJFYARGHYAXV83SW6DSR15PW,parfum-item-11962,Al Haramain Le Rêve d'Eve Red Jasper,published,346e0f_3299018cfc0e4bd794769ca8655192a0~mv2.jpg,variant_01KJFYASX8BQ4BFZ9CH1EDEYF8
prod_01KJFYARGJB5E81T5A5PQ1B47V,parfum-item-11938,Fahed Niche Avenue,published,,variant_01KJFYASXB8S2V9PJESH3QR0WH
prod_01KJFYARGJB795GT783XS4R0WD,parfum-item-11914,Delphinus Creed,published,,variant_01KJFYASXC5WCKT11Z07TN1PMN
prod_01KJFYARGJCC5QXGRRA9VE1FGQ,parfum-item-11903,Gold Fair In Mayfair Atkinsons,published,,variant_01KJFYASXE6CA7SWPV81FZQCGF
prod_01KJFYARGJCEVVA2AZKVPA56EX,parfum-item-11929,Flower Kenzo La R√©colte Parisienne Kenzo,published,,variant_01KJFYASXC7FMC0VPR65SA05EX
prod_01KJFYARGJCHFA96FK0NA0DAXG,parfum-item-11912,Oud Save The Queen Atkinsons,published,,variant_01KJFYASXCHTYRFK5X54E5KNSJ
prod_01KJFYARGJD3ZKH6X0N2VDBJBY,parfum-item-11932,swiss army Lilac Jasmine de Victorinox,published,,variant_01KJFYASXCZ22H0963NV874MR4
prod_01KJFYARGJDZ4QG3JECFJ1P8QF,parfum-item-11931,Island Dreams Khadlaj,published,,variant_01KJFYASXCCR23R8Q9GMVYX0T9
prod_01KJFYARGJEDS7WXTZR9579Z3N,parfum-item-11933,Signatures No II Maison Alhambra,published,,variant_01KJFYASXBW00V9TM06V989HPA
prod_01KJFYARGJFGFATVYR1P761VHR,parfum-item-11902,The Other Side Of Oud Atkinsons,published,,variant_01KJFYASXE68R6BPH2D06EP56V
prod_01KJFYARGJFXYPFQY4VMPNVCGJ,parfum-item-11909,44 Gerrard Street Atkinsons,published,,variant_01KJFYASXD6HH8ZJVVZN7CGC2E
prod_01KJFYARGJHNRQGN11F3NT22EY,parfum-item-11904,Pirates Grand Reserve Atkinsons,published,,variant_01KJFYASXDQT6TKS1B4RMN35YA
prod_01KJFYARGJHQNY2YJX38GYDXF0,parfum-item-11936,Id√¥le L‚ÄòEau de Parfum Lanc√¥me,published,,variant_01KJFYASXB8T42B4617J3NZ1GH
prod_01KJFYARGJMS42JTMY5ABMQMCF,parfum-item-11905,James Atkinsons,published,,variant_01KJFYASXDDEAFTVB4VJRX6T6G
prod_01KJFYARGJNVSWDW0S9HHQNVYD,parfum-item-11901,His Majesty The Oud Atkinsons,published,,variant_01KJFYASXE7EMHBEVAB4ZBJBCD
prod_01KJFYARGJNY0X88H8W88KAKJ3,parfum-item-11935,Swiss Army For Her Apricot Rose Victorinox,published,,variant_01KJFYASXB9234XD187P63H7Y3
prod_01KJFYARGJQHPDK755X64FX03H,parfum-item-11895,Armani Code Giorgio Armani,published,,variant_01KJFYASXE52J02R197WVG5S2N
prod_01KJFYARGJTQYAFS2HD1BSPGVS,parfum-item-11906,Mint & Tonic Atkinsons,published,,variant_01KJFYASXDR5C9YNHS85139A60
prod_01KJFYARGJV3HSSJ1N7PTPBM2P,parfum-item-11908,24 Old Bond Street Triple Extract Atkinsons,published,,variant_01KJFYASXDMG8WMPDB41GK1501
prod_01KJFYARGJVV1QWFZNC92BSTZ7,parfum-item-11907,24 Old Bond Street Atkinsons,published,,variant_01KJFYASXD1DHNJAHW5MAGCKE5
prod_01KJFYARGJW53G8ZDN0FBQ5G9F,parfum-item-11930,Olymp√©a Absolu Paco Rabanne Parfum Intese,published,,variant_01KJFYASXC5GJDYZQC4WCCFKBH
prod_01KJFYARGK29Y8X5H1NV1J34SP,parfum-item-11890,Acqua Di Gioia Giorgio Armani EDP Intense,published,,variant_01KJFYASXFWGC3SZDPH4BVH1A3
prod_01KJFYARGK5CW9EYG7E4MD86AV,parfum-item-11866,Body Mist Cherry Baby Sabrina Carpenter,published,,variant_01KJFYASXH0T87D2XJAR3BD4F3
prod_01KJFYARGK6VR6WGZTEPQPVT5K,parfum-item-11889,La Mia Bella Vita Guess,published,,variant_01KJFYASXFJAZ0585CJEDVTXDX
prod_01KJFYARGK8K82NXY26GK5YR0G,parfum-item-11882,Extreme Leather Smoked Iris MontBlanc,published,,variant_01KJFYASXG804MA0W2C2S0BP52
prod_01KJFYARGK9FYMY2EZ8XV6PBS1,parfum-item-11873,Secret Black Sugar Lomani,published,,variant_01KJFYASXGZY9BPB6FW4EQKJFS
prod_01KJFYARGKCJWYSMDBDF4WMKQ1,parfum-item-11893,Greenley Parfums De Marly,published,,variant_01KJFYASXE5Y84475XDNWVJFT8
prod_01KJFYARGKD57VWKQSWN6J384C,parfum-item-11894,Percival Parfums De Marly,published,,variant_01KJFYASXEWWNZF0DJE7CJD83D
prod_01KJFYARGKDWCVW9EP2G002J5K,parfum-item-11887,Rome Ivory Mast Perfume,published,,variant_01KJFYASXFBPBR2KT7V38TT052
prod_01KJFYARGKE7251QSQFXZPNVJN,parfum-item-11884,Vetiver Glacier Frozen Santal Montblanc,published,,variant_01KJFYASXFT6CMSV0CJHS1PNA9
prod_01KJFYARGKH3ZNNRNV6GKM3E76,parfum-item-11883,Patchouli Ink Dark Woods Montblanc,published,,variant_01KJFYASXG5SFCHRQZMSXKNN0Q
prod_01KJFYARGKJ2DCXYPHAFPBFHRT,parfum-item-11880,Coach New York Gold,published,,variant_01KJFYASXGVNHJQQBC41PDA800
prod_01KJFYARGKJWD2BKS76C65126E,parfum-item-11868,Guilty Crush The House of Oud,published,,variant_01KJFYASXHYKYDPWW5846EAK4R
prod_01KJFYARGKKVP84FM5S2N87AJK,parfum-item-11885,Hawas Atlantis Rasasi,published,,variant_01KJFYASXFTP7RRWBPGB7PD5BH
prod_01KJFYARGKMW8X6TDC2YX7S801,parfum-item-11879,Le Beau Paradise Garden Jean Paul Gaultier,published,,variant_01KJFYASXG4PGDSGX009V88856
prod_01KJFYARGKQ8Q18C82P9MX5JVP,parfum-item-11892,Gucci Flora Gorgeous Orchid,published,,variant_01KJFYASXEQD6NFCRBNN9DC58V
prod_01KJFYARGKRNEQTAA533YF0H3N,parfum-item-11876,Irresistible Nude Velvet Givenchy,published,,variant_01KJFYASXGK9WBD5WCYBVR4NBE
prod_01KJFYARGKSB3FJBXYQZYJP8AJ,parfum-item-11881,Lacoste Original,published,,variant_01KJFYASXGDNZC189704FFQNJC
prod_01KJFYARGKVPWABHV0FTM9DZ0Z,parfum-item-11891,Gucci Flora Gorgeous Magnolia,published,,variant_01KJFYASXFPX5PNY8TP95DSWP3
prod_01KJFYARGKWBP2E65EB14JY1YC,parfum-item-11888,Freeze Riiffs Perfums,published,,variant_01KJFYASXF8KSP7MMWBEV8GTNM
prod_01KJFYARGKZH5BWKZ1CRCPS7SC,parfum-item-11874,Mila‚Äòs Secret Find Your Way Lomani,published,,variant_01KJFYASXGQ30JGFNR0MGJK9EM
prod_01KJFYARGM18D18EQYVNCWWEXE,parfum-item-11858,Decant Michael Kors Absolu Pour Homme,published,,variant_01KJFYASXJNAGXYD6YK1M44BHZ
prod_01KJFYARGM2VX53YK4THKEN8G7,parfum-item-11865,Body Mist Sweet Tooth Sabrina Carpenter,published,,variant_01KJFYASXH8XGK3X3QR0ZBNBJX
prod_01KJFYARGM5JK3DY8QQ8F02MX9,parfum-item-11837,Rojo De Shakira,published,,variant_01KJFYASXKWYS4WZSS5RMHEX62
prod_01KJFYARGM6CNGBM2YG6BVWP2G,parfum-item-11846,Lovers Fragrance Du Bois,published,,variant_01KJFYASXJ3H67TZMB3B0JFWPQ
prod_01KJFYARGM85TVB0GSSATY5SXZ,parfum-item-11832,Sex Sea Lorenzo pazzaglia,published,,variant_01KJFYASXKNJRMB6XHS754H850
prod_01KJFYARGM90J27MGST2J6KT0J,parfum-item-11859,Decant Michael Kors Absolu Pour Femme,published,,variant_01KJFYASXJXZGP5STDYM39FRMS
prod_01KJFYARGM96Y8MQMN93HXZZTQ,parfum-item-11848,Solstis Fragrance Du Bois,published,,variant_01KJFYASXJC53X7K5Y2KKMSEZN
prod_01KJFYARGMBB3AZH7NMYTKSTMG,parfum-item-11863,Body Mist Caramel Dream Sabrina Carpenter,published,,variant_01KJFYASXH5VZ9YM9AAF53RT8K
prod_01KJFYARGMC8QRTMJG3HQPYGGK,parfum-item-11834,Bella Vita Paradiso Guess,published,,variant_01KJFYASXK3MKJXE3BGA2R8Z5K
prod_01KJFYARGME41BAY5C38HPSZ9N,parfum-item-11862,Decant Bright Crystal Parfum de Versace,published,,variant_01KJFYASXH9038XA56A6Y2VWWQ
prod_01KJFYARGMPF7YV5CA44TN3ZBZ,parfum-item-11830,Playing With The Devil Kilian,published,,variant_01KJFYASXK1466JW0SSGTZ5EC9
prod_01KJFYARGMPRNYQN3DV62GR5W9,parfum-item-11845,Sir√©ne Fragrance Du Bois,published,,variant_01KJFYASXJAB7N1MVQAWK7YCXT
prod_01KJFYARGMQ29882DC6KAH9G8G,parfum-item-11864,Body Mist Me Espresso Sabrina Carpenter,published,,variant_01KJFYASXHHHE64Y01KZFBMS7N
prod_01KJFYARGMQC39030K9X7RJ0YF,parfum-item-11831,Sun-Gria Lorenzo pazzaglia,published,,variant_01KJFYASXKPH9RTBE11E402BP7
prod_01KJFYARGMQSZ08MJ60EFFPW7T,parfum-item-11850,Nitro Blue Dumont Paris,published,,variant_01KJFYASXJKHVW7GH21MCMKC8H
prod_01KJFYARGMRAYW6QREWWNM7638,parfum-item-11849,Cavort Fragrance Du Bois,published,,variant_01KJFYASXJF29EHH02YR93QY9T
prod_01KJFYARGMSYHNQ1N80842DPTF,parfum-item-11860,Decant Eau Fraiche Extreme Versace,published,,variant_01KJFYASXHZY04XKW7A0MF3996
prod_01KJFYARGMTVPXCXKRVRNCBCZX,parfum-item-11847,Milano Fragrance Du Bois,published,,variant_01KJFYASXJBS0652BC0DXV097J
prod_01KJFYARGMW079GCA7H9HYJPR2,parfum-item-11829,Castley Parfums De Marly,published,,variant_01KJFYASXKJZ57QCJKCSRRN6F1
prod_01KJFYARGMWQ6FXXGW1Y08S0W2,parfum-item-11833,Speachless Lorenzo Pazzaglia,published,,variant_01KJFYASXKMY6M40QMWT94CQ2R
prod_01KJFYARGN31EZSVCH1EM0K45X,parfum-item-11816,Dance Stellar Shakira,published,,variant_01KJFYASXN19VY3QZM7583SMXF
prod_01KJFYARGN33K2Y3YD6AX5TGG4,parfum-item-11818,Chance De Chanel Eau Splendide,published,,variant_01KJFYASXN8TC5TND0A4D58RB9
prod_01KJFYARGN3B8SGMV02AXJ9VTQ,parfum-item-11817,Bleu De Chanel L'exclusif,published,,variant_01KJFYASXNZ1JP9V53WBQQNDS5
prod_01KJFYARGN5G1WGKB6A4WJ6YNQ,parfum-item-11808,903 Oud Ilam Bon Parfumeur,published,,variant_01KJFYASXPA1NA0F0EYQ3V58AD
prod_01KJFYARGN5ZRQRYN2HBKFXKCS,parfum-item-11809,Rayhaan Divine,published,,variant_01KJFYASXP2AKKVZ46SHXG29AT
prod_01KJFYARGN6AZG3XWYNJ8ZCVVT,parfum-item-11825,Game Of Spades Emerald Jo Milano,published,,variant_01KJFYASXMQGR2M7D8A3KAV68Z
prod_01KJFYARGNA41P33RHA7YQ1VWY,parfum-item-11815,Angel Fantasm Mugler,published,,variant_01KJFYASXN0ZNS9R8X8QEWMREK
prod_01KJFYARGNAHA1N04201X564J3,parfum-item-11813,Paradoxe Virtual Flower Prada,published,,variant_01KJFYASXP0793ECS3PR9ED46T
prod_01KJFYARGNDR84RCK8X6GWHNV0,parfum-item-11827,Costa Azzurra Tom Ford,published,,variant_01KJFYASXK6A9QSYNAYMYS4BM5
prod_01KJFYARGNF9P21F64N79PZPQ8,parfum-item-11826,724 Maison Francis Kurkdjian,published,,variant_01KJFYASXMEAKDFPTWDDA8TSS6
prod_01KJFYARGNG0QJMP4E0MS89XR5,parfum-item-11814,Libre L'Absolu Platine Yves Saint Lauren,published,,variant_01KJFYASXNWWCAE6E9K9272FSV
prod_01KJFYARGNGHR41RPHXCDERYRG,parfum-item-11824,Game Of Spades Double Bonus Jo Milano,published,,variant_01KJFYASXMC35V8GSCT045ACS7
prod_01KJFYARGNQJ152D60KCQ66W94,parfum-item-11806,Tubbees sweet mango melody Grandeur,published,,variant_01KJFYASXPBBT60RGWBRKF0BT9
prod_01KJFYARGNRR5768XPRA0B2MQQ,parfum-item-11810,La Vie Est Belle Vanille Nude Lanc√¥me,published,,variant_01KJFYASXP98BQY28GBAX5J5JP
prod_01KJFYARGNSBRP3FR7AKZRVTF0,parfum-item-11823,Oud Satin Maison Francis Kurkdjian,published,,variant_01KJFYASXMHPX5EJVVK64MJ9WE
prod_01KJFYARGNSKS9KQMBXTQ966YE,parfum-item-11811,Amor Amor de Cacharel,published,,variant_01KJFYASXP4N6A2DE65VF8K7Y2
prod_01KJFYARGNTPDP89B44C74TDXC,parfum-item-11822,Elysium Eau Intense Roja Parfums,published,,variant_01KJFYASXMX92C58RD0F6YRVFZ
prod_01KJFYARGNWGBCXT16577DJMV4,parfum-item-11819,Valentino Donna Born in Roma Ivory,published,,variant_01KJFYASXNHC3XZXGCJTHVRHDQ
prod_01KJFYARGNY81A1XTF6QVRJZ3B,parfum-item-11821,Elysium Roja Parfums,published,,variant_01KJFYASXNMA4KR1D8PGQ2SYCP
prod_01KJFYARGNYPP7C89Q5CHHTY67,parfum-item-11812,Thank U Next 2.0 Ariana Grande,published,,variant_01KJFYASXPHES7HGMWP7TAW5WQ
prod_01KJFYARGP042K6E9ENRGK8K4A,parfum-item-11796,602 Bois Narcotique Intense Bon Parfumeur,published,,variant_01KJFYASXRF33CKEY4TF9RV3YV
prod_01KJFYARGP3MJP3Q9N1RF5D5X2,parfum-item-11801,Tubbees Blueberry Sorbet Grandeur,published,,variant_01KJFYASXQAH5HJJDHPQ0HFZSV
prod_01KJFYARGP57ECDDESA3Q326Z9,parfum-item-11787,Pink Boa St√©phane Humbert Lucas 777,published,,variant_01KJFYASXSZFK2352AZRDWTX1B
prod_01KJFYARGP6HZJ69AVE47TT5K8,parfum-item-11805,Tubbees Tira-miss-you Grandeur,published,,variant_01KJFYASXPB52VXBH3RCSEK9DM
prod_01KJFYARGP6WGEN6H031CDKMK2,parfum-item-11791,The $kull Philipp Plein,published,,variant_01KJFYASXR65EJ0A1ZDYT3TVFR
prod_01KJFYARGP72FM3NH0Q2FNZ9RR,parfum-item-11803,Tubbees Passion Fruit Mojito Grandeur,published,,variant_01KJFYASXQSV07XVB5ZECDY3RN
prod_01KJFYARGP8E0ADH5B9FEC0Z6Y,parfum-item-11802,Tubbees Matcha Made In Heaven Grandeur,published,,variant_01KJFYASXQGTWC4EBTN8ZQT566
prod_01KJFYARGP96H1W8KNZ1DJ0A2A,parfum-item-11800,Tubbees Golden Bliss Grandeur,published,,variant_01KJFYASXQZT0EAKH159X71SAJ
prod_01KJFYARGP9AVZ7R3T8N5XAGN1,parfum-item-11784,Azzaro Chrome Parfum Azzaro,published,,variant_01KJFYASXSCA4PD4K54EBA5GQ9
prod_01KJFYARGPBJZZ8HCXFKY4EW1J,parfum-item-11799,Tubbees Tres Leches Grandeur,published,,variant_01KJFYASXQ0JV6VQ7F91DYWBDN
prod_01KJFYARGPBNMB3ZA9A7EQF770,parfum-item-11790,Coco Loco superz budapest,published,,variant_01KJFYASXRJRQN8NR4KH7BTF9G
prod_01KJFYARGPC4F4ZK6BTYG8ZMW1,parfum-item-11786,God of Fire St√©phane Humbert Lucas 777,published,,variant_01KJFYASXSGBDFF34D8XXFQX5V
prod_01KJFYARGPE4KACG0K2P14ZZZ1,parfum-item-11788,Venom Incarnat St√©phane Humbert Lucas 777,published,,variant_01KJFYASXRA1BQ0APMDDYS8SBC
prod_01KJFYARGPE9CWPMX6KZWN256Z,parfum-item-11798,Tubbees Berry Explosion Grandeur,published,,variant_01KJFYASXQSJSC3KPE7M020ZG8
prod_01KJFYARGPJXFRZ8KZFM3ET9E4,parfum-item-11797,502 iris cartagena Bon Parfumeur,published,,variant_01KJFYASXRG7NXS08KN7JWXC5P
prod_01KJFYARGPNE0VA2JHD05AMSWH,parfum-item-11793,Blu Indaco Giardini di Toscana,published,,variant_01KJFYASXR0JWBTWTTSKYV5NRD
prod_01KJFYARGPTMR57NA84YMHM75E,parfum-item-11792,Rosso Rubino Giardini di Toscana,published,,variant_01KJFYASXRG3HY6TSAE7TEVMYG
prod_01KJFYARGPWTM8XSY5A517S4BA,parfum-item-11785,Black Meisterstuck Absolute Incense Montblanc,published,,variant_01KJFYASXSY8EXV5CK7XR4AEFR
prod_01KJFYARGPY9GSM3TMFKH84RQD,parfum-item-11795,Borabora Giardini di Toscana,published,,variant_01KJFYASXRRJCTPC6DA00NEN43
prod_01KJFYARGPZYP3VB18DE4EE8KX,parfum-item-11804,Tubbees Candy Apple Grandeur,published,,variant_01KJFYASXQMSEPT0ZYVN460542
prod_01KJFYARGQ060W3SS0GE52KG90,parfum-item-11765,Bonbon Pop The House of Oud,published,,variant_01KJFYASXTT09T0V8JG5SC28DM
prod_01KJFYARGQ4GG40V786S6V2MMD,parfum-item-11730,Sense Laverne,published,,variant_01KJFYASXV7NV372YWWPC42WDA
prod_01KJFYARGQ6QJKMX79699XREJY,parfum-item-11735,Creed Absolu Aventus,published,,variant_01KJFYASXVZCQQ07HBKD4W7WH0
prod_01KJFYARGQ7P6EVW5X1GW7PJE2,parfum-item-11747,Pepe Jeans Celebrate Dama,published,,variant_01KJFYASXT8JA7QNB1Z0DR645S
prod_01KJFYARGQB8KAD89DX60CG0MW,parfum-item-11736,Light Blue Dolce & Gabbana,published,,variant_01KJFYASXVVE009QMAQS8B1CAC
prod_01KJFYARGQC333424NF0K7NKMP,parfum-item-11770,Be My Plum De Montale,published,,variant_01KJFYASXSZEK7YG1B0BPYJ077
prod_01KJFYARGQCMZ1C2JA4BAAGD65,parfum-item-11742,Tommy New York,published,,variant_01KJFYASXTRR7BE3KF4BK71DY4
prod_01KJFYARGQDDHZ9RR0S7X0CWTZ,parfum-item-11771,Intense Starry Night Montale,published,,variant_01KJFYASXST3VJYW53JW1BM14J
prod_01KJFYARGQF7B7PVK5VQQ1XKF3,parfum-item-11757,Chloe 100  EDP Dama Recargable,published,,variant_01KJFYASXTJYV10VPMAVKYT3DC
prod_01KJFYARGQFDW95TSTVC9Y249Y,parfum-item-11768,Gentleman Society Eau de Parfum Extr√™me Givenchy,published,,variant_01KJFYASXTAGCPVP1PAQYEJD8P
prod_01KJFYARGQJKAGK1AX2V23V2Z8,parfum-item-11741,Tommy Girl New York,published,,variant_01KJFYASXV60CCKKJCSHN5B1VN
prod_01KJFYARGQJQE4ZVBBB21MVQJR,parfum-item-11758,Chloe L'eau De Parfum Intense,published,,variant_01KJFYASXT60AEB9JAK3V6D88G
prod_01KJFYARGQKCJQYJZDA6WSEPRJ,parfum-item-11737,Vanilla Powder Matiere Premiere,published,,variant_01KJFYASXV6BPC6ZBW9NZ50F08
prod_01KJFYARGQNV8B667HPBVG2CMW,parfum-item-11773,Vanilla Powder Matiere Premiere,published,,variant_01KJFYASXSKBVNZ585SJ104HR4
prod_01KJFYARGQQ09TV4ZHVBVH99HA,parfum-item-11731,Perfect Elixir Marc Jacobs,published,,variant_01KJFYASXV31V40XZ3NZVG8KRS
prod_01KJFYARGQQ0M35ZN99VTPF1DX,parfum-item-11746,Pepe Jeans Celebrate Hombre,published,,variant_01KJFYASXTG1ZF81XV3Z5SW15T
prod_01KJFYARGQTHXY0N7BYQGJ79R0,parfum-item-11772,Ombre Tonka de Mancera,published,,variant_01KJFYASXSGZTZZYS0M3AA7YNY
prod_01KJFYARGQVD9MZYAP4EMSMVFA,parfum-item-11740,My World Halloween,published,,variant_01KJFYASXV1PX4KD2VD1WGYR3Z
prod_01KJFYARGQY2H7EN741SN5GTES,parfum-item-11755,L.12.12 Silver Rose Lacoste,published,,variant_01KJFYASXT2Y5PNEN3N87C38DQ
prod_01KJFYARGR0RVPAQVDVBF0MACH,parfum-item-11725,Sun Kissed Aromatix X French Avenue,published,,variant_01KJFYASXW31RE3KEFZGWA9GAA
prod_01KJFYARGR1XP634K31F40Q1Z6,parfum-item-11706,Cocktail Maracuja New Notes,published,,variant_01KJFYASXYSQ9K59W6KANKCM70
prod_01KJFYARGR1XP9HJKCEXS5G410,parfum-item-11719,Bottled Absolu Parfum Intense Hugo Boss,published,,variant_01KJFYASXXB9ZZP5SV0NQMF26R
prod_01KJFYARGR5W2M8STVM6R73CEV,parfum-item-11720,Rome Extradose Pour Femme Mast Perfume,published,,variant_01KJFYASXWJYWT8R32CDKWY7N6
prod_01KJFYARGR6KHS0AAZJ9K7Z1KY,parfum-item-11708,Fame Feline Collector 2025 Paco Rabanne,published,,variant_01KJFYASXYVGAJXAR0SA7TT380
prod_01KJFYARGR8BWKDBJKH3CJEJK7,parfum-item-11729,Yara Elixir Lattafa,published,,variant_01KJFYASXV5Y0CJRZ9CG4CZTC5
prod_01KJFYARGRA8NZCP1TVYH39QRN,parfum-item-11726,Teas Me French Avenue,published,,variant_01KJFYASXWR4TCPEN51R27HVM5
prod_01KJFYARGRCDRJY4FJFA1VC5KG,parfum-item-11713,Royal Incense Omanluxury,published,,variant_01KJFYASXXB64F0M1PAXQETRB2
prod_01KJFYARGRCZE370G69X5WPTNQ,parfum-item-11717,Le Male Elixir Absolu Jean Paul Gaultier,published,,variant_01KJFYASXXN4BNX97BRCM7568E
prod_01KJFYARGRENM9F3J0XMEFCD4H,parfum-item-11704,Latte di Mimosa New Notes,published,,variant_01KJFYASXY3TV5QSCQHHV5Z3SE
prod_01KJFYARGRG44T8MRR1YQFFP83,parfum-item-11724,Forbidden Fruit French Avenue,published,,variant_01KJFYASXW6210DNSVZG0T9F2G
prod_01KJFYARGRHQP7BSFMF0MABWN0,parfum-item-11723,Magnetiq French Avenue,published,,variant_01KJFYASXWES9DN7G2J0RFWWPN
prod_01KJFYARGRJE07YTD3XVDNQ603,parfum-item-11714,Voyage Omanluxury,published,,variant_01KJFYASXXHKNR881TRSPBM2G1
prod_01KJFYARGRKM9HVFZEBN3VR067,parfum-item-11721,L.12.12 Silver Grey Lacoste,published,,variant_01KJFYASXW8TRZ2W41EJSSCRAA
prod_01KJFYARGRPHW8XPZ1RAEGJMYA,parfum-item-11711,Le Male Elixir De Jean Paul Gaultier,published,,variant_01KJFYASXXNM3RPCFHGNJP6RE1
prod_01KJFYARGRPKKVBXMKV6Z5E27F,parfum-item-11727,Irresistible Very Floral Givenchy,published,,variant_01KJFYASXWM4CA492NQEVKV3TY
prod_01KJFYARGRQX5WJ5XZCM1AC1SS,parfum-item-11710,Le Beau Le Parfum Intense Jean Paul Gaultier,published,,variant_01KJFYASXYB29CSMFFAE5SDVZS
prod_01KJFYARGRTMVWYSHKQXR8CVFR,parfum-item-11718,Le Male Le Parfum Jean Paul Gaultier,published,,variant_01KJFYASXX1SNZBKKQTAMNBZWQ
prod_01KJFYARGRYG3X80Z7F2C4H6DP,parfum-item-11728,Asad Elixir Lattafa,published,,variant_01KJFYASXW9GNGEQY648G7CNNS
prod_01KJFYARGRZHJ8SMSPC65NSXX9,parfum-item-11712,Flowerlush Omanluxury,published,,variant_01KJFYASXXWAA2ESFV4H2DSM3J
prod_01KJFYARGS15H5C5EYDSGEGBMK,parfum-item-11703,Bonbons A La Violette New Notes,published,,variant_01KJFYASXY8VAPM99YTKK14J8C
prod_01KJFYARGS2QG12VF0PJBS7RZC,parfum-item-11681,Perle d'Or Armaf,published,,variant_01KJFYASY0Z8DD5GTZ04F8CM41
prod_01KJFYARGS3CDZ5YJN8379NCA7,parfum-item-11687,Irresistible Very Floral Givenchy,published,,variant_01KJFYASY06NWMB9S6VFHM7PH5
prod_01KJFYARGS4W51BB9SX016QNJP,parfum-item-11699,French Flower Matiere,published,,variant_01KJFYASXY9T3MEKMX9MJ2ESE1
prod_01KJFYARGS7020AW99QM21EZ09,parfum-item-11682,Boss Bottled Beyond Hugo Boss,published,,variant_01KJFYASY03XCVSRYX97KD9A12
prod_01KJFYARGSB3VW18METC3S10XZ,parfum-item-11685,Odyssey Spectra Blue Edition,published,,variant_01KJFYASY0N1KG5WK4HD2Y3BMK
prod_01KJFYARGSB6EQPY23W783PQXM,parfum-item-11679,Explorer Extreme Montblanc,published,,variant_01KJFYASY1FX98NGNT9TAZM73J
prod_01KJFYARGSC5RFKYQWWJX20R2Z,parfum-item-11700,Caramelo Vanilla New Notes,published,,variant_01KJFYASXYQD25YPB7C9VZ1SD7
prod_01KJFYARGSDXTPFM68JJ71DX0E,parfum-item-11695,Sauvage Elixir Dior,published,,variant_01KJFYASXZFNC5Z3V13Y0C3FJG
prod_01KJFYARGSJFRWXEA0Y3TZDXXM,parfum-item-11688,Light Blue Summer Vibes Dolce & Gabbana,published,,variant_01KJFYASXZ4Y560FK644GQZZD9
prod_01KJFYARGSJZPRH4EDB2QR3EWQ,parfum-item-11690,Club de Nuit Woman Parfum Extreme Armaf,published,,variant_01KJFYASXZHZAYFXD40FXPY45H
prod_01KJFYARGSKA9KFEZ14K5RNW54,parfum-item-11684,Ralph's Club Ralph Lauren Elixir,published,,variant_01KJFYASY0V6RHE2J2JJEDER7H
prod_01KJFYARGSM8QV5GWP0K3C6ATB,parfum-item-11701,Devotion Pour Homme Dolce & Gabbana,published,,variant_01KJFYASXYR03SWE373N3QVMNN
prod_01KJFYARGSNW2EGDBF6KKWM9M8,parfum-item-11680,Kaos Tous,published,,variant_01KJFYASY03V1PPEC648QFAPYG
prod_01KJFYARGSPXTS3Q30Y6C3YX0Z,parfum-item-11689,Club de Nuit Intense Man Parfum Extreme Armaf,published,,variant_01KJFYASXZTNEFZZANNR5AK9KX
prod_01KJFYARGSQWM4NSX6AEH9JWRP,parfum-item-11678,Summer Hammer Lorenzo Pazzaglia,published,,variant_01KJFYASY102QWKS4T8FTG61WF
prod_01KJFYARGSRS30E0JN1RZ30G3X,parfum-item-11697,Tulipe Noire Atkinsons,published,,variant_01KJFYASXZ5X73M0724TQTRA1B
prod_01KJFYARGST342E3XA3ZZB41TV,parfum-item-11692,Cool Elixir Davidoff,published,,variant_01KJFYASXZN6FVC45057C7N9PB
prod_01KJFYARGSV4EJXBN0MGKGR446,parfum-item-11693,Cool Elixir Davidoff,published,,variant_01KJFYASXZ6AM2K6CMVPV4MTR0
prod_01KJFYARGSX71JKPX1AVNHQKB2,parfum-item-11686,Alexandria II Xerjoff,published,,variant_01KJFYASY045Z60NA9HFPY49VW
prod_01KJFYARGT3HSPND0A4TXS5SDQ,parfum-item-11652,Tommy Forever Tommy Hilfiger,published,,variant_01KJFYASY3MRFG8Z94ZVW4DX7N
prod_01KJFYARGT44VDNNMX9KP1383R,parfum-item-11659,Anniversario Pantheon Roma,published,,variant_01KJFYASY26CJQ9P4CCPMSP0EJ
prod_01KJFYARGT4WHXWJDN36MCPF65,parfum-item-11676,Scandal Intense Jean Paul Gaultier,published,,variant_01KJFYASY1T4Q0WMC2DM7T9A3M
prod_01KJFYARGT5AJY46VRPAEGRN23,parfum-item-11660,Crystal Saffron Matiere Premiere,published,,variant_01KJFYASY2JB54F00BA6B9DBG1
prod_01KJFYARGT6PA4GTGAPQAVQ2VG,parfum-item-11655,Dynasty Lattafa,published,,variant_01KJFYASY33NQCM1FGFXAY482T
prod_01KJFYARGT6TSBVCYEA9EW7PNH,parfum-item-11656,Taureau De Gabat Lattafa,published,,variant_01KJFYASY3N04NSPJSM6YW7YY4
prod_01KJFYARGT806K92KHEX0PMNC0,parfum-item-11674,Allure De Chanel,published,,variant_01KJFYASY1G4D4XVQN7DWAJEYX
prod_01KJFYARGT9C9N5C2T210RP3NX,parfum-item-11672,Noble Orientica Royal Collection,published,,variant_01KJFYASY15K1CJ0G2F8ZH0FY0
prod_01KJFYARGT9QGPBMJASR1TCM9K,parfum-item-11675,Antaeus De Chanel,published,,variant_01KJFYASY1A608XHRJHHQQMG3H
prod_01KJFYARGTAMH4PBK1YS9EW03Z,parfum-item-11668,Just Different De Hugo Boss,published,,variant_01KJFYASY2YKGM12QFVMY5CS0T
prod_01KJFYARGTD0J96GBTYYEVFPGX,parfum-item-11653,Hawas Diva Rasasi,published,,variant_01KJFYASY3DCG1G3ZHX26WNGAR
prod_01KJFYARGTE4CJMQ6FKGKTVZA7,parfum-item-11669,Bar√©nia H√©rme s,published,,variant_01KJFYASY294GRAM4F5Q0KJTC7
prod_01KJFYARGTGF16GBHYK5V5123J,parfum-item-11671,Island Breeze Armaf Delights,published,,variant_01KJFYASY2KH6FAAJ7805CJCD6
prod_01KJFYARGTH27YNT5XNKJ6JK85,parfum-item-11673,Victory Orientica Royal Collection,published,,variant_01KJFYASY1FPYKZMWM8X7PGWK8
prod_01KJFYARGTHZKRR4Z16N55VJ7Y,parfum-item-11651,Tommy Forever Tommy Hilfiger,published,,variant_01KJFYASY3MXEXP8B93VRVK57B
prod_01KJFYARGTJPMWT3TQXTGMR6RQ,parfum-item-11661,Oud Zarian de Creed,published,,variant_01KJFYASY23G1JYGG0K3H2W2RB
prod_01KJFYARGTMP19KBZ0YZ7NHV0X,parfum-item-11670,Nebras Elixir Lattafa,published,,variant_01KJFYASY20JANX48XT7DZ7TVK
prod_01KJFYARGTQR0Z92TQGEC1QPAK,parfum-item-11657,Rome Imagine Mast Perfume,published,,variant_01KJFYASY3QE398546YB1HX0VY
prod_01KJFYARGTRB1824GKFK08VB25,parfum-item-11658,Annone Pantheon Roma,published,,variant_01KJFYASY34DRG922CQDPFTYWQ
prod_01KJFYARGTRFJ39P40YZTPEJZY,parfum-item-11677,Que Chimba! Lorenzo Pazzaglia,published,,variant_01KJFYASY1Q3V5Q0Q07NFCWNC4
prod_01KJFYARGV028G3KXKMHQTPPQS,parfum-item-11649,Mallow Madness Lattafa,published,,variant_01KJFYASY476CFK59NNSNZJ91R
prod_01KJFYARGV0WAC47V1EHX37QX6,parfum-item-11628,Eclaire Banoffi De Lattafa,published,,variant_01KJFYASY6BW1VJJXVV55Y7CHP
prod_01KJFYARGV25BRCH4FETFP0M82,parfum-item-11640,Odyssey Ba ha mas Tropical Armaf,published,,variant_01KJFYASY546MC7PDGHW9HG6TQ
prod_01KJFYARGV2VHQAJAB65127DJ6,parfum-item-11635,Veneno Bianco French Avenue,published,,variant_01KJFYASY5SFJAS4JQ51W2BRXW
prod_01KJFYARGV4GZRAMF0AP868B04,parfum-item-11639,Odyssey Black Forest Armaf,published,,variant_01KJFYASY5DYF207NQSZ7CJG3F
prod_01KJFYARGV4QZJTMX4DX1VZZRM,parfum-item-11650,Cookie Crave Give Me Gourmand Lattafa,published,,variant_01KJFYASY43Z643Q8G16KYGME7
prod_01KJFYARGV51W6G8HG9PF62SWT,parfum-item-11646,Whipped Pleasure Lattafa,published,,variant_01KJFYASY4RM19P30EZ3P2YF5X
prod_01KJFYARGV6JBNJ689HZ5DDE0X,parfum-item-11630,Libra French Avenue,published,,variant_01KJFYASY6NN9QQJGRGJJ3WY4N
prod_01KJFYARGVCPQ4HJ2TTS3ZRCMX,parfum-item-11629,Eclaire Pistache De Lattafa,published,,variant_01KJFYASY6F461NESCVV8QFMFQ
prod_01KJFYARGVDR0P29V3N6WPH83J,parfum-item-11633,Mahd Al Dhahab Arabiyat Prestige,published,,variant_01KJFYASY6AFDEVZBG837PNXZZ
prod_01KJFYARGVEESCSEGPZRAC3WR4,parfum-item-11636,Veneno Scarlet French Avenue,published,,variant_01KJFYASY54RDQQ3NGBRGQSFZ1
prod_01KJFYARGVER4B1R10N0AA6WC7,parfum-item-11648,Vanilla Freak Lattafa,published,,variant_01KJFYASY4KCTM5XQ7RRHY7C1Z
prod_01KJFYARGVFX6497A8WCBCJVC2,parfum-item-11643,Rome Yum Yum Mast Perfume,published,,variant_01KJFYASY4R3W83DJXFE08WE0N
prod_01KJFYARGVH9QHENKMSW9GFD40,parfum-item-11631,Aquarius French Avenue,published,,variant_01KJFYASY6Z0DKHQFRNSA21R4M
prod_01KJFYARGVQJ30PPKAKGXQMSR8,parfum-item-11632,Pisces French Avenue,published,,variant_01KJFYASY6V9B979YAVD94MFNS
prod_01KJFYARGVRNEM57W5NETNVDNW,parfum-item-11645,Berry On Top Give Me Gourmand Lattafa,published,,variant_01KJFYASY4BTZP463PWEQHCHFV
prod_01KJFYARGVSFV3M94FTF1DBWKH,parfum-item-11637,Vulcan Sable French Avenue,published,,variant_01KJFYASY5R1S604KE8229FHWC
prod_01KJFYARGVVEVH00ZSV46GK3FC,parfum-item-11641,Odyssey Toffee Coffee Armaf,published,,variant_01KJFYASY4RMT7DBH29RGWWNT7
prod_01KJFYARGVXM4SKNMFM5EGBTZ4,parfum-item-11638,Odyssey Go Mango Armaf,published,,variant_01KJFYASY577MDCB9YSPE1FPJK
prod_01KJFYARGVXSN881BJSNXJJQB4,parfum-item-11647,Choco Overdose,published,,variant_01KJFYASY4R0AXJK38PRE7DQ59
prod_01KJFYARGW0PRQHD2GFE2MGGBK,parfum-item-11603,Toxic Desire Korbaj,published,,variant_01KJFYASY9V468HCN728ZV0BNE
prod_01KJFYARGW12VK0S797T66S866,parfum-item-11613,Signorina Unica Ferragamo,published,,variant_01KJFYASY8CZK5DMGFMZM69D01
prod_01KJFYARGW2GM8GQ5RM41900NB,parfum-item-11619,Ombre D'or Armaf,published,,variant_01KJFYASY774ACXS7S761H77X8
prod_01KJFYARGW36NX75FSJ98RJ8BE,parfum-item-11600,Odyssey Marshmallow Armaf,published,,variant_01KJFYASY9QF8QZ8WCSWJT8ZZC
prod_01KJFYARGW41CKDTEZ1GHQ0CHJ,parfum-item-11601,Shuhrah Elixir Rasasi,published,,variant_01KJFYASY9SWR09AKQ1BBSWV8Y
prod_01KJFYARGW6QTVMHHT9CD1T0T4,parfum-item-11620,De Beso En Beso Agatha Ruiz De La Prada,published,,variant_01KJFYASY7WMHTVJ3FN5AW51FW
prod_01KJFYARGW8XHFT5ZP8KW6Y1C6,parfum-item-11604,Precious Gold Maison Alhambra,published,,variant_01KJFYASY8VSMPHR2AFJ6PZ1X6
prod_01KJFYARGWAF202DRM78ZRRTCD,parfum-item-11626,Gaultier Divine Elixir Jean Paul Gaultier,published,,variant_01KJFYASY6GSC9BKBY5FV9NHCT
prod_01KJFYARGWFDVFB409QMBGZYSE,parfum-item-11610,Hawas Malibu Rasasi,published,,variant_01KJFYASY8NH4JFZH62N1YNCBX
prod_01KJFYARGWFG4941WSQ42JX141,parfum-item-11617,Game Of Spades Bonus Parfum JO Milano,published,,variant_01KJFYASY7TRRGTZA0CZBXA6BW
prod_01KJFYARGWJQTSEV8X6Z1SX4BA,parfum-item-11611,Hawas Kobra Rasasi,published,,variant_01KJFYASY82HDKGMY3BBV7HZKA
prod_01KJFYARGWK5M7M8NHHXEXT2QN,parfum-item-11615,Marshmallow Blush Paris Corner,published,,variant_01KJFYASY7J86YQRJCH00JHNRP
prod_01KJFYARGWQFQGRJ10TQKP49QH,parfum-item-11606,Impact Parfum Tommy Hilfiger,published,,variant_01KJFYASY8EHE5V8RT88F4XRHH
prod_01KJFYARGWQYZC35DJE8V0GP1E,parfum-item-11618,La Panth√®re Parfum de Cartier,published,,variant_01KJFYASY7Y7CM995D9C3TCSJ6
prod_01KJFYARGWRAB71GA43V7X5PBC,parfum-item-11624,Million Gold Parfum Paco Rabanne,published,,variant_01KJFYASY7NRK2R0GSYEE9MG3V
prod_01KJFYARGWSFNVS42A63GHN00F,parfum-item-11616,Vulcan Baie French Avenue,published,,variant_01KJFYASY7XZCWBEB7PQHJ7H7Z
prod_01KJFYARGWT3KCCJ47DD8EVAM2,parfum-item-11614,La Yuqawam Orchid Prairie Rasasi,published,,variant_01KJFYASY8PXRM6P8Z46EBMX7E
prod_01KJFYARGWT74NWC26HTVMKMSA,parfum-item-11612,Sh‚ÄòMallow Fluff French Avenue,published,,variant_01KJFYASY8YAS8BTZ2NCQNE6GY
prod_01KJFYARGWXSWMXPFJR19EYN2H,parfum-item-11627,Eau Fraiche Extreme Versace,published,,variant_01KJFYASY6NZJ1BYJ12MY0FF23
prod_01KJFYARGWZ3C5SKYCPEWMPVJC,parfum-item-11605,L√©onie Intense Maison Alhambra,published,,variant_01KJFYASY8RWJ4J4QT8JV0M7KD
prod_01KJFYARGWZ8Q20C3WZWA1RAZ7,parfum-item-11625,S√¨ Giorgio Armani Eau De Parfum Intense,published,,variant_01KJFYASY7W6GCXGS8EE8XV4V1
prod_01KJFYARGX16R3BC55ER2VSWMY,parfum-item-11579,Chaos Extrait French Avenue,published,,variant_01KJFYASYB3ZDXYSBEZ5P4R47S
prod_01KJFYARGX8S5BPSPSQ45ADH43,parfum-item-11592,Bvlgari Pour Homme,published,,variant_01KJFYASYAKP1D1FZH5RMHC8F0
prod_01KJFYARGX8VM65NSSDXK4JQ8X,parfum-item-11580,Tony Iommi Monkey Special Xerjoff,published,,variant_01KJFYASYBNTYPPSJF7ZG6BQ3M
prod_01KJFYARGX97P3FH03PR9E80VD,parfum-item-11587,Nitro Elixir Dumont Paris,published,,variant_01KJFYASYB1AT3V8M84H2YP8CP
prod_01KJFYARGX986G17C6H7YH12J1,parfum-item-11586,London Addictive Pepe Jeans,published,,variant_01KJFYASYA4KQ50XRFXGAWM207
prod_01KJFYARGXA0G5SWBAJ0S2C57S,parfum-item-11585,I Want choo Le Parfum Jimmy Choo,published,,variant_01KJFYASYAKJS068PE5H77VD48
prod_01KJFYARGXA8C269K73Y5KV3HC,parfum-item-11576,The Icon Supreme Banderas,published,,variant_01KJFYASYBAN6RJFMJ8QQ1F76S
prod_01KJFYARGXBPJGKEVJXWN5AHZV,parfum-item-11594,Burberry Her Elixir Parfum,published,,variant_01KJFYASYABJFGZM727CJWCXZD
prod_01KJFYARGXD3SMSMQ4ZN3B662C,parfum-item-11590,Zodiac Lunaris Paris Corner,published,,variant_01KJFYASYA76AKYD6J1T46JF2N
prod_01KJFYARGXGC9X1J3NKZP8JW9V,parfum-item-11597,Turathi Electric Afnan,published,,variant_01KJFYASY9P56ESHAYG9GKKDD2
prod_01KJFYARGXGVG6HHG13PWW2HSG,parfum-item-11588,Zodiac Solmaris Paris Corner,published,,variant_01KJFYASYAGYMWXEE1DHRW6Z0H
prod_01KJFYARGXKABSZ36GWSJR6C2F,parfum-item-11584,Red leather Ferragamo,published,,variant_01KJFYASYBQA4K24HJDNPY6YAM
prod_01KJFYARGXMJ7P872AGDZHZAB7,parfum-item-11596,Cream Velvet Khadlaj,published,,variant_01KJFYASY9FVW9WBWA5RAB0VPQ
prod_01KJFYARGXN1RR02J507DQ3D7C,parfum-item-11578,Falcon Leather Matiere Premiere,published,,variant_01KJFYASYB0DP9QZAB3P18V0G1
prod_01KJFYARGXQ1AQGZP6RFT92STZ,parfum-item-11599,Club De Nuit Pr√©cieux IV Extrait de Parfum Armaf,published,,variant_01KJFYASY9Z6QAANFT9ET1MPPG
prod_01KJFYARGXS9YF6TBHZG47Y81N,parfum-item-11598,Ana Abiyedh Scarlet Lattafa,published,,variant_01KJFYASY9RBP22MJNKPSX5HHC
prod_01KJFYARGXVP14GMZQ7X4R2Q8B,parfum-item-11593,Hawas Pink De Rasasi,published,,variant_01KJFYASYAX6EJN4MW64YJRHWW
prod_01KJFYARGXVYRQ0YB8HE30VVZR,parfum-item-11595,Shiyaaka Shadow Khadlaj,published,,variant_01KJFYASY9RY0N0GNG88E3XVN1
prod_01KJFYARGXWK98PAYF659MQ708,parfum-item-11589,Cloud Candy Khadlaj,published,,variant_01KJFYASYAV3ZJWDV4PCCHFHCH
prod_01KJFYARGY0FQMABDQH9E2XZKC,parfum-item-11574,Royalty Jade Maluma,published,,variant_01KJFYASYBVZNTEN5B6D2FG2QS
prod_01KJFYARGY4GTACRQD3KH82THH,parfum-item-11560,Taskeen Lactea Divina Paris Corner,published,,variant_01KJFYASYDFQZT0HEA2MRA98XK
prod_01KJFYARGY6ZJ5G2PD79BMJEH7,parfum-item-11573,Royalty Amethyst Maluma,published,,variant_01KJFYASYC93G6SSC9YC83NMD1
prod_01KJFYARGY7GS1AMVT0TW9M8M9,parfum-item-11569,Intenso Stallion 53 Emper,published,,variant_01KJFYASYC3TNC0V2R07TTYVNN
prod_01KJFYARGY9TPQ2N3KWVJKB17D,parfum-item-11556,Sweet Tooth Caramel Dream Sabrina Carpenter,published,,variant_01KJFYASYE5DAJT30F868WJX5W
prod_01KJFYARGYA2Y7Z6R01G576CP8,parfum-item-11566,Habik For Women De Lattafa,published,,variant_01KJFYASYCT21JDF5F1FHXWWD9
prod_01KJFYARGYAN8WYYDX93DXYGW7,parfum-item-11564,Intense Oud Arabian Oryx Paris Corner,published,,variant_01KJFYASYD57T00HBTFHD1KPFH
prod_01KJFYARGYB24N44V30K2MN3PC,parfum-item-11559,Enigma Une French Avenue,published,,variant_01KJFYASYDPZVTVRVPR0W6VQW1
prod_01KJFYARGYBB0RRZSYRM59KGB8,parfum-item-11571,Scandal Gold Jean Paul Gaultier,published,,variant_01KJFYASYCWQMC59BZT4NKKKNK
prod_01KJFYARGYBGRXPP99PJ381K2X,parfum-item-11565,Prodigy Noir Paris Corner,published,,variant_01KJFYASYDXDEAZGGZ0GGSHARE
prod_01KJFYARGYBKR3XJFZHYTQ7VRY,parfum-item-11557,Sweet Tooth Cherry Baby Sabrina Carpenter,published,,variant_01KJFYASYE56PJJ5YYJA0B3WF0
prod_01KJFYARGYDVQCQ2C2V3EM2ERG,parfum-item-11555,9 PM Elixir de Afnan,published,,variant_01KJFYASYEPM8WND53J2KJVG8S
prod_01KJFYARGYE8GCC7FN53ZK678M,parfum-item-11561,Camaro Homme Intense Pendora Scents,published,,variant_01KJFYASYDNFH32KFB69CP5KQQ
prod_01KJFYARGYGA4K8Q28SNX9N4XD,parfum-item-11568,Benetton Green Amazonia for Him,published,,variant_01KJFYASYCBBXHBHDQ2QY57J5S
prod_01KJFYARGYM8BXH85R5N1ZK29A,parfum-item-11563,Rose De Nuit L‚ÄòEau de Parfum Pendora Scents,published,,variant_01KJFYASYDE9YC8G04K64JAFFT
prod_01KJFYARGYMCGM7F9BKQW10WP3,parfum-item-11562,Noir d‚ÄòArabie de Pendora Scents,published,,variant_01KJFYASYDTEZK6CEVPCSNSGAV
prod_01KJFYARGYNFTH928QDPS4C01J,parfum-item-11570,La Di Da Arabiyat Prestige Hombre,published,,variant_01KJFYASYCS260Z12K2BR81N66
prod_01KJFYARGYQ7TFCBGDZG363RCE,parfum-item-11558,Sweet Tooth Sabrina Carpenter,published,,variant_01KJFYASYECJ8PHKZNQECHF3PD
prod_01KJFYARGYWQF7W5CJT78AHT5P,parfum-item-11575,Royalty Garnet Maluma,published,,variant_01KJFYASYBNZXSMHGEH8FZXNYW
prod_01KJFYARGYX76MCS8S0FQT7FE6,parfum-item-11567,Habik For Men De Lattafa,published,,variant_01KJFYASYCF2K0S324EJXB37BC
prod_01KJFYARGZ0Z6ASVVRSCZPST0D,parfum-item-11535,Pistachio Kunafa Anfar,published,,variant_01KJFYASYGBRRTDMXT8RK1MXA0
prod_01KJFYARGZ5CQ9T2BJ4P6Z3FA6,parfum-item-11540,Mystic Leather French Avenue,published,,variant_01KJFYASYG86517FZ54EEWGNE0
prod_01KJFYARGZ5JSN791P1V6EP62F,parfum-item-11532,Essence de Noir French Avenue,published,,variant_01KJFYASYH4WPR4FXDHE6XGCFP
prod_01KJFYARGZ6ZXNZXXXDF2YAADG,parfum-item-11542,Invictus Victory Absolu Parfum Intense Paco Rabanne,published,,variant_01KJFYASYFSD6EZNFE2YRTEBVS
prod_01KJFYARGZ8X67HNVN1R634V2D,parfum-item-11546,Tropical Kiss French Avenue,published,,variant_01KJFYASYFPQVVVC6ZTDQWBQP6
prod_01KJFYARGZ9CBE1XT0BHJDMZ67,parfum-item-11549,Luscious French Avenue,published,,variant_01KJFYASYFKRKNBHQ8ZSWBKWZK
prod_01KJFYARGZDJHHNZCEMB0TRB1G,parfum-item-11550,Sultry Woods French Avenue,published,,variant_01KJFYASYESAM2DGT9T04HD5CR
prod_01KJFYARGZDNFRM1TJQEV4FRCH,parfum-item-11547,Sweet Paradise French Avenue,published,,variant_01KJFYASYFRWH566B83F349ZD0
prod_01KJFYARGZH56ZM2TJPT8HDTRS,parfum-item-11545,Caffe Latte Khadlaj,published,,variant_01KJFYASYF4GDET8T9QEQH0R1C
prod_01KJFYARGZHBMPHWKMY76WDY17,parfum-item-11543,Amber D¬¥OR French Avenue,published,,variant_01KJFYASYFBMEJRVCCNAGPJFCN
prod_01KJFYARGZJ1C818RYAB1E5ZW8,parfum-item-11539,Caf√© N¬¥Cream Fragrance World,published,,variant_01KJFYASYG7GSRDS3RZEJKRF2M
prod_01KJFYARGZJ94P4XBGGG0A4RVF,parfum-item-11548,Meringue French Avenue,published,,variant_01KJFYASYF732CRJBZPR3KNFJR
prod_01KJFYARGZJM43K0MJ0SRSRCQN,parfum-item-11536,Dania Orientica,published,,variant_01KJFYASYG81RPA98KHKYZSKGV
prod_01KJFYARGZKWZD00X4KP9D8J15,parfum-item-11534,Vulcan Feu French Avenue,published,,variant_01KJFYASYGQKCB71NGJX49N6Z0
prod_01KJFYARGZMCYRSPPP0CTBMRTA,parfum-item-11537,Hawas Tropical De Rasasi,published,,variant_01KJFYASYGBST2JSKHXDZ9PX91
prod_01KJFYARGZMP2M5F07RQ3PGN6J,parfum-item-11551,Eclair Affair French Avenue,published,,variant_01KJFYASYE4HR9VZ4HPCC2CAYC
prod_01KJFYARGZR99QQGDW55BHB6DS,parfum-item-11552,Tobacco D'feu French Avenue,published,,variant_01KJFYASYEYY62P7XQ50Z6610G
prod_01KJFYARGZY1K06419RJDVG5XD,parfum-item-11553,Tabac N‚Äò Coke by Fragrance World,published,,variant_01KJFYASYEEEBXJQHZTKPXVRG4
prod_01KJFYARGZZN6XJR7M78FDBE20,parfum-item-11538,Essence Blanc French Avenue,published,,variant_01KJFYASYGXT4PY2EX55HH56NY
prod_01KJFYARGZZTNQBQZW8RJW5KEN,parfum-item-11541,Paradoxe Intense Prada,published,,variant_01KJFYASYG4H293QEY10X2Y2DN
prod_01KJFYARH00QERTCS23JW2E194,parfum-item-11530,Black Saffron Armaf,published,,variant_01KJFYASYH5AS63FM9MRBANJGJ
prod_01KJFYARH00YM0FGVSPXGQCMAD,parfum-item-11514,Virgo De Ahli,published,,variant_01KJFYASYJ28CWTF21DS4N98AA
prod_01KJFYARH02VEKAPSSAY83D5F8,parfum-item-11524,Qatar Queen JO Milano Paris,published,,variant_01KJFYASYH8K0H5JAMKXT7BTV9
prod_01KJFYARH03XDQQX03THVXHW9X,parfum-item-11515,Il Ame de Ilmin,published,,variant_01KJFYASYJSJ7W7X76AK7JHN8X
prod_01KJFYARH08GFW08NFHVQ4K7YM,parfum-item-11531,All of Me De Narciso Rodriguez,published,,variant_01KJFYASYHA3A4ZPPM9HDDPWC3
prod_01KJFYARH0B4Z06W4W3YE5XV6P,parfum-item-11516,Art of Arabia I Lattafa Pride,published,,variant_01KJFYASYJKFDA8KYWWF83EXRP
prod_01KJFYARH0CS2F8YHH7EW42886,parfum-item-11513,Ursa De Ahli,published,,variant_01KJFYASYJNV4SM7E8PZAQK90P
prod_01KJFYARH0CVQCVG9RXYK2D15B,parfum-item-11528,Victorioso Fearless Maison Alhambra,published,,variant_01KJFYASYH9ZVMW66TB0A6X4JW
prod_01KJFYARH0E50DCDE013KDSTGM,parfum-item-11511,Aries De Ahli,published,,variant_01KJFYASYKK6B9TX6CAS1NH7E6
prod_01KJFYARH0E8B4B8P2AJ3PF8R4,parfum-item-11526,Dubai Queen JO Milano paris,published,,variant_01KJFYASYH94H6K7RFYJDXZZM7
prod_01KJFYARH0GCVADMZ10HETYMTM,parfum-item-11505,D For Successful Living Diesel,published,,variant_01KJFYASYK6CAS1B88HTHR47YW
prod_01KJFYARH0J6H8QR87EWJX5C3G,parfum-item-11525,Saudi King de JO Milano Paris,published,,variant_01KJFYASYH55EAMMK622TNX1GK
prod_01KJFYARH0M701QN3134VTBEWY,parfum-item-11504,Gucci Flora Gorgeous Jasmine,published,,variant_01KJFYASYKC4VWVAEE3TX21VWF
prod_01KJFYARH0R0V6SFWVGGNS482D,parfum-item-11506,Terre D‚ÄòHerm√®s Eau De Parfum Intense,published,,variant_01KJFYASYKA6ZKBVXVNG7HYQ7F
prod_01KJFYARH0RE78Q599W2MFET77,parfum-item-11527,Lava Maison Alhambra,published,,variant_01KJFYASYHFZ20F4RMT586FEXA
prod_01KJFYARH0TE60Q40FZCM7YZN9,parfum-item-11517,Queen Of Arabia Lattafa Pride,published,,variant_01KJFYASYJ9RVTMVFDSFWWVY06
prod_01KJFYARH0VBQ96TPS603QBYRF,parfum-item-11518,Port La Mer Grandeur,published,,variant_01KJFYASYJQR15V5JHX8ZKQ022
prod_01KJFYARH0W92K1RPDBSCYBY19,parfum-item-11512,Macamel De Ahli,published,,variant_01KJFYASYKPWGMA2GV6C4STSR5
prod_01KJFYARH0WESCB7XG5W8E3RRX,parfum-item-11522,My Way Parfum De Giorgio Armani,published,,variant_01KJFYASYJ5JJR5E97HSV430M0
prod_01KJFYARH0XQ84RJ1YE3FYVQKN,parfum-item-11508,Coach New York Green,published,,variant_01KJFYASYKFAY4QAQMVM410NHS
prod_01KJFYARH0XRD4AZ1N4BZVQ0MF,parfum-item-11523,Odyssey Eau De Montagne Armaf,published,,variant_01KJFYASYJ5VXNY00AA984GBVQ
prod_01KJFYARH11726FZBPP1BRK0AG,parfum-item-11493,Molten Caramel Paris Corner,published,,variant_01KJFYASYNX3W6GP2XAAMS6X24
prod_01KJFYARH118SZ366XKX0EKD48,parfum-item-11490,Khair Felicity Paris Corner,published,,variant_01KJFYASYN4FW5RM742HTJ0D4J
prod_01KJFYARH13SQB8RSXKAZEXBEQ,parfum-item-11496,Qissa Pink Emir Paris Corner,published,,variant_01KJFYASYNMQ85VSEQ07C6HJG0
prod_01KJFYARH15KDVE22D0QZR00XT,parfum-item-11501,AMG Red Mercedes Benz,published,,variant_01KJFYASYM1EN0FGVZGZKV1M0G
prod_01KJFYARH16DF15QHF7PG7RSVM,parfum-item-11486,D Red Diesel,published,,variant_01KJFYASYPV5P2G1VS5VRHTT39
prod_01KJFYARH1ARHZEHS8406XHAJZ,parfum-item-11498,Tous Your Powers De Tous,published,,variant_01KJFYASYMP4E9CT8NVJ5WRAJR
prod_01KJFYARH1BSF21W3CRTK7YXFR,parfum-item-11489,Nitro Black Dumont Paris,published,,variant_01KJFYASYN66G7MHWV58FGRN17
prod_01KJFYARH1CZ9XH610FA6H2510,parfum-item-11491,Mango Punch Emir Paris Corner,published,,variant_01KJFYASYNWFS9J4MM5R3B254V
prod_01KJFYARH1DJWZWS92S7W9J8RZ,parfum-item-11487,Mercedes Benz LAND Mercedes-Benz,published,,variant_01KJFYASYP7X8QK2Z03VVDZ0VX
prod_01KJFYARH1EREMP5PQ5J67YRWH,parfum-item-11492,Minya Coco Lush Paris Corner,published,,variant_01KJFYASYN871PHJZZP1Q3RQ0K
prod_01KJFYARH1F9DX4T985D3CBG5X,parfum-item-11499,Your Turn Billie Eilish,published,,variant_01KJFYASYMGG49J4HSBNK5ZQ24
prod_01KJFYARH1FAQPSG7XG2M7YTFV,parfum-item-11494,Pear Potion Emir Paris Corner,published,,variant_01KJFYASYNEGCWS9666W6DEKNF
prod_01KJFYARH1FD13F80Q4Z0RE17K,parfum-item-11500,AMG Black Thrill Mercedes Benz,published,,variant_01KJFYASYMPR81N3SVWXNB1QC1
prod_01KJFYARH1GVCSCJ3M1HS9V2VX,parfum-item-11485,Phantom Elixir Parfum Intense Paco Rabanne,published,,variant_01KJFYASYPPT3GN0720ZH7K3NT
prod_01KJFYARH1K6BSBEQ6GANY2MVR,parfum-item-11495,Qissa Delicious Emir Paris Corner,published,,variant_01KJFYASYNSHMNST2C1A68YNRV
prod_01KJFYARH1NG25Q24S2XG5PBDS,parfum-item-11497,Masa De Lattafa Pride,published,,variant_01KJFYASYMEYJZ4V74FXSHZ0B7
prod_01KJFYARH1PNDD9E15Q0J3HB3P,parfum-item-11488,Mercedes Benz SEA Mercedes-Benz,published,,variant_01KJFYASYPKG2P8VBHAYEJ6NH3
prod_01KJFYARH1SFAR7S72K3FMDRA8,parfum-item-11503,Gucci Flora Gorgeous Gardenia,published,,variant_01KJFYASYMW48B97Z473X50Y3P
prod_01KJFYARH1TG66QJBCAZFR15BT,parfum-item-11502,AMG Silver Mercedes Benz,published,,variant_01KJFYASYMGZSMK00ZWQK6J8CW
prod_01KJFYARH2012H2B3YH4FS0NHS,parfum-item-11475,Genius Rose Emper,published,,variant_01KJFYASYQSNKNN5RVEH266FXV
prod_01KJFYARH24CYKN2AH75VNCHCC,parfum-item-11466,Impact Together Tommy Hilfiger,published,,variant_01KJFYASYRR439TQGPFAH9G1P5
prod_01KJFYARH25971KTNRTA84310B,parfum-item-11471,Luxe Emerald Maison Alhambra,published,,variant_01KJFYASYRKEGPE075SC7GR8MY
prod_01KJFYARH25J1NM22V2B9VH1AR,parfum-item-11465,Altha√Ør Parfums de Marly,published,,variant_01KJFYASYRC4T9KEVBYS6PW7R4
prod_01KJFYARH25J4JVJW8HP960PDD,parfum-item-11473,Luxe Nightlife Maison Alhambra,published,,variant_01KJFYASYQVDQCA3HW3XKGAXKF
prod_01KJFYARH28GEP6B0CPK0DFA1V,parfum-item-11480,Xplicit Vanilla Mancera,published,,variant_01KJFYASYPV7Q0JYCT1TQ1VNZ3
prod_01KJFYARH2AM20SV9RD90E1AHG,parfum-item-11479,Jacomo Paris For Men,published,,variant_01KJFYASYP7BFRRA50X7VMFX3W
prod_01KJFYARH2BS1CX0Q5BJNJSJ5A,parfum-item-11472,Luxe Gold Maison Alhambra,published,,variant_01KJFYASYQAZCZQHZS31KW76YN
prod_01KJFYARH2C7G0P1PHMBF3YFS8,parfum-item-11474,Genius Blush Emper,published,,variant_01KJFYASYQF2AKCQYRSJH5TVC3
prod_01KJFYARH2CRMVZ2F49PSZSMW3,parfum-item-11464,Haltane de Parfums de Marly,published,,variant_01KJFYASYRD17W1BN88YT9W4QG
prod_01KJFYARH2CVQ3CKQX9NRZGKHK,parfum-item-11467,Najdia Intense Lattafa,published,,variant_01KJFYASYR0HAYKC6MYKEVSP1N
prod_01KJFYARH2KQCH11E1W76Q5PWV,parfum-item-11478,Como Moiselle Maison Alhambra,published,,variant_01KJFYASYQW8JZFMDTXEAPXXFR
prod_01KJFYARH2RMP2853CEYMDN3J4,parfum-item-11484,Michael Kors Pour Femme,published,,variant_01KJFYASYPB585J22A7PAKY9YG
prod_01KJFYARH2T6JXFPTBTQD5XSFR,parfum-item-11476,Genius Hayati Emper,published,,variant_01KJFYASYQ10XFCGKYX0VP038C
prod_01KJFYARH2TZBP99JW6T55YB41,parfum-item-11469,Odyssey Revolution Armaf,published,,variant_01KJFYASYRSJQ76GP4B0WMM21X
prod_01KJFYARH2W57APMPJ4435H03Q,parfum-item-11463,P Iconic Paris Hilton,published,,variant_01KJFYASYR4Z734K81MS1NZFM9
prod_01KJFYARH2WN03Z9DJ5S5DV1B3,parfum-item-11483,Michael Kors Pour Homme,published,,variant_01KJFYASYPWATJKA1H01JHRVZG
prod_01KJFYARH2WXTNTHCPT3ZE0HAX,parfum-item-11477,Arabia Heroes Le Chameau,published,,variant_01KJFYASYQCV9YFR25JNBA2SWS
prod_01KJFYARH30EZKXE2M33AK91ME,parfum-item-11457,Game Of Spades Platinum Jo Milano Paris,published,,variant_01KJFYASYS10TJRGRCBZF3FZZ6
prod_01KJFYARH353P173YGB9RFXVXX,parfum-item-11454,Apocalypse De Santalis,published,,variant_01KJFYASYS48DGX2J6P7BP2V6Y
prod_01KJFYARH35ZHZJN5R795AZZKA,parfum-item-11441,Beast Love Montale,published,,variant_01KJFYASYTZXSJJ3JGBT0Y4H47
prod_01KJFYARH366AGGVRV559P893A,parfum-item-11442,Oud Pashmina Montale,published,,variant_01KJFYASYTF8WSYJ56AR9BYP5N
prod_01KJFYARH36DTMWAFQN8DVE8K5,parfum-item-11439,Raa'd Matin Martin,published,,variant_01KJFYASYVTT9A0PTAV7HVQ2G7
prod_01KJFYARH3977S27PB9FYZNCZS,parfum-item-11452,Tubbees Sweet Caramel Grandeur,published,,variant_01KJFYASYSZJWQ1XJZC1ZVJET3
prod_01KJFYARH39CY1E399JJSEKYFP,parfum-item-11449,King Soleil Bharara,published,,variant_01KJFYASYTK7PHZKCNWFBTKRA4
prod_01KJFYARH3BA93G1FZEZWJ0Z8E,parfum-item-11445,Palatine Parfums de Marly,published,,variant_01KJFYASYT7AK2KHP5NGBYNX20
prod_01KJFYARH3CAQYSECR4BSR4JZ5,parfum-item-11453,Millesime De Santalis,published,,variant_01KJFYASYSREP5CZZPXH8HG5Z5
prod_01KJFYARH3GTJ6Z358GKWJX702,parfum-item-11446,Petra De Lattafa,published,,variant_01KJFYASYTD53CRCKD1SVHBANK
prod_01KJFYARH3JKH1EM928CHHKKD7,parfum-item-11460,Mercedes Benz Club Black EDP,published,,variant_01KJFYASYRJ75KJM8G3BFW6HVJ
prod_01KJFYARH3K2QJ4G6XVTD2AJ9K,parfum-item-11450,Sorbet Garden Tous,published,,variant_01KJFYASYT5733N7S1T1ZP75RN
prod_01KJFYARH3KEAYMGAX0S7F5D79,parfum-item-11438,Illusion Matin Martin,published,,variant_01KJFYASYVRKV9YEECQVSMNCEA
prod_01KJFYARH3MR68T9GV9XA7TYK4,parfum-item-11459,Vibrant Summer Tommy Hilfiger,published,,variant_01KJFYASYST89Q18HX3AHYZXYG
prod_01KJFYARH3PGQFAN11BMMX9ERE,parfum-item-11451,Al Moumayaz Extrait De Parfum Santalis,published,,variant_01KJFYASYSDD4WJMBYPEF76X46
prod_01KJFYARH3QS65BH8J2YY6JVDY,parfum-item-11458,Vibrant Summer Tommy Hilfiger,published,,variant_01KJFYASYSNZHVNSHG7B0MWG1X
prod_01KJFYARH3RN3M61QW1KVK6W7Y,parfum-item-11440,Arsenal Red Homme de Gilles Cantuel,published,,variant_01KJFYASYV5XABS9H02J703H66
prod_01KJFYARH3RWV2QK6765XKS17N,parfum-item-11455,Acqua Di Parisis Magic Red de Reyane Tradition,published,,variant_01KJFYASYS5BHGGH9JCZFWZ94B
prod_01KJFYARH3SDTF6FNDR4T86W7E,parfum-item-11444,Born in Roma Extradose Donna Valentino,published,,variant_01KJFYASYTXH1HAK32X5C03WJC
prod_01KJFYARH3Z8JMAS5XD0YNC223,parfum-item-11443,Torino 21 Xerjoff,published,,variant_01KJFYASYTXQMTFTHVK2SZS1YX
prod_01KJFYARH406SQB0KCDVZ1KWH4,parfum-item-11424,Luna Rossa Eau Sport Prada,published,,variant_01KJFYASYWRHK0XTNE8GB990TE
prod_01KJFYARH447BKGRGYRG112NQ0,parfum-item-11421,Dominant Insurrection Collection,published,,variant_01KJFYASYWNJC393CX7S4W3JF7
prod_01KJFYARH46956T50N0QHN1VQS,parfum-item-11437,El Dorado Matin Martin,published,,variant_01KJFYASYVHX8KKDVG79PAFSC5
prod_01KJFYARH47F57V8HNQR2Z1YGN,parfum-item-11417,Stronger With You Parfum Emporio Armani,published,,variant_01KJFYASYXGAGB772R9BFVBK22
prod_01KJFYARH48CRHYMD36YKQ1KRK,parfum-item-11418,Very Good Girl Elixir Carolina Herrera,published,,variant_01KJFYASYXFSXFN22QFGRSB75K
prod_01KJFYARH49NR224WVRAT0F9Y7,parfum-item-11423,Irida Extrait French Avenue,published,,variant_01KJFYASYW60AG5JAXMNSWT1QX
prod_01KJFYARH4BJ6F7EZRJKXCK5W3,parfum-item-11427,Allure Homme Sport Cologne De Chanel,published,,variant_01KJFYASYWTWC2N0ZJWXEKT83B
prod_01KJFYARH4KDV2CPHPN4ENJKF6,parfum-item-11420,Sovereign Insurrection Collection,published,,variant_01KJFYASYWQPQQ6CWN67X1VCNM
prod_01KJFYARH4KV9PNHFV89TM5ZZJ,parfum-item-11434,Burberry Her De Burberry,published,,variant_01KJFYASYVSPDZP3WMN85CAG40
prod_01KJFYARH4MRKDY6EPEB1HKKAY,parfum-item-11428,Allure Homme Sport Superleggera Chanel,published,,variant_01KJFYASYWMDPE3FCH3K3T39KH
prod_01KJFYARH4Q45VXN7NFFPE4EH1,parfum-item-11411,Vintage Radio Lattafa,published,,variant_01KJFYASYXZKSJQ8EFJAVZHQNQ
prod_01KJFYARH4QFFKFQYZS5G3C680,parfum-item-11416,Acqua di Gi√≤ Parfum Giorgio Armani,published,,variant_01KJFYASYXPYDJ7J2HYVVQF4E4
prod_01KJFYARH4RTTFQS8KQ5NFQD2J,parfum-item-11419,Hawas for Her √âclat Rasasi,published,,variant_01KJFYASYXKJK8SRCMMP7YP7AC
prod_01KJFYARH4T7G9PANBFJ31ES3A,parfum-item-11425,La Vie Est Belle Rose Extraordinaire Lanc√¥me,published,,variant_01KJFYASYWX5PWZ081QX81R9EM
prod_01KJFYARH4TE1MGJA5SPVVX53Z,parfum-item-11435,Million Gold Elixir Parfum Intense Paco Rabanne,published,,variant_01KJFYASYVHYX04GE6SMVQ22XS
prod_01KJFYARH4TP8VD5BDRWZE788X,parfum-item-11413,La Vie est Belle L'Elixir Lanc√¥me,published,,variant_01KJFYASYXQ95HSRXVM02GECDB
prod_01KJFYARH4ZHYRZ8YC9Y08PJ5E,parfum-item-11422,Colossus Insurrection Collection,published,,variant_01KJFYASYWMV6D2FR55D2J25VK
prod_01KJFYARH4ZPTQP29EHVP22CQE,parfum-item-11430,Black Sea Lorenzo Pazzaglia,published,,variant_01KJFYASYVQR7BJEGMW3368Y75
prod_01KJFYARH51MF9WZ9YTW03N8G6,parfum-item-11403,Odyssey Mandarin Sky Elixir Armaf,published,,variant_01KJFYASYYA1T4PRA7TQCCPQ7Y
prod_01KJFYARH553FXV8BCPRTTVQSA,parfum-item-11385,Glamour G Ainash Parfum,published,,variant_01KJFYASYZR7857DCBD8WWXE99
prod_01KJFYARH55B9ZWJV08P9ZW9YS,parfum-item-11394,Y Yves Saint Laurent,published,,variant_01KJFYASYYN41C6Y7WCJ22K67Q
prod_01KJFYARH56TM555NZ9D5BKF3N,parfum-item-11404,Odyssey Artisto The Red Edition Armaf,published,,variant_01KJFYASYYJ7S3SYR7VFRTJXSG
prod_01KJFYARH57ME4M28VAY02NV5X,parfum-item-11397,Qaed Al Fursan Untamed Lattafa,published,,variant_01KJFYASYYBC9D3ED8MFZTAGKF
prod_01KJFYARH57QGWWK95T25MMP8D,parfum-item-11387,La African Drummer Lattafa,published,,variant_01KJFYASYZH57EZA7W4AD653EM
prod_01KJFYARH5AC6P64GW72NTEC8T,parfum-item-11379,Eros Najim Versace,published,,variant_01KJFYASYZAMA1H82PV462PEQ6
prod_01KJFYARH5CFJZPC25DXEWHYQV,parfum-item-11389,Nitro Intense Dumont Paris,published,,variant_01KJFYASYYSX0F4FZYJKBX8K5R
prod_01KJFYARH5EH6WR2BC1XE7FWSX,parfum-item-11393,Devotion Pour Homme Dolce & Gabbana,published,,variant_01KJFYASYY66JXDEN20H644A5S
prod_01KJFYARH5G1BPHXH1N31YA1T7,parfum-item-11377,Gorgeous Bharara,published,,variant_01KJFYASYZEMYZC25JQHDEW648
prod_01KJFYARH5G87HXNGA1F2N69RN,parfum-item-11380,Bvlgari Man In Black,published,,variant_01KJFYASYZH3C1DR7D5K5S00C6
prod_01KJFYARH5HRKKQGV5AHN2GYE6,parfum-item-11408,Azzaro Forever Wanted Elixir,published,,variant_01KJFYASYX6TDDJXPE27AA4TBG
prod_01KJFYARH5J78Z85JJKX65VQMB,parfum-item-11386,Sceptre Amazonite Maison Alhambra,published,,variant_01KJFYASYZWTNZJGN8RJARM9XX
prod_01KJFYARH5NF3KZSBAN7E6Y9HN,parfum-item-11382,Kouros Silver Yves Saint Laurent,published,,variant_01KJFYASYZ193TWFWRJ9APYZKE
prod_01KJFYARH5Q1TZ6RVJJ9QESKAN,parfum-item-11395,L'interdit rouge ultime Givenchy,published,,variant_01KJFYASYY14Z4667EP6FP9DGF
prod_01KJFYARH5S94CXQX949PS9G1G,parfum-item-11378,Atheeri Lattafa,published,,variant_01KJFYASYZ6M40SZMVYY9HF1Z8
prod_01KJFYARH5SNYAQ6MEZFQ85Z3S,parfum-item-11391,Club De Nuit Maleka Armaf,published,,variant_01KJFYASYYSC0JYM3FZXB5DVP4
prod_01KJFYARH5WJDAK1Q4CVCTQWPD,parfum-item-11410,Scandal Jean Paul Gaultier EDP Intense,published,,variant_01KJFYASYX170BETYCTBMQGVSE
prod_01KJFYARH5ZEM5BHC6S5K5BX71,parfum-item-11390,Nitro Green Dumont Paris,published,,variant_01KJFYASYY4S346WA04V96TQC7
prod_01KJFYARH6063DWV22Y60K1S1Q,parfum-item-11347,Pure Gold Montale,published,,variant_01KJFYASZ1XP2GP2ESBAS33YFE
prod_01KJFYARH608MPY60YFGT33YXJ,parfum-item-11345,K De Dolce & Gabbana,published,,variant_01KJFYASZ1C7KSNZZYSSA6WQZR
prod_01KJFYARH60XHJ37HMG27WPHAQ,parfum-item-11372,Gorgeous Michael Kors,published,,variant_01KJFYASZ0CKPH56JPAVCWJYZG
prod_01KJFYARH67MVJGVN13GFZN6EN,parfum-item-11341,Nitro Red Intensely Dumont Paris,published,,variant_01KJFYASZ2555SDAEEEPG9C994
prod_01KJFYARH68GDZ37HDEFZEV2HF,parfum-item-11368,Light Blue Capri In Love Dolce & Gabbana Mujer,published,,variant_01KJFYASZ0HWAHDSNDRQD86TP0
prod_01KJFYARH68P0X4EYF4FMT2BFP,parfum-item-11367,Light Blue Capri In Love Dolce & Gabbana Hombre,published,,variant_01KJFYASZ07FKK2XKB26AD5C3M
prod_01KJFYARH6AJCC0WE2TPR27ZVA,parfum-item-11364,Alien Hypersense Mugler,published,,variant_01KJFYASZ1H9R9V0FEQEEX5YEC
prod_01KJFYARH6EJZ5GP3425Q0Q18E,parfum-item-11344,K De Dolce & Gabbana,published,,variant_01KJFYASZ1EX45CAA4ZRVKTR6E
prod_01KJFYARH6FSGMGG1NHX6XNXD3,parfum-item-11343,Uomo Born In Roma Extradose Valentino,published,,variant_01KJFYASZ1V0VG4PGMDGMVAVF2
prod_01KJFYARH6JTGR6XMW5H285AAC,parfum-item-11342,Indecent Eternal Love,published,,variant_01KJFYASZ26X9KBXP7958EJ7VX
prod_01KJFYARH6NG05FVRK35DPRFRY,parfum-item-11370,Eau Des Merveilles Herm√®s Dama,published,,variant_01KJFYASZ08QSB1E5DZ6EXRBDJ
prod_01KJFYARH6PKCR0XSG6TER3X07,parfum-item-11369,Halloween Bliss Halloween,published,,variant_01KJFYASZ0RJH522ZN1FHPKZK5
prod_01KJFYARH6Q6QM6X7580ABK4X2,parfum-item-11365,Bad Boy Elixir Carolina Herrera,published,,variant_01KJFYASZ1NR2M7QCP71ZTYC27
prod_01KJFYARH6QBXKQDJQ5X1WAZ3S,parfum-item-11375,Irresistible Nude Velvet Givenchy,published,,variant_01KJFYASZ0QG5T06FDWCBAGW1F
prod_01KJFYARH6S10NYB5ENANQHK6B,parfum-item-11373,Wonderlust Michael Kors,published,,variant_01KJFYASZ0060ZM6WFSPYQE5WN
prod_01KJFYARH6S9G3Z48DKGR1GXCM,parfum-item-11337,Jasoor Lattafa,published,,variant_01KJFYASZ2XG5PSW91J845JFV6
prod_01KJFYARH6TBFRKBV7B26A4KTD,parfum-item-11359,Amarillo De Shakira,published,,variant_01KJFYASZ1AHA3K91D2D9JDZEK
prod_01KJFYARH6X76FZM2116W14NKN,parfum-item-11340,Khamrah Dukhan Lattafa,published,,variant_01KJFYASZ2KJCYXN1KZG85S9DK
prod_01KJFYARH6XHYMZZ4XTSJK4TQ9,parfum-item-11366,Le Male Elixir Absolu Jean Paul Gaultier,published,,variant_01KJFYASZ0N0ZPEVPAH4R6DSSY
prod_01KJFYARH6Y7398D1V4G7D5GSC,parfum-item-11358,Fucsia De Shakira,published,,variant_01KJFYASZ1BKK8V9BHAY7EKTT9
prod_01KJFYARH70ASCDDRWSNBFZ4XW,parfum-item-11304,Taskeen Marina Paris Corner,published,,variant_01KJFYASZ4CFX4AC8Y3M1TAVYN
prod_01KJFYARH70GS86GTFCXD4YZ71,parfum-item-11331,Amore Venezia Guess,published,,variant_01KJFYASZ2ENYKGPE3V51XG8HD
prod_01KJFYARH72NX03068GXNX89T1,parfum-item-11309,You Are My Fire Rouge Zakat,published,,variant_01KJFYASZ4FN2MZAW9BEF63YGJ
prod_01KJFYARH735Y6HMT9FB12GQTM,parfum-item-11328,Acqua Di Gio Profondo Giorgio Armani,published,,variant_01KJFYASZ3WSSVYWGW95RKVJJ0
prod_01KJFYARH748JVPJKCTA3EAZ9Q,parfum-item-11307,Shouq Le Falcon√©,published,,variant_01KJFYASZ4ED33VRQGEK5VM3N2
prod_01KJFYARH757R4XH7SRK01M9D2,parfum-item-11333,Amore Capri Guess,published,,variant_01KJFYASZ2ER719D0GTQRDMEAC
prod_01KJFYARH76CGZGZPDBKHTKZCH,parfum-item-11311,Valentino Uomo Born In Roma The Gold,published,,variant_01KJFYASZ4Z6PDVNYNHGJN0TAK
prod_01KJFYARH77YTN8NZ5GFZZ9Y08,parfum-item-11321,Nitro White Dumont Paris,published,,variant_01KJFYASZ3GHDX9C91PHN570R7
prod_01KJFYARH7BHSGYAA0Z403BYSB,parfum-item-11323,Givenchy L'interdit,published,,variant_01KJFYASZ3NJNYQ7DA4RMQ049D
prod_01KJFYARH7C9CFSVAC0GPACZZN,parfum-item-11334,Club De Nuit Untold De Armaf,published,,variant_01KJFYASZ2PH0B8GS5RE5RZCK1
prod_01KJFYARH7CVHHYKHB9HZAVNFV,parfum-item-11322,L'interdit Absolu Intense Givenchy,published,,variant_01KJFYASZ3YVGVJT6WJ63D51RC
prod_01KJFYARH7CVRXZHE7ZHFQWPS1,parfum-item-11312,Historic Olmeda Afnan,published,,variant_01KJFYASZ4X1TRVDSHKE9GG77H
prod_01KJFYARH7EYWMHT47XSEB6VY2,parfum-item-11326,Radical Rose Matiere Premiere,published,,variant_01KJFYASZ3AAQCDB81ZBP89KM8
prod_01KJFYARH7HJ6FK0C7R5SAG6CW,parfum-item-11313,Prive Eva Aqua Emper,published,,variant_01KJFYASZ4SNQARJYWC9GRCJZ6
prod_01KJFYARH7HWCRB4466Y37M9ZN,parfum-item-11310,Boss Bottled Triumph Elixir Hugo Boss,published,,variant_01KJFYASZ4HQB1QFSQ78QG976Q
prod_01KJFYARH7N66SMX6WY898Q7FV,parfum-item-11315,Azzaro Sport De Azzaro,published,,variant_01KJFYASZ3JG2BQ0SN49V8BH7H
prod_01KJFYARH7NV7T3KKFX4DY1KZ3,parfum-item-11303,Minya Paris Corner,published,,variant_01KJFYASZ59ZCDGYCK1AFB93GP
prod_01KJFYARH7Q7WH13K6BSSWST1N,parfum-item-11305,Qannas Le Falcon√©,published,,variant_01KJFYASZ4N9HAD2DM41XPV1G0
prod_01KJFYARH7WD7ZTD26ETQ7FN95,parfum-item-11332,Amore Roma Guess,published,,variant_01KJFYASZ26HWYQK02J36ZYDSA
prod_01KJFYARH7Z1YPJC326ASJCH1F,parfum-item-11329,Rose Night Montale,published,,variant_01KJFYASZ2QNBQ7QR4XHDDJZWV
prod_01KJFYARH81KZB7TA0A66VWF3T,parfum-item-11272,Rave Pure Desire Intense Man Lattafa,published,,variant_01KJFYASZ7DGDZS7YKC777N544
prod_01KJFYARH824AMKK6AXVJ5TVH3,parfum-item-11297,Aruba Gold Emper,published,,variant_01KJFYASZ52V9WSXEYVHMHCYGC
prod_01KJFYARH82BZJF166Q2E1B76C,parfum-item-11282,Beach Party Armaf,published,,variant_01KJFYASZ6G9QNJX72E8R92W5P
prod_01KJFYARH83M21BVNF0171Z75F,parfum-item-11275,Goddess Burberry Intense Mujer,published,,variant_01KJFYASZ6Y8STZAAGGGB985PB
prod_01KJFYARH85A8P0XSGXQAGKD73,parfum-item-11270,Inara White Armaf,published,,variant_01KJFYASZ7TCZGCC6T2CM3AEZJ
prod_01KJFYARH86ESPFC2495JWFCTS,parfum-item-11274,CR7 Discover Cristiano Ronaldo,published,,variant_01KJFYASZ6QQ5KZATSAGEYE1J8
prod_01KJFYARH89ZPKMAJBKAB7179A,parfum-item-11283,Tag Him Uomo Rosso Armaf Hombre,published,,variant_01KJFYASZ53F6RAJVRQS78XY6J
prod_01KJFYARH8BQDF1KB2R8VXH8Z3,parfum-item-11279,Aether Extrait French Avenue,published,,variant_01KJFYASZ67SV32RA7D4GMZFDY
prod_01KJFYARH8EAP4Y0HGKPWVE11Q,parfum-item-11278,Hacivat X Nishane,published,,variant_01KJFYASZ6BSTMPXEJY13DFJNV
prod_01KJFYARH8H24GH9YRDN46DX7P,parfum-item-11268,Le√≥nie Maison Alhambra Mujer,published,,variant_01KJFYASZ7M0EBGNJPD9FM6STX
prod_01KJFYARH8J1JM71KK0S23ME7G,parfum-item-11298,Sensual Vanilla Maison Alhambra,published,,variant_01KJFYASZ5SWG6R8PXS529JY38
prod_01KJFYARH8M7X5KC6RA11NNNW8,parfum-item-11301,Club De Nuit Iconic De Armaf,published,,variant_01KJFYASZ5VTANSDYFGK85C0F8
prod_01KJFYARH8P8K30PCSK8KBR4AC,parfum-item-11280,Chocola Addict French Avenue,published,,variant_01KJFYASZ6EAR9JZ9RX7J8VPNV
prod_01KJFYARH8PC2WSDDBBEXQRSKA,parfum-item-11273,Rare Carbon Afnan Hombre,published,,variant_01KJFYASZ7KWYX2DWJBB2FSW4J
prod_01KJFYARH8QTHVZDQBAJEQ1H1Z,parfum-item-11299,Hayaati Florence Lattafa,published,,variant_01KJFYASZ5R6TV6MXCM57BHTF3
prod_01KJFYARH8REMMXRDQBJAMYY82,parfum-item-11281,Victoria Lattafa,published,,variant_01KJFYASZ6C35WCTQQAYED03PQ
prod_01KJFYARH8RWXM53AESZAW8XNB,parfum-item-11296,Rochas Man Intense Hombre,published,,variant_01KJFYASZ5SEMD0XDY21HZDFHS
prod_01KJFYARH8YC6J8RR806HJWSDT,parfum-item-11277,Hacivat Nishane,published,,variant_01KJFYASZ6Y4QRAW1251KNX4GR
prod_01KJFYARH8Z5MEEZNMGCKN4BPR,parfum-item-11269,Inara Black Hombre Armaf,published,,variant_01KJFYASZ760KV5W1BYYA729AF
prod_01KJFYARH91WXAER74JB05A7V2,parfum-item-11246,Dallacha√Ø Montale,published,,variant_01KJFYASZ9PKH4V386XJ6REKPR
prod_01KJFYARH92MRG6QB5SFRM0QN3,parfum-item-11249,Traditional Hugh Parsons Hombre,published,,variant_01KJFYASZ8TTQBJSJ605Z4QAGM
prod_01KJFYARH939TN0HSFGY73A2TT,parfum-item-11263,Tubbees Unicorn Vanilla Grandeur,published,,variant_01KJFYASZ8SEBA18CK9NK1FZ8F
prod_01KJFYARH93D5ARBH8307EKCG0,parfum-item-11267,Yum Yum Armaf Delights Dama,published,,variant_01KJFYASZ7Z37M2K4KH9T378X6
prod_01KJFYARH94SB0D4PHM14Z2MW6,parfum-item-11248,Odyssey Dubai Chocolat de Armaf,published,,variant_01KJFYASZ87VJZRSGZP7A6FN3W
prod_01KJFYARH95A2STKBD6PT1RVJ0,parfum-item-11256,L.12.12 Rose Eau Intense Lacoste,published,,variant_01KJFYASZ8CK9RJ926FV10Q08Q
prod_01KJFYARH9AFA2XG3M08JJ281V,parfum-item-11266,Island Bliss Armaf Delights Dama,published,,variant_01KJFYASZ7PQFKFA4DCGJFGH31
prod_01KJFYARH9AM86YMDW5TFFHASH,parfum-item-11247,212 VIP Black Elixir Carolina Herrera,published,,variant_01KJFYASZ9ZB7PGAP37NHB3JB1
prod_01KJFYARH9EMN6TJA1PK92X9E7,parfum-item-11237,Bad Boy Cobalt Elixir Carolina Herrera,published,,variant_01KJFYASZ9YFM5N04D0JPZ2E61
prod_01KJFYARH9EWTYVWBGFG1YVK06,parfum-item-11245,Tubbees Strawberry Cheesecake Grandeur,published,,variant_01KJFYASZ9TXD1S98243VXTWJ1
prod_01KJFYARH9H34M5D0V7S8ZXF57,parfum-item-11250,Art d'Amour Armaf Mujer,published,,variant_01KJFYASZ8GHQ7FRGV2EF0HJP8
prod_01KJFYARH9H6C4W04N90XSSRZ9,parfum-item-11255,Ralph's Club Parfum Ralph Lauren Hombre,published,,variant_01KJFYASZ84MF853DGXXZZ60AE
prod_01KJFYARH9JMJ5R5BQYWPRRQ5M,parfum-item-11243,Invictus Aqua Paco Rabanne,published,,variant_01KJFYASZ948JP8B7HRH65K39Z
prod_01KJFYARH9M9YPQXWZVE31KF4G,parfum-item-11264,Acqua Di Gio Giorgio Armani,published,,variant_01KJFYASZ7NAN9SNZXKQXKVRFP
prod_01KJFYARH9VK1AQFVTQFW4BF2W,parfum-item-11251,Kelly Cal√©che Herm√©s EDT,published,,variant_01KJFYASZ85EJ2A7KQVA1F5XFJ
prod_01KJFYARH9Y1997EDRFP4FJ7WC,parfum-item-11241,Hawas Elixir De Rasasi,published,,variant_01KJFYASZ9JWZ05VA73MYJR94F
prod_01KJFYARH9YMGC12XZ7SS6XEPF,parfum-item-11257,Savile Row Hugh Parsons Hombre,published,,variant_01KJFYASZ8JGRKSQTBHJPK6S3J
prod_01KJFYARH9ZTT1R5PDN1Q1BYRP,parfum-item-11240,La Panth√©re Cartier,published,,variant_01KJFYASZ9691D906ME4RTMHJ4
prod_01KJFYARHA7YE9NHS0AW9REJRS,parfum-item-11235,Beverly Hills Polo Club Sport 8,published,,variant_01KJFYASZAVH9S2GCS0SRQM460
prod_01KJFYARHAN9Q79ARV0PP30F3N,parfum-item-11236,Beverly Hills Polo Club Sport 9,published,,variant_01KJFYASZ9HBANY8088QDVQDAM
prod_01KJFYARHAR50PHXNDHNXCTH0E,parfum-item-11232,Red Aoud De Montale,published,,variant_01KJFYASZA801NSXYBB17009ZS
prod_01KJFYARHAVJ6TM3V7YV4JH1XT,parfum-item-11231,Powder Flowers De Montale,published,,variant_01KJFYASZAVSA43KBDC0ZRFC8N
prod_01KJFYARHAYNB5YHT6E9ZZAZZ3,parfum-item-11228,Rose Noire Giorgio Valenti,published,,variant_01KJFYASZAF5JEHAGD6DZKZAMP
prod_01KJFYARHP1XZ8HPEAVEX5TG9W,parfum-item-11225,Tubbees Pink Sugar Grandeur,published,,variant_01KJFYASZB4KDC68QEJT74T9VX
prod_01KJFYARHP5CH5M2K475Q26P8X,parfum-item-11227,Hawas Fire De Rasasi,published,,variant_01KJFYASZAQT3ZKRDD6V9QGS3F
prod_01KJFYARHPAM1GG9K1107B8XX8,parfum-item-11224,Tubbees Pacificrim Grandeur,published,,variant_01KJFYASZB2A18S8GBE8GPCAA6
prod_01KJFYARHPCKW671EGCYTMFKMV,parfum-item-11223,Tubbees Dreamy Treats Grandeur,published,,variant_01KJFYASZB53RRVCRD592DAFTM
prod_01KJFYARJ6AX09ZHQYKKR5QY0T,parfum-item-11221,Tubbees Cherry Luxe Grandeur,published,,variant_01KJFYASZB0HSDQVQEPXBE12QK
prod_01KJFYARJ6D5K1RYXT8T2S11R3,parfum-item-11222,Tubbees Cotton Candy Grandeur,published,,variant_01KJFYASZBJQQ7ZRS88RCMWZZM
prod_01KJFYARJ74KE1F6ZFVV54Y03M,parfum-item-11209,Levante Blue Noir Jo Milano Paris,published,,variant_01KJFYASZCQTZ53F2PBB1B5K5Y
prod_01KJFYARJ7AF5NJ0AEHXHQVE2C,parfum-item-11216,Tubbees Chocolate Fudge Grandeur,published,,variant_01KJFYASZC9Z75SKKHG4DRWGB3
prod_01KJFYARJ7AVJ8HZ8XCHJSCA6S,parfum-item-11211,Gharam Lattafa Pride,published,,variant_01KJFYASZCC461X9A59H06SVHT
prod_01KJFYARJ7FMPSAZGNR1745PFA,parfum-item-11212,Jean Lowe Vibe Maison Alhambra,published,,variant_01KJFYASZCY7VCZZMKY66R62AP
prod_01KJFYARJ7G4VWVK2G65JRXTWY,parfum-item-11218,Tubbees Beary Love Grandeur,published,,variant_01KJFYASZBH8Q61KD463J5TSC4
prod_01KJFYARJ7H8T65PEANX9DECHR,parfum-item-11217,Tubbees Bubble Gum Grandeur,published,,variant_01KJFYASZBM0D6FH2TN2Z74X2W
prod_01KJFYARJ7HTPYH6PXEP4FFHTN,parfum-item-11210,La collection d'antiquit√©s 1910 Lattafa Pride,published,,variant_01KJFYASZCTP349NT8J2BMF6RS
prod_01KJFYARJ7SDFJZCMJ1ZQB035X,parfum-item-11215,Tubbees Cookies And Cream Grandeur,published,,variant_01KJFYASZCHKYP1A2K1JS6WS9G
prod_01KJFYARJ7T018F90TEPKN35HP,parfum-item-11213,Elixir 88 Stallion 53 Emper,published,,variant_01KJFYASZCYT38XZGYVN36GVMV
prod_01KJFYARJ7VJ7WVJT35TG89TCK,parfum-item-11219,Tubbees Berry Blast Grandeur,published,,variant_01KJFYASZBH67RY9HXVJBWVPJ5
prod_01KJFYARJ88Y41801K0B3EWDPD,parfum-item-11206,Z25 Zakat Parfum,published,,variant_01KJFYASZCB0TY9KXQ6EVFFZE1
prod_01KJFYARJ8RZE42442PK23CSD8,parfum-item-11207,Levante Intense Jo Milano Paris,published,,variant_01KJFYASZCVAVJ92F77665263H
prod_01KJFYARM22H1YJKKVSY7EKKZQ,parfum-item-11201,Pharaoh Ramesses II Bharara,published,,variant_01KJFYASZDQ5AKN7SPC0GQYXZY
prod_01KJFYARM2AJ3J4A2YRZZTRYSH,parfum-item-11204,Game Of Spades High Roller Jo Milano,published,,variant_01KJFYASZDBEK4SM84QNPD4YC6
prod_01KJFYARM2B391C0ZTHAX7GRAC,parfum-item-11202,Devotion Intense Dolce & Gabbana,published,,variant_01KJFYASZDBVJ2X4C8CV45DPX8
prod_01KJFYARM2HHC9XX02M1EJ6K8W,parfum-item-11205,Burberry Hero De Burberry,published,,variant_01KJFYASZDJN22A1D2Z5P25MW3
prod_01KJFYARM34DDDM6XHQW6YW9DM,parfum-item-11200,Sehr De Lattafa,published,,variant_01KJFYASZDZF9RPTCF2F3RF1N6
prod_01KJFYARM36D11QTVA7WSE210Z,parfum-item-11192,The Icon Attitude De Antonio Banderas,published,,variant_01KJFYASZETYW7VXM98K0P6TEP
prod_01KJFYARM3DDF22DWFS0GGDZ6B,parfum-item-11198,Guess Iconic De Guess,published,,variant_01KJFYASZDQ8WSKXD0050WEB6M
prod_01KJFYARM3EHNPK9P95TFQ1P13,parfum-item-11191,Le Beau Flower Edition Jean Paul Gaultier,published,,variant_01KJFYASZEG3EA2T8BJ62100TW
prod_01KJFYARM3EVR6Y886M93YDNPH,parfum-item-11190,Armani Code Parfum Giorgio Armani,published,,variant_01KJFYASZETMG9TZQ4N3SZXS42
prod_01KJFYARM3GET0C6Z29C34TMAP,parfum-item-11199,The Scent Of Karol Metropolis,published,,variant_01KJFYASZD3Y8G5V02CDE82K8G
prod_01KJFYARM3JBYSFBSTA92HDM57,parfum-item-11197,Show Me Love Escada,published,,variant_01KJFYASZDATR00NA1EFYC1CJC
prod_01KJFYARM3QEP5KT94570W0JVP,parfum-item-11193,Fame The Couture Edition Paco Rabanne,published,,variant_01KJFYASZECN91V95MPS7F20FM
prod_01KJFYARM3VERV02JH80F1N1TM,parfum-item-11196,Mashrabya Lattafa,published,,variant_01KJFYASZEWSYQA8QMZNAE3PE5
prod_01KJFYARM45CZC39W06335HP0N,parfum-item-11182,Ansaam silver lattafa,published,,variant_01KJFYASZEE0M4KGRKNWX6G0TH
prod_01KJFYARM45J319Q26T29T71RX,parfum-item-11173,Infinity Gold Armaf,published,,variant_01KJFYASZFATVDS5FGCQ0VT0N4
prod_01KJFYARM4624QVHC5SP70H3EE,parfum-item-11181,The Lion's Rugir Armaf,published,,variant_01KJFYASZFAGM8P3210QJNM9TF
prod_01KJFYARM4AD2XWXB91NGY55GW,parfum-item-11186,The Lion's Club F√©roce Armaf,published,,variant_01KJFYASZEVRTJMWNBS7GR9212
prod_01KJFYARM4B1GDVJ5ZSY8YVX0C,parfum-item-11185,The Lion's Club Monarque Armaf,published,,variant_01KJFYASZE9KB8SDVSSQXK31FB
prod_01KJFYARM4FJAWNGR8YM91G2S0,parfum-item-11189,Amber & Spices Montale,published,,variant_01KJFYASZESXTAC9M2JCH6DYN9
prod_01KJFYARM4NT0CVBAXR8H4BND4,parfum-item-11178,Club De Nuit Lionheart Armaf,published,,variant_01KJFYASZFPRBYK2KP24E20TZ1
prod_01KJFYARM4V1MRWEYC9WQBX4EM,parfum-item-11180,Delilah Blanc Maison Alhambra,published,,variant_01KJFYASZFRNQZTJVKDPGDPCFB
prod_01KJFYARM4W4CVQ6J1392XBW1T,parfum-item-11176,Lail Maleki Moroccan Blue Lattafa,published,,variant_01KJFYASZFGY9GK5397FNYZSAJ
prod_01KJFYARM4WBXGFWM1AVAD73C9,parfum-item-11179,Club De Nuit Lionheart Armaf,published,,variant_01KJFYASZFX2KMAZTX94032RN9
prod_01KJFYARM53G3ZAPT6J2HT47NT,parfum-item-11169,Odyssey Candee Armaf,published,,variant_01KJFYASZGZ71VPTTXAXWF51CX
prod_01KJFYARM53KNM63P4Z5BYMF6S,parfum-item-11164,Asad Bourbon Lattafa,published,,variant_01KJFYASZGCZFGR0TZSAP3K1JA
prod_01KJFYARM54BTHDK0QT6ARSPAX,parfum-item-11259,Cocoa Morado French Avenue,published,,variant_01KJFYASZGWMXZSMNNKM3NA4HG
prod_01KJFYARM5ARCK9ER2SSZ0638C,parfum-item-11167,Rayhaan Lion De Rayhaan Parfum,published,,variant_01KJFYASZGV0ZYTRX1XT502H8F
prod_01KJFYARM5BDKGVDEK6PC7VPDP,parfum-item-11168,Art Of Universe Lattafa Pride,published,,variant_01KJFYASZGH65BN52TXSGB7R9B
prod_01KJFYARM5HRJ3B3EN25JP4J4N,parfum-item-11171,Connoisseur Armaf,published,,variant_01KJFYASZF4PTKAAK27WGVT7G3
prod_01KJFYARM5PG4D8RVBFWQSM3CA,parfum-item-11170,Best Of The Best Adidas,published,,variant_01KJFYASZGV24XJWMNGSTWF5NT
prod_01KJFYARM5Z8V3WCAQZHRX192F,parfum-item-11172,Connoisseur Armaf,published,,variant_01KJFYASZFYC0M608N2477E2RH
prod_01KJFYARM64NRSXVZ8W6QCKAQ8,parfum-item-11258,Y Yves Saint Laurent EDP Intense,published,,variant_01KJFYASZGSV93XK4H2PNE6SHN
prod_01KJFYARM66G7JVQHG98AZ9V5J,parfum-item-11144,Carpe Diem Maktoub,published,,variant_01KJFYASZHY5MYNX51Y9F90YZX
prod_01KJFYARM68EBR5NW9ATNNGGRK,parfum-item-11262,Gucci Bloom,published,,variant_01KJFYASZHAA54A4TNQ0QJBM0X
prod_01KJFYARM6BT3Z550EG5083A5P,parfum-item-11145,Gentleman Society Eau de Parfum Extr√™me Givenchy,published,,variant_01KJFYASZHN6D3V094GK9WFMJA
prod_01KJFYARM6M89HEK78RV2V0RAR,parfum-item-11157,Cloud Pink Ariana Grande,published,,variant_01KJFYASZHXD8CZZFAFKVH2ER7
prod_01KJFYARM6N3Q1H0FZ7WBAXNMY,parfum-item-11159,Gucci Bamboo De Gucci,published,,variant_01KJFYASZHA8C9JBF5V6SZ175Z
prod_01KJFYARM6PMVT618HKZHT6C9T,parfum-item-11162,Mon Paris Intensement Yves Saint Laurent,published,,variant_01KJFYASZH8CVMH9NZQGKCCAV9
prod_01KJFYARM6Q6AAXCRR8H7WJT6V,parfum-item-11156,L'Homme Id√©al Extr√™me De Guerlain,published,,variant_01KJFYASZHPC90K50JP6R41XX4
prod_01KJFYARM6TVGV9XKB3QX5W9NX,parfum-item-11148,Mercedes Benz Sign Mercedes-Benz,published,,variant_01KJFYASZHY0P6AD57915GVQ2S
prod_01KJFYARM76Z8RY4AJKYFWW7F5,parfum-item-11151,Gucci Guilty De Gucci Mujer,published,,variant_01KJFYASZJ5SRSW11YG8293A08
prod_01KJFYARM7DEF5KQB2TFXBB0VR,parfum-item-11142,Eternal Maktoub,published,,variant_01KJFYASZJ53XNDYRJBQ3H6VYD
prod_01KJFYARM7E25RMCTS88X84VEF,parfum-item-11136,Oscent White Alexandre.J,published,,variant_01KJFYASZJFPYJ94PJKJD7QMZN
prod_01KJFYARM7EJ47FQRVE8E4JE0T,parfum-item-11137,Supremacy Pink Afnan Mujer,published,,variant_01KJFYASZJ5YGFFMGMF1Q8S7WV
prod_01KJFYARM7JPD1NMYM9CYJYKZJ,parfum-item-11135,Lacoste Original De Lacoste Hombre,published,,variant_01KJFYASZJ1FFWQJ3Q6GNJF3H7
prod_01KJFYARM7KHT4Z60TDSS6G1XD,parfum-item-11143,88 Maktoub,published,,variant_01KJFYASZH58NMD5090100SKDY
prod_01KJFYARM7MGKNQ287XQ5PGGCJ,parfum-item-11141,Next World Maktoub,published,,variant_01KJFYASZJ02Z0J2VP6YQJ454E
prod_01KJFYARM7XJXWR6WYQPP6T1BB,parfum-item-11140,Fame Parfum Paco Rabanne Dama,published,,variant_01KJFYASZJ8ZJZ45GJHPNFMKAG
prod_01KJFYARM7ZJJKGWCFYPNCNDJK,parfum-item-11134,Libre Le Parfum Yves Saint Laurent Mujer,published,,variant_01KJFYASZJCJE6DXVD961C9SRC
prod_01KJFYARM814AN6W4Z84WK8PWY,parfum-item-11121,Burberry Hero De Burberry,published,,variant_01KJFYASZMPZA7WKGF8KJPDCV2
prod_01KJFYARM852YVFR9D1K6TE8XB,parfum-item-11131,Oscent Pink Alexandre.J,published,,variant_01KJFYASZK34BWDT3YHHN38FR8
prod_01KJFYARM88Q3ZVK93VCY2FXVH,parfum-item-11127,The Most Wanted Azzaro EDP Intense Hombre,published,,variant_01KJFYASZKF6HTM1RFKRDCZNER
prod_01KJFYARM89MKEKW5DS8F2EHS6,parfum-item-11120,My Way Nectar Giorgio Armani,published,,variant_01KJFYASZMFAV1ZTSKWZ2J4Y1C
prod_01KJFYARM8BK3VF11X65H37N2A,parfum-item-11123,Signorina Libera Ferragamo,published,,variant_01KJFYASZM4YS92QRK5G7WJ21J
prod_01KJFYARM8EA3TP45E4VJFJG68,parfum-item-11128,L.12.12 Noir Intense de Lacoste,published,,variant_01KJFYASZKET8YEC14DC62CJDF
prod_01KJFYARM8EPKYF4X0V46F92KQ,parfum-item-11117,Afeef Lattafa,published,,variant_01KJFYASZMGN4DTSCFYDF7W4A6
prod_01KJFYARM8F7NS4M49Y3WESXRB,parfum-item-11133,Bogart Story Red Jacques Bogart Hombre,published,,variant_01KJFYASZKGK9HX3P1HGFT89V6
prod_01KJFYARM8GT7WFPAX1YW2GGDY,parfum-item-11122,Rome Pour Femme Mast Parfum,published,,variant_01KJFYASZMRK8KVGQ6CVTM8B8R
prod_01KJFYARM8KHDFRAH0QTJG1EDQ,parfum-item-11124,Histoire D¬¥Amour Parfum Aubusson,published,,variant_01KJFYASZMG0JMPPBVMRHXHNYX
prod_01KJFYARM8KX8KVXZA7K6J62QQ,parfum-item-11125,Charlie Blue De Revlon,published,,variant_01KJFYASZKER089KQPHZ2BA143
prod_01KJFYARM8W4DW4V770YZFSK2C,parfum-item-11126,The Secret Absolu De Antonio Banderas,published,,variant_01KJFYASZKJPYJBMHSYNZ1VX7K
prod_01KJFYARM8XXVJF2DQTERM26D7,parfum-item-11130,Hawas de Rasasi Mujer,published,,variant_01KJFYASZK6AF9NV5RMSZFE4E5
prod_01KJFYARM8Z0BJDP1ZEWEDKGCP,parfum-item-11129,L.12.12 Blanc Eau Fraiche Lacoste,published,,variant_01KJFYASZKMEPNFWW27DXEQ1YH
prod_01KJFYARM92EXHFBB1HJTSTJ09,parfum-item-11102,Caramel Cream Ainash Parfums,published,,variant_01KJFYASZP7F3CCAYMRFZAAAPZ
prod_01KJFYARM93CAD42XRFHQWCK5M,parfum-item-11094,Teriaq Intense De Lattafa,published,,variant_01KJFYASZP4P5N9N1ERQWJCZX7
prod_01KJFYARM94X91GP1YHAN5GSNY,parfum-item-11100,Faucon Ainash Parfums,published,,variant_01KJFYASZP27R52VRE47MSX0KS
prod_01KJFYARM9621SQ5A9NDEW69EK,parfum-item-11099,Lumiere Ainash Parfums,published,,variant_01KJFYASZP3DR11MVT9E8N8DAF
prod_01KJFYARM97N47X57Q5YPQN49S,parfum-item-11115,Kiaanna Angel Afnan,published,,variant_01KJFYASZNNFG642QAA6RYQBD2
prod_01KJFYARM98883Q7F65AXFNY0K,parfum-item-11091,Qimmah For Men Lattafa,published,,variant_01KJFYASZP5D56DF6QN38P042P
prod_01KJFYARM9A65VH8S4DFDP9FYM,parfum-item-11114,Kiaanna Crush Afnan,published,,variant_01KJFYASZNRTYX3BMPDSM2B8FT
prod_01KJFYARM9DWG9YMFFBY5QF3QR,parfum-item-11111,Eros Energy De Versace,published,,variant_01KJFYASZNTSMW0D7CSZ8Q1S5K
prod_01KJFYARM9FAERNW16T3K7BDTP,parfum-item-11112,Messi,published,,variant_01KJFYASZNAF67GTFNN42BNNV8
prod_01KJFYARM9HQ5Z4CVVQT0YBN2R,parfum-item-11090,Qimmah For Women Lattafa,published,,variant_01KJFYASZPVKGSBKSP3DJ7NWWE
prod_01KJFYARM9MXD3CNRPXZYKWG49,parfum-item-11116,Art Du Parfum Abstracto Armaf,published,,variant_01KJFYASZNP4TXMSQ93NCEDEFA
prod_01KJFYARM9PNT5Q04YW0G59QQ7,parfum-item-11103,Spicy Leather Salvatore Ferragamo,published,,variant_01KJFYASZNQASMKJ5K2Q6BVNZ2
prod_01KJFYARM9QB682AQAEXE0YHPR,parfum-item-11101,Kleon Ainash Parfums,published,,variant_01KJFYASZPE91HV1E3J6RBPEEN
prod_01KJFYARM9V4QFA4QHFV56GR1E,parfum-item-11105,Acqua di Gi√≤ Profondo Parfum Giorgio Armani,published,,variant_01KJFYASZNQE2SWVK13HHRYV9M
prod_01KJFYARM9WCCQFFF8N5YM9JK7,parfum-item-11093,Winsome De Maison Alhambra,published,,variant_01KJFYASZP3B1XM7KYHWDNQ1KJ
prod_01KJFYARM9WHY361YKPFQ5H1C4,parfum-item-11106,9 PM Rebel Afnan,published,,variant_01KJFYASZNA2AWF0P2ZN7DJBGP
prod_01KJFYARM9ZJKR208Y58Y3SKM1,parfum-item-11092,Olymp√©a Flora Paco Rabanne,published,,variant_01KJFYASZP9FQND9K1AZ2ZZF0C
prod_01KJFYARMA777462SG2NMYV77F,parfum-item-11079,J'Adore Dior,published,,variant_01KJFYASZQZZZ6FK5TW8VW0A8N
prod_01KJFYARMA87YTSWJQ5VN2Q50F,parfum-item-11086,Divine Le Parfum Jean Paul Gaultier EDP,published,,variant_01KJFYASZQTACQH2TA6S6AC19E
prod_01KJFYARMAAZ22MAWVHABNDCXR,parfum-item-11067,Brioche Vanille Lattafa,published,,variant_01KJFYASZSSZHQ8YRZC3GKZSS8
prod_01KJFYARMAEBJQYQ18S3ZED9AD,parfum-item-11081,L'Eau d'Issey Pure Issey Miyake,published,,variant_01KJFYASZQ3MW4FCJN5XECY2G7
prod_01KJFYARMAH0EY8GHDNS7H5VEC,parfum-item-11084,Mayar Cherry Intense Lattafa,published,,variant_01KJFYASZQFDSEJ3ZG52AQ4KN2
prod_01KJFYARMAH7CNCVVMXQ7RCQNX,parfum-item-11071,Arabia The Beauty Le Chameau Emper Hombre,published,,variant_01KJFYASZRDB805KE7R5X935KM
prod_01KJFYARMAM0WZ4N3YM5X3X07N,parfum-item-11085,Nitro Platinum Dumont Paris,published,,variant_01KJFYASZQ0JBPD8AGBS5D4MHK
prod_01KJFYARMANYB41Z3XC89C6MFB,parfum-item-11069,K De Dolce & Gabbana EDP Intense,published,,variant_01KJFYASZRC2MX4VN5AJ8CNQBA
prod_01KJFYARMAP3PZN8RABZP7PZY3,parfum-item-11073,Rome Pour Homme Mast Perfume,published,,variant_01KJFYASZREGTHGGX358AAQY1F
prod_01KJFYARMARJBKXKJXWE4C8XVD,parfum-item-11070,Emotion Le Cameau Emper,published,,variant_01KJFYASZR0WHS5T4A6W7FGYFJ
prod_01KJFYARMASCED6W5HBB0P5WTF,parfum-item-11072,Haya Crush Le Chameau Emper,published,,variant_01KJFYASZRFS1EEDXHESH07J48
prod_01KJFYARMAV8ZCXW0VX3ATS927,parfum-item-11078,J'Adore Infinissime Dior,published,,variant_01KJFYASZQHMNAC6B9CJ1E0RJ5
prod_01KJFYARMAW5XDZNJKXMCMHPX0,parfum-item-11074,Haramain Natural Iris Al Haramain,published,,variant_01KJFYASZR8SYTHAFGBV8SH21W
prod_01KJFYARMAW8ZHF3WDB0GVYAW7,parfum-item-11077,Bad Boy Sparkling Ice Carolina Herrera,published,,variant_01KJFYASZR0YHKDFJAAKXASEVF
prod_01KJFYARMAX1PGFNWH1MXZ97GY,parfum-item-11083,Olympea Paco Rabanne,published,,variant_01KJFYASZQMY9Q8RTJTWKJ35R8
prod_01KJFYARMAX5SK92TV1H1A22FH,parfum-item-11089,Kayaan Gold Al Wataniah,published,,variant_01KJFYASZQF6NANZAGX8S1E4E3
prod_01KJFYARMAZ0NGB5419RTMYXW9,parfum-item-11088,Ventana Marine De Armaf,published,,variant_01KJFYASZQSTVEKVJ61YB9MKMK
prod_01KJFYARMB2HS1KG7NKWFVBY5C,parfum-item-11053,Goddess Burberry,published,,variant_01KJFYASZSMMJBNVGC6TH9RZ9B
prod_01KJFYARMB3GQMMYTYQYT4P1WV,parfum-item-11042,Matar Spirit Of Kings,published,,variant_01KJFYASZV6NG1AYYPMF6GQ1FN
prod_01KJFYARMB3Q88R11WX0B7DERD,parfum-item-11045,King Gold Edition Bharara,published,,variant_01KJFYASZTFY24M3JV623895SF
prod_01KJFYARMB4MX2ZPDZ9KF5451Q,parfum-item-11048,Polo Red Ralph Lauren,published,,variant_01KJFYASZT2TZ4NA9XQ31EAWHW
prod_01KJFYARMB66ZSAA28CK7TA7J6,parfum-item-11037,Bade'e Al Oud Noble Blush Lattafa,published,,variant_01KJFYASZVF5YEZSDFYH912DRE
prod_01KJFYARMBAJ98WTSKC9VYWKPW,parfum-item-11050,Muharib Le Falcon√©,published,,variant_01KJFYASZSSQ3GS03RD0B91258
prod_01KJFYARMBDFH74B4SVT4YP61S,parfum-item-11047,Khair Confection Paris Corner,published,,variant_01KJFYASZTT0PY9CXKVYVQCJZD
prod_01KJFYARMBDH1ABD0VZ92A3K2T,parfum-item-11041,Eau Tropicale Sisley Paris,published,,variant_01KJFYASZV6AFZ51SSXA7QQWRR
prod_01KJFYARMBG9ZW53PEXVZPDVKQ,parfum-item-11044,Sky De Perry Ellis,published,,variant_01KJFYASZT8YCJHFCBX5K5RGZX
prod_01KJFYARMBHNDAWTM9G3PB9AC5,parfum-item-11043,Zaurac Spirit Of Kings,published,,variant_01KJFYASZTD89SH6C5KH6C3AYX
prod_01KJFYARMBJ7ZG8DKV9DFAWPGY,parfum-item-11055,Lady Million Royal de Paco Rabanne,published,,variant_01KJFYASZS6Q7F0EM82WSBQFV7
prod_01KJFYARMBJJNHHJ5VS611TJE0,parfum-item-11036,Haramain Green Dubai,published,,variant_01KJFYASZVBMFZX07ZQXNGHYMJ
prod_01KJFYARMBJTYJ5P1HX45Y810M,parfum-item-11059,Tous Kids Bear,published,,variant_01KJFYASZS8MJB63DPJ70FDG6B
prod_01KJFYARMBMHH8CX72NXTWF8QA,parfum-item-11049,Eros Energy De Versace,published,,variant_01KJFYASZTBPTC8S4VJNT3XT1X
prod_01KJFYARMBPBKVRKXE2RG88ZZ5,parfum-item-11060,The One Dolce & Gabbana Hombre EDP Intense,published,,variant_01KJFYASZSHX1Q9FR3W44BJ40F
prod_01KJFYARMBRNMRDC3RN3PNHFD3,parfum-item-11063,Riviera Neroli Flavia,published,,variant_01KJFYASZSN46PYZ8PHQFM6E4D
prod_01KJFYARMBS7T02WPGT28B9GF5,parfum-item-11058,Q Dolce & Gabbana EDP Intense,published,,variant_01KJFYASZS01J2G1PWQ9KWCJZR
prod_01KJFYARMBTBFV6ZYHP4MHRN7C,parfum-item-11038,Rohit Rouge Bharara,published,,variant_01KJFYASZVVWM2DZCG36RWVEFA
prod_01KJFYARMBTKHTQ5XNFJKX341F,parfum-item-11056,Save Elixir Le Chameau,published,,variant_01KJFYASZS6D886NNDR5BGKK9D
prod_01KJFYARMBZGGF480PD8WQB5TB,parfum-item-11046,Jean Lowe Azure Maison Alhambra,published,,variant_01KJFYASZT6GH0635NZZW2HC6X
prod_01KJFYARMC1P3BGVJT8VM2EYYB,parfum-item-11019,Bamb√∫ De Adolfo Dominguez,published,,variant_01KJFYASZWFYN695J0X7RT23X6
prod_01KJFYARMC2WAFMEZDKNE3QBCF,parfum-item-11016,Z17 Zakat Parfum,published,,variant_01KJFYASZWDBRM1NR4VJV6X95X
prod_01KJFYARMC3WMMZRXPATTQVW2D,parfum-item-11154,Haramain Palm Dubai,published,,variant_01KJFYASZVF1W7VDPVHQ3GCJQT
prod_01KJFYARMC5NMG781J6NE1CA27,parfum-item-11009,Just Lychee Fragrance World,published,,variant_01KJFYASZX49ZVCVD74CFQVKAF
prod_01KJFYARMC7J612EEKJ1Q9JD96,parfum-item-11015,Z12 Zakat Parfum,published,,variant_01KJFYASZWR1XG96CNEDB2HAHA
prod_01KJFYARMC93JVKGWS1ETDH5B3,parfum-item-11023,Cocktail Pepe Jeans London,published,,variant_01KJFYASZWDNYFA842NATM0ZFJ
prod_01KJFYARMC9NVHMS7SSRVV669Y,parfum-item-11011,Bonita La Rose Le Falcon√©,published,,variant_01KJFYASZXMZSZ690GDVQCX68V
prod_01KJFYARMC9XCTCPJK6B6C3HCZ,parfum-item-11013,Z6 Zakat Parfum,published,,variant_01KJFYASZX7NNK517CPRXC3B0D
prod_01KJFYARMCEH4DZ2ZC8C0E77NC,parfum-item-11012,Z2 Zakat Parfum,published,,variant_01KJFYASZXRA697NSQAHCH9J5V
prod_01KJFYARMCG1TDNCDRRPE9ZPWM,parfum-item-11022,Perfect Intense De Marc Jacobs,published,,variant_01KJFYASZWK34B97X7NG71TNQN
prod_01KJFYARMCJTXB9GK4D2Q306PN,parfum-item-11035,Haramain Miracle Dubai,published,,variant_01KJFYASZV3FKNM8NZGS4ADXNP
prod_01KJFYARMCNR1MB34GCADQKZ0R,parfum-item-11010,Bonita Rouge Le Falcon√©,published,,variant_01KJFYASZXGK4YNF9PY6EZCFF8
prod_01KJFYARMCP2DB0EVVWQFC7919,parfum-item-11014,Z19 Zakat Parfum,published,,variant_01KJFYASZW6R8CFJ9QNC406E0Z
prod_01KJFYARMCQ21P7HFGSHGXHJE2,parfum-item-11018,Ch Pasion De Carolina Herrera,published,,variant_01KJFYASZW65549A2QZ1JVRX11
prod_01KJFYARMCSXCRZF676XTSY7HS,parfum-item-11034,Live Irr√©sistible Givenchy,published,,variant_01KJFYASZVJJ3FE3PTB1FS28Q7
prod_01KJFYARMCV3MNSG3F77VA1AVS,parfum-item-11017,Z15 Zakat Parfum,published,,variant_01KJFYASZW8B8V4T20CY69SQFN
prod_01KJFYARMCX1J5E9ZYZ8GPT4G2,parfum-item-11024,Cocktail Pepe Jeans London,published,,variant_01KJFYASZV5ZA84VZ9ZD1543AK
prod_01KJFYARMD002Q6B7X3AH4A1RB,parfum-item-11008,Queen Check Mate Armaf,published,,variant_01KJFYASZX4Q8DPJAMSHXEFVWY
prod_01KJFYARMD0X1F9AVDJKYK96WS,parfum-item-11006,Pegasus De Ahli,published,,variant_01KJFYASZX85AD269EXDT85K67
prod_01KJFYARMD1YQ5GTRBQPMNNK64,parfum-item-10995,Il Luxe De Ilmin,published,,variant_01KJFYASZZ1H39FK7S9NNF0BNX
prod_01KJFYARMD4Z9PGKSX950YT1NT,parfum-item-11003,Crux De Ahli,published,,variant_01KJFYASZYA330E6GHF0PYQR4R
prod_01KJFYARMD5DRGJBTNNS6AEWVJ,parfum-item-10997,Il Peace De Ilmin,published,,variant_01KJFYASZYEPX0SGZ4F663J0DN
prod_01KJFYARMD6HTCBZDTT7ZRQZ2E,parfum-item-10994,Il Lourd De Ilmin,published,,variant_01KJFYASZZMA1B7SDT0JCZJW0P
prod_01KJFYARMD97M5AZH7QHK8NXP4,parfum-item-11007,King Check Mate Armaf,published,,variant_01KJFYASZX86JT9GKRPM4ZV211
prod_01KJFYARMDBVZZZVM7VEV1P5NN,parfum-item-10990,Sing Lattafa Pride,published,,variant_01KJFYASZZR3VZD52WV6WFSS33
prod_01KJFYARMDGF588W68ZQ5F7YF9,parfum-item-11002,As F**K De Ahli,published,,variant_01KJFYASZY6YRGV9Y8GQCP7FYW
prod_01KJFYARMDH936EXC33MJ9SS3M,parfum-item-11001,Antlia De Ahli,published,,variant_01KJFYASZYNYJW9AM5RNKJY0EB
prod_01KJFYARMDHH1EC5V923NA5J63,parfum-item-11004,Delta De Ahli,published,,variant_01KJFYASZYXREPZCR8S7HC0SKN
prod_01KJFYARMDHZH9VV1TTAQCY9FP,parfum-item-10991,Happy Brush Lattafa Pride,published,,variant_01KJFYASZZJ59K5AVY9MGTAY07
prod_01KJFYARMDM9YGHJYEQ1XXF8QM,parfum-item-11005,Overdose De Ahli,published,,variant_01KJFYASZYQ2K69R0NJBRB4P0V
prod_01KJFYARMDR6K8TTTHF4S3S5CJ,parfum-item-10996,Il Mer De Ilmin,published,,variant_01KJFYASZYH6WXHDMSCEARQGQK
prod_01KJFYARMDRAFMZ1E6C7YHRT3C,parfum-item-11000,Il Sommet De Ilmin,published,,variant_01KJFYASZYFMH8KDG0JDP7FC2R
prod_01KJFYARMDTV7Z91Z9XE4DM68A,parfum-item-10992,Rayhaan Elixir,published,,variant_01KJFYASZZMZDG8Z0QBE0RRMYN
prod_01KJFYARMDWG1NAF3AJ1GFQJTH,parfum-item-10993,Il Lavish De Ilmin,published,,variant_01KJFYASZZGQTZX7XXR6C27DVF
prod_01KJFYARMDYE7BK643AHH2NDWT,parfum-item-11155,Karpos De Ahli,published,,variant_01KJFYASZY4TXDG5PKAJSKEJ2K
prod_01KJFYARME08GSSQN5J15T884C,parfum-item-10980,Odyssey Limoni Fresh Armaf,published,,variant_01KJFYAT001G4GYCFVPA7M9CHG
prod_01KJFYARME0X8XKZJWE3ZNX8JP,parfum-item-10973,Elegance Bharara,published,,variant_01KJFYAT01A72MP844F5S1SNPD
prod_01KJFYARME3NH58XA2N6N8SM4Z,parfum-item-10976,√öniq Effects Armaf,published,,variant_01KJFYAT01KBBMD454WKPZF1SG
prod_01KJFYARME6BAK6DTMW25DFM1W,parfum-item-10987,Liquid Brun French Avenue,published,,variant_01KJFYAT00GR5N1D0357CG1RG1
prod_01KJFYARMEAMBJ6DJYXKZ47B3B,parfum-item-10977,Sweet Velvet Mast Perfume Bharara,published,,variant_01KJFYAT0116CPV5Q7GDAB6YN5
prod_01KJFYARMEB04FWXAM29WJ69ET,parfum-item-10989,Riders Lattafa Pride,published,,variant_01KJFYASZZN4JZJTQD3TWN0WKE
prod_01KJFYARMEBN2H9VRQMMB1E7NF,parfum-item-10978,Sondos Lattafa,published,,variant_01KJFYAT01Q70JKSTZ657F3DFB
prod_01KJFYARMEC8NRDBCPFD31E0KF,parfum-item-10985,Firenze De Emmir Milano,published,,variant_01KJFYAT00R3S75XDTJGEJW7CA
prod_01KJFYARMECMKQZJWR7Z5BX9TN,parfum-item-10974,Aguafresca De Gardenia Adolfo Dominguez,published,,variant_01KJFYAT013E5XAWVXTCZEREBV
prod_01KJFYARMEE06N9D326ZAH3MPZ,parfum-item-10970,Enigma Bharara,published,,variant_01KJFYAT01EDMECAYVVVTK13N1
prod_01KJFYARMEHBGSZFQVYB6636EE,parfum-item-10988,Stop Wait Go Lattafa Pride,published,,variant_01KJFYAT00TBS0RT55Y0DWAWC7
prod_01KJFYARMEHFQ7AW66CRX9S7H8,parfum-item-10972,Essence Bharara,published,,variant_01KJFYAT01MM64WTX9D2WVF069
prod_01KJFYARMEHGE11TBDYQTFA91R,parfum-item-10986,Sorrento De Emmir Milano,published,,variant_01KJFYAT00Y6XJSBV5RE8R7YAQ
prod_01KJFYARMEHTZ51MDWJSP7DZ8M,parfum-item-10981,Odyssey Spectra Armaf,published,,variant_01KJFYAT006JR4ZV133KJHYQB4
prod_01KJFYARMEN4NYGX88XMSEP3S3,parfum-item-10975,√öniq Oud Forever Armaf,published,,variant_01KJFYAT01B9RVQJRHYAXHAZ6K
prod_01KJFYARMEXK7FDQXQAD390WXS,parfum-item-10984,Milano De Emmir Milano,published,,variant_01KJFYAT00VSN3PQWYVB8EBZH8
prod_01KJFYARMEY161GC8HYW0RA5FJ,parfum-item-10979,Azzure Aoud French Avenue,published,,variant_01KJFYAT0075S714H0JTR87RMF
prod_01KJFYARMEZ53ZGP6HC75W7T1T,parfum-item-10983,Her Confession De Lattafa,published,,variant_01KJFYAT00V1PZ6PMA8WCQZJ8D
prod_01KJFYARMF0R2NDE7C74MCDMA1,parfum-item-10954,Dance Midnight Muse Shakira,published,,variant_01KJFYAT03V6ZD553JRRWY2P2X
prod_01KJFYARMF0SEQBHARTJES77B9,parfum-item-10959,Club De Nuit Intense Limited Pride Armaf,published,,variant_01KJFYAT03AXDD84TAKM00RASC
prod_01KJFYARMF110JRTD8AK7NCM22,parfum-item-10961,Queen Of Silk Creed,published,,variant_01KJFYAT021NSS1H1VF16WV40V
prod_01KJFYARMF1EX99RE725PTNVA9,parfum-item-10966,Il Fort De Ilmin,published,,variant_01KJFYAT02D2W2EAN5XT9FGR2C
prod_01KJFYARMF2GCGWC5YDBD15Z2J,parfum-item-10964,Il Chaleur De Ilmin,published,,variant_01KJFYAT0223F8HZ6K280WBKHS
prod_01KJFYARMF34J0BV7TQWXDXC3C,parfum-item-10965,Il Ciel De Ilmin,published,,variant_01KJFYAT02M7QC1KP2524Q70NM
prod_01KJFYARMF69PXDEH9KADASMXM,parfum-item-10952,Nitro Red Dumont Paris,published,,variant_01KJFYAT03GM1GZYPGJP7KS65Z
prod_01KJFYARMF7CJBWN3ATZBN09RY,parfum-item-10957,Feu La For√©t,published,,variant_01KJFYAT03CFWCS8BXN0W87151
prod_01KJFYARMF7H3FB37VK7KR81SK,parfum-item-10962,His Confession De Lattafa,published,,variant_01KJFYAT02S7TKW5TXE53524GJ
prod_01KJFYARMF7M3KHTQ6CCNXST74,parfum-item-10967,Il France De Ilmin,published,,variant_01KJFYAT027VAVJBZWK1DGMQ2H
prod_01KJFYARMF7RGAWCEKFNR0PJ91,parfum-item-10958,Angham Lattafa,published,,variant_01KJFYAT03TKCJBE7H1PKM0C59
prod_01KJFYARMF8GYH0QQQ9W5FZGMP,parfum-item-10950,I Want Choo Forever Jimmy Choo,published,,variant_01KJFYAT04QYAX8RYZJBGHPG75
prod_01KJFYARMFAQGM0DWVZTXFJRYA,parfum-item-10949,Electro Touch Tous,published,,variant_01KJFYAT04R82NDY451GVZVA0S
prod_01KJFYARMFC8DARS10609Y1KSF,parfum-item-10969,Goddess De Bharara,published,,variant_01KJFYAT02BCYXF79KN8N3A5B2
prod_01KJFYARMFMK2AF8NA7X7YM7HF,parfum-item-10963,Il Albanian De Ilmin,published,,variant_01KJFYAT02WV7R6D5FGM268HCP
prod_01KJFYARMFPZ7WXCXEJHZ1359S,parfum-item-10951,Daisy Wild De Marc Jacobs,published,,variant_01KJFYAT03SJ904M2H4630R2KN
prod_01KJFYARMFT4QSJCQYYT1XVYRW,parfum-item-10960,Very Good Girl Glam Parfum Carolina Herrera,published,,variant_01KJFYAT03MNJREFPK3KSR014V
prod_01KJFYARMG30K9414YHA8FB7KM,parfum-item-10933,Les Tops Tonos De Pimienta Blanca Jean Pascal,published,,variant_01KJFYAT05G92MTZTFZSSXGJQN
prod_01KJFYARMG3VFSXTVHJF1DSHXX,parfum-item-10913,Olymp√©a Parfum Paco Rabanne,published,,variant_01KJFYAT073881HQVT57Y9AN81
prod_01KJFYARMG49330R6WGK8GW0AB,parfum-item-10942,My Wish Halloween,published,,variant_01KJFYAT04TQP2SA645W3ZHJ93
prod_01KJFYARMG4M75PZJKF5MS52KR,parfum-item-10923,Hawas Black De Rasasi,published,,variant_01KJFYAT06KT2PM8PV21PRGXFG
prod_01KJFYARMG4QNPH0EFJ32X36JT,parfum-item-10925,Game Of Spades Full House Jo Milano,published,,variant_01KJFYAT05AYY0ZH9T9A6QZXXN
prod_01KJFYARMG79723JVMVPXY5A39,parfum-item-10914,Venetian Ambre Edition de Armaf,published,,variant_01KJFYAT06GM35SWR4PFEZ7BHJ
prod_01KJFYARMG98BFT33RHP09P6WJ,parfum-item-10941,Se√±orita Mon Amour El Ganso,published,,variant_01KJFYAT0472SFN5CCCVRWZ82J
prod_01KJFYARMGCDJYYSNPK7TMK6HA,parfum-item-10930,Les Tops Espiritus Del Paramo Jean Pascal,published,,variant_01KJFYAT05FVV0WYTJTN90JPGM
prod_01KJFYARMGDRQ4Z9P8VVS1Q2HP,parfum-item-10934,Joy Dior De Christian Dior,published,,variant_01KJFYAT05X7958XB74RWFA5Z8
prod_01KJFYARMGERFB85001W9RETTQ,parfum-item-10929,Les Tops Amaranta Jean Pascal,published,,variant_01KJFYAT0551GRA10CSX0BFZJH
prod_01KJFYARMGF6AEPP5Y4QW36BFA,parfum-item-10919,Good Girl Blush Elixir Carolina Herrera,published,,variant_01KJFYAT06X55DD7JPH5PRKTYK
prod_01KJFYARMGFYRFQ6WPHTEXF3BB,parfum-item-10920,Realities Liz Claiborne,published,,variant_01KJFYAT06DHYDB6VG3EBMN4Z2
prod_01KJFYARMGK5QGZ1YQMEN8DB7J,parfum-item-10931,Les Tops Lavanda Absoluta Jean Pascal,published,,variant_01KJFYAT059D3XGYBEYR401CZW
prod_01KJFYARMGKBXM1SQ39470XZBW,parfum-item-10932,Les Tops Tambores Salvajes Jean Pascal,published,,variant_01KJFYAT05P9XNCNVD7P1QPV35
prod_01KJFYARMGSEWF0TZQA68EQP9W,parfum-item-10921,Guess Seductive Blue,published,,variant_01KJFYAT06ZH1GQ8Y16CN3S9X8
prod_01KJFYARMGTS8277EC1F3M9WPH,parfum-item-10915,Amber Oud Gold 999.9 Dubai Edition Al Haramain,published,,variant_01KJFYAT06WKYER35PWPCTPM6D
prod_01KJFYARMGXFFA7CPZ2JS0CG8Q,parfum-item-10918,Samsara Guerlain,published,,variant_01KJFYAT06GMGQGXJ4T0M49AWV
prod_01KJFYARMGXWJNQXME0DQ9MP19,parfum-item-10924,Game Of Spades WildCard Jo Milano,published,,variant_01KJFYAT06RYCGVNVR19FXGCKK
prod_01KJFYARMGY6KNRYPNVNSVTGYC,parfum-item-10947,Hugo Intense De Hugo Boss,published,,variant_01KJFYAT04XZCVE3NZN5ZVBN38
prod_01KJFYARMH1WGJQ2ZT4BBD0QMR,parfum-item-10901,Naxos Xerjoff,published,,variant_01KJFYAT07S4HTMWAG4KR037SR
prod_01KJFYARMH47VCBB5VBX4E6S7D,parfum-item-10908,Compassion 2 Irresistible Louis Cardin,published,,variant_01KJFYAT0749WEXM9CKNE55AA5
prod_01KJFYARMH75ASVFX5JEP6QATH,parfum-item-10909,Mercedes Benz Man Bright,published,,variant_01KJFYAT079923TTCR88NKMMCW
prod_01KJFYARMHDW3BCCX5Y42QY7SN,parfum-item-10893,Scandal Absolu Jean Paul Gaultier,published,,variant_01KJFYAT084CSE8PVYX0CM45WC
prod_01KJFYARMHFB47MHA5VS7XACTC,parfum-item-10885,Beverly Hills Polo Club Sport 2,published,,variant_01KJFYAT0921BNTJXKES34262D
prod_01KJFYARMHG71MVJD5RCHTJEFA,parfum-item-10904,Vintage John Varvatos,published,,variant_01KJFYAT07BQQPGCDK2T15NTYZ
prod_01KJFYARMHGP4D71M78MJMJ6X8,parfum-item-10906,Aire Loewe,published,,variant_01KJFYAT07SJ8QMPQAGV3R7368
prod_01KJFYARMHHKEB8MPMFSK9E8KS,parfum-item-10889,Dolce & Gabbana Tradicional,published,,variant_01KJFYAT085Z76ZV4JAXDFQCEP
prod_01KJFYARMHHTQJ768D4FKR6231,parfum-item-10888,West Side Bond No 9 NYC,published,,variant_01KJFYAT09CXNYTGKEAS8E9RP9
prod_01KJFYARMHKGBVP8SP9VZ8AZ6H,parfum-item-10892,Mast Perfume Velvet Rose Bharara,published,,variant_01KJFYAT08G82847BQ63K3SCGT
prod_01KJFYARMHNG3HAMW8G6H7GF7C,parfum-item-10896,Urban Hero Gold Jimmy Choo,published,,variant_01KJFYAT08DNWSZTV8TH4Y7JYK
prod_01KJFYARMHPK5S2T1VVPSA48CW,parfum-item-10898,Wardi Ana Al Awwal Nusuk,published,,variant_01KJFYAT087WGHH3NYCZ05VYW8
prod_01KJFYARMHW3YWP65BF4G7X69F,parfum-item-10891,L'Eau Super Majeure Intense Issey Miyake,published,,variant_01KJFYAT087Y62JK9232WYTMBP
prod_01KJFYARMHX724QQJN49431V7Y,parfum-item-10899,The Kingdom Lattafa,published,,variant_01KJFYAT08DTTJ09289X1B4JKF
prod_01KJFYARMHY0J7S9STPZD1GKHC,parfum-item-10900,The Kingdom Lattafa,published,,variant_01KJFYAT07M69RA520SBSW2G43
prod_01KJFYARMHYTN4V1GAB3MBG30C,parfum-item-10894,Scandal Absolu Jean Paul Gaultier,published,,variant_01KJFYAT08KT5CPD7F9YDVM0VB
prod_01KJFYARMHYZGWGPQGPAAH9A83,parfum-item-10897,Terre D'hermes Parfum Pure Parfum,published,,variant_01KJFYAT08Z6YDRS2HV6DR5BCC
prod_01KJFYARMHZPVSXCMMESA5TDS5,parfum-item-10910,Miss Dior,published,,variant_01KJFYAT07KD24WXXP42306RAD
prod_01KJFYARMJ2QW54J05222499VD,parfum-item-10876,Miss Dior Parfum,published,,variant_01KJFYAT09G3R8Q7T10ANHWQ28
prod_01KJFYARMJ2VPJCWJKMA7XPV92,parfum-item-10882,Tour Beverly Hills Polo Club,published,,variant_01KJFYAT092BAWWHC0NXV1TKTD
prod_01KJFYARMJ2X8D51HJMM4452NK,parfum-item-10879,Mystique Beverly Hills Polo Club,published,,variant_01KJFYAT09MJR8HBDMDXAWPJHM
prod_01KJFYARMJ9DQ6Z15DS1BD25MT,parfum-item-10863,Khair Fusion Paris Corner,published,,variant_01KJFYAT0AHRRRNKQ471A4CHBV
prod_01KJFYARMJCA4JN7EWZ5HHB4P5,parfum-item-10860,Bella Bouquet Oscar de la Renta,published,,variant_01KJFYAT0BKGFQAQ8NZ7V37WA8
prod_01KJFYARMJDJMRRAA5QHK2C9GP,parfum-item-10870,Ciao Bella! El Ganso,published,,variant_01KJFYAT0AK5K5YKZJKCGCS64H
prod_01KJFYARMJDN4Q2XSK5ZRNTGMR,parfum-item-10880,Passion Beverly Hills Polo Club,published,,variant_01KJFYAT097NJ59QETE96ME1VV
prod_01KJFYARMJE7YFG1MXJ129EG9N,parfum-item-10862,Odyssey Mandarin Sky Armaf,published,,variant_01KJFYAT0AR6KDSFVA8K8ABMWP
prod_01KJFYARMJFZ3406V3CKFGSCTX,parfum-item-10867,Odyssey Homme White Edition De Armaf,published,,variant_01KJFYAT0AVY3TRW29ZZGWR99Q
prod_01KJFYARMJHDRQ6VGMCXM6TT6N,parfum-item-10881,Titan Beverly Hills Polo Club,published,,variant_01KJFYAT09WV6N2TJM1CH5WDZT
prod_01KJFYARMJHF0M6GA7H3117QNA,parfum-item-10865,Taskeen Caramel Cascade Paris Corner,published,,variant_01KJFYAT0AB62W9F0N3QGKM9JW
prod_01KJFYARMJQAA8BQRFFKSCH9MM,parfum-item-10859,Yara Candy Lattafa,published,,variant_01KJFYAT0BZ7KP4BQEFJJSHVEC
prod_01KJFYARMJRRSG8BWFZEX6E0VJ,parfum-item-10864,Khair Pistachio Paris Corner,published,,variant_01KJFYAT0AKR9WT7EC79PD0G5S
prod_01KJFYARMJT3A98VHNYSPWTM7N,parfum-item-10858,Sceptre Oceana Maison Alhambra,published,,variant_01KJFYAT0BHWZYTEATE86E4RJH
prod_01KJFYARMJV3H6F0BVNVP564K4,parfum-item-10871,Kings Road Hugh Parsons Hombre,published,,variant_01KJFYAT0963AFT84YQJZ019D0
prod_01KJFYARMJW465TWAJT737SGCD,parfum-item-10873,Crystal Noir Parfum Versace,published,,variant_01KJFYAT09SYHFWV34Z8N0KRK0
prod_01KJFYARMJW47HHHF8P9N3QGQK,parfum-item-10866,Uomo Born in Roma Green Stravaganza Valentino,published,,variant_01KJFYAT0A45BVXS7T4BZHGGAH
prod_01KJFYARMJZT6DRGK95WSSHNHV,parfum-item-10869,Uomo Born in Roma Green Stravaganza Valentino,published,,variant_01KJFYAT0A96R3FE0FPSGEWM7F
prod_01KJFYARMK7PHDMH1RCKTXT2F8,parfum-item-10855,Amber Oud Aqua Dubai Night Al Haramain,published,,variant_01KJFYAT0B5A9MVT6DZ2FXEMEG
prod_01KJFYARMKBSMHP1RGSVHMMDW9,parfum-item-10856,Flower Ikebana Mimosa Kenzo,published,,variant_01KJFYAT0BSXND0VC1CFW04E3Q
prod_01KJFYARMKD5S91TBPGQ3KH927,parfum-item-10854,Amber Oud Aqua Dubai Night Al Haramain,published,,variant_01KJFYAT0BQ0CCKHXGQTMMTJFX
prod_01KJFYARMKHC0D62THXW94BGN3,parfum-item-10857,Flower Ikebana Sakura Kenzo,published,,variant_01KJFYAT0B9QCHKMZ05AHGW9BN
prod_01KJFYARMM42XPJ286FYEBEP4P,parfum-item-10844,Burj Dubai Arina Le Chameau Emper,published,,variant_01KJFYAT0CEFD6EGXMA96GJ3MN
prod_01KJFYARMM43R45YFGDAYXCNYW,parfum-item-10840,Carmina Creed,published,,variant_01KJFYAT0CZW2BN3NJPTTKYQZB
prod_01KJFYARMM7KXY65VF58VCKZ9E,parfum-item-10853,Tempel Comet Tiziana Terenzi,published,,variant_01KJFYAT0BRG939ZY8RMJ7X14A
prod_01KJFYARMM8A35TZ58QTSAMR3C,parfum-item-10837,Desired Rose Ainash Parfums,published,,variant_01KJFYAT0DQHA8MMZ34EKYX6ZZ
prod_01KJFYARMM9DDC4DKH3B7WSH1K,parfum-item-10850,Amber Oud Aqua Dubai Al Haramain,published,,variant_01KJFYAT0B57DE1W6P6ED07NZ3
prod_01KJFYARMMNCX5CPW1H0XGE8YC,parfum-item-10843,Desert Angel Le Chameau Emper,published,,variant_01KJFYAT0CNFJQGC4JG3QV32HE
prod_01KJFYARMMSM94V8YE2RNQ50QB,parfum-item-10839,Admiral The Pride Of Armaf,published,,variant_01KJFYAT0DRA82WMMPSKX8FKEW
prod_01KJFYARMMSNXG6KV09E2AV2XW,parfum-item-10842,Arabia Haya Le Chameau Emper,published,,variant_01KJFYAT0CA8N5K7EGKV4SY4ER
prod_01KJFYARMMT6M970DKC0MNA6E0,parfum-item-10841,The One Gold Intense Dolce&Gabbana Mujer,published,,variant_01KJFYAT0CXHXQ2PXA94SPQZYN
prod_01KJFYARMMTJ4ZYV3NXJGYPN7T,parfum-item-10849,Million Gold Rabanne,published,,variant_01KJFYAT0C3GXWMQ03PFJQDBQR
prod_01KJFYARMMZDY50K4VSRPF85AR,parfum-item-10848,Million Gold EDP Intense Rabbanne,published,,variant_01KJFYAT0CWB2VK3093RFTC9Q6
prod_01KJFYARMN26K528RBQRF75NVQ,parfum-item-10830,Passion Fruit Ainash Parfums,published,,variant_01KJFYAT0DC59RY4C99M8B5V71
prod_01KJFYARMN32PBS3FP7N3A4KDH,parfum-item-10817,Glacier Le Noir Maison Alhambra,published,,variant_01KJFYAT0E9H6G0YATD3K2YBQ2
prod_01KJFYARMN46BB4468F3CC0BFS,parfum-item-10819,Infini Oud Joyous Maison Alhambra,published,,variant_01KJFYAT0DAJMMC9Y49XFFSXXR
prod_01KJFYARMN4J57FQ5E9MVD3480,parfum-item-10822,Bad Boy Cobalt Elixir Carolina Herrera,published,,variant_01KJFYAT0D6EX3RMCNTDQPVK8S
prod_01KJFYARMN56PYZM494HZMPHP2,parfum-item-10829,Elion Ainash Parfums,published,,variant_01KJFYAT0DXM2KXNDWR4K92RWX
prod_01KJFYARMNA3J0B7DTMBCMBT0Q,parfum-item-10804,Aqua Allegoria Rosa Rossa Forte Guerlain,published,,variant_01KJFYAT0EDRE5C73NREHNZYS7
prod_01KJFYARMNCZBR9MHC80VMRAZA,parfum-item-10805,Aqua Allegoria Rosa Rossa Guerlain,published,,variant_01KJFYAT0E9DQM8D4P1GW1NRGG
prod_01KJFYARMNN0KF4Y7TCS6K07XW,parfum-item-10818,Infini Elixir Maison Alhambra,published,,variant_01KJFYAT0E6W4HEENPM11VRNJK
prod_01KJFYARMNNPB2Z50MVT71EJKF,parfum-item-10828,Jimmy Choo Man Aqua,published,,variant_01KJFYAT0DC4XMEXDQ8R353156
prod_01KJFYARMNSFKC17HMZV697B67,parfum-item-10814,Victorioso Maison Alhambra,published,,variant_01KJFYAT0EFF5TPZ78HB3D0H4S
prod_01KJFYARMNVGTSS108X5PND0S3,parfum-item-10834,Affection love Lattafa Pride,published,,variant_01KJFYAT0DN0SQKDGNH842GEK2
prod_01KJFYARMNXWD8M0ZK036WB245,parfum-item-10806,Of The Wild De Mancera,published,,variant_01KJFYAT0E0B2B2WJ72JF957G8
prod_01KJFYARMNZBTRMPV5ZKCYB85W,parfum-item-10835,Coconut Candy Ainash Parfums,published,,variant_01KJFYAT0DCJPJ7908WN23780W
prod_01KJFYARMP0EG3D3VE4EQWE06K,parfum-item-10803,Aqua Allegoria Rosa Rossa Forte Guerlain,published,,variant_01KJFYAT0EDR8TYV3A2KPK9ZQK
prod_01KJFYARMP124GJXS6VZ96D2C1,parfum-item-10796,Blue Seduction Wave Antonio Banderas,published,,variant_01KJFYAT0FAQ4HBJA49HRD8E5N
prod_01KJFYARMP1KAWPB8J97C1393K,parfum-item-10799,Aqua Allegoria Mandarine Basilic Guerlain,published,,variant_01KJFYAT0F263E6YHCXQJ08097
prod_01KJFYARMP36AQQNGTPEZ04JD5,parfum-item-10794,Cassandra Rose Rouge Jeanne Arthes,published,,variant_01KJFYAT0FWPE663P3G3MNC7V9
prod_01KJFYARMP4KF2CMQMN49XKJ0Y,parfum-item-10801,Aqua Allegoria Mandarine Basilic Harvest Guerlain,published,,variant_01KJFYAT0EQHVE2ATWYMJTWZP4
prod_01KJFYARMP5BWH1ZWRWBPWVRC6,parfum-item-10767,Erba Gold Xerjoff,published,,variant_01KJFYAT0GH51MBQ5FDXMR2R93
prod_01KJFYARMP60J6ZACNR7M8TJHM,parfum-item-10774,Turathi Blue Afnan,published,,variant_01KJFYAT0GP4TQ008FDHZFSAV6
prod_01KJFYARMPB5K1NAEXJX465Y96,parfum-item-10788,Invictus Parfum Paco Rabanne,published,,variant_01KJFYAT0F7N4CHVHQ0X3J588Q
prod_01KJFYARMPBV7JQJR55BSQEB86,parfum-item-10762,Perfume Oasis Armaf √âter,published,,variant_01KJFYAT0GN7NQ9YKBJEHAGVQC
prod_01KJFYARMPCBWC1Z645K4KHF8D,parfum-item-10802,Aqua Allegoria Forte Rosa Rossa Guerlain,published,,variant_01KJFYAT0E7WX9K5W9SXQ1BENX
prod_01KJFYARMPDCTY7KGERVDQM703,parfum-item-10783,Melody Of The Sun De Mancera,published,,variant_01KJFYAT0FMJFNNHF3BPFT0XH4
prod_01KJFYARMPE0V8TH2WGT2K6804,parfum-item-10780,Amore Caff√® De Mancera,published,,variant_01KJFYAT0FHZN61C23TTJQAEPY
prod_01KJFYARMPEQGGH6SJ2WE2WYD2,parfum-item-10781,Aoud S De Mancera,published,,variant_01KJFYAT0FW7TPQG6JB7FP9JBE
prod_01KJFYARMPFN1X95K9AMJN6MBV,parfum-item-10770,Hugo Jeans Man Hugo Boss,published,,variant_01KJFYAT0GQ16215WA8FTE0GQH
prod_01KJFYARMPJAR1B6NEDK3W301A,parfum-item-10798,Dior Homme Christian Dior,published,,variant_01KJFYAT0FXGWKMG8YFRA59Q6Z
prod_01KJFYARMPMQG30EZSKSS0TP23,parfum-item-10763,Odyssey Homme De Armaf,published,,variant_01KJFYAT0GQW2SDZSPDYC07RBM
prod_01KJFYARMPNS2HZQX2WK0G1ZX1,parfum-item-10773,Sceptre Bronzite Maison Alhambra,published,,variant_01KJFYAT0GNMC0CYTW14R1PEK8
prod_01KJFYARMPVJS4QJE1HJ4GFQ55,parfum-item-10782,Black Noir De Mancera,published,,variant_01KJFYAT0FNXD8EMPG7K3R27Y6
prod_01KJFYARMQ16J6NJX3W047G2PP,parfum-item-10754,Royal Sapphire Lattafa,published,,variant_01KJFYAT0HHWAN2WXJ3M9QGDNH
prod_01KJFYARMQ2EAF3VF2MGERQRY0,parfum-item-10738,Mill√©sime Imp√©rial Creed,published,,variant_01KJFYAT0K5RQECDHVT7JQ7NB1
prod_01KJFYARMQ7DSVKFNP9YBNZ4A5,parfum-item-10740,Al Ameed Lattafa,published,,variant_01KJFYAT0JPEWYAH9SV375DBB8
prod_01KJFYARMQ9295QJ84PWVQ608M,parfum-item-10743,Hayaati Gold Elixir Lattafa,published,,variant_01KJFYAT0JETWWG98F8TC8ZRMS
prod_01KJFYARMQAB452XXQ94RH43YK,parfum-item-10749,Mahasin Crystal Banafsaj Lattafa,published,,variant_01KJFYAT0H8MPJ4PYGPKAWYG7D
prod_01KJFYARMQB2REGWEMSV6H83TC,parfum-item-10759,Royal Crown King Of Kings Macarena,published,,variant_01KJFYAT0GERA6BQ8RSXF7F8HJ
prod_01KJFYARMQDEBZS7D92RYWVXJS,parfum-item-10760,Arabian Sky Armaf √âter,published,,variant_01KJFYAT0GYT3JSPD1PVREH072
prod_01KJFYARMQE8ERW7ETHXQC1BYX,parfum-item-10744,Lady Roza Matin Martin,published,,variant_01KJFYAT0JWXJQQG484E3PB2HF
prod_01KJFYARMQH8D18VMJG1KFKD6K,parfum-item-10741,Al Nashama Lattafa,published,,variant_01KJFYAT0JZ2DRKG58Z7GMYPZ0
prod_01KJFYARMQHAKK68CMJQR5HDJC,parfum-item-10746,Desert Rose Armaf √âter,published,,variant_01KJFYAT0JDR30MR9M5GTF2VC5
prod_01KJFYARMQKP0DVN9R9RP7C17Q,parfum-item-10745,Ejaazi Intensive Silver Lattafa,published,,variant_01KJFYAT0JXRJZA0CEG2H3P5FX
prod_01KJFYARMQN3PJEAYNJ85FFZ59,parfum-item-10752,Opulent Oud De Lattafa,published,,variant_01KJFYAT0HZW68SS7EX33Z3PVP
prod_01KJFYARMQS19ZNJPKET3HT36Z,parfum-item-10751,Musk Salama Lattafa,published,,variant_01KJFYAT0H39RCDB5Z4PAYKDNZ
prod_01KJFYARMQSV9PJ0XRWT1D3F32,parfum-item-10761,Deset Flower Armaf √âter,published,,variant_01KJFYAT0G533NRENB8X9DRWGQ
prod_01KJFYARMQTWEK8ZE55E67KYGR,parfum-item-10757,Royal Gold King Of Kings Macarena,published,,variant_01KJFYAT0HD480METSYTE2GVDN
prod_01KJFYARMQWB1HZD6WWX70N2AG,parfum-item-10742,Ameerat Al Arab Asdaaf Lattafa,published,,variant_01KJFYAT0J3VS3GHWNP4NQ9AZX
prod_01KJFYARMQWW199H4HPJPGD6W6,parfum-item-10750,Mohra Lattafa,published,,variant_01KJFYAT0H83Q7VVRM7KN2841C
prod_01KJFYARMQZ7M6JA0Q01GFYT4F,parfum-item-10753,Opulent Red De Lattafa Pride,published,,variant_01KJFYAT0HRWCGKJ37H76B6BTJ
prod_01KJFYARMQZRCK77Q3845K0TEB,parfum-item-10748,Mahasin Crystal Lattafa,published,,variant_01KJFYAT0J37TF04RXMWDK4SHD
prod_01KJFYARMR1PY6E0MPB0MKSGVN,parfum-item-10705,Forever Maktoub,published,,variant_01KJFYAT0NT3713CG8478ABNHA
prod_01KJFYARMR1T3W6WM328MDR0NA,parfum-item-10736,CK ALL Calvin Klein,published,,variant_01KJFYAT0KB8XP59H48P9ZTMNA
prod_01KJFYARMR2XCPC1J1QKWPJC9X,parfum-item-10704,Tonka Tonka Maktoub,published,,variant_01KJFYAT0N2071R8K2JQZBPJCR
prod_01KJFYARMR40GPJW0GBBN6QY3M,parfum-item-10709,Look Gold Agatha Ruiz De La Prada,published,,variant_01KJFYAT0NVSW910X0HPG0V2R9
prod_01KJFYARMR65KRQYPV61PBB5R4,parfum-item-10714,Placid Bharara,published,,variant_01KJFYAT0MDTVRAXY2YGRKCC7C
prod_01KJFYARMR6ZESTKS8FCEREYYT,parfum-item-10720,La Petite Robe Noire Ma Robe Cocktail Guerlain,published,,variant_01KJFYAT0MHYYFH5QYAMMNEAKC
prod_01KJFYARMR9S0BGSZHEJA9E096,parfum-item-10713,Queen De Bharara,published,,variant_01KJFYAT0MEH8M4QF6N2SE85EF
prod_01KJFYARMRB7WZW5ZW98YYABBD,parfum-item-10706,Rose Luv Maktoub,published,,variant_01KJFYAT0NCWYCDH2KQNQZS6NK
prod_01KJFYARMRC0Y2EM0B884C7A55,parfum-item-10724,Gucci Bloom EDT,published,,variant_01KJFYAT0MG42DTWJGZFWFSGFM
prod_01KJFYARMRCGX12BMSYC0EV727,parfum-item-10711,Crown Matin Martin,published,,variant_01KJFYAT0MH62D1546H1C6F3GH
prod_01KJFYARMRCKXJ32VRFM1BDTVW,parfum-item-10727,Twilly d'Herm√®s Eau Poivr√©e,published,,variant_01KJFYAT0M880HMHHBFQC95E4G
prod_01KJFYARMRD8D2ESHG3N2Q4WS7,parfum-item-10729,Agua de Loewe Mar De Coral Loewe,published,,variant_01KJFYAT0K0SA3Z8T9SZWS7MVF
prod_01KJFYARMRDACMWNKFP9XBQ30A,parfum-item-10707,Malik Maktoub,published,,variant_01KJFYAT0NSHC2AMV80X1CTGV1
prod_01KJFYARMRDPKKKMZPZT8XGZYS,parfum-item-10703,Kudos Maktoub,published,,variant_01KJFYAT0NX1H6F8XDC07ZBKJR
prod_01KJFYARMRKD0NPD2VTNYNJ5TW,parfum-item-10731,Elegance Beverly Hills Polo Club,published,,variant_01KJFYAT0K4ZQ54CAFG27ESGX9
prod_01KJFYARMRNJHE0SM5QP9C27S6,parfum-item-10737,Original Santal Creed,published,,variant_01KJFYAT0K478DC67BDW6BR45Z
prod_01KJFYARMRPC8S9EH6GD34K9VH,parfum-item-10734,212 VIP Ros√© Elixir Carolina Herrera,published,,variant_01KJFYAT0KEWXZDEGNTPZ2TYVG
prod_01KJFYARMRQ1CASKS23JZ2J9M3,parfum-item-10733,Big Pony 1 Ralph Lauren,published,,variant_01KJFYAT0KRJFFCC1ASD0V7GQ9
prod_01KJFYARMRTFX0Q1N0QMWSVN18,parfum-item-10723,Irresistible Fraiche Givenchy,published,,variant_01KJFYAT0MA0B383A2405TWENF
prod_01KJFYARMRWTZXAJGQB8Z5CTAF,parfum-item-10732,Heritage Oud Beverly Hills Polo Club Prestige,published,,variant_01KJFYAT0K7VC4Z172QEZVF51Q
prod_01KJFYARMS5ZKNAHZ9XJC1PD8X,parfum-item-10677,La Belle Paradise Garden Jean Paul Gaultier Dama,published,,variant_01KJFYAT0QXPDW09J8HY0HJRA6
prod_01KJFYARMS6GZPZHRHWYM2ZJ5R,parfum-item-10700,Musk Al Tahara Louis Cardin Dama,published,,variant_01KJFYAT0NAFE0EQ5ACQZ2G6VQ
prod_01KJFYARMS7FAT5V7T27AYV4BK,parfum-item-10685,Omnia Amethyste Bvlgari Dama,published,,variant_01KJFYAT0PAASEBXKMK2C53QHJ
prod_01KJFYARMS96VXH4JPRDKXV9GM,parfum-item-10682,Eros Parfum Versace,published,,variant_01KJFYAT0P9ZNDCSDE0AS7TK51
prod_01KJFYARMSBPE9R1NXZG8PYB82,parfum-item-10690,Scandal Le Parfum Jean Paul Gaultier Dama,published,,variant_01KJFYAT0PN51YRMJQZQ9SYKT4
prod_01KJFYARMSDK32PMJ8QPMJZV2R,parfum-item-10676,Peace Bharara Parfum Hombre,published,,variant_01KJFYAT0QSX6A5P6VH2CHF3T8
prod_01KJFYARMSEWBRQAGFJZAQCBYW,parfum-item-10670,Bond Street Hugh Parsons Hombre,published,,variant_01KJFYAT0QKXNB6MHKSSZ3QR48
prod_01KJFYARMSF12NPSWAAFRVZK79,parfum-item-10672,Ursa Tiziana Terenzi,published,,variant_01KJFYAT0Q0HQ0Z6G8E70B8TDJ
prod_01KJFYARMSFBQ8GY2QX1G2M1EW,parfum-item-10674,Boum De Jeanne Arthes Dama,published,,variant_01KJFYAT0QFC10EVXR1W01TE6A
prod_01KJFYARMSFETP0TXBSRRYWJMX,parfum-item-10671,Hayaati Lattafa,published,,variant_01KJFYAT0QBHHVAM4X3YJMRRQ0
prod_01KJFYARMSJMYV6S642BYH2SYK,parfum-item-10673,First Snow Victorinox Swiss Army Dama,published,,variant_01KJFYAT0QTAVSXFQ8AAEF5CDS
prod_01KJFYARMSQ1PNSR889RBA6NED,parfum-item-10686,Omnia Coral Bvlgari Dama,published,,variant_01KJFYAT0P3Q6KR7B6A8M3KBZ2
prod_01KJFYARMSQ73C2QFPNS1PNJ9H,parfum-item-10669,The One Gold Intense Dolce & Gabbana Hombre,published,,variant_01KJFYAT0R7B74M0FQ72PF2S3S
prod_01KJFYARMSQ950WDZ8QDZRR9KD,parfum-item-10687,Omnia Crystalline Bvlgari Dama,published,,variant_01KJFYAT0P1J5H56BCXEC3T0Z7
prod_01KJFYARMSQJ5VP84TAK40BB7A,parfum-item-10725,Scandal Le Parfum Jean Paul Gaultier Hombre,published,,variant_01KJFYAT0PP9C36CPZF7WSF1EQ
prod_01KJFYARMSQX179T87D3R0RXR9,parfum-item-10691,Jour D'Hermes Dama,published,,variant_01KJFYAT0PX1Z4K2W35VX55MJ5
prod_01KJFYARMSSATEJ0HXVFJMBTCG,parfum-item-10668,Tequila Salud Hombre,published,,variant_01KJFYAT0RB6GY6WMXRWVAJKMJ
prod_01KJFYARMST424SCP0K9BX5KWE,parfum-item-10666,Baiser Vole Lys Rose Cartier Mujer,published,,variant_01KJFYAT0RCAD020Q18M541E5B
prod_01KJFYARMSYKEWZ8BG94YB8NGW,parfum-item-10680,Phantom Parfum Paco Rabanne,published,,variant_01KJFYAT0QGKBFDPY1F72K3K0K
prod_01KJFYARMSYT934ZDZABHR23CA,parfum-item-10726,Plein Fatale Philipp Plein Dama,published,,variant_01KJFYAT0PRTP59Q8SSCQCD4F7
prod_01KJFYARMT12M8PP6T2NDFVSGC,parfum-item-10644,Private Key To My Life Armaf,published,,variant_01KJFYAT0TV4ZNDZM1WQH9E0R2
prod_01KJFYARMT1BB29EE6D5CDXS9M,parfum-item-10643,Private Key To My Dreams Armaf Hombre,published,,variant_01KJFYAT0TB3G6MGH4DCDN8B1H
prod_01KJFYARMT1HC9JZTCP3ZHZ7Q4,parfum-item-10639,Western Leather White Alexandre. J,published,,variant_01KJFYAT0TJDEGX4BMCEDDN8Z7
prod_01KJFYARMT56D6N945JPECD970,parfum-item-10647,Private Key To My Soul Armaf Dama,published,,variant_01KJFYAT0S224447E0MRA9C794
prod_01KJFYARMT5VQ5KBJYB92B98YH,parfum-item-10660,Opulence Leather Maison Alhambra,published,,variant_01KJFYAT0R9EZ8S0MG9H9EXS5J
prod_01KJFYARMT6TA0CC5SNPERKNC8,parfum-item-10648,Perfume Oscent Black Alexandre.J,published,,variant_01KJFYAT0S292YKV2BXE8V5J6D
prod_01KJFYARMT7887DEYTMHSJQEYE,parfum-item-10665,Club de Nuit Precieux 1 Armaf,published,,variant_01KJFYAT0RM3XZJVZF89KFB4FB
prod_01KJFYARMT8E5H34XWR0PFY56Q,parfum-item-10654,Uomo Born In Roma Intense Valentino,published,,variant_01KJFYAT0SKJNJTPF4JJ0495YR
prod_01KJFYARMT9AE2H02N4R73WEBM,parfum-item-10651,Eclaire Lattafa Mujer,published,,variant_01KJFYAT0SEKKWCFS10NVFBAPG
prod_01KJFYARMTCYDSQJTB6NTZW958,parfum-item-10659,Spicebomb Extreme Viktor & Rolf,published,,variant_01KJFYAT0RKKTR6CEF8174VTRB
prod_01KJFYARMTE70YM6B85452H0X5,parfum-item-10645,Private Key To My Love Armaf Unisex,published,,variant_01KJFYAT0THEZ58KQD7KH4WV78
prod_01KJFYARMTFWP5BWJYX675CM3R,parfum-item-10658,Sceptre Malachite Maison Alhambra,published,,variant_01KJFYAT0SC3AZSXRKXKH2SC9T
prod_01KJFYARMTNEMTDMJ31AV8H923,parfum-item-10646,Private Key To My Sucess Armaf,published,,variant_01KJFYAT0SE022PE3BXSJR4FZ1
prod_01KJFYARMTPVSDND4JRAJGSHPR,parfum-item-10640,Western Leather Black Alexandre. J,published,,variant_01KJFYAT0TNENM3PGG8NQJBCXB
prod_01KJFYARMTSMTV2QNXGWY5V29M,parfum-item-10663,Victorinox Swiss Army Classic Red Edition,published,,variant_01KJFYAT0R45RP4BC6MQNBDDEW
prod_01KJFYARMTTHVAK6KKCM53SZTB,parfum-item-10662,Tag Her Donna Di Terra Armaf Dama,published,,variant_01KJFYAT0RCSR9BPK726BFFB96
prod_01KJFYARMTV8D9SK63C9P451ZQ,parfum-item-10638,Iris Vainilla Adolfo Dominguez,published,,variant_01KJFYAT0TXSRET5KA8G5E0SC0
prod_01KJFYARMTVYGK3W6137BTAP3W,parfum-item-10634,Earth Loewe,published,,variant_01KJFYAT0THA5BY1YQRYMKGM4J
prod_01KJFYARMTXMGBQDQQ9PAMDF01,parfum-item-10656,Ultimate Mercedes Benz Hombre,published,,variant_01KJFYAT0SH8AJ26B74CTWNRV4
prod_01KJFYARMTYMVQ8QY5MBQHGKSR,parfum-item-10661,Tag Her Donna Colorata Armaf Dama,published,,variant_01KJFYAT0RH3PK61ZMN78HC77F
prod_01KJFYARMV1P5D8HT9BHVE66H5,parfum-item-10616,Queens Bond 9,published,,variant_01KJFYAT0WPKB7W6EQ9DAZKTGD
prod_01KJFYARMV3BNMNAFB20G6JNX1,parfum-item-10627,Fame Intense Paco Rabanne Dama,published,,variant_01KJFYAT0VS87TN20CNVAJNKJF
prod_01KJFYARMV42SBDJJBYCS6JZZ0,parfum-item-10617,Signature Scent Bond 9 Dama,published,,variant_01KJFYAT0W9Q9RM7DXKPSAH9AB
prod_01KJFYARMV505A82G56GAKFG23,parfum-item-10623,Blanche Al Haramain French Collection,published,,variant_01KJFYAT0VVK3943WJ4HSMZEHM
prod_01KJFYARMV633QJXJBV9YQJBWQ,parfum-item-10622,Azure Al Haramain French Collection,published,,variant_01KJFYAT0VYRYAMHY2WZK805PX
prod_01KJFYARMV6B3SNN910N27PJ20,parfum-item-10611,Musamam White Intense Lattafa Dama,published,,variant_01KJFYAT0XAM43W7FTZ6E9AKAR
prod_01KJFYARMV9VXN2GC28ZKW16T4,parfum-item-10615,La Collection D'antiquit√©s 1886 Lattafa,published,,variant_01KJFYAT0WC8D627R9PKWBGV0H
prod_01KJFYARMVANEP1XYBG7H1EN8T,parfum-item-10614,Now White Rave De Lattafa,published,,variant_01KJFYAT0WTCV0VC3TG3AE6XG5
prod_01KJFYARMVBC3FTWZ47F45PC9V,parfum-item-10620,Chocolate Bharara Hombre,published,,variant_01KJFYAT0VYJ0DHX5A5ZYJF257
prod_01KJFYARMVCGE5R4YTAYHFGBYE,parfum-item-10626,Destino Al Haramain French Collection,published,,variant_01KJFYAT0V8WVZGC8T675Q3CD1
prod_01KJFYARMVFP9AR2BWZDVWVSBD,parfum-item-10621,Scarlet Bharara,published,,variant_01KJFYAT0V6TNGBE3VX1WP3T4K
prod_01KJFYARMVG904AAN89PP5YD09,parfum-item-10619,Phantom My Hero Emper Hombre,published,,variant_01KJFYAT0W6Q4S9EQN5VD76CW4
prod_01KJFYARMVJ9CDG940W4VV6PHH,parfum-item-10613,Jean Lowe Noir Maison Alhambra,published,,variant_01KJFYAT0WHKSVDDAJNCS7M1F3
prod_01KJFYARMVN2YP4MQ8A1K89Y95,parfum-item-10624,Noir Al Haramain French Collection,published,,variant_01KJFYAT0VF4PNZF03NTPKT97V
prod_01KJFYARMVRAB03SDPTYJQXT8Y,parfum-item-10625,Rouge Al Haramain French Collection,published,,variant_01KJFYAT0V68MNGM8AE6JAXMZH
prod_01KJFYARMVRD5NZDSG6G38KCYS,parfum-item-10628,Phantom Intense Paco Rabanne,published,,variant_01KJFYAT0TGEK6TBMTC45VCSR7
prod_01KJFYARMVT9E074BGCD1BY8D4,parfum-item-10610,Bayaan Lattafa Dama,published,,variant_01KJFYAT0XCMGYW9KP5EXYTJN6
prod_01KJFYARMVWDBV9RC51HBNZQX6,parfum-item-10604,Toy 2 Pearl Moschino Unisex,published,,variant_01KJFYAT0X2RP3XEDVX16799Q7
prod_01KJFYARMVZBTPXQSB2ZDZRR24,parfum-item-10618,New Street Bond 9 Dama,published,,variant_01KJFYAT0WQ846FNM9N0BCMN6Y
prod_01KJFYARMW25QQFKQRD57HFRSF,parfum-item-10575,Game Of Spades Gold Jo Milano,published,,variant_01KJFYAT0Z52Z6K3XFJATSSK9J
prod_01KJFYARMW5HZ8FE2WAX9184TJ,parfum-item-10599,Fruit D'amour Green Emanuel Ungaro Dama,published,,variant_01KJFYAT0XVS9MA81AT79JZ5B9
prod_01KJFYARMW5RTGR2VTNTZGR8AZ,parfum-item-10588,Ilang 62 Emper,published,,variant_01KJFYAT0YQDQWK0T69SPW36XY
prod_01KJFYARMW695HFBW1YFM1SJEJ,parfum-item-10580,Game Of Spades Ruby Jo Milano,published,,variant_01KJFYAT0Z5W414647DZT61E42
prod_01KJFYARMW7BTQ6H5VSF2JGP0R,parfum-item-10603,Onyx Bharara Hombre,published,,variant_01KJFYAT0XJTWDKZ0CYGCAX3H4
prod_01KJFYARMW8NND8357C8B6Y6W2,parfum-item-10602,Rose Bharara Dama,published,,variant_01KJFYAT0X66QB2BP2K537S2PV
prod_01KJFYARMW9K18REWT3A6NCYW1,parfum-item-10585,L'aventure Grapefruit Al Haramain,published,,variant_01KJFYAT0Y87AZ071MJBYK3DXD
prod_01KJFYARMWAGG4DXG8Y8GWAG1G,parfum-item-10586,L'aventure Iris Al Haramain,published,,variant_01KJFYAT0YXH971YSS1RC6V6GW
prod_01KJFYARMWB4QW8B7QGXDZ5YV0,parfum-item-10601,Fruit D'amour Pink Emanuel Ungaro Dama,published,,variant_01KJFYAT0XYNGQ3ABYHK7CASJP
prod_01KJFYARMWBD7TKNMZCADGFHMR,parfum-item-10598,Ungaro Emanuel Ungaro Dama,published,,variant_01KJFYAT0YBF3R4GFZB0ZFC27W
prod_01KJFYARMWE7N4QBMRFT3VJTQ0,parfum-item-10596,The Most Wanted Azzaro Hombre,published,,variant_01KJFYAT0YWHC4TN8PP48ZRJTY
prod_01KJFYARMWENQAVXYH9BE55PRR,parfum-item-10600,Fruit D'amour Lilac Emanuel Ungaro Dama,published,,variant_01KJFYAT0XSEWR4AAMBABBVHJZ
prod_01KJFYARMWGMK9WGG83739M08A,parfum-item-10591,Emeer De Lattafa Unisex,published,,variant_01KJFYAT0Y1703HNGC2DNV6SYB
prod_01KJFYARMWKH4603FNV1TG5V2G,parfum-item-10582,Hawas Ice Rasasi,published,,variant_01KJFYAT0ZKK0HPTMKFRZ4BQXW
prod_01KJFYARMWM432P54K7YVN5Q10,parfum-item-10587,L'aventure Fra√Æche Al Haramain,published,,variant_01KJFYAT0YBA8NQXT08MJGJ1HJ
prod_01KJFYARMWNMHYDEYVM7MN6841,parfum-item-10595,Fatima Velvet Love Zimaya Dama,published,,variant_01KJFYAT0YNABY3BV2KD26KDAE
prod_01KJFYARMWQGC722DTP1PA1202,parfum-item-10594,Rose Of Dreams Zimaya Dama,published,,variant_01KJFYAT0YTGDFT9BBSRQVCZWT
prod_01KJFYARMWR1RRPK3DRDHTYZVP,parfum-item-10577,Game Of Spades Jackpot Jo Milano,published,,variant_01KJFYAT0ZGX1ED1Z8VW6JZVBB
prod_01KJFYARMWS3TCNCW7TEGK6HJF,parfum-item-10584,L'aventure Ciel Al Haramain,published,,variant_01KJFYAT0ZVZD0W16KQJG68A53
prod_01KJFYARMWWZ0FBG0GS9JWV50P,parfum-item-10581,Game Of Spades Yellow Sapphire Jo Milano,published,,variant_01KJFYAT0ZD5K2PRC86Z69FKGT
prod_01KJFYARMX06YX68WT754XJC76,parfum-item-10538,Blue Touch Franck Olivier,published,,variant_01KJFYAT11N3PA68DWSF52EGJ3
prod_01KJFYARMX099EHCA5PEPQN5TC,parfum-item-10566,Boum Sport Jeanne Arthes Hombre,published,,variant_01KJFYAT10GSPV50VM8Q4F3MDZ
prod_01KJFYARMX4AVS87SCEPPRTG2Y,parfum-item-10541,Sacred Louis Cardin Hombre,published,,variant_01KJFYAT11ZAK1NBJVHFKH8WYN
prod_01KJFYARMX5RZCQTDG0DWHZ181,parfum-item-10572,Sexy Boy Irreversible Jeanne Arthes,published,,variant_01KJFYAT0ZYG69VDYF0TWVQ7DS
prod_01KJFYARMX5T2NK4EYDMMSYVBB,parfum-item-10545,You Desigual Dama,published,,variant_01KJFYAT11PKE9925EJHTDBV9R
prod_01KJFYARMX6APJR5VTHNET3E6H,parfum-item-10537,Voyage Bleu Armaf Hombre,published,,variant_01KJFYAT11EK8VCQS88V2JWJ44
prod_01KJFYARMX6D7ZMZNR7B103PZ4,parfum-item-10546,Dolce Rose Dolce & Gabbana Dama,published,,variant_01KJFYAT10KC3AZ0MJF0Y24FXN
prod_01KJFYARMX89EJRGVA1PFM21K6,parfum-item-10574,Game Of Spades Diamond Jo Milano,published,,variant_01KJFYAT0ZD2S9X0MCPH5ENZ5M
prod_01KJFYARMX8X1C8163EWM6A451,parfum-item-10573,Game Of Spades Boston Jo Milano,published,,variant_01KJFYAT0ZEK2WRKPFV5X1TKTA
prod_01KJFYARMXB24MTY2PYW48DGNM,parfum-item-10544,Royal Mirage,published,,variant_01KJFYAT116VKSYXGJK99VQEBW
prod_01KJFYARMXDNJ7QQX8S1PYKAA6,parfum-item-10563,Faconnable L'original French Rivera,published,,variant_01KJFYAT10576MMQB0PP5B59K7
prod_01KJFYARMXGR9HRTS9T31TPF1M,parfum-item-10542,Silver Louis Cardin Hombre,published,,variant_01KJFYAT11D0DY8Z3H28QD1TKP
prod_01KJFYARMXGXDHKYSJQXK1MK0X,parfum-item-10567,Fuel Power Jeanne Arthes Dama,published,,variant_01KJFYAT10E8DBSE4R99S3QDHN
prod_01KJFYARMXMA4SRHY0HVX9VAPA,parfum-item-10570,Magnetic Power Navy Jeanne Arthes Hombre,published,,variant_01KJFYAT10Q1AMR9C64TYE2QB8
prod_01KJFYARMXN204FZTJN7TH486D,parfum-item-10543,Unique Men Louis Cardin Hombre,published,,variant_01KJFYAT11P4HFZ2KBF0YVKVVF
prod_01KJFYARMXQ33B2WGQPS1P1S2X,parfum-item-10571,Rocky Man White Jeanne Arthes,published,,variant_01KJFYAT102GYZ9QZ2W4DN9E27
prod_01KJFYARMXS2J6E6MZGDJESGCV,parfum-item-10535,Now Women Rave Lattafa,published,,variant_01KJFYAT11VSZ7JD6X5YAKCZ7E
prod_01KJFYARMXXPBD950H15PMM20J,parfum-item-10568,Love Never Dies Jeanne Arthes Dama,published,,variant_01KJFYAT10K02GVF0NHKV0WCTS
prod_01KJFYARMXY2DWP81AKPSMVDGQ,parfum-item-10548,Flowerbomb Dew Viktor&rolf Dama,published,,variant_01KJFYAT103RBJEWB3G00G4NER
prod_01KJFYARMXYATAAGSDB6D0AXDY,parfum-item-10569,Magnetic Power Jeanne Arthes Hombre,published,,variant_01KJFYAT104TXY7WH9HC6QH8AF
prod_01KJFYARMY39Q0AZY1F2R1QNPP,parfum-item-10491,Jimmy Choo L'eau Jimmy Choo,published,,variant_01KJFYAT13AF7WGRFKFP4R0E01
prod_01KJFYARMY42TQ9GBCEF7TH4DE,parfum-item-10490,Gucci Bloom Profumo Di Fiori Gucci Dama,published,,variant_01KJFYAT13WDYR95E3KJ170P42
prod_01KJFYARMY8NXJRKKM14Q2PZ2K,parfum-item-10531,Golden Dream Shakira Dama,published,,variant_01KJFYAT12PN05PPA69R9FNXXA
prod_01KJFYARMY997Z58WMMA3T8VQ2,parfum-item-10526,Azure Fantasy Orientica,published,,variant_01KJFYAT12Q31NKB5BXY4EFDRB
prod_01KJFYARMY9F6WPW35BTB1TV26,parfum-item-10489,Manege Rouge Al Haramain Dama,published,,variant_01KJFYAT13AN8J7458TFZA6K8W
prod_01KJFYARMYD2DK4ZQFY9STVWNA,parfum-item-10525,L'homme Lacoste Hombre,published,,variant_01KJFYAT12Q2EE7G43ECRC2QYD
prod_01KJFYARMYDBQMT3JCAR6MA9TY,parfum-item-10514,Intimation Emper,published,,variant_01KJFYAT13YV5JJGNVA52T6A6G
prod_01KJFYARMYEY70T4HXH1Y60C50,parfum-item-10492,Sign Mercedes Benz,published,,variant_01KJFYAT133QT43RYV4WX5T98V
prod_01KJFYARMYH3M8R8NKMD1F7SHX,parfum-item-10519,Club De Nuit Oud De Armaf Unisex,published,,variant_01KJFYAT12V4Y9EW24WV8CXPV2
prod_01KJFYARMYHNSF17326J9JAGW8,parfum-item-10532,Loveme The Emerald Elixir Tous Dama,published,,variant_01KJFYAT129Y6SPQ0JQAQRP21H
prod_01KJFYARMYKBZTZ598AZGSM46Y,parfum-item-10485,Love Story Chlo√© Dama,published,,variant_01KJFYAT13PPZQGFK5M48AGTBR
prod_01KJFYARMYN1P3F6WQQDQ9JB9F,parfum-item-10533,Asad Zanzibar Lattafa,published,,variant_01KJFYAT11NZ9RXWYRX6DDWJ23
prod_01KJFYARMYN81JB2HFB6XXYA4D,parfum-item-10484,Conquest Chevignon Hombre,published,,variant_01KJFYAT13MPZEY0BEVD0ND38S
prod_01KJFYARMYQP60NNNDNKJ1WBZ1,parfum-item-10486,Atlas Lattafa Hombre,published,,variant_01KJFYAT13GCDCMATEXVT70GB9
prod_01KJFYARMYS8FHJNMTR1V08SW3,parfum-item-10517,One Jennifer Lopez Dama,published,,variant_01KJFYAT12KWNVP0P7DBAR0Y3G
prod_01KJFYARMYT4WV2RPAW6XETTP9,parfum-item-10488,Manege Blanche Al Haramain Dama,published,,variant_01KJFYAT138XZ47QAVJFYMCVDV
prod_01KJFYARMYXJTXYS8WQF8AW7QS,parfum-item-10528,Encre Indigo Lalique Hombre,published,,variant_01KJFYAT12WAY58PPJM0KFCV97
prod_01KJFYARMZ4FT9V9F0NQFS2VJR,parfum-item-10473,Kenzo World Intense Dama,published,,variant_01KJFYAT15NQZ9D63HXNJ7VWAW
prod_01KJFYARMZ6EET9TJEGA53FH6N,parfum-item-10472,L'Origine Or Intemporel Noir Premier Lalique Unisex,published,,variant_01KJFYAT15AND9AF5ZMHZK3GTN
prod_01KJFYARMZ9NB9839Q5YBAC848,parfum-item-10477,Eau Des Merveilles Bleue Herm√®s Dama,published,,variant_01KJFYAT14P159SCGC74P9X2DW
prod_01KJFYARMZ9YVDHWV9T2ZSZ1ET,parfum-item-10475,Eau De Rhubarbe Ecarlate Herm√®s,published,,variant_01KJFYAT14X4VETAZ6P8W4VB8R
prod_01KJFYARMZBAMPQ3APWMPHC4SJ,parfum-item-10468,Sagira Spirit Of Kings,published,,variant_01KJFYAT157CC3C4ZR561D82CG
prod_01KJFYARMZCBXJC08VG5V0V5QE,parfum-item-10474,24 Faubourg Herm√®s Dama,published,,variant_01KJFYAT14GPP5Z54MTV50F8EK
prod_01KJFYARMZEBDQMSEDSEBKBW3X,parfum-item-10483,Amber Wave Matin Martin Unisex,published,,variant_01KJFYAT14837PR5AKQV2PQH8K
prod_01KJFYARMZFZ5SC7XMY3VK2316,parfum-item-10470,Rose Royale Lalique Dama,published,,variant_01KJFYAT15Y4NAQMQS29Z2XDE0
prod_01KJFYARMZKMAM1TPAV543ZQP2,parfum-item-10479,Le Jardin De Monsieur Li Herm√®s,published,,variant_01KJFYAT14ZS3FXAZ5MYTC7R6M
prod_01KJFYARMZKY7AG3GP76HGJVFE,parfum-item-10482,Santorini Matin Martin Hombre,published,,variant_01KJFYAT145A36BZM0BTZSYKRG
prod_01KJFYARMZSWXTWEN9GB0FJ2Q3,parfum-item-10478,Eau De Pamplemousse Rose H√©rme s Unisex,published,,variant_01KJFYAT1401170ZN6RN7KQVJ5
prod_01KJFYARMZWBJQD0K5NS0XEPV5,parfum-item-10471,Illusion Captive Lalique Unisex,published,,variant_01KJFYAT15WKM46D3R1Z39CKJW
prod_01KJFYARMZX1Q33EK3Q1J7TJK2,parfum-item-10481,Jungle Fantasy Britney Spears,published,,variant_01KJFYAT14K9TQXFAJ3W6N3MH1
prod_01KJFYARN01Y31Y74H8FYHBNHK,parfum-item-10467,Errai Spirit Of Kings,published,,variant_01KJFYAT15C4QTSQMYN2D30E00
prod_01KJFYARN03DRNNNXR0YTH6FJ7,parfum-item-10463,Gold Louis Cardin Dama,published,,variant_01KJFYAT16RHTSRCYE8BWWP4BZ
prod_01KJFYARN03GEH1J7GCZZ5NM7H,parfum-item-10453,Xix March Tiziana Terenzi,published,,variant_01KJFYAT1637EE4G1W45KPTBJS
prod_01KJFYARN03S1FB5QZ265117HW,parfum-item-10461,Bloom Louis Cardin Dama,published,,variant_01KJFYAT168GSBFH0GT6FYE87W
prod_01KJFYARN04HSRP6PEKX2QA370,parfum-item-10458,Accento Sospiro,published,,variant_01KJFYAT16F5XTM8X2NY9Y10M2
prod_01KJFYARN075ZMV5ZVZ69WMV2E,parfum-item-10460,Eau De Mandarine Ambr√©e Herm√®s,published,,variant_01KJFYAT163ZYNHJGXGH08PMPC
prod_01KJFYARN0C0Z0MWK18PT0764D,parfum-item-10464,Odyssey Aqua Edition Armaf,published,,variant_01KJFYAT1599Q4RK8NKFRQTE8M
prod_01KJFYARN0D66RZEPVEB4D5PZ8,parfum-item-10452,Kaff Tiziana Terenzi,published,,variant_01KJFYAT178249V8A63YYE6F5E
prod_01KJFYARN0DGYD1VR7FS08ZSV8,parfum-item-10462,Ferocious Louis Cardin Dama,published,,variant_01KJFYAT16Y4GJGHWTJRB284DF
prod_01KJFYARN0EXXD8VV20KDQ0FCP,parfum-item-10455,Foconero Tiziana Terenzi,published,,variant_01KJFYAT16V0JEZR6T0NS67KWX
prod_01KJFYARN0KPEN9R9VPJX2Z70H,parfum-item-10466,Opera Sospiro Dama,published,,variant_01KJFYAT154EG058RF5W0FB17J
prod_01KJFYARN0KRPFZPVB2XZP7SYW,parfum-item-10454,White Fire Tiziana Terenzi,published,,variant_01KJFYAT169YHEZ42QVMV8ETCG
prod_01KJFYARN0M341XFTPVSYYVBD7,parfum-item-10456,Hale Bopp Tiziana Terenzi,published,,variant_01KJFYAT16KTNTYTX0NTWCN3JM
prod_01KJFYARN0NXRCSXS1SV3J01EG,parfum-item-10465,N¬∞5 L'eau Chanel Dama,published,,variant_01KJFYAT15RTCS0HNK3MMDJ2WK
prod_01KJFYAXQRD0101PWVJY8ETNTH,parfum-item-10445,Aludra Spirit Of Kings Unisex,published,,variant_01KJFYAYRQ7CSCH56FSS7T81R6
prod_01KJFYAXQRS84986HYJ7HBJ1N5,parfum-item-10444,Izia La Nuit Sisley Dama,published,,variant_01KJFYAYRQFZ8BWAY6DCX0XYYW
prod_01KJFYAXQRZ6GR6TTNJN4BNR8J,parfum-item-10450,Boss Bottled Parfum Hugo Boss,published,,variant_01KJFYAYRQDKZW8NQJRCSE9WKZ
prod_01KJFYAXQRZR274HXZ5E8848FW,parfum-item-10451,Tyrenum Tiziana Terenzi,published,,variant_01KJFYAYRQGBPEK3A3X2EA22MP
prod_01KJFYAXQS07DN1J3FV9S8RT5F,parfum-item-10403,Boum Vanille Sa Pomme D'amour Jeanne Arthes,published,,variant_01KJFYAYRSR21AR6A4G3AWZR4A
prod_01KJFYAXQS5EKNR1YPHVHSDBE9,parfum-item-10417,L'eau Couture Elie Saab,published,,variant_01KJFYAYRS933DS9RB0NM2EDZ0
prod_01KJFYAXQS5GV482AZXDK709XZ,parfum-item-10421,Mayar Natural Intense Lattafa Dama,published,,variant_01KJFYAYRS28NHVR1V1THC16JQ
prod_01KJFYAXQS62CX836SMFZRWK78,parfum-item-10437,Ajwad Pink To Pink Lattafa Dama,published,,variant_01KJFYAYRREGZFS2TVSMVV1YKB
prod_01KJFYAXQS6VV92MDV899KC1BS,parfum-item-10419,Icon Elite Absolute Alfred Dunhill,published,,variant_01KJFYAYRSH326N2A3B2A3GTAS
prod_01KJFYAXQS7MHNNHSEK2GHWF48,parfum-item-10400,Amore Mio Jeanne Arthes Paris Dama,published,,variant_01KJFYAYRS3C3JZC7ZRWYJ37J4
prod_01KJFYAXQS8V33G4MZ713XTDJT,parfum-item-10431,Highness Vi De Afnan Hombre,published,,variant_01KJFYAYRR9M611MPZ2ANTM8KX
prod_01KJFYAXQSARWYC4SJZYKPXZXP,parfum-item-10414,Bvlgari Man Wood Essence Hombre,published,,variant_01KJFYAYRST43AV3RQDRYYTT71
prod_01KJFYAXQSAVJG6KTCJK4MGRT3,parfum-item-10441,Ungaro Love Emanuel Ungaro Dama,published,,variant_01KJFYAYRQEC93KJBJXA3HAD95
prod_01KJFYAXQSAZ108VXJMN36C7B4,parfum-item-10432,Highness V De Afnan Dama,published,,variant_01KJFYAYRRCKHPPMCQ2Q7CNEVQ
prod_01KJFYAXQSC443J85YNKXP2QBG,parfum-item-10427,Wood Swiss Army,published,,variant_01KJFYAYRR8XHVAGANPJX56W5K
prod_01KJFYAXQSCM1EASVWBAP6A58A,parfum-item-10440,Booster Lacoste Hombre,published,,variant_01KJFYAYRQCV70PJDHBD8H6BGF
prod_01KJFYAXQSCXR1XF3V0K96SQTF,parfum-item-10434,Highness Iii De Afnan Hombre,published,,variant_01KJFYAYRRHCYPRZEMF10T793E
prod_01KJFYAXQSDC3H0CXGMX7GNE9R,parfum-item-10439,Fraiche Jean Lowe Maison Alhambra,published,,variant_01KJFYAYRQY2E29361GBM7B5GC
prod_01KJFYAXQSKMQVEBKER72ZJYMM,parfum-item-10428,Highness X De Afnan Hombre,published,,variant_01KJFYAYRR38M58KGV4DTY9PWM
prod_01KJFYAXQSMFQ9P0HB6C8GAE7Q,parfum-item-10438,Le Beau Paradise Garden Jean Paul Gaultier,published,,variant_01KJFYAYRRZ2CTEGWR3XEE0DJ1
prod_01KJFYAXQSPB2NW9MV0N1D00PP,parfum-item-10435,Gold Rose Oudh Tiziana Terenzi,published,,variant_01KJFYAYRRJX0VD2PF8WRPR08S
prod_01KJFYAXQSR5M67JVD91WDPFFC,parfum-item-10423,Flower Kenzo Eau De Lumi√©re Kenzo,published,,variant_01KJFYAYRR80Z2C86Q2C0EY1QJ
prod_01KJFYAXQSWZR01CCE39YECBRA,parfum-item-10442,Roberto Cavalli Dama,published,,variant_01KJFYAYRQX44K5ZVH0YXGPJ8H
prod_01KJFYAXQSZMRBA6A89C1F5S65,parfum-item-10413,Boss Bottled Elixir Hugo Boss Hombre,published,,variant_01KJFYAYRS2X6HJ5RMQ9W9F9AE
prod_01KJFYAXQT0MK21NQX6V64HTRK,parfum-item-10387,Winners Trophy Gold Lattafa Dama,published,,variant_01KJFYAYRTEBSCK6VKQGG14M0H
prod_01KJFYAXQT0NBX14688Y8FEYHN,parfum-item-10380,Lima Tonka Aguafresca Adolfo Dominguez,published,,variant_01KJFYAYRVE63WP7AB3C4G2RNN
prod_01KJFYAXQT34C86KTKSZBGDT3Z,parfum-item-10386,Winners Trophy Silver Lattafa,published,,variant_01KJFYAYRTZ17YW6QWEJR8J5GP
prod_01KJFYAXQT3PZ3FRFKH3RBMS68,parfum-item-10384,Fabulous Yuzu Mancera,published,,variant_01KJFYAYRVVP2MTZCJZVZ40EVD
prod_01KJFYAXQT4DV87CXZEW80KDG7,parfum-item-10397,Glacier Ultra Maison Alhambra Hombre,published,,variant_01KJFYAYRTECHGCVYP6BPH589G
prod_01KJFYAXQT58YYB5X8PH4DS01N,parfum-item-10381,Nude Musk Adolfo Dominguez Dama,published,,variant_01KJFYAYRVPRA4967QHTJEW0SF
prod_01KJFYAXQT7GVMDAG4S1589CA4,parfum-item-10376,Yes I Am Delicious Cacharel,published,,variant_01KJFYAYRV9WVN1JBT0RF7YE4W
prod_01KJFYAXQT8GX5XG6S3WEH1ZHB,parfum-item-10393,Match Point De Lacoste,published,,variant_01KJFYAYRTE95YTK619V6FAP42
prod_01KJFYAXQTBZX2CN3D6ATVH7PF,parfum-item-10398,Glacier Bold Maison Alhambra Hombre,published,,variant_01KJFYAYRSB5W171HEM3CFXFT0
prod_01KJFYAXQTCBM2PPXHBWQWN82P,parfum-item-10394,Lalique Le Parfum,published,,variant_01KJFYAYRT55NYXCADBYYCWJ7H
prod_01KJFYAXQTDEFCN8RGJRRVJAYT,parfum-item-10382,Delox Tiziana Terenzi,published,,variant_01KJFYAYRVK2WS0YHA3MC4DWWY
prod_01KJFYAXQTDMV3VKG8ZSJ5ECXR,parfum-item-10377,Aguafresca De Mimosa Coriandro Adolfo Dominguez,published,,variant_01KJFYAYRVYYT4HVQEBS3N95F9
prod_01KJFYAXQTEQ0VT7KEAFTWBGJG,parfum-item-10391,Encore V Luniche Dama,published,,variant_01KJFYAYRTKSZD0F3GZNG3FZYY
prod_01KJFYAXQTGDE99YAF36NF452S,parfum-item-10385,Jasmin Exclusif Mancera,published,,variant_01KJFYAYRVTQ6H4GST9HGAT1G1
prod_01KJFYAXQTJ30NEW82HDJMWZGE,parfum-item-10383,Ecstasy Tiziana Terenzi,published,,variant_01KJFYAYRV0X12QZHZH3ARXAZ4
prod_01KJFYAXQTMX6G8MZX4JE358K9,parfum-item-10395,Khamrah Qahwa Lattafa,published,,variant_01KJFYAYRTCCAJKDQ4N1ZK6WZQ
prod_01KJFYAXQTPRXB6A5RPVYQGEFH,parfum-item-10388,Wajood Lattafa,published,,variant_01KJFYAYRT0S6CHB2M8YFVTR6F
prod_01KJFYAXQTRTWF2TC3V26CTG26,parfum-item-10389,Thouq Lattafa Dama,published,,variant_01KJFYAYRTRYB6R14YWPPENNT1
prod_01KJFYAXQTS6TZQDHSND4K6W2E,parfum-item-10378,Jazm√≠n Tonka Adolfo Dominguez,published,,variant_01KJFYAYRVD9NAAP3SRNY6A2DM
prod_01KJFYAXQV41BRV22ZQK9JSNPF,parfum-item-10354,Lua Xerjoff,published,,variant_01KJFYAYRX88VC8NJ62PTYEJAV
prod_01KJFYAXQV48H0V9Z8VSR13GR7,parfum-item-10345,Rose Goldea Blossom Delight Bvlgari,published,,variant_01KJFYAYRYM3975X7E5YPED5AP
prod_01KJFYAXQV48MJTVPJAW9WMFYD,parfum-item-10364,Pacha Ibiza Ros√© Dama,published,,variant_01KJFYAYRW225N6DCGFSHP2A0Z
prod_01KJFYAXQV6CBDW22WX9E7QW1Z,parfum-item-10361,Aqua Allegoria Bergamota Calabria Guerlain,published,,variant_01KJFYAYRXH4EWBGQY9EQRZG95
prod_01KJFYAXQV7EYE94KC3RQ3B6G6,parfum-item-10356,Poison Girl De Dior,published,,variant_01KJFYAYRX0A7AQYX5CCRG8A9C
prod_01KJFYAXQV7F4TP83AMES7HZW2,parfum-item-10367,Pacha Ibiza Be Insane Hombre,published,,variant_01KJFYAYRWCP75GZBKHSZJ87B0
prod_01KJFYAXQV840879DT6NAF5YFS,parfum-item-10352,Cas Tiziana Terenzi,published,,variant_01KJFYAYRXSBD8C5VJCGDSKS1Z
prod_01KJFYAXQV8ERN75NHZX3CTM24,parfum-item-10375,La Petite Robe Noire Guerlain,published,,variant_01KJFYAYRWQD8RWEH3Q6MF0QDN
prod_01KJFYAXQVAMSSYBQCN6N2ST9A,parfum-item-10348,Afrodite Tiziana Terenzi,published,,variant_01KJFYAYRY30G4MT2C7EZ8SFJT
prod_01KJFYAXQVANZK8B09WETDPEF0,parfum-item-10355,Premium Blend Original Penguin,published,,variant_01KJFYAYRXA78SJNE9MZ09EDHQ
prod_01KJFYAXQVASW2KYQQD0RNKP43,parfum-item-10369,Luxe Rush Paris Hilton Dama,published,,variant_01KJFYAYRWCRWG6KMSA7BPQA4G
prod_01KJFYAXQVE747VTTA4QA9DBXD,parfum-item-10360,L'homme Ideal L'intense Guerlain,published,,variant_01KJFYAYRXCYYS9SY96JCQ2C8N
prod_01KJFYAXQVE8KKYGB4471QCSWS,parfum-item-10371,Artisan Acqua John Varvatos Hombre,published,,variant_01KJFYAYRWZHR3S0J1S132GTSQ
prod_01KJFYAXQVF1ZWYCMYS5MBG32V,parfum-item-10346,Splendida Magnolia Sensuel Bvlgari,published,,variant_01KJFYAYRYKP5GWDWQQSQC4SKN
prod_01KJFYAXQVHQPYZ092RMCT9S13,parfum-item-10353,Cassiopea Tiziana Terenzi,published,,variant_01KJFYAYRXVGD4HD8C82SQGYFW
prod_01KJFYAXQVJ9N3T79QFRVFE0M9,parfum-item-10365,Pacha Ibiza Priv√© Hombre,published,,variant_01KJFYAYRWRQS35WFJNDGP19JE
prod_01KJFYAXQVK2330WDDR29GFMHG,parfum-item-10347,Lucrethia V Canto,published,,variant_01KJFYAYRY7B7F9J0CN20WZEMF
prod_01KJFYAXQVRNM54WEBTRR5W2JX,parfum-item-10351,Tyl Assoluto Tiziana Terenzi,published,,variant_01KJFYAYRX62WY4SN99Y44SNYR
prod_01KJFYAXQVRVVW703TGBS38M27,parfum-item-10373,Aqua Allegoria Nerolia Vetiver Harvest,published,,variant_01KJFYAYRWBDSTZ2QFZ2975YQE
prod_01KJFYAXQVT6KSYYJ4Y03S78D4,parfum-item-10372,Artisan Blue John Varvatos Hombre,published,,variant_01KJFYAYRW0KJNRZE8JK3DJWC2
prod_01KJFYAXQVVZ8Q6NCAFNYZA70W,parfum-item-10366,Pacha Ibiza Be Insane Dama,published,,variant_01KJFYAYRWNH043YHNABY3YN32
prod_01KJFYAXQVXR92RQ8CXT861J17,parfum-item-10350,Arethusa Tiziana Terenzi,published,,variant_01KJFYAYRX44NRC0CZBMQ5WM75
prod_01KJFYAXQW3N0A18DYA731DPKA,parfum-item-10334,Priv√© Ethos Night De Emper,published,,variant_01KJFYAYRZV5C1M3PQHR6EH3SJ
prod_01KJFYAXQW6ZWR7C3EJX0N44FR,parfum-item-10314,Hey Sunshine El Ganso Dama,published,,variant_01KJFYAYS0BKGJQHN27GMKF2GQ
prod_01KJFYAXQW7CVCFXVPTMPBEKVC,parfum-item-10332,Prive Doll De Emper,published,,variant_01KJFYAYRZ1JSJ1KSY79CX70D4
prod_01KJFYAXQW96DATS91BFRNPVH8,parfum-item-10328,Loewe Pour Homme,published,,variant_01KJFYAYRZBD24GX4TP2V00RQM
prod_01KJFYAXQW9GMRJHRSK5RG1EYF,parfum-item-10341,Animale Instinct Femme,published,,variant_01KJFYAYRY9K7HWG90MFXRT029
prod_01KJFYAXQWASYT7VWMYWGJPRYN,parfum-item-10321,Mon Sparkling Bouquet Guerlain,published,,variant_01KJFYAYRZ5EJ0C9DFQRYMJ47Z
prod_01KJFYAXQWBQD432XC8XANX2BG,parfum-item-10339,Idole Aura De Lancome,published,,variant_01KJFYAYRYPN5VXNFK6VPHY74C
prod_01KJFYAXQWCZ9BBZSBH0Z2NKPE,parfum-item-10333,Prive Dori De Emper,published,,variant_01KJFYAYRZGB6V1PEA7M54KQ8Y
prod_01KJFYAXQWDF32WCXDTSM8TA8Q,parfum-item-10318,Alien Goddess Supra Florale Mugler,published,,variant_01KJFYAYS0ZHAARMWNM927FSV8
prod_01KJFYAXQWHKE2KB3ACZ2Y73SK,parfum-item-10316,Irr√©sistible Rose Velvet Givenchy,published,,variant_01KJFYAYS0HFMYWQYBJRTBEQ2H
prod_01KJFYAXQWHPBBGQHEM3YBAG59,parfum-item-10304,Hala De Lattafa,published,,variant_01KJFYAYS0WYQGJFCX8M4EF8NB
prod_01KJFYAXQWJX81BPSH0XRJ069G,parfum-item-10336,Prive Lotus De Emper,published,,variant_01KJFYAYRZ9EWHM3P8BJPZRTP2
prod_01KJFYAXQWK18HHBGE68HA7N37,parfum-item-10323,Eau De Basilic Pourpre Herm√®s,published,,variant_01KJFYAYRZC15Z473Y05JZPKGA
prod_01KJFYAXQWP7A3B2AEDY3308WB,parfum-item-10317,Gentleman Givenchy Intense,published,,variant_01KJFYAYS0N0M33PERNBWAF9M1
prod_01KJFYAXQWPM08QT2YF9NK3H2E,parfum-item-10337,Bordeux Emper,published,,variant_01KJFYAYRZB9Y5TZN4Q9JVWGGM
prod_01KJFYAXQWPZNDBN7Y5CTY0K92,parfum-item-10340,Kenzo Flower De Kenzo,published,,variant_01KJFYAYRYB5H25WBFF3TRCM96
prod_01KJFYAXQWQA8B5SWAT0565N18,parfum-item-10329,Fruits Of Musk De Montale,published,,variant_01KJFYAYRZK228FQG9FEM9HQA2
prod_01KJFYAXQWRDVY74VT4EZ4AWNP,parfum-item-10315,Sunday Mood El Ganso Hombre,published,,variant_01KJFYAYS0S24GFGMBWQ3VTTMK
prod_01KJFYAXQWVFZSMWMJ6MVJ6RS5,parfum-item-10313,Like Father Like Son El Ganso,published,,variant_01KJFYAYS0J2HNKF65H6T9FPNR
prod_01KJFYAXQWZ27R4BDVKM14A3WA,parfum-item-10342,Animale Instinct Homme,published,,variant_01KJFYAYRY9G9SE51B23JZ4PW1
prod_01KJFYAXQX0VY4JV8BG42J4ZSA,parfum-item-10291,Prive Affair Emper,published,,variant_01KJFYAYS1SRQ4WY85ZQMFPYHX
prod_01KJFYAXQX2T8N0GG9VTKS0HY2,parfum-item-10282,Cosmic Pepper De Mancera,published,,variant_01KJFYAYS2N8869W1W0GM41EGA
prod_01KJFYAXQX38Q0TWYDDNX1XNDV,parfum-item-10296,Prive Diva Emper,published,,variant_01KJFYAYS122WDJH8RBM614D5T
prod_01KJFYAXQX3E44J7Y37B7D1BQW,parfum-item-10285,6Th Sense Priv√© De Emper,published,,variant_01KJFYAYS2KMPPK7RDRFCF4CH4
prod_01KJFYAXQX5VG0ST6TXSXVARXC,parfum-item-10289,Odyssey Wild One Gold Edition Armaf,published,,variant_01KJFYAYS299BJN8SF0117FT9S
prod_01KJFYAXQX7JSB8BPWR91043XG,parfum-item-10288,Halloween Man Mystery,published,,variant_01KJFYAYS2YCYS443CWQGNAM4W
prod_01KJFYAXQX7QCEGCS16H8JG3M5,parfum-item-10301,Ejaazi Lattafa,published,,variant_01KJFYAYS0HA3SFBYVVZTGBYGK
prod_01KJFYAXQX8YSWVADHXAQAQ55K,parfum-item-10300,Awraq Al Oud Lattafa,published,,variant_01KJFYAYS0Z7H207G79ZD7R84G
prod_01KJFYAXQXA9XFNCPS2511HBBV,parfum-item-10277,Luminous Noir Patek Maison,published,,variant_01KJFYAYS2TQ1FB08XK8C9PT4S
prod_01KJFYAXQXBDT0G35EQ3H9A947,parfum-item-10275,Luminous Azure Patek Maison,published,,variant_01KJFYAYS3904J3C4NHNS3VXSZ
prod_01KJFYAXQXE29XVQD3RT0R2NHM,parfum-item-10293,Prive Ballet Emper,published,,variant_01KJFYAYS1QCP68E1TKEG3BEQW
prod_01KJFYAXQXEN9GZ2YJENCJVW06,parfum-item-10298,Ajayeb Dubai De Lattafa,published,,variant_01KJFYAYS1W9JY93KAA3G97MZZ
prod_01KJFYAXQXHJS0EXVPHVFFPV3A,parfum-item-10299,Ansaam Gold De Lattafa,published,,variant_01KJFYAYS1XCJHVD2M1V1HXFF7
prod_01KJFYAXQXKPXY774K8FGTR4GP,parfum-item-10297,Adeeb De Lattafa,published,,variant_01KJFYAYS1XBPFZH1BTPXNZD99
prod_01KJFYAXQXS726TW3ANQDNHQEN,parfum-item-10292,Prive Affair Emper,published,,variant_01KJFYAYS1MKV3CABNZ011JE3R
prod_01KJFYAXQXT8B3BTQFRY8SVDKG,parfum-item-10276,Luminous Ghost Patek Maison,published,,variant_01KJFYAYS2E9KZJQ8KW25V1TQD
prod_01KJFYAXQXTZK0RM3B0ZYMJJST,parfum-item-10295,Prive Coral Party Emper,published,,variant_01KJFYAYS18WS0CMCNFKPPV679
prod_01KJFYAXQXVAW742FHFC2FC2ZN,parfum-item-10272,Noir Prisme Patek Maison,published,,variant_01KJFYAYS3NYZYDJ7MTXTBVWXV
prod_01KJFYAXQXVZMBG69DNKTG4P39,parfum-item-10287,Al Fares Malikat Al Sohraa,published,,variant_01KJFYAYS2TTW9P7RDZY1T65SZ
prod_01KJFYAXQXWZ76HB10RM6DWT4X,parfum-item-10278,Blue Prisme Patek Maison,published,,variant_01KJFYAYS2JXA92ZR39ZMVQV8Y
prod_01KJFYAXQXX37CTMBHEJ118H4K,parfum-item-10294,Prive Butik Emper,published,,variant_01KJFYAYS13K7001E81432GPNB
prod_01KJFYAXQXZTESD7C8NY5JQC3X,parfum-item-10284,6Th Sense Priv√© De Emper,published,,variant_01KJFYAYS2F9XRQ7R46BKK3YAQ
prod_01KJFYAXQY496JH2F5WEEENEEM,parfum-item-10254,Tasman Santal Premiere Note Paris,published,,variant_01KJFYAYS469ZQE80AVBJXK1SA
prod_01KJFYAXQY5FQR89CZES0GGJ6D,parfum-item-10250,Ambre Kashmir Premiere Note Paris,published,,variant_01KJFYAYS51J334VCQHW3ABSQ5
prod_01KJFYAXQY5W28TDDBEP4AT96V,parfum-item-10255,Flores De Abril Jean Pascal,published,,variant_01KJFYAYS4P8QAJBZJC9P41B05
prod_01KJFYAXQY7J6YB8ZZFM2EPVEH,parfum-item-10253,Rose Sheherazade Premiere Note Paris,published,,variant_01KJFYAYS44TC6S1GW2TPK65HC
prod_01KJFYAXQY9S57F5GDKAVK01XN,parfum-item-10238,Light Blue Dolce&gabbana,published,,variant_01KJFYAYS5TK2MGDFA72H5GX9C
prod_01KJFYAXQYBPZ95ENJ4GJ0AR3X,parfum-item-10257,Nuit 43 Eau Parfum√©e Jean Pascal,published,,variant_01KJFYAYS4V77GMKQ9M9GPX2X6
prod_01KJFYAXQYC19W7M2H9XNXTMJK,parfum-item-10265,Il Fin De Ilmin Oro 24K,published,,variant_01KJFYAYS3CH8RQX6XKRN0A93V
prod_01KJFYAXQYD0S67ZSF6W95MJFA,parfum-item-10237,Secret Of Love Gourmet M. Micallef,published,,variant_01KJFYAYS551QFMAZCSYEJVWS4
prod_01KJFYAXQYDH3YXNY0PH8MWC5S,parfum-item-10269,Spicebomb Night Vision Viktor&rolf,published,,variant_01KJFYAYS3661CCFSVSCPR1MPT
prod_01KJFYAXQYEJPZE67S0KZNZVTP,parfum-item-10266,Il Lonve De Ilmin Oro 24K,published,,variant_01KJFYAYS3141T0RREPWYW77GH
prod_01KJFYAXQYESXBY5WJHVMX8YNK,parfum-item-10260,Original Blend Penguin,published,,variant_01KJFYAYS43116Q124XZBKQYJN
prod_01KJFYAXQYFCTB8W6KHC7NBGA9,parfum-item-10270,Spirit Millionaire Gold Icon Le Parfum Lomani,published,,variant_01KJFYAYS3WV423ZWFNS2QBJC9
prod_01KJFYAXQYKTRZYYTBBNPGD895,parfum-item-10268,Uomo Born In Roma Coral Fantasy Valentino,published,,variant_01KJFYAYS3X577GX52TVRKCPB2
prod_01KJFYAXQYQ2G5N3D90KYTYN2Z,parfum-item-10271,Bordeaux Prisme Patek Maison,published,,variant_01KJFYAYS3M6QWAWSJ92PBEF07
prod_01KJFYAXQYQRH6S2BS5HC8GTDF,parfum-item-10249,Espada Azul Le Chameau,published,,variant_01KJFYAYS51Y724FERVMVETADQ
prod_01KJFYAXQYREWGMATC4K2Q7HBG,parfum-item-10240,Casamorati Bouquet Ideale Xerjoff,published,,variant_01KJFYAYS5F5RHEX0P59ACNW43
prod_01KJFYAXQYW53QG9VR87AVDEXG,parfum-item-10252,Himalayan Oud Premiere Note Paris,published,,variant_01KJFYAYS5H2VKJ0966HV07F34
prod_01KJFYAXQYX96D4FX4M50YZP1A,parfum-item-10263,Il Azzurro De Ilmin,published,,variant_01KJFYAYS4D1AYE9BZ2HT15H51
prod_01KJFYAXQYYPC71TF8RRD32DE0,parfum-item-10251,Aura Tonka Premiere Note Paris,published,,variant_01KJFYAYS5KFWPNXSYK02G5HPT
prod_01KJFYAXQYYT6Q32061JGE6ZFJ,parfum-item-10239,Casamorati 1888 Xerjoff,published,,variant_01KJFYAYS5AKQSD2TFDY9A9WG9
prod_01KJFYAXQYZ19AE3T4CFSPRR4B,parfum-item-10259,Brume 75 Eau Parfum√©e Jean Pascal,published,,variant_01KJFYAYS480DAPM8BDQXNGY54
prod_01KJFYAXQYZXGCEWP0Z3Y8KF5C,parfum-item-10256,Ivoire 59 Eau Parfum√©e Jean Pascal,published,,variant_01KJFYAYS4EHP7YT54BMVYT3JZ
prod_01KJFYAXQZ0BESM94YS6D5C2DY,parfum-item-10227,Latin Lover Carner Barcelona,published,,variant_01KJFYAYS6WV0VB18Q3G275PA8
prod_01KJFYAXQZ0HZWTQ3WB263QC35,parfum-item-10208,Aguafresca Citrus Cedro Adolfo Dominguez,published,,variant_01KJFYAYS7NK6DXW50KCGYBT8C
prod_01KJFYAXQZ0T6ACRRB1HC1ZZMD,parfum-item-10220,Igo Fusion D'issey Issey Miyake,published,,variant_01KJFYAYS7NX6Y6WMGKRE003GY
prod_01KJFYAXQZ10VZZHFQN7MESHMH,parfum-item-10201,Eau D'orange Verte Herm√®s,published,,variant_01KJFYAYS7HJZ6B4YNPGEA1VK4
prod_01KJFYAXQZ4M0GSDSHEDGXGHEX,parfum-item-10217,A Drop D'issey Issey Miyake,published,,variant_01KJFYAYS7AR3ENZX4WE6707S0
prod_01KJFYAXQZAEEB0RNMYV704NGQ,parfum-item-10229,Elixir Blanc De Stendhal,published,,variant_01KJFYAYS64ZH28ZE73W0J3V41
prod_01KJFYAXQZAMC2DDCZHA222TN9,parfum-item-10214,Terracota Musk Adolfo Dominguez,published,,variant_01KJFYAYS7YZYBD0RVMSARN00G
prod_01KJFYAXQZBYMXMSA0R5N2VADE,parfum-item-10198,Fantastic Basilic De Montale,published,,variant_01KJFYAYS74WXXZDAE7J59R3MA
prod_01KJFYAXQZCWCFHDFRCG2A04EZ,parfum-item-10197,Dark Purple De Montale,published,,variant_01KJFYAYS8EJAKDWPQ1HSKYF88
prod_01KJFYAXQZDFQ6C1T882NY300W,parfum-item-10234,Black Ananda M. Micallef,published,,variant_01KJFYAYS68MVW7RZTJ4CFF1W8
prod_01KJFYAXQZEPX9VD8TPKB2EZ0R,parfum-item-10233,Secret Of Love Delice M. Micallef,published,,variant_01KJFYAYS6Y8M2HYQ3BB22FXVN
prod_01KJFYAXQZF5M81FSPEKR6HB2Y,parfum-item-10225,Issey Miyake L'eau D'issey Pure,published,,variant_01KJFYAYS6FQJGXQEZVHQBDD9K
prod_01KJFYAXQZFMBFZ27B34D0VNQD,parfum-item-10235,Royal Muska M. Micallef,published,,variant_01KJFYAYS6VBNEXPTBY37ZTM45
prod_01KJFYAXQZHT73D63X8HWFHR1R,parfum-item-10200,Vetiver Essence Ferrari,published,,variant_01KJFYAYS75V2W9C238N0MZCK2
prod_01KJFYAXQZTY348NX7M5B6EEJD,parfum-item-10196,Dark Aoud De Montale,published,,variant_01KJFYAYS8QGA2XR9EM7VEX9CM
prod_01KJFYAXQZV28MCXDRTVXM8DST,parfum-item-10209,Sisterland Yellow Peony De Benetton,published,,variant_01KJFYAYS7Z3TWRGCS6CK85MJF
prod_01KJFYAXQZW98Q5W53JB4ZNS8G,parfum-item-10219,L'eau D'issey Igo Issey Miyake Dama,published,,variant_01KJFYAYS7FBHEKEH8M3VWPPP6
prod_01KJFYAXQZWK75A17F8KDWYNZ6,parfum-item-10226,Ambar Del Sur Carner Barcelona,published,,variant_01KJFYAYS69NY9WRY780PNRZJG
prod_01KJFYAXQZWQDW107ZTZDBBES4,parfum-item-10222,Look Kool De Agatha Ruiz De La Prada,published,,variant_01KJFYAYS6YEM0WJZT1SRHP4JD
prod_01KJFYAXQZWS9M6JTBYM040RW1,parfum-item-10232,Impact Intense De Tommy Hilfiger,published,,variant_01KJFYAYS6FGGX3QG85AC3GA84
prod_01KJFYAXQZXAX0FCBBNP882AXV,parfum-item-10236,Secret Of Love Glamour M. Micallef,published,,variant_01KJFYAYS59Z4M7AQTB549R7PC
prod_01KJFYAXR00YS3Q8FNFGKEHF9W,parfum-item-10187,United Dreams Together Benetton Hombre,published,,variant_01KJFYAYS8QPHA6RDGRZBHJKWA
prod_01KJFYAXR03ZWH3KNJP4XZ1B6T,parfum-item-10135,Elsatys Homme Intense De Reyane,published,,variant_01KJFYAYSASK3BZYHCSGSNPHSQ
prod_01KJFYAXR04N19KXGQB68SRQ6W,parfum-item-10160,Absolute Black Capones,published,,variant_01KJFYAYS9BZS1DNYM355Q1AW9
prod_01KJFYAXR04T1KGD5JSSMSNF5A,parfum-item-10138,Devotion Dolce & Gabbana,published,,variant_01KJFYAYSA1WWVWK1N5ZXY1BZK
prod_01KJFYAXR0A7VH6AGGEDYC62Z9,parfum-item-10144,Azahar Aguafresca Adolfo Dominguez Dama,published,,variant_01KJFYAYSA05J90HCXR3YWAKT1
prod_01KJFYAXR0AY0GXVFW683PWGV9,parfum-item-10161,Beaute Noire Capones,published,,variant_01KJFYAYS9P0XQKVVE4SD1TG13
prod_01KJFYAXR0D2EAHYRHSW97ARAY,parfum-item-10136,Bois De Yuzu Karl Lagerfeld,published,,variant_01KJFYAYSA2FV77EMMPBZHKY1T
prod_01KJFYAXR0DC6PB4V93BV8M89M,parfum-item-10148,After Game El Ganso,published,,variant_01KJFYAYSACW8CM0YXY43XJ5BW
prod_01KJFYAXR0DMAWRHARQR2R3R4F,parfum-item-10192,Ch Pasion De Carolina Herrera,published,,variant_01KJFYAYS82175ZND1K8R9FGWZ
prod_01KJFYAXR0EFGSWN6M2TB95KRD,parfum-item-10172,Very Sexy Orchid Victoria's Secret Mist Luxe,published,,variant_01KJFYAYS94WJZJNHJG8B4MKZ8
prod_01KJFYAXR0EYARZWQ7GYGQP080,parfum-item-10149,Part Time Hero El Ganso,published,,variant_01KJFYAYS9CZZ4TEBE008DE7YM
prod_01KJFYAXR0FTJ7F7FVGKGYN6TT,parfum-item-10190,Mia Me Mine Halloween,published,,variant_01KJFYAYS8KRCF9GYZBFENKZ9N
prod_01KJFYAXR0HS63EYZA6DNN757X,parfum-item-10184,Bad Boy Extreme Carolina Herrera,published,,variant_01KJFYAYS80F77X0HEG8EBEBBN
prod_01KJFYAXR0JHA53Y7C6YFWK1RB,parfum-item-10155,Halloween Blossom,published,,variant_01KJFYAYS9M6SSA6TTPKQ4EV4W
prod_01KJFYAXR0M03MD8TJGXDWCJ8E,parfum-item-10139,Azlan Oud Bleu Edition Al Haramain,published,,variant_01KJFYAYSAXGFY39D2B0T1N8H4
prod_01KJFYAXR0M4BJTN3N81AGYBDZ,parfum-item-10150,Orientica Amber Rouge De Al Haramain,published,,variant_01KJFYAYS9M66A41RGEHX492BK
prod_01KJFYAXR0P562Q842JJVBY79N,parfum-item-10191,Double Bleu De Bharara,published,,variant_01KJFYAYS822PFS9RNZ9MYQVNV
prod_01KJFYAXR0SRXCJ561M27D1V86,parfum-item-10143,Rosas Aguafresca Adolfo Dominguez,published,,variant_01KJFYAYSAKRFSBW5RQ8KGFGXJ
prod_01KJFYAXR0TFTR87KNY59W1D6S,parfum-item-10162,Blanc Capones,published,,variant_01KJFYAYS98V0EYT7AKNBPMXRS
prod_01KJFYAXR0VKPP941N9VN986GB,parfum-item-10157,Beautiful Belle Est√©e Lauder,published,,variant_01KJFYAYS9VJG4RG4JXPTEAYWJ
prod_01KJFYAXR0WYSAXQX0EKJJGQNB,parfum-item-10189,Baiser Vol√© Parfum De Cartier,published,,variant_01KJFYAYS8KZSRER0Q26Z79GMY
prod_01KJFYAXR0ZHZGCER7CN9TS6R8,parfum-item-10156,Splendida Patchouli Tentation Bvlgari,published,,variant_01KJFYAYS95WFW39094938V4NJ
prod_01KJFYAXR10ND8J4ZA3DDGG7Q0,parfum-item-10104,Cloud 2.0 Intense De Ariana Grande,published,,variant_01KJFYAYSCBV4APK0D2EATQN2A
prod_01KJFYAXR11YKV6HFA4JZ8PZ30,parfum-item-10121,Miss Armaf Grandeur,published,,variant_01KJFYAYSBP743B8V6T2ZJT4QT
prod_01KJFYAXR152KWZ0Y357T0ETH1,parfum-item-10105,Moncler Pour Femme,published,,variant_01KJFYAYSBC65BH2MPJCY4SZPC
prod_01KJFYAXR18EKPCQC8FPNSNZ64,parfum-item-10100,Le Male Elixir De Jean Paul Gaultier,published,,variant_01KJFYAYSCB6TPN1QZC761HT11
prod_01KJFYAXR1BH9A5MBGT9MVAYDG,parfum-item-10095,Alpha De Ahli,published,,variant_01KJFYAYSC0BQZP0AKT30DP5EJ
prod_01KJFYAXR1BYYHQ3E00DS8WPB9,parfum-item-10103,Taurus De Ahli,published,,variant_01KJFYAYSCDWC5AQ3H0JKC8Q6D
prod_01KJFYAXR1DCCW95D3SZNM0R5Z,parfum-item-10109,Mini Miracle Blossom Lanc√¥me,published,,variant_01KJFYAYSB4Q8T1FDHKZPGR4E1
prod_01KJFYAXR1E95C0JZSNSYGTFES,parfum-item-10094,Bvlgari Man Rain Essence De Bvlgari,published,,variant_01KJFYAYSC954M2RTPPRRXFC65
prod_01KJFYAXR1EKD28T1P53ZASYJ1,parfum-item-10120,More More Pink Tous,published,,variant_01KJFYAYSB6SW6YMF210X71RZA
prod_01KJFYAXR1EVAB2008JQ5W75TG,parfum-item-10092,Hamsah Al Lail Emper,published,,variant_01KJFYAYSDEK4SDPTRKXC3YRYC
prod_01KJFYAXR1F547FK6BKRXKRJFK,parfum-item-10115,Mini Floral Jimmy Choo,published,,variant_01KJFYAYSBRM5JF4XTARGQ4BY7
prod_01KJFYAXR1HHZQ0WHWWGAZTYC9,parfum-item-10096,Beta De Ahli,published,,variant_01KJFYAYSCWMT33N3Q4YCC3HXV
prod_01KJFYAXR1HNZHW2H29SYD2SVG,parfum-item-10091,Signature Absolue De Montblanc,published,,variant_01KJFYAYSDZWXT58VKYJM2717T
prod_01KJFYAXR1KTQ1QZ9TMWMY6JVR,parfum-item-10097,Gemini De Ahli,published,,variant_01KJFYAYSC3W21B96YW6ZY3ZNV
prod_01KJFYAXR1MHEPHRZK0ZG52PPE,parfum-item-10124,Miss Armaf Mystique,published,,variant_01KJFYAYSB0TJYZ186GKKSPYTQ
prod_01KJFYAXR1Q031AWZCAG32XM0V,parfum-item-10133,Liam Blue Shine De Lattafa,published,,variant_01KJFYAYSAYFKJKFY0PC2BQZB9
prod_01KJFYAXR1T1PQAMQXQB2W8ECN,parfum-item-10106,Moncler Pour Homme,published,,variant_01KJFYAYSBG870P59N7H1TAXK3
prod_01KJFYAXR1V4MWBWCPG25EASDN,parfum-item-10099,Gaultier Divine De Jean Paul Gaultier,published,,variant_01KJFYAYSC36NFBBZNMV56DKAW
prod_01KJFYAXR1VP96KT5HXD05M3SD,parfum-item-10118,Mini Coach Dreams Sunset,published,,variant_01KJFYAYSB44CBQW6DCYZHB324
prod_01KJFYAXR1VTW42W47S8H7HNH8,parfum-item-10126,Miss Armaf Voce Viva,published,,variant_01KJFYAYSARCESV6F0424019XC
prod_01KJFYAXR1X4BYC2QZ393WJCZY,parfum-item-10108,Mini La Femme L'eau Prada Milano,published,,variant_01KJFYAYSBZYPGY7P6PSTKKCVC
prod_01KJFYAXR1YWNQGM5RNEP45J4P,parfum-item-10098,Lyra De Ahli,published,,variant_01KJFYAYSCPRPQVT4R18WQ4080
prod_01KJFYAXR232HPHBC4EXEPRTXP,parfum-item-10065,Homme Cool De Castelbajac,published,,variant_01KJFYAYSFBDX01DPGXMX5ZMZX
prod_01KJFYAXR241D01WGKDDFGQHCG,parfum-item-10078,Mod Vanilla De Ariana Grande,published,,variant_01KJFYAYSE9BV4BKZHA446MJDP
prod_01KJFYAXR244YSG3MJE8XAGVDH,parfum-item-10079,Mod Blush De Ariana Grande,published,,variant_01KJFYAYSEM3VD0Y8SWVD4AHQA
prod_01KJFYAXR248JMJRDS4VYJMZN6,parfum-item-10076,Stallion 53 De Emper,published,,variant_01KJFYAYSECG7C180F237D5350
prod_01KJFYAXR24CQA2YWSKJ9631KJ,parfum-item-10086,We Are Tribe De Benetton,published,,variant_01KJFYAYSD6849CN3C2QH6HJPN
prod_01KJFYAXR29Q2P3HYV27WNZNHR,parfum-item-10069,Beautiful Day L'bonheur Castelbajac,published,,variant_01KJFYAYSFWSZP46DAW3NM1PD9
prod_01KJFYAXR2AZZ0KZNKSHAVQKVG,parfum-item-10082,Amber Oud Ultra Violet Al Haramain,published,,variant_01KJFYAYSE3KSB198DFYQ22AR9
prod_01KJFYAXR2E9SN510A8558H0WJ,parfum-item-10070,Beautiful Day In Love Castelbajac,published,,variant_01KJFYAYSEGQ917YJGA1NKZY99
prod_01KJFYAXR2HDRNDDSFG9SSZEJ1,parfum-item-10066,Homme Sport De Castelbajac,published,,variant_01KJFYAYSF2984SQ0RTBVFB36H
prod_01KJFYAXR2K854W7ZKNGR0J8YC,parfum-item-10083,Amber Oud Private Edition Al Haramain,published,,variant_01KJFYAYSDFCHHY7PJC6087SX1
prod_01KJFYAXR2MBA01R3M30Y833FM,parfum-item-10087,Eilish No 2 De Billie Eilish,published,,variant_01KJFYAYSDSEJTAP77S1V56FEM
prod_01KJFYAXR2MY7CZBRX8JHWDX6S,parfum-item-10077,Polo Blue De Ralph Lauren Parfum,published,,variant_01KJFYAYSEZSVMKDFB8HMEF2X0
prod_01KJFYAXR2P7WT4055VYYG9N9A,parfum-item-10068,Beautiful Day L'original Castelbajac,published,,variant_01KJFYAYSFNBHR4YWW1Y1VTQM9
prod_01KJFYAXR2Q622EGM88KT99S9N,parfum-item-10067,Homme De Castelbajac,published,,variant_01KJFYAYSFN2Y8CNSZNQ0KT8VY
prod_01KJFYAXR2QDNF0AVQ7TC5BARF,parfum-item-10080,Viking Rio De Bharara,published,,variant_01KJFYAYSEZ13FK871N4D765HQ
prod_01KJFYAXR2TVQMNC29AW9AWJAB,parfum-item-10085,We Are Tribe Intense De Benetton,published,,variant_01KJFYAYSD6X5KH9DQ4GR75111
prod_01KJFYAXR2W0BRMEY02HV7KKSJ,parfum-item-10089,Amber Noir Orientica,published,,variant_01KJFYAYSDWYQHPJPHPDKGMH7E
prod_01KJFYAXR2XT1T4QVNBDVXE45R,parfum-item-10084,Dylan Purple Versace,published,,variant_01KJFYAYSD2VVKXX52HNGN0JAY
prod_01KJFYAXR2Y1F7A3MFTGT8SR3T,parfum-item-10088,Bade'e Al Oud Honor & Glory Lattafa,published,,variant_01KJFYAYSD0XERB95TV8E9H6D9
prod_01KJFYAXR2ZK9GS8Y9DHYKM7S9,parfum-item-10075,Explorer Platinum De Montblanc,published,,variant_01KJFYAYSEF5A89G3C6Y6WAN28
prod_01KJFYAXR300NPNK2PZCXWQYJF,parfum-item-10052,Odyssey Aoud Armaf,published,,variant_01KJFYAYSGYZKZPA6NAKT658X6
prod_01KJFYAXR310D6EGKQDXRRBB9G,parfum-item-10049,Apus De Ahli,published,,variant_01KJFYAYSHVCTJWCVRRD1TKHP9
prod_01KJFYAXR368MVV0Z4ESST0YBN,parfum-item-10059,Seufi Al Fares,published,,variant_01KJFYAYSGZXT83Y76D0F67J24
prod_01KJFYAXR36DEHSGKTSRHXFRA3,parfum-item-10046,Il Bordeaux De Ilmin,published,,variant_01KJFYAYSHJ85D42891BPA2Z5B
prod_01KJFYAXR36Y8ZRKKZBYZXPCM6,parfum-item-10053,Odyssey Mandarin Sky Armaf,published,,variant_01KJFYAYSGZ58FE5MTWTH23P7C
prod_01KJFYAXR3AHVPH6DFBWQTZZ8G,parfum-item-10040,Al Qiam Gold De Lattafa Pride,published,,variant_01KJFYAYSHF8Y0BH0D12BDEYBG
prod_01KJFYAXR3AMFWYA9D44S77A0D,parfum-item-10057,Baroque Rouge 540 Maison Alhambra,published,,variant_01KJFYAYSGAKM1J9X0D8E9203G
prod_01KJFYAXR3BKBQNW5CNZ2V0485,parfum-item-10054,Odyssey Mega Armaf,published,,variant_01KJFYAYSGAGAFVG9FY8VYZBBE
prod_01KJFYAXR3BWBG7C9TEEYZ8JRC,parfum-item-10056,Musk Al Ghazal De Emper,published,,variant_01KJFYAYSGTC8Z8F8QY6EDC750
prod_01KJFYAXR3CV6HTAH989T92AZB,parfum-item-10050,Ara De Ahli,published,,variant_01KJFYAYSHX2GPVJ46X0J2NZ72
prod_01KJFYAXR3ENNKE911ZKS0V0TK,parfum-item-10051,Auriga De Ahli,published,,variant_01KJFYAYSGXE37TS8GMYV5NHV5
prod_01KJFYAXR3EXSZART7NFQJNS2R,parfum-item-10041,King Parfum De Bharara,published,,variant_01KJFYAYSH2DDN1D0250KBYP25
prod_01KJFYAXR3J45STNFQM45NP5Q5,parfum-item-10055,Odyssey Tyrant Armaf,published,,variant_01KJFYAYSG916083PMG6AZECB9
prod_01KJFYAXR3JAPFC720TV80M20E,parfum-item-10042,Fakhar Gold De Lattafa,published,,variant_01KJFYAYSH1ZRC3GDYF349FMZE
prod_01KJFYAXR3MH9YVF630TNDD4SA,parfum-item-10060,Oud Al Shahamah Al Fares,published,,variant_01KJFYAYSF2DY08K770D8Q6GMD
prod_01KJFYAXR3Q5RNNJRMAJ8DNT7W,parfum-item-10047,Corvus De Ahli,published,,variant_01KJFYAYSHZN23FY6FG79TGK0Z
prod_01KJFYAXR3RD22PT92Z3P4JPSP,parfum-item-10048,Gamma De Ahli,published,,variant_01KJFYAYSHNZK7WDSV9GVJB786
prod_01KJFYAXR3RZ5YXSBTGX0E3C8G,parfum-item-10062,Jawhar Al Oud Al Fares,published,,variant_01KJFYAYSFPP8HYQ4W7NT2PPN1
prod_01KJFYAXR3S7K1QYERNAJVCREF,parfum-item-10063,Emaan De Lattafa,published,,variant_01KJFYAYSFZ7TBD25XRBA0X2A0
prod_01KJFYAXR3SDVFE8AEG2T4964C,parfum-item-10043,Maahir Legacy De Lattafa,published,,variant_01KJFYAYSHQGX4QDC95YXGTJA5
prod_01KJFYAXR3T53K4R6FZ01HYV41,parfum-item-10064,Sakeena De Lattafa,published,,variant_01KJFYAYSF72HYDSYZKZWYQHZT
prod_01KJFYAXR3XQTKS7F79441G1AA,parfum-item-10058,Il Pi√©t√© De Ilmin,published,,variant_01KJFYAYSGS9BWA8KFMYR9J4T1
prod_01KJFYAXR412E37MW5G58A82F6,parfum-item-10033,Maharjan Gold De Lattafa,published,,variant_01KJFYAYSJ7P8MPNDNHW5D74S6
prod_01KJFYAXR42TVCDDR4AVXB3QNZ,parfum-item-10031,Al Areeq Gold De Lattafa,published,,variant_01KJFYAYSJ08MDQC9D4D5YTD0V
prod_01KJFYAXR4586G2TB8Q2WF17YF,parfum-item-10025,Q De Dolce & Gabbana,published,,variant_01KJFYAYSKKFY2P6QYQQ8DZPY0
prod_01KJFYAXR45BFNXVK2CGTBM19T,parfum-item-10018,Open Road De Coach,published,,variant_01KJFYAYSK45AEVDT3Y29FH1B9
prod_01KJFYAXR466AEZY84GB9HC6AJ,parfum-item-10034,Good Girl Gold Fantasy Carolina Herrera,published,,variant_01KJFYAYSJ3WY8A7QEAE23HV9W
prod_01KJFYAXR47EXNDTVARNKH01AA,parfum-item-10032,Blue Sapphire De Lattafa,published,,variant_01KJFYAYSJCRTPY1JXWD588ZF5
prod_01KJFYAXR49WN2FGWMWXVGZAB4,parfum-item-10019,Reveal De Calvin Klein,published,,variant_01KJFYAYSKVNC9GEXVW7TTRSVE
prod_01KJFYAXR4A21HFK6GT1RTT0QR,parfum-item-10035,My Way Intense De Giorgio Armani,published,,variant_01KJFYAYSJ5CJXW3H03460DY3J
prod_01KJFYAXR4F57N9VWSCN39KZK2,parfum-item-10020,Daddy Yankee,published,,variant_01KJFYAYSKN7DSXJ3SSBF0CJSV
prod_01KJFYAXR4FR4AW30SMVMQJ04G,parfum-item-10027,Al Fares Dalal De Emper,published,,variant_01KJFYAYSKPFFHZGKF9SAV5HHR
prod_01KJFYAXR4GXJ04832NPKBV95W,parfum-item-10039,Arabia Madame Le Chameau,published,,variant_01KJFYAYSJEV2YHJVBQW9SF825
prod_01KJFYAXR4JZTJN0H1BYQ8QWRT,parfum-item-10022,Ahlaami Al Fares Emper,published,,variant_01KJFYAYSKE41FZ7BC1C1B8R3T
prod_01KJFYAXR4SMFDMMQHMBVMVQDY,parfum-item-10036,Arabia Explorer Le Chameau,published,,variant_01KJFYAYSJPEWJ3PAH421Z64H2
prod_01KJFYAXR4TE4BXHX0MGRZ9SQ4,parfum-item-10030,Afaq De Lattafa Pride,published,,variant_01KJFYAYSJ36V2PWWWWDN91EY0
prod_01KJFYAXR4TYSYE7A11DBEGMM6,parfum-item-10015,Espada Prime Le Chameau,published,,variant_01KJFYAYSMCHG0W3JBRTY7EBH7
prod_01KJFYAXR4VJYDN3ZY4FPYGMTH,parfum-item-10017,Togs Unlimited White De Chevignon,published,,variant_01KJFYAYSMX9DW6KEKSVPGGPAA
prod_01KJFYAXR4WABFYCM1ARDRKJ6C,parfum-item-10016,Togs Unlimited De Chevignon,published,,variant_01KJFYAYSMY37AEZMRW7BNEN51
prod_01KJFYAXR4WTV24CMP5A8EMVBD,parfum-item-10028,Haya De Lattafa,published,,variant_01KJFYAYSKM5700SR0B2GEFDG6
prod_01KJFYAXR4XAGZRX6NXRWTMPNQ,parfum-item-10021,Dyamante De Daddy Yankee,published,,variant_01KJFYAYSKZ96TMZVZ1F7WQFH7
prod_01KJFYAXR4XV5QJ1DPVY8NCCNM,parfum-item-10029,Musk Mood De Lattafa,published,,variant_01KJFYAYSJ5X74BVEKBJN9PQ9S
prod_01KJFYAXR4YDKAD3WQ3RY7Z165,parfum-item-10023,Areej Al Oud De Al Fares,published,,variant_01KJFYAYSKM2GT7P49Z9C2NFJB
prod_01KJFYAXR50SC5KG3ERV4TCGBR,parfum-item-9975,Aventura De Santalis,published,,variant_01KJFYAYSPV7JXGD6VYN3TE5X8
prod_01KJFYAXR51TTA643YT50QRFGC,parfum-item-10005,Supremacy Not Only Intense De Afnan,published,,variant_01KJFYAYSNRBRYB5NYRA89M5WS
prod_01KJFYAXR51ZRM42BM9PMFA5MJ,parfum-item-10010,9 Am De Afnan,published,,variant_01KJFYAYSM9J20KTVZJT9WGFCB
prod_01KJFYAXR528ZFSJE0BRHQHBEM,parfum-item-9992,Yara Tous De Lattafa,published,,variant_01KJFYAYSNFQP0KPXCR66V5RFS
prod_01KJFYAXR55KN66QKMVEW9YWC8,parfum-item-9976,White Amber De Santalis,published,,variant_01KJFYAYSP2QPD06AERJRYE5D5
prod_01KJFYAXR57301K1TK3X8X72YM,parfum-item-9995,Gentleman Society De Givenchy,published,,variant_01KJFYAYSNTVRYJ47J8G0RB6AP
prod_01KJFYAXR58A1954JQXN7FHXRV,parfum-item-10014,La Rouge Baroque Extreme De Maison Alhambra,published,,variant_01KJFYAYSMG0WAPC2DDXJ4NQWD
prod_01KJFYAXR5CQM45TBM4XN23BXG,parfum-item-10007,Amber Oud Black Edition De Al Haramain,published,,variant_01KJFYAYSNHWV129W79TGEPS2V
prod_01KJFYAXR5E350008EDJ1DD0X9,parfum-item-9977,Yeah De Maison Alhambra,published,,variant_01KJFYAYSPCYHCYN7FHNHM23BA
prod_01KJFYAXR5EDESS1842MYGNF6E,parfum-item-10004,Supremacy Not Only Intense De Afnan,published,,variant_01KJFYAYSNHVJWE8A9XR0561MY
prod_01KJFYAXR5F4HT2RSSSCRQ543Q,parfum-item-9983,Game Of Spades Royale De Jo Milano,published,,variant_01KJFYAYSPAKPQDHE92VFGQX1W
prod_01KJFYAXR5GK0ZM9Q5YD2JXRKN,parfum-item-9981,Game Of Spades Bid De Jo Milano,published,,variant_01KJFYAYSPA8N9S7AZSERAWMYT
prod_01KJFYAXR5H28ZRQ9WM228EG8E,parfum-item-9980,Game Of Spades Rouge De Jo Milano,published,,variant_01KJFYAYSP02GHXWKFKJGPJ4BF
prod_01KJFYAXR5J7DCHVNRWS5G0X99,parfum-item-10008,Amber Oud Black Edition De Al Haramain,published,,variant_01KJFYAYSM539YQ4SSW2ZH41GM
prod_01KJFYAXR5JEAYJKYV3HFW46G1,parfum-item-10006,9 Am Dive De Afnan,published,,variant_01KJFYAYSNYVWYSX9RB46CA1TA
prod_01KJFYAXR5M9DMTK4YNW4QNPWY,parfum-item-9991,Maharjan Silver Lattafa,published,,variant_01KJFYAYSNM1Y5ARKFAC6EK89Z
prod_01KJFYAXR5QCNCEY0FH41VHQ5G,parfum-item-10013,Bad Boy Cobalt Electrique De Carolina Herrera,published,,variant_01KJFYAYSM604RGAFP0Q9WPPH7
prod_01KJFYAXR5S3KHT8AYZG5B6GPH,parfum-item-9985,Acqua Di Parisis Miami Sunset EDP Reyane Tradition Unisex,published,,variant_01KJFYAYSPSC9PZN3YKZMY5SAN
prod_01KJFYAXR5TDC7FEZW8Y8H6Q9G,parfum-item-9994,1 Million Royal Parfum De Paco Rabanne,published,,variant_01KJFYAYSN3599FN3DSMYA4P01
prod_01KJFYAXR5WP63KC65MZYMXSBD,parfum-item-9986,Acqua Di Parisis Capri Palace De Reyane Tradition,published,,variant_01KJFYAYSNSF402PDA39N74BZ1
prod_01KJFYAXR5X6ZDZ6A8E05C2SZJ,parfum-item-9984,Game Of Spades Queen De Jo Milano,published,,variant_01KJFYAYSPQT2NH9TMM58ZNX9J
prod_01KJFYAXR5YJ8JEVNPEKR0RVB2,parfum-item-10012,Amber Oud Black Edition De Al Haramain,published,,variant_01KJFYAYSMWRJNFMKJ8HWSAWBC
prod_01KJFYAXR60KXR0BB1VQ3RD1PY,parfum-item-9943,Roses Vanille De Mancera,published,,variant_01KJFYAYSSERMPXAR7KW3Y3S2E
prod_01KJFYAXR615CSDMT9ZQAZM6B6,parfum-item-9968,Art Du`parfum De Armaf,published,,variant_01KJFYAYSQJW1CZXV0CQCQ56P7
prod_01KJFYAXR626W6A5HH1ZDTKH3N,parfum-item-9949,Toscano Leather De Maison Alhambra,published,,variant_01KJFYAYSR8DRVH7WDTA8K9BX9
prod_01KJFYAXR63RP2FY1YGJ7WJ9X5,parfum-item-9946,Andromeda De Ahli,published,,variant_01KJFYAYSRKT9SQX1671ZWJZZC
prod_01KJFYAXR64XRP5SAW0Y73442R,parfum-item-9971,Velvet Rose De Lattafa,published,,variant_01KJFYAYSQMCW62NHE0GVPYKFX
prod_01KJFYAXR689261N1X7DAP7440,parfum-item-9965,Cassius De Maison Alhambra,published,,variant_01KJFYAYSQRMK2EYRH3MDN138R
prod_01KJFYAXR69KDBDNXBRZM1FYMV,parfum-item-9941,The Icon The Perfume Antonio Banderas,published,,variant_01KJFYAYSSNJZ469NP1544HSHZ
prod_01KJFYAXR6A0J2AJYTSQR4WQQ6,parfum-item-9967,Ego Exotic De Armaf,published,,variant_01KJFYAYSQEV8A5HK45F94M6FK
prod_01KJFYAXR6A4AARXC09BFRX31J,parfum-item-9947,Vega Gold De Ahli,published,,variant_01KJFYAYSR3H54FGMNF35RGNK6
prod_01KJFYAXR6DHBAPC3PMM6FBVFG,parfum-item-9954,Bade'e Al Oud Sublime De Lattafa,published,,variant_01KJFYAYSRT8H0ENKW8YMCBAV8
prod_01KJFYAXR6E0HJKFBEVGWRK94C,parfum-item-9959,Al Areeq Silver De Lattafa Pride,published,,variant_01KJFYAYSQH09158DJCSYZ8VVG
prod_01KJFYAXR6E41406169CQXABB8,parfum-item-9950,Mayar De Lattafa,published,,variant_01KJFYAYSRFVHM7JXV9X8YMG33
prod_01KJFYAXR6F865MMKEKYCTCMSZ,parfum-item-9974,Al Hayba De Santalis,published,,variant_01KJFYAYSPDVF8XRWBY1W65FR6
prod_01KJFYAXR6G8C2BGXNQ2P9AQCR,parfum-item-9958,Ishq Al Shuyukh Gold De Lattafa,published,,variant_01KJFYAYSRCYJ63PPG53W5F8A8
prod_01KJFYAXR6GYXR6P0KW8P6JFYF,parfum-item-9952,Viking Kashmir De Bharara,published,,variant_01KJFYAYSRQ8W1EWW129KGYF3V
prod_01KJFYAXR6HB5E13GXW6GCHX14,parfum-item-9961,Good Girl Blush De Carolina Herrera,published,,variant_01KJFYAYSQ8E6JE3MK24JRNRVB
prod_01KJFYAXR6JY79N0TT9YMB2XMT,parfum-item-9953,Supremacy In Oud De Afnan,published,,variant_01KJFYAYSRMAXJTFATKETQE18V
prod_01KJFYAXR6REPA4EYKWR15QJ2P,parfum-item-9955,Love Rush De Paris Hilton,published,,variant_01KJFYAYSR0Z0P0QS21PA76VMJ
prod_01KJFYAXR6S3YY8KWZZACZM06Y,parfum-item-9944,Naos De Ahli,published,,variant_01KJFYAYSS0F6CT4NKX4FMB6YM
prod_01KJFYAXR6TKPM0PTN2ZX81SZW,parfum-item-9960,Reyna De Maison Alhambra,published,,variant_01KJFYAYSQ8QAK9E6S42XKN2W6
prod_01KJFYAXR6VDXB4YMADQ128HA6,parfum-item-9969,Voyage Titan De Armaf,published,,variant_01KJFYAYSQC10X9329VQG5GCB8
prod_01KJFYAXR71A30YTY4S2KHV65H,parfum-item-9910,Ristretto Intense Caf√® De Montale,published,,variant_01KJFYAYSVY9S706T5NC5EVHYE
prod_01KJFYAXR71GTNF02ECFD1MRG9,parfum-item-9909,Tonka Cola De Mancera,published,,variant_01KJFYAYSVM0Y3KNGVRJ3FSTM9
prod_01KJFYAXR738S00VKJZVJT4HB4,parfum-item-9919,Valentino Uomo Intense De Valentino,published,,variant_01KJFYAYST7A80CZ7Z3SHFHMRD
prod_01KJFYAXR74WJ51JDMYVMC9N0N,parfum-item-9905,Chrome Under The Pole De Azzaro,published,,variant_01KJFYAYSVHKYDVAYEWVMHEK0J
prod_01KJFYAXR7542RYDBFAPWY465W,parfum-item-9928,Viking Cairo De Bharara,published,,variant_01KJFYAYSTZS0H15SXCNTXRVRS
prod_01KJFYAXR7606JBD2KFQ1NRZXR,parfum-item-9936,Ana Al Awwal Maleki De Nusuk,published,,variant_01KJFYAYSSDDA7GGN8D5STNXTH
prod_01KJFYAXR773BM0DJW5JPN4CKQ,parfum-item-9938,Expose Intense Men De Maison Alhambra,published,,variant_01KJFYAYSS6057TTYNPA59K6BP
prod_01KJFYAXR79T0H48C4QCVMAYS0,parfum-item-9916,Kismet Magic Maison Alhambra,published,,variant_01KJFYAYSVXYB6MGTCTTFHZ6P0
prod_01KJFYAXR79XZCN8VYBCMNJE47,parfum-item-9911,King De Bharara,published,,variant_01KJFYAYSVKYCZF47NS0B6MHSH
prod_01KJFYAXR7AVJVA722M60SH3KA,parfum-item-9908,Defy De Calvin Klein,published,,variant_01KJFYAYSV6H46FGHB2RT0H7WM
prod_01KJFYAXR7CPKXBMVKEXVJ03W0,parfum-item-9925,Sparkle De Kate Spade,published,,variant_01KJFYAYST77A50NC4XD4YK93V
prod_01KJFYAXR7GB6NZ4JG3ZV9RTDD,parfum-item-9906,Tuscany Leather De Fragrance World,published,,variant_01KJFYAYSV4WY8G3AMH88YWKGV
prod_01KJFYAXR7GEESR48AZ8G3NBCF,parfum-item-9921,Dafa Al Rooh De Al Wataniah,published,,variant_01KJFYAYSTNRB87HP054FSC81R
prod_01KJFYAXR7HTZRMS5XMSPZ23KR,parfum-item-9933,Al Noble Ameer De Lattafa,published,,variant_01KJFYAYSSRK9W5YY98A2WJKSV
prod_01KJFYAXR7HY07TZ31HV4YJQME,parfum-item-9926,Viking Beirut De Bharara,published,,variant_01KJFYAYSTEF3WKT6GA10BA21M
prod_01KJFYAXR7JP02HF905RSG9WDJ,parfum-item-9927,Al Qiam Silver De Lattafa Pride,published,,variant_01KJFYAYSTT1HJWSMB1TZRY436
prod_01KJFYAXR7Q9GMR8T3NHFAFQ24,parfum-item-9934,Al Noble Wazeer De Lattafa,published,,variant_01KJFYAYSSVWVYG5ZCFTZEPBJ5
prod_01KJFYAXR7TTJXPK3J1M5DAPEX,parfum-item-9932,Al Noble Safeer De Lattafa,published,,variant_01KJFYAYSTTVN0BG18J2C7PQKB
prod_01KJFYAXR7VAHACZKV9FK4HA2V,parfum-item-9939,Expose Blanc Maison Alhambra,published,,variant_01KJFYAYSSCXQH9F5T7C7X14VW
prod_01KJFYAXR7X4CP6FDYC3ZP2J3Q,parfum-item-9918,Oud Al Rumaan Wasam De Lattafa,published,,variant_01KJFYAYSTB7ARRXKH56CARZQG
prod_01KJFYAXR7YQQWGV3RFCRAWCM6,parfum-item-9920,Lahdath De Lattafa Pride,published,,variant_01KJFYAYSTPHFWFNT1WPW6Z69R
prod_01KJFYAXR82TJM9FA8ZABWP03K,parfum-item-9866,Rose Petals De Maison Alhambra,published,,variant_01KJFYAYSX3420877NF2DWA6TE
prod_01KJFYAXR857NXSZ0CPCE9EG8J,parfum-item-9855,Il Noir De Ilmin,published,,variant_01KJFYAYSY25P10H05FNH4WDQM
prod_01KJFYAXR85RWDKQF86S2BV6V1,parfum-item-9858,Club De Nuit Urban Man Elixir De Armaf,published,,variant_01KJFYAYSYPXJCSGGM68VSWQMC
prod_01KJFYAXR88A2XSM98NCWW04XG,parfum-item-9882,9 Pm De Afnan,published,,variant_01KJFYAYSWH0NM53S6CQ1GZ898
prod_01KJFYAXR89B31VEC0GB27X7X7,parfum-item-9871,Prada Amber Pour Homme Intense,published,,variant_01KJFYAYSXJC8ZXTPJZXKRYN22
prod_01KJFYAXR8BMDKTWQAEBP8MDJZ,parfum-item-9870,Yara Moi De Lattafa,published,,variant_01KJFYAYSXMVDGDY2ZEEYT6AEN
prod_01KJFYAXR8DHNMKB59HFBDYQ9M,parfum-item-9868,Oud Mood Elixir De Lattafa,published,,variant_01KJFYAYSXW49EG94E79BE3PDW
prod_01KJFYAXR8DRHZNX0CP19XYA6X,parfum-item-9889,Inebriante Hnd,published,,variant_01KJFYAYSW65GC67BWZRY71FB6
prod_01KJFYAXR8FGGB4XQV4YNYB9BF,parfum-item-9862,Salvo De Maison Alhambra,published,,variant_01KJFYAYSXENM65TWRVFH0S2PM
prod_01KJFYAXR8G776VV39JGDJZY1H,parfum-item-9869,Oud Mood Reminiscence De Lattafa,published,,variant_01KJFYAYSXFQX2KZRXMTMA04TK
prod_01KJFYAXR8GSB0R03FHHF00H5E,parfum-item-9899,Bleecker Street Bond 9,published,,variant_01KJFYAYSW67R76FNFEWCFHP7Y
prod_01KJFYAXR8HP8741YM4CBX9KT9,parfum-item-9878,9 Am Pour Femme De Afnan,published,,variant_01KJFYAYSW2SPWBN0A2VARAPXH
prod_01KJFYAXR8J69H991CFW2PYA1E,parfum-item-9893,Hala De Al Wataniah,published,,variant_01KJFYAYSW9KQ6MV94F5QGKCAZ
prod_01KJFYAXR8N1QHK5Y7680CSYF1,parfum-item-9901,Bakhoor Royal Ocean Cool & Cool,published,,variant_01KJFYAYSW0TC5V3SVS2AJF409
prod_01KJFYAXR8QHE088JG93RFKPG9,parfum-item-9903,Oud Desert Gold Cool & Cool,published,,variant_01KJFYAYSV49DT9QEV5VTDZ5B2
prod_01KJFYAXR8R3Q2YRCC8W7FAR55,parfum-item-9861,Viking Dubai De Bharara,published,,variant_01KJFYAYSX7CWAN1YMJ9AT64MV
prod_01KJFYAXR8SG7GGMAEG3SWJ6JZ,parfum-item-9900,Amber Divine Passion Cool & Cool,published,,variant_01KJFYAYSW3FPMCNQE8SDD55ZB
prod_01KJFYAXR8SN4SSXS8A9V7TTS3,parfum-item-9902,Musk Eternal Vogue Cool & Cool,published,,variant_01KJFYAYSVH5ASQ3CXE8FKF568
prod_01KJFYAXR8VZ0KX2W5WMHCAEFE,parfum-item-9897,Roses Musk De Montale,published,,variant_01KJFYAYSW4G7WG4J0D9YKBV4N
prod_01KJFYAXR8W78JQN5X6FJ2CBGA,parfum-item-9872,Hayati De Al Haramain,published,,variant_01KJFYAYSXDCB02R80R4VDPCWA
prod_01KJFYAXR8WJEAATZ05XXA2NYF,parfum-item-9859,Amber & Leather Maison Alhambra,published,,variant_01KJFYAYSY5GZZZQTDYTVA15DK
prod_01KJFYAXR8XXQEV8Z7P98S6YFS,parfum-item-9864,Bright Peach De Maison Alhambra,published,,variant_01KJFYAYSXP8ZAQJPFM18K1K7Y
prod_01KJFYAXR936F3A9RK0JZ0AEJR,parfum-item-9853,Il √ârotique De Ilmin,published,,variant_01KJFYAYSYD7Q3TZ9DAQNHR5TA
prod_01KJFYAXR93ZD7K22KDSTX19VH,parfum-item-9833,Il Sont De Ilmin,published,,variant_01KJFYAYSZ5X8Z9XE2FFN1JXXH
prod_01KJFYAXR95280ATFGEVRWF2CZ,parfum-item-9824,Ra'ed Silver Lattafa,published,,variant_01KJFYAYT0NRRJ74PTF3JPGDVF
prod_01KJFYAXR96G8VKE7B3SR1YZXA,parfum-item-9852,Il √ârotique De Ilmin Oro 24K,published,,variant_01KJFYAYSYXPEQC794GK8C1VKF
prod_01KJFYAXR973RYMNHQ9SDJ2FD6,parfum-item-9830,Invictus Platinum De Paco Rabanne,published,,variant_01KJFYAYT0MAMEPPGA9NBM9ZNR
prod_01KJFYAXR97PEPPGPC7HMDEMDK,parfum-item-9823,Ramz Silver De Lattafa,published,,variant_01KJFYAYT0WX3X5BBNFC82J1G3
prod_01KJFYAXR97Y8CMCVYK75WAGQX,parfum-item-9848,Il Mexico De Ilmin,published,,variant_01KJFYAYSYS9V2RNMTHMFWHCKB
prod_01KJFYAXR9BNZ34K5PK7V3AJDT,parfum-item-9849,Il Oomph De Ilmin,published,,variant_01KJFYAYSYEPW2PJZVM6HVMHE4
prod_01KJFYAXR9J5CFY81P0XN8RDSY,parfum-item-9850,Il Ego De Ilmin,published,,variant_01KJFYAYSY6PFBFNV1CP1GTPR4
prod_01KJFYAXR9JYATGVF1C93GA53H,parfum-item-9837,Il Dolce De Ilmin Oro 24K,published,,variant_01KJFYAYSZHSNPERAD4MVFM0ZM
prod_01KJFYAXR9M5EFSFQYCHZGN7HV,parfum-item-9828,Fantasy Naked Britney Spears,published,,variant_01KJFYAYT01HWHJPFY1BMA5RQN
prod_01KJFYAXR9MD31G2QAEESQ2BSR,parfum-item-9844,Versus Red Jeans De Versace,published,,variant_01KJFYAYSZ28KW22RDQMJ9PHJQ
prod_01KJFYAXR9P7CC81TN0HY7DAWS,parfum-item-9838,Il Aroma De Ilmin,published,,variant_01KJFYAYSZZYCPXRZ35HJ1SE86
prod_01KJFYAXR9PAG6VVSGFDXVFYRP,parfum-item-9845,Viva La Juicy Petals Please Juicy Couture,published,,variant_01KJFYAYSZCV9APXDEZ3215G9Q
prod_01KJFYAXR9Q092H9BVJF9MDZ9P,parfum-item-9829,Salvatore Pour Homme De Salvatore Ferragamo,published,,variant_01KJFYAYT01230NM66EB2KMBKH
prod_01KJFYAXR9RGCKFYFFZFFE59SH,parfum-item-9834,Il Snob De Ilmin,published,,variant_01KJFYAYSZGHCCJ2BQ9QNR2J7S
prod_01KJFYAXR9RZV42WC4T49MJ3CG,parfum-item-9841,Il Bee De Ilmin,published,,variant_01KJFYAYSZBNPNF5QR7F4CD9H7
prod_01KJFYAXR9T0S84FVY8CDX3GQS,parfum-item-9854,Il Rojo De Ilmin,published,,variant_01KJFYAYSY2Q5GAGHQ36X7KWYK
prod_01KJFYAXR9V1WHC75XTTNF4QWR,parfum-item-9835,Il Sexuel De Ilmin,published,,variant_01KJFYAYSZYZ5XCQVJM7WP0JKJ
prod_01KJFYAXR9WYH4AK5XPRV0FX2H,parfum-item-9843,Merak√°i Bliss De Patek Maison,published,,variant_01KJFYAYSZ98H5J8PF3QHCTDZC
prod_01KJFYAXR9Y09F0W2PS4KGAYXB,parfum-item-9832,Il Vert De Ilmin,published,,variant_01KJFYAYT0FPJMKPENB7QQR2YD
prod_01KJFYAXRA45J748W70EK7AS4D,parfum-item-9798,Amber Oud Gold Edition Al Haramain,published,,variant_01KJFYAYT2N7CBZRYPAD00XPZE
prod_01KJFYAXRA4KZ1GCFVQWJ0F8DT,parfum-item-9810,Rave Now Black Edition De Lattafa,published,,variant_01KJFYAYT1023TDHMKADCVYJVQ
prod_01KJFYAXRA5E7QXPE2NH42C324,parfum-item-9806,Dream De Shakira,published,,variant_01KJFYAYT1EAR00XP67RJW1HH7
prod_01KJFYAXRA5EB2PMFKM8RQ91DX,parfum-item-9804,Tous Man Chill,published,,variant_01KJFYAYT1HRYWMASYWK3RJYFW
prod_01KJFYAXRA5FGJ5NTASRMWT9TV,parfum-item-9808,Dance Diamonds De Shakira,published,,variant_01KJFYAYT1W5Y4VGBGTQ7JVES4
prod_01KJFYAXRA6WEYTRZGYK2DK0HM,parfum-item-9795,French Riviera De Mancera,published,,variant_01KJFYAYT2HYZAKTM2AVGCK08M
prod_01KJFYAXRA9WHRAZX3A5TR27ER,parfum-item-9821,Stronger With You Absolutely Emporio Armani,published,,variant_01KJFYAYT00R78KRD3QRSATZGZ
prod_01KJFYAXRABS8MWK5PXTMKFA3N,parfum-item-9819,Club De Nuit Untold De Armaf,published,,variant_01KJFYAYT1E5D3403JSA8PNV2N
prod_01KJFYAXRADR3ZZ1SX6GVDGTKZ,parfum-item-9818,Club De Nuit Iconic De Armaf,published,,variant_01KJFYAYT11YK83TDA61PG2WAT
prod_01KJFYAXRAES0ZNJT642S8TZKE,parfum-item-9788,Jean Lowe Nouveau De Maison Alhambra,published,,variant_01KJFYAYT23J910TAQ8V53XHRG
prod_01KJFYAXRAFQBBV5JMXSY9AFWV,parfum-item-9780,Tharwah Gold De Lattafa,published,,variant_01KJFYAYT346YTSF0RN8MNQCAH
prod_01KJFYAXRAFX0WD0Z9Q0090XB6,parfum-item-9783,Khamrah De Lattafa,published,,variant_01KJFYAYT3CF1BP5X8GF6128V2
prod_01KJFYAXRAH3VPABGEQE2G74XX,parfum-item-9785,Jean Lowe Immortel Maison Alhambra,published,,variant_01KJFYAYT2AJMB2EPEEEA5GFZP
prod_01KJFYAXRAKESR0J1ZDX8G9HC9,parfum-item-9800,Central Park West Bond No 9 Nyc,published,,variant_01KJFYAYT27W6DWPMMC7E1M41E
prod_01KJFYAXRAR3ARXTFY9JFRD4PW,parfum-item-9822,High Line Bond No 9 Nyc,published,,variant_01KJFYAYT0H7RQZGQ0B2NGGPG6
prod_01KJFYAXRAS90822MMNRCNDR7B,parfum-item-9796,Eilish De Billie Eilish,published,,variant_01KJFYAYT2TR6P2VYM1A5NKS5Y
prod_01KJFYAXRAWB232QG9EQZX3ZQ1,parfum-item-9801,Wall Street Bond No 9 Nyc,published,,variant_01KJFYAYT2K88FA2Q13S0MT8YV
prod_01KJFYAXRAWNHSHEZSFB89W1R3,parfum-item-9816,Young Sexy Lovely De Ysl,published,,variant_01KJFYAYT1BQK6FB8H43BCWPWE
prod_01KJFYAXRAX04Z8SKY5EMCBCAD,parfum-item-9817,Club De Nuit White Imperiale Armaf,published,,variant_01KJFYAYT19HAG6CB81E5SXFQT
prod_01KJFYAXRAYSSZBFD8MTX1HZ4Z,parfum-item-9807,Dance Red Midnight De Shakira,published,,variant_01KJFYAYT1E9MFN0NY5MWMXS1Z
prod_01KJFYAXRAZAM83QK6DV0Q6FDS,parfum-item-9787,Jean Lowe Maitre De Maison Alhambra,published,,variant_01KJFYAYT23ZN5RNEQG867AZW2
prod_01KJFYAXRB0DGH6DQGTB0Z7A78,parfum-item-9750,9 Pm De Afnan,published,,variant_01KJFYAYT5D0CKRX6HX1C6JN7Z
prod_01KJFYAXRB0FXMVCFH16BH2XN1,parfum-item-9776,Il Kakuno De Ilmin,published,,variant_01KJFYAYT32NF15KHRZ8C8525N
prod_01KJFYAXRB11DD8A50GEWT4CHC,parfum-item-9773,Masterpiece De Metropolis,published,,variant_01KJFYAYT3KJZSYKYAJK4BTV2F
prod_01KJFYAXRB3FMSG2DBH02RZTA1,parfum-item-9753,Supremacy Noir De Afnan,published,,variant_01KJFYAYT4S6JMHPXBSAH3GAB0
prod_01KJFYAXRB4M08RFBZ1T3QA2X6,parfum-item-9761,Aqua Palma De Montale,published,,variant_01KJFYAYT4KZEEFEMBCK0W2ERJ
prod_01KJFYAXRB6RY5V6DWWT9FSZ51,parfum-item-9739,Delilah De Maison Alhambra,published,,variant_01KJFYAYT5DCNFSVD4PMA4QDY9
prod_01KJFYAXRB7VS0HNFJCVGV163E,parfum-item-9752,Supremacy Gold De Afnan,published,,variant_01KJFYAYT5K4N105F8STDXT81K
prod_01KJFYAXRB9CR3Y2Q3E3C26B4Q,parfum-item-9755,Amber Oud Bleu Edition Al Haramain,published,,variant_01KJFYAYT4VN5X31DVZEX8E06H
prod_01KJFYAXRB9HX503P84DCTMRHH,parfum-item-9769,Loewe 7 Cobalt De Loewe,published,,variant_01KJFYAYT4KDDR28D452DNTH3C
prod_01KJFYAXRB9WAKRVK8PG8VDHXM,parfum-item-9766,Gentleman De Givenchy,published,,variant_01KJFYAYT4XAZ6T8RMEPA97ZWV
prod_01KJFYAXRBDFS4E7XH09XX8CB2,parfum-item-9754,Supremacy Silver De Afnan,published,,variant_01KJFYAYT40D2PK0Z23571HZNX
prod_01KJFYAXRBFPWWEBF2C26Z07E7,parfum-item-9758,Good Fortune Viktor & Rolf,published,,variant_01KJFYAYT4JX428NN2BGXJXF3M
prod_01KJFYAXRBHYWQRS8ZHBA7NZDP,parfum-item-9747,Ishq Al Shuyukh Silver De Lattafa,published,,variant_01KJFYAYT58T9JZ417J4AEV55W
prod_01KJFYAXRBM3N8D5P506PC1GME,parfum-item-9771,Green Valley Village De Metropolis,published,,variant_01KJFYAYT3PB4V779NMN0J0XSP
prod_01KJFYAXRBMGSE3WWSGEVSDJ6Q,parfum-item-9746,Shaheen Gold De Lattafa,published,,variant_01KJFYAYT5Z4CEFMECQPQXZRRB
prod_01KJFYAXRBPZSAQTK0DXJSRK4V,parfum-item-9774,Night Party De Metropolis,published,,variant_01KJFYAYT39NNQN0JXV1KCBW7Z
prod_01KJFYAXRBT1005BD8EZBCQY9D,parfum-item-9772,Hot Lips De Metropolis,published,,variant_01KJFYAYT3T9PBVBDRWBVVBA37
prod_01KJFYAXRBT9A4FKWHQQ7MZZ3N,parfum-item-9749,Kedu De Memo Paris,published,,variant_01KJFYAYT52D57G9SQ005HGHR5
prod_01KJFYAXRBV44GEH4PPKBTKQ06,parfum-item-9768,Aura Floral De Loewe,published,,variant_01KJFYAYT45A9D8YF2RTNS9HS6
prod_01KJFYAXRBWJ8DFQ034S0SFXDR,parfum-item-9744,Eternal Oud De Lattafa,published,,variant_01KJFYAYT5ERB9WAS0C7ATQCMC
prod_01KJFYAXRBYRZH2YFW817JRNR0,parfum-item-9779,Awaan De Lattafa,published,,variant_01KJFYAYT3KETY9Z27PQA4R57T
prod_01KJFYAXRC00XVFPM6ACCYJ2KF,parfum-item-9729,Shaheen Silver De Lattafa,published,,variant_01KJFYAYT6SDJEQBW084HHM7B4
prod_01KJFYAXRC0KBYQ95JSQN4P4DJ,parfum-item-9619,Asad De Lattafa,published,,variant_01KJFYAYT7B0JSZW5T38BJDD6J
prod_01KJFYAXRC0SWRJBRHZ5MF8A10,parfum-item-9730,Musamam De Lattafa,published,,variant_01KJFYAYT6TRTAQ9F9EAJZC91Z
prod_01KJFYAXRC1B3FRE16C9FFXXTJ,parfum-item-9615,Ameer Al Oudh Intense Oud De Lattafa,published,,variant_01KJFYAYT7GR53S1TFXT2R73YB
prod_01KJFYAXRC2CJS9V6JYE8W8FFN,parfum-item-9737,Invictus De Paco Rabanne,published,,variant_01KJFYAYT5EB57ZXDAHYZ52TQY
prod_01KJFYAXRC34XZ78EKXPGMGN1D,parfum-item-9586,Fleur De Pecher Karl Lagerfeld,published,,variant_01KJFYAYT872A37PTJ55RYSPCH
prod_01KJFYAXRC51DMHV5NEYM2WTA1,parfum-item-9613,Opulent Musk De Lattafa,published,,variant_01KJFYAYT757ZZVTHJP76TG02A
prod_01KJFYAXRC5M9W9B6M6RMWY2P8,parfum-item-9598,Maahir De Lattafa,published,,variant_01KJFYAYT8VHESAD3F30N2AXTR
prod_01KJFYAXRCB3HGCW6WCDF7NRZY,parfum-item-9727,Nebras De Lattafa,published,,variant_01KJFYAYT6GQPGMMSQFK4W7SP1
prod_01KJFYAXRCDRJ29AHVNPXK3CTB,parfum-item-9599,Ajwad De Lattafa,published,,variant_01KJFYAYT77EDA207FYHYX36K5
prod_01KJFYAXRCDW1FXMYS21TEE1VR,parfum-item-9733,Galatea Maison Alhambra,published,,variant_01KJFYAYT64MGY5GP21XBMFT4F
prod_01KJFYAXRCHF7SZESR6G8F7RY1,parfum-item-9734,Lail Maleki De Lattafa,published,,variant_01KJFYAYT6VJ0BPAMYV4RZ5YN1
prod_01KJFYAXRCKRXQY6NRYMJXKKAS,parfum-item-9617,Qaed Al Fursan De Lattafa,published,,variant_01KJFYAYT7RCJ9DJEQ4W62AKPG
prod_01KJFYAXRCNERF1CAHN4HKPK29,parfum-item-9597,Maahir Black Edition De Lattafa,published,,variant_01KJFYAYT8HXKG5XC6FVW3QT2V
prod_01KJFYAXRCNY0M53CPWV6FDRYG,parfum-item-9614,Oud Mood De Lattafa,published,,variant_01KJFYAYT7MRJRYRG1FWMQRMQ1
prod_01KJFYAXRCP35705G7KKTZDFS7,parfum-item-9594,Ilha Do Mel De Memo Paris,published,,variant_01KJFYAYT8JP08TP9Y1DPKRV7A
prod_01KJFYAXRCQB020R2MNWSY750C,parfum-item-9618,Qaed Al Fursan Unlimited De Lattafa,published,,variant_01KJFYAYT7H1HJD8QYDW563QGX
prod_01KJFYAXRCQF7SKANF85D1PFGJ,parfum-item-9728,Suqraat De Lattafa,published,,variant_01KJFYAYT6GS23H4PWPNE8J8SF
prod_01KJFYAXRCQP0FSA3F2DEWN4MG,parfum-item-9626,Blue Oud De Lattafa,published,,variant_01KJFYAYT6D2EY411K2H9NKPZG
prod_01KJFYAXRCSX6BPR3B7XE3XW0N,parfum-item-9600,Irish Leather De Memo Paris,published,,variant_01KJFYAYT7X603WNV9SJ73CWBB
prod_01KJFYAXRCW9HD6QG1J0MR150Y,parfum-item-9602,Jannat De Memo Paris,published,,variant_01KJFYAYT7ZCRKF2HKDSD6R2V8
prod_01KJFYAXRCY1BWAKMK2N1WMVEK,parfum-item-9624,Drakkar Intense De Guy Laroche,published,,variant_01KJFYAYT6X8R4NC6QT0GDRRE8
prod_01KJFYAXRD00QW6CQYVJXZM262,parfum-item-9556,Coach Wild Rose De Coach,published,,variant_01KJFYAYTAH4Y7M934T7X25TSN
prod_01KJFYAXRD0DPP2PABPSYQ5Y4Y,parfum-item-9568,Kismet De Maison Alhambra,published,,variant_01KJFYAYT9VWMB304E3BM5XJBR
prod_01KJFYAXRD2YDHWW9NKNA20QM2,parfum-item-9580,Xo Xclusif Oud Sport De Orientica,published,,variant_01KJFYAYT80GES60KNMKSRWC8K
prod_01KJFYAXRD5M227V235HAR5853,parfum-item-9562,L'aventure Gold De Al Haramain,published,,variant_01KJFYAYTADCHZJPB9WWB9S2KZ
prod_01KJFYAXRD674E8DWJBJE79M7B,parfum-item-9551,Yara De Lattafa,published,,variant_01KJFYAYTBHKF9J9SNAXETFXJB
prod_01KJFYAXRD7G5NRQGGQJQQPFCK,parfum-item-9581,Xo Xclusif Oud Classic De Orientica,published,,variant_01KJFYAYT8ZRAR9PEDKVAMSP8M
prod_01KJFYAXRD7X1EH2XCNT615MZQ,parfum-item-9554,Orientica Royal Bleu De Al Haramain,published,,variant_01KJFYAYTAJ8F4JW39KGRGGYVN
prod_01KJFYAXRD8K6F2XAM94269DBC,parfum-item-9579,Xo Xclusif Oud Bleu De Orientica,published,,variant_01KJFYAYT8JH5J1Y94SP72R7X3
prod_01KJFYAXRD9BRH19FKW719DVJ6,parfum-item-9584,Flower De Kenzo L'absolue,published,,variant_01KJFYAYT885HYBKS0FK5HWKJZ
prod_01KJFYAXRDDP1F51Q0J05XP3JN,parfum-item-9561,Dynamic De Bharara,published,,variant_01KJFYAYTA9DK2EXP3X8P7GM50
prod_01KJFYAXRDDW71S4GPEXFCPTZQ,parfum-item-9552,I Want Choo De Jimmy Choo,published,,variant_01KJFYAYTA9PNS83JNENGGB7MM
prod_01KJFYAXRDE49P09GJKSB4MPDA,parfum-item-9570,Kismet Moscow De Maison Alhambra,published,,variant_01KJFYAYT9D4G42SVD72CKV4ZG
prod_01KJFYAXRDE568J2FGP61RHWSS,parfum-item-9577,Amber Oud Gold Edition Extreme De Al Haramain,published,,variant_01KJFYAYT91V1TQN8X3WHBG17W
prod_01KJFYAXRDGPYQRJRF8MKAHC30,parfum-item-9569,Kismet De Maison Alhambra,published,,variant_01KJFYAYT9ZC37M7XJ8K3YN8JF
prod_01KJFYAXRDHAA2S2BZ8BAWF3CX,parfum-item-9549,Washwashah De Lattafa Pure Concentrated,published,,variant_01KJFYAYTBX8MRVS75CQ193D8W
prod_01KJFYAXRDMXJSP7EZB6GMEAPE,parfum-item-9555,Delina Exclusif Parfums De Marly,published,,variant_01KJFYAYTAZG8D2NWZX2CS99CK
prod_01KJFYAXRDPHC9WA57TDPEJ8AD,parfum-item-9559,Infini Rose De Maison Alhambra,published,,variant_01KJFYAYTADYMBS5A2PE36WT11
prod_01KJFYAXRDQGR79CKR07MW0NDA,parfum-item-9573,Loveme The Silver Parfum De Tous,published,,variant_01KJFYAYT90SGNAV6ZR64697TR
prod_01KJFYAXRDRMXJN2ZT0XPV938X,parfum-item-9565,Game Of Spades Win De Jo Milano,published,,variant_01KJFYAYT9VJEX6JHG7D2VJ4MT
prod_01KJFYAXRDTFFJW464W2SW4WZ8,parfum-item-9563,L'aventure Gold De Al Haramain,published,,variant_01KJFYAYT94192H9NHBXNGMFQW
prod_01KJFYAXRDTN4QX0YSV28RY7E5,parfum-item-9560,L¬•aventure Rose De Al Haramain,published,,variant_01KJFYAYTAQD2XMPF40TY1AG39
prod_01KJFYAXRDV50ZW3CJSTSGHSMV,parfum-item-9576,Amber Oud Gold Edition Extreme De Al Haramain,published,,variant_01KJFYAYT96W8673DXZCM8TGKJ
prod_01KJFYAXRE1QKKZPYK4NS7Z5TF,parfum-item-9544,Guess Effect De Guess,published,,variant_01KJFYAYTBGZVRSDQKS2GV1HFG
prod_01KJFYAXRE284J64SENWEB9QK0,parfum-item-9500,Classique De Jean Paul Gaultier,published,,variant_01KJFYAYTCZGG6AVFCSFTDXD1M
prod_01KJFYAXRE2NVGNKB4YW4NVYC2,parfum-item-9494,Colors Rose Intenso De Benetton,published,,variant_01KJFYAYTDSJFFMJDSRVH0NRJA
prod_01KJFYAXRE3P8YB2NDPWX62SEF,parfum-item-9537,Ana Al Awwal De Nusuk Silver,published,,variant_01KJFYAYTB3CADBZPQJWDMZNES
prod_01KJFYAXRE67MXCDM7WJX723KZ,parfum-item-9511,Light Blue Italian Love Dolce & Gabbana,published,,variant_01KJFYAYTCSESGM9R6RZTC03BC
prod_01KJFYAXRE8BR29H8AH3YASGB5,parfum-item-9522,Burberry Her Blossom De Burberry,published,,variant_01KJFYAYTC75XC5SX4C58MRQXX
prod_01KJFYAXRE901BJCXQJ6HWYQ8A,parfum-item-9534,Our Moment De One Direction,published,,variant_01KJFYAYTBH62P1VA24K71GF7S
prod_01KJFYAXRE9QCX4NW9SR8GG85Y,parfum-item-9540,Fig Extasy De Mancera,published,,variant_01KJFYAYTBF8853MT4RQ7YD5B7
prod_01KJFYAXREACMZH94J8FJKM50W,parfum-item-9495,Lacoste Red De Lacoste,published,,variant_01KJFYAYTD2TAZADWXRC3DQ431
prod_01KJFYAXREEJ8B6JZAPABZXKQB,parfum-item-9502,Chypre Fruite De Montale,published,,variant_01KJFYAYTCZ5ZBK8HF5F1P17ZD
prod_01KJFYAXREETEG47VEGMEM145H,parfum-item-9493,Colors Man Black Intenso De Benetton,published,,variant_01KJFYAYTDK7TS8ZN215WWEBA2
prod_01KJFYAXREFEWAZ1VFEX9SKQEW,parfum-item-9490,Nina Rose De Nina Ricci,published,,variant_01KJFYAYTD60DWV04RTVW5S718
prod_01KJFYAXRENV179XMRAP3G225W,parfum-item-9497,Wind Flowers De Creed,published,,variant_01KJFYAYTD5FYTJ10XQPG5GSNY
prod_01KJFYAXREQ4K3JTJWMCZFX181,parfum-item-9539,Lady Million Fabulous De Paco Rabanne,published,,variant_01KJFYAYTB4JJYX55G0CPNHTJG
prod_01KJFYAXRERVVJ04FNSEXG532T,parfum-item-9528,Amber Oud Gold Edition De Al Haramain,published,,variant_01KJFYAYTC8546R1FJR9MT78AG
prod_01KJFYAXRES30VM8TX2A9REFZ5,parfum-item-9498,Bella Vita Rosa De Guess,published,,variant_01KJFYAYTC0W4KXMXEMJVKK3PB
prod_01KJFYAXRESAJBZ1WNKPNHBQ1B,parfum-item-9488,Bassano Extremis Intense,published,,variant_01KJFYAYTDBQ34EK0FTD9QKXBE
prod_01KJFYAXRESK09DXFFH2V614JK,parfum-item-9541,Tous Gems Party De Tous,published,,variant_01KJFYAYTBZZ6JNC9EHBCBD4XR
prod_01KJFYAXRETXXHSJ2AYZA9ETGZ,parfum-item-9525,Erba Pura De Xerjoff,published,,variant_01KJFYAYTCTEJ7WP6NK28BC87Q
prod_01KJFYAXREX5E16RJAAC0BV1BY,parfum-item-9492,Aqua Extreme Perry Ellis,published,,variant_01KJFYAYTDGGGKKVR0FWP83PP6
prod_01KJFYAXREZG4G0ED6SNM86GD7,parfum-item-9499,Bella Vita De Guess,published,,variant_01KJFYAYTCYSVBD8TJMCYRQ19Y
prod_01KJFYAXRF1V73PM31HA2PBZ44,parfum-item-9453,Passion For Men De Elizabeth Taylor's,published,,variant_01KJFYAYTGQP7FDM82YVTMV161
prod_01KJFYAXRF1W72ZJD5MAC580DS,parfum-item-9477,God Is A Woman De Ariana Grande,published,,variant_01KJFYAYTETS95A5YWJ40WWHHK
prod_01KJFYAXRF2EZEVMB4W9MXZ67B,parfum-item-9487,Bassano Extremis Black,published,,variant_01KJFYAYTDADEJPM8DX5HA9QFC
prod_01KJFYAXRF5ZSRM7N7337MSHYY,parfum-item-9454,Passion De Elizabeth Taylor's,published,,variant_01KJFYAYTF42P9HYJNKS6YQKRJ
prod_01KJFYAXRF83QPCPRB2T7BC8NZ,parfum-item-9463,Boss Man De Hugo Boss,published,,variant_01KJFYAYTFCKFWC8H989AAYCV1
prod_01KJFYAXRF9EG7F3C2D485FX8P,parfum-item-9449,Legend Red De Montblanc,published,,variant_01KJFYAYTGKWH87E4TV1EYA9HT
prod_01KJFYAXRFANQWXYYBKCMSHT0J,parfum-item-9455,Perry Ellis 18 Fuego,published,,variant_01KJFYAYTFH27EDCA6R9Z9YXV9
prod_01KJFYAXRFC3TT2T689R15P39P,parfum-item-9466,One Man Show De Jacques Bogart,published,,variant_01KJFYAYTFVKB0NVMAQ6JA8BHF
prod_01KJFYAXRFC7CDEBGTQ7D84M0A,parfum-item-9476,Bade'e Al Oud For Glory De Lattafa,published,,variant_01KJFYAYTE6JZGXRNCPZY6BT4N
prod_01KJFYAXRFG56RDTV36DZMRZHJ,parfum-item-9484,Ahli Canes,published,,variant_01KJFYAYTEGR59HBYYMSX5TAYQ
prod_01KJFYAXRFMJB0D3EEW8NK6MGB,parfum-item-9452,Rumba De Ted Lapidus,published,,variant_01KJFYAYTGXEWPR3RTXFNE9FAQ
prod_01KJFYAXRFMV13GHR7CKM7HX9J,parfum-item-9458,Paco Rabanne Pour Homme,published,,variant_01KJFYAYTFKBNTNHASVDYG9TJ9
prod_01KJFYAXRFPWFEENYF8Q1QCM2H,parfum-item-9485,Ahli Orion,published,,variant_01KJFYAYTD8MRSB4MVX0CJB36V
prod_01KJFYAXRFQFAW80PHND5ZJ8J1,parfum-item-9464,Acqua Di Gioia De Giorgio Armani,published,,variant_01KJFYAYTF5G5VT8CVGKZJW7XY
prod_01KJFYAXRFQG3SJ16W668YP4Z4,parfum-item-9451,Rose Noire Black De Giorgio Valenti,published,,variant_01KJFYAYTG8FA5MVNP33AMZ2AR
prod_01KJFYAXRFSJBW0ZGKE9RE86F4,parfum-item-9483,Sisterland Blue Neroli De Benetton,published,,variant_01KJFYAYTE7FFPM6419FE2V0C4
prod_01KJFYAXRFTF4S569QBE34GR6P,parfum-item-9481,Bade'e Al Oud Amethyst De Lattafa,published,,variant_01KJFYAYTEQQ9TGB8J1PF1XV4H
prod_01KJFYAXRFV0YV1ZM2CDEERM0S,parfum-item-9471,Eros Parfum De Versace,published,,variant_01KJFYAYTFTE8PR24XNTAMX5YC
prod_01KJFYAXRFYGR7CBJ2R4PRNRRK,parfum-item-9470,Cedrat Boise Intense De Mancera,published,,variant_01KJFYAYTFM6VTT3ZSK8RWTDNK
prod_01KJFYAXRFYJXJYBT950BJRMEY,parfum-item-9478,Neon Candy De Tous,published,,variant_01KJFYAYTE7JT3AV05ZW80BY1J
prod_01KJFYAXRFYMQW1ZJZ4M44FGXB,parfum-item-9473,Escada Fairy Love,published,,variant_01KJFYAYTEFXPB3C2H99XF3DC4
prod_01KJFYAXRFZHGHNS48YA64XA0K,parfum-item-9482,Ana Al Awwal De Nusuk,published,,variant_01KJFYAYTE9CY18MP5TTB5Q6WZ
prod_01KJFYAXRG06Z3CTQ19AVCZR9M,parfum-item-9427,Oud Edition De Montale,published,,variant_01KJFYAYTHA07WGZN22FYB4JM4
prod_01KJFYAXRG3NXQJS49VHA8CWBA,parfum-item-9420,Full Incense De Montale,published,,variant_01KJFYAYTJ4M9RWH1EBNJ2DRHC
prod_01KJFYAXRG52RRV53VBDWQFVV3,parfum-item-9403,Attar De Montale,published,,variant_01KJFYAYTJWE7MM48CSXH9TD7S
prod_01KJFYAXRG5HEEDJDK631RK1Z1,parfum-item-9447,Cr7 Origins De Cristiano Ronaldo,published,,variant_01KJFYAYTGVQNWGPBSYK72FHNX
prod_01KJFYAXRG6DA7VQN0E389R063,parfum-item-9440,Le Beau Le Parfum Intense Jean Paul Gaultier,published,,variant_01KJFYAYTH5EH7HPTGW5D0C3TQ
prod_01KJFYAXRGCDWXY0GC8922D225,parfum-item-9402,Idole L'intense De Lancome,published,,variant_01KJFYAYTJZADNR7H4A29RV134
prod_01KJFYAXRGCFV5WP6WXXV5SPMX,parfum-item-9434,212 Heroes Forever Young Carolina Herrera,published,,variant_01KJFYAYTHX2PH966SEBA9JCAP
prod_01KJFYAXRGFC2R4YW2GFQJ0BYA,parfum-item-9430,Olympea Solar Paco Rabanne 80  EDP Intense Dama,published,,variant_01KJFYAYTHXD7AV42KP00WRCNA
prod_01KJFYAXRGGPZ8E7G11ES0MFQJ,parfum-item-9441,Perfect De Marc Jacobs,published,,variant_01KJFYAYTGA9KAXCD4Q6MV656F
prod_01KJFYAXRGHE4A1KTMYCK759KY,parfum-item-9419,Chypre Vanille De Montale,published,,variant_01KJFYAYTJKZ9MZJ2TAZV50KJ5
prod_01KJFYAXRGHF9XK2AGXZ2N2TE3,parfum-item-9435,Miss Dior De Christian Dior,published,,variant_01KJFYAYTHCGCZP37TBF8MPJV2
prod_01KJFYAXRGHHR0KHK730SZSB6Q,parfum-item-9448,Intense Tiare De Montale,published,,variant_01KJFYAYTGEMHPQ9A77NZ0PRE1
prod_01KJFYAXRGK2P01QRSG6YY55BQ,parfum-item-9436,Animale Sexy,published,,variant_01KJFYAYTHQ8TJ3T9F7BVC0YR3
prod_01KJFYAXRGQ7AGGNGA0RXFN8ZX,parfum-item-9446,Ruby Rush De Paris Hilton,published,,variant_01KJFYAYTGHDYSHAB12DDH1APX
prod_01KJFYAXRGV56K3PA9GEJVCHAG,parfum-item-9406,Tribu De Benetton,published,,variant_01KJFYAYTJXW9ETZ9DYVYZQRVH
prod_01KJFYAXRGYME05PWRS42DC98Y,parfum-item-9439,Fame De Paco Rabanne,published,,variant_01KJFYAYTH66DTTGWJ9ZVGYT23
prod_01KJFYAXRGZ30CQH5Z28E2YQPV,parfum-item-9425,Crazy In Love De Montale,published,,variant_01KJFYAYTH2BTS85J9Z9JJ67GV
prod_01KJFYAXRGZS5E16Q8QBD520SS,parfum-item-9421,Gold Flowers De Montale,published,,variant_01KJFYAYTH1MVPSDSC3XM0FDPN
prod_01KJFYAXRGZZXYMSH3W10343PG,parfum-item-9408,Candy Rose De Montale,published,,variant_01KJFYAYTJED2Y7KNHWNP52CFW
prod_01KJFYAXRH02CPD903173KX7TP,parfum-item-9381,Guess Uomo,published,,variant_01KJFYAYTK66X4GR7P9348JT9D
prod_01KJFYAXRH12G784N1TXWNCTF4,parfum-item-9364,Curve De Liz Claiborne,published,,variant_01KJFYAYTMWX03RZ0CRMD81GF8
prod_01KJFYAXRH2GN4AN20X00ESQ46,parfum-item-9392,Very Purple De Perry Ellis,published,,variant_01KJFYAYTKXDBHY9XTYGPPVN5Q
prod_01KJFYAXRH2RBWD83SZS5JE8R1,parfum-item-9378,Gucci Guilty Pour Femme,published,,variant_01KJFYAYTMW3ZCYXWGZJECCHRV
prod_01KJFYAXRH2WTH4V75BSPKMT4C,parfum-item-9367,Loverdose De Diesel,published,,variant_01KJFYAYTMM3312NTXMVM0N90E
prod_01KJFYAXRH4BNXDYRAQPG6NJ60,parfum-item-9356,Delina La Ros√©e De Marly Paris,published,,variant_01KJFYAYTMTEYBGVW9M4J0M5FK
prod_01KJFYAXRH611XQWRRDXQ5RY8M,parfum-item-9401,Festive Fantasy Britney Spears,published,,variant_01KJFYAYTJT3WME24Q7WT3BHVF
prod_01KJFYAXRH6MS7S0J3TNFXXZ67,parfum-item-9398,Too Sexy De Cuba Paris,published,,variant_01KJFYAYTKVV439NS6R1B0YZ4C
prod_01KJFYAXRH8NV7NS4DMQDEPNNA,parfum-item-9355,Kalan De Marly Paris,published,,variant_01KJFYAYTNKCQQ5ND9VP9MG0E2
prod_01KJFYAXRH9H70NCYHSPTZGA24,parfum-item-9383,Terre D'hermes Eau Intense Vetiver,published,,variant_01KJFYAYTK9QPA24FTEQES3TWW
prod_01KJFYAXRH9VVS1M7NSNBPAA4V,parfum-item-9394,Milestone De Cuba Paris,published,,variant_01KJFYAYTKBA0M3P2TNA5ZKFX4
prod_01KJFYAXRHCA5Y7835Z12AYQ6C,parfum-item-9379,Guess Man Forever,published,,variant_01KJFYAYTM01S7H4VB2G640C5V
prod_01KJFYAXRHCZ3JGBMNK0CTXMJF,parfum-item-9363,Curious Britney Spears,published,,variant_01KJFYAYTMKHZYT1CRSPB89FFA
prod_01KJFYAXRHDGH91AJWJM0R2DG0,parfum-item-9351,Gentleman Bois√©e De Givenchy,published,,variant_01KJFYAYTN5TAYKA8B0NR6MGAG
prod_01KJFYAXRHH7DYVVSMWGVW9VH7,parfum-item-9354,Layton Exclusif De Marly Paris,published,,variant_01KJFYAYTNEBMB9N8NA9PZ16M8
prod_01KJFYAXRHHDKABCM25C058SYP,parfum-item-9400,Blissful Fantasy Britney Spears,published,,variant_01KJFYAYTKW8YRKSZQ19J3ERQ3
prod_01KJFYAXRHP6Z1RB55SAJXKXPN,parfum-item-9396,My Love De Cuba Paris,published,,variant_01KJFYAYTK84RA804KQ8DZ4E88
prod_01KJFYAXRHR3P17V4QCAKWWDW3,parfum-item-9359,Acqua Di Parisis Venizia Reyane Tradition Dama,published,,variant_01KJFYAYTMCXHB8ZCGDMJJY0BK
prod_01KJFYAXRHVG7WM3H376EAKEZK,parfum-item-9348,L'aventure Intense De Al Haramain,published,,variant_01KJFYAYTNZ6KZZ6EXDVDY49PW
prod_01KJFYAXRHWAT07EPATSV8GH10,parfum-item-9340,Sauvage Elixir De Dior,published,,variant_01KJFYAYTNVQB1EZTD464HR8CP
prod_01KJFYAXRHYDTMHWN444SK8E9M,parfum-item-9393,Club De Nuit Intense Pure Perfume De Armaf,published,,variant_01KJFYAYTK51P3GH9MSXE6ABC0
prod_01KJFYAXRHYND3YD564HZC6GR1,parfum-item-9374,Fantasy Sheer De Britney Spears,published,,variant_01KJFYAYTMW729X1SADK6QN9TY
prod_01KJFYAXRJ00GTSSHTX9KVQYSM,parfum-item-9315,Melodie De Orientica,published,,variant_01KJFYAYTPT802Z6KMHSJMT7KR
prod_01KJFYAXRJ3RGWJSNZJ84ZMKTV,parfum-item-9261,Vanilla Extasy De Montale,published,,variant_01KJFYAYTRKF2PT5CKHXZS5FXV
prod_01KJFYAXRJ44HMFE1BNR5W43KJ,parfum-item-9307,Musk Maliki De Al Haramain,published,,variant_01KJFYAYTPN5WR9TQVS6C8JC67
prod_01KJFYAXRJ49DTP4M2RA1X8VBK,parfum-item-9310,Tequila Gold,published,,variant_01KJFYAYTPNMMM8ARKRRFB4JK5
prod_01KJFYAXRJ5RE75WFF7FNW7C96,parfum-item-9276,Sauvage De Dior,published,,variant_01KJFYAYTQVZXDF6MEDMQ0NYJM
prod_01KJFYAXRJ6P3G45WK5T37V70X,parfum-item-9335,Hugo Man Extreme De Hugo Boss,published,,variant_01KJFYAYTNG2QDGR4K3HCX5TN0
prod_01KJFYAXRJ7KZWM6VSP3EYEND6,parfum-item-9266,Don De Bharara,published,,variant_01KJFYAYTQQWTN939FY0407S42
prod_01KJFYAXRJ90YHVY4FBB60R7GY,parfum-item-9293,H24 De Herm√©s,published,,variant_01KJFYAYTQDA004AJ2BTHBTY7W
prod_01KJFYAXRJ93HYP761APPS3GA0,parfum-item-9321,Halloween I'm Unique,published,,variant_01KJFYAYTPWGT9S2NGNW0H6Q7H
prod_01KJFYAXRJBEBBGAEQW5FMQCD0,parfum-item-9294,Blanc L.12.12 De Lacoste,published,,variant_01KJFYAYTQAFPRW6STF5V1RNYT
prod_01KJFYAXRJK71D1H76FAP7JPR3,parfum-item-9337,Fakhar White De Lattafa,published,,variant_01KJFYAYTNKS5FFN9T9CE793ER
prod_01KJFYAXRJM9SKF2E4VV3W1HNR,parfum-item-9263,Shades Of Kolam De Issey Miyake,published,,variant_01KJFYAYTQ0052ETK6PA6677AF
prod_01KJFYAXRJMPF7NTA255DAF4YV,parfum-item-9339,1 Million Elixir Parfum Intense De Paco Rabanne Hombre,published,,variant_01KJFYAYTNFY6M92HS4N9Z0Y5Y
prod_01KJFYAXRJNCNZAG02EJ9V16AR,parfum-item-9305,Musk Collection De Al Haramain,published,,variant_01KJFYAYTPMZGP6VF2CTTXRECW
prod_01KJFYAXRJQRZG1GAGG410EATW,parfum-item-9338,Fakhar Black De Lattafa,published,,variant_01KJFYAYTNE7ZZ75966Z9BYKTV
prod_01KJFYAXRJSEVW3NVKVVGYQ6WK,parfum-item-9327,Phantom De Paco Rabanne,published,,variant_01KJFYAYTPBBSCDVVMYVAPMMZS
prod_01KJFYAXRJSVNKH381DB9VEDC6,parfum-item-9304,Royal Musk De Al Haramain,published,,variant_01KJFYAYTQHEH8CZKGQ1DJ35KM
prod_01KJFYAXRJTRQHE0WNK8D6HQAN,parfum-item-9262,Explorer De Montblanc,published,,variant_01KJFYAYTQ5YG42T4R4AWGFDCR
prod_01KJFYAXRJVQYDHXFBDFM2M8GF,parfum-item-9285,Merak√°i Essence De Patek Maison,published,,variant_01KJFYAYTQQ8778B7Q6NH0FDWP
prod_01KJFYAXRJX8V9GDYRWF294T72,parfum-item-9329,Dreams Sunset De Coach,published,,variant_01KJFYAYTPF0X0K1WS1PWBTYG2
prod_01KJFYAXRJXRQ8EWKQSEPAY3TC,parfum-item-9322,Boss Alive Hugo Boss,published,,variant_01KJFYAYTPHMQNX31T6DPRA29H
prod_01KJFYAXRK25JMG2PBSND4FR7J,parfum-item-9238,Queen Lively Muse De Antonio Banderas,published,,variant_01KJFYAYTSJ23TR05A22MJQ5EY
prod_01KJFYAXRK2PCP0WS6H4VJC4SR,parfum-item-9258,Amber Oud Carbon Edition Al Haramain,published,,variant_01KJFYAYTRGN5S2K0V8R1Q2CX4
prod_01KJFYAXRK2TWJWMY76ZQVHAZE,parfum-item-9210,Soleil De Capri Montale,published,,variant_01KJFYAYTTGQ6S4JKTZ2F9JW5V
prod_01KJFYAXRK32HSY5T5QQEGQKTK,parfum-item-9256,Amber Oud White Edition Al Haramain,published,,variant_01KJFYAYTR0QPDRXBQK1AEAFYB
prod_01KJFYAXRK3C2Z8A5GSVFWGNTG,parfum-item-9231,Niche Sapphire De Armaf,published,,variant_01KJFYAYTSWW8B3BW1Y8RB2FN2
prod_01KJFYAXRK4R6FMYT8BBQ8CYQP,parfum-item-9236,Loveme The Onyx Parfum De Tous,published,,variant_01KJFYAYTSF3A0ZVZ0SMJTTGD4
prod_01KJFYAXRK5R5CJWX0VBCP462T,parfum-item-9259,White Musk De Montale,published,,variant_01KJFYAYTRC6ZXXFCJQMAYF8KD
prod_01KJFYAXRK63H6MBYDCXMVR7J6,parfum-item-9237,Orientica Velvet Gold De Al Haramain,published,,variant_01KJFYAYTS1NVK3E996P0085VN
prod_01KJFYAXRK6TPCJN48SD7YXXEW,parfum-item-9245,Invictus Victory De Paco Rabanne 200  Hombre EDP Extr√™me,published,,variant_01KJFYAYTR6RVANTBR01K89W0S
prod_01KJFYAXRK7JV1MT7M217VARHY,parfum-item-9235,Savane Di Seta De Salvatore Ferragamo,published,,variant_01KJFYAYTSWXXZCC7NGPAE18WD
prod_01KJFYAXRK9ZFBW8XN9XBGXK3F,parfum-item-9232,Giungle Di Seta De Salvatore Ferragamo,published,,variant_01KJFYAYTS6X256MCV82AXX87F
prod_01KJFYAXRKAJFWKKQX7C9P220V,parfum-item-9216,Vetiver Patchouli De Montale,published,,variant_01KJFYAYTT688G4HYJM9HN79YA
prod_01KJFYAXRKAMYNHJX4VN2NYY97,parfum-item-9213,Bakhoor De Montale,published,,variant_01KJFYAYTT8JH0V6BE304T6VQN
prod_01KJFYAXRKAW6Q3FZ4C0F7540T,parfum-item-9230,Club De Nuit Woman De Armaf,published,,variant_01KJFYAYTTWYM51TDB4QYC56DZ
prod_01KJFYAXRKDNT9V4G0WF1QYAXG,parfum-item-9247,Arsenal Gc 001 Gilles Cantuel,published,,variant_01KJFYAYTRG0JFMJQNRZPWEAZ1
prod_01KJFYAXRKEHTA460225ZGFSMC,parfum-item-9241,R.e.m De Ariana Grande,published,,variant_01KJFYAYTSN6RKFZTN23RCAR01
prod_01KJFYAXRKNAVYM6M1R4B7JATT,parfum-item-9217,White Aoud De Montale,published,,variant_01KJFYAYTTTXHVZ7EWPC7MS9FT
prod_01KJFYAXRKRAAFQZDP0EW1W6A6,parfum-item-9248,Chinatown De Bond No 9,published,,variant_01KJFYAYTRJ8XG2PQWCKSE0RG2
prod_01KJFYAXRKSEKMGK0Z3EWBDP0M,parfum-item-9242,I Am Juicy Couture De Juicy Couture,published,,variant_01KJFYAYTSZ874464X2A0MW5M6
prod_01KJFYAXRKWFW2NZ56312P6MGE,parfum-item-9211,Spicy Aoud De Montale,published,,variant_01KJFYAYTT191YKF7EP2A02NWS
prod_01KJFYAXRKYY8CX1ZRSR5JQ9V3,parfum-item-9225,Guess Seductive Red,published,,variant_01KJFYAYTTHYDFE1Z806YBM95K
prod_01KJFYAXRKZRK5A3A7N1E78X3X,parfum-item-9239,Diavolo De Antonio Banderas,published,,variant_01KJFYAYTSE16ZRBZT7TRFR33G
prod_01KJFYAXRM0GEX34MTT0GZG618,parfum-item-9206,Sandflowers De Montale,published,,variant_01KJFYAYTVDGSSEZMAQG70NWF6
prod_01KJFYAXRM158Y52863V3CW6NV,parfum-item-9209,So Iris Intense De Montale,published,,variant_01KJFYAYTVGEYXYRG3P0PNRE2J
prod_01KJFYAXRM16FJQ80MA7C0V6X7,parfum-item-9195,Pasha De Cartier Parfum,published,,variant_01KJFYAYTVPM7X7W399G5W9XRX
prod_01KJFYAXRM289YCPQ7CMH3P42W,parfum-item-9207,Santal Wood De Montale,published,,variant_01KJFYAYTVYEQ3S0KWG9TRXGX6
prod_01KJFYAXRM6M2EH2XVWK9SV466,parfum-item-9167,2 Wood Dsquared2,published,,variant_01KJFYAYTX921JD180RQQS32MT
prod_01KJFYAXRM79E5JA5C6BQT91W8,parfum-item-9203,Shuhrah Pour Femme De Rasasi,published,,variant_01KJFYAYTVD6BNATBQCZT7JKZV
prod_01KJFYAXRM7RXHM1PJBVB2P3MV,parfum-item-9197,Hawas De Rasasi,published,,variant_01KJFYAYTV0XKBHZN3B8AGJ87W
prod_01KJFYAXRM8JSPGSSCX73PGX32,parfum-item-9171,Amber Oud Exclusif Classic De Al Haramain,published,,variant_01KJFYAYTWEQWFPT0QWEJ43SVN
prod_01KJFYAXRMB055ZCQYK336GWB3,parfum-item-9205,Royal Aoud De Montale,published,,variant_01KJFYAYTVGNSTJRF77N6A64EF
prod_01KJFYAXRMB36D8BX3W4NF6JAB,parfum-item-9175,Maria Farina Bois D¬¥orange De Roger&gallet,published,,variant_01KJFYAYTW7JQQBE02H7EANANP
prod_01KJFYAXRMC43G0ZNZV9E7W24B,parfum-item-9176,Fleur De Figuier Intense Roger&gallet,published,,variant_01KJFYAYTW38KKN03A96TAFGVJ
prod_01KJFYAXRMCJNSXRDCTT4YECH4,parfum-item-9187,Original Santal Creed,published,,variant_01KJFYAYTWXRX8A76P5SB194NX
prod_01KJFYAXRMEPEEV49BWA7J3NXP,parfum-item-9194,D√©claration Parfum De Cartier,published,,variant_01KJFYAYTVVXG4ACEKP4PWR1RR
prod_01KJFYAXRMGBV67E8761D3ECT1,parfum-item-9178,Maria Farina Gingembre De Roger&gallet,published,,variant_01KJFYAYTW18EZCV93N2XVFZ9T
prod_01KJFYAXRMGCNR7SCHDVMECZV0,parfum-item-9169,Terrae Essence Bvlgari,published,,variant_01KJFYAYTXE2FY3K1NPBJSKEN9
prod_01KJFYAXRMHW6D3B4XGJN8ZGAJ,parfum-item-9165,Wood Dsquared2,published,,variant_01KJFYAYTX8W3D4Z8TDNYDH8CK
prod_01KJFYAXRMJP7CA6257SPJ17XC,parfum-item-9191,La Belle Le Parfum Jean Paul Gaultier EDP Intense,published,,variant_01KJFYAYTW1H5SY43S98CZP0WJ
prod_01KJFYAXRMKSNCYHVC54F2153H,parfum-item-9177,Maria Farina Fleur De Osmanthus Roger & Gallet,published,,variant_01KJFYAYTWJ4XSG57V8ZMX19C3
prod_01KJFYAXRMRAN5QHG9NTEBBCFN,parfum-item-9202,Morning Dew Victorinox Swiss Army,published,,variant_01KJFYAYTVFE8RABMEZCZ88WFS
prod_01KJFYAXRMSQY71DN5Q2QVNA2C,parfum-item-9166,Wood Dsquared2,published,,variant_01KJFYAYTX2D4FG3JPDGXTR983
prod_01KJFYAXRMWN4EYS7S2BGCP1NG,parfum-item-9183,Donna Born In Roma Yellow Dream Valentino,published,,variant_01KJFYAYTW7R32K5E22VP05KJ9
prod_01KJFYAXRN6Y8YEE5DZVFGBKB3,parfum-item-9118,Aoud Velvet De Montale,published,,variant_01KJFYAYTZ7E8NQQTG14PDYC18
prod_01KJFYAXRN7C9G5X3NGSZ56P2Y,parfum-item-9113,Aoud Purple Rose De Montale,published,,variant_01KJFYAYTZ5GRAR1MB3WS51VM7
prod_01KJFYAXRNAJTPDVTDR2CRG552,parfum-item-9124,L¬•aventure Rose De Al Haramain,published,,variant_01KJFYAYTZE8WBR2TPA3A8BK82
prod_01KJFYAXRNB8TVC7XS9FN4Y6YD,parfum-item-9116,Aoud Queen Roses De Montale Mujer,published,,variant_01KJFYAYTZM9KBVFXZD0AF8WTQ
prod_01KJFYAXRNBCC56EKXBBPY804R,parfum-item-9121,Intense Black Aoud De Montale,published,,variant_01KJFYAYV0QABRJ41YQ4EANK5T
prod_01KJFYAXRNEA6PKF4JP2SA8EQG,parfum-item-9144,Blue Matcha De Montale,published,,variant_01KJFYAYTY0T141799W9519Z99
prod_01KJFYAXRNEEWFDT6E57GWGQGK,parfum-item-9133,Fierce Abercrombie & Fitch,published,,variant_01KJFYAYTY2127G1E5JQPSD4NE
prod_01KJFYAXRNES6511CKF4EQ0KAV,parfum-item-9125,Boss Bottled De Hugo Boss,published,,variant_01KJFYAYTZAF11MDR5MMAJ4BTM
prod_01KJFYAXRNG0B8WNMW0ZX2WBJQ,parfum-item-9147,Diamond Rose De Montale,published,,variant_01KJFYAYTXPQA8XQ5B03JWJB9T
prod_01KJFYAXRNHBGMMSD9M6SJH9GN,parfum-item-9145,Diamond Flowers De Montale,published,,variant_01KJFYAYTXAXV2E1KEKHBFRE27
prod_01KJFYAXRNHHZJJJPV9CSF8KKV,parfum-item-9135,United Dream Aim High De Benetton,published,,variant_01KJFYAYTYGBPH1WGSZAWC8VGD
prod_01KJFYAXRNJY3S7DS1RJHR7RCV,parfum-item-9146,Diamond Greedy De Montale,published,,variant_01KJFYAYTX7Z3PYASBZPRB7D8X
prod_01KJFYAXRNKKFMB67RCVDYRJ29,parfum-item-9110,Velvet Flowers De Montale,published,,variant_01KJFYAYV0V2BMCVSGA3Z3466F
prod_01KJFYAXRNMHPECANV7TE57DT0,parfum-item-9136,Niche Femme De Bharara,published,,variant_01KJFYAYTYSWZHXKT5PQQB8839
prod_01KJFYAXRNP5B6057MA0SJJY6K,parfum-item-9139,Burberry Hero De Burberry,published,,variant_01KJFYAYTYN30QAM0F655AEMAT
prod_01KJFYAXRNQ0BMDC2M4839BW7F,parfum-item-9117,Aoud Sense De Montale,published,,variant_01KJFYAYTZGPKBBATJRZC8A9AV
prod_01KJFYAXRNSK5HT6H1TANDR33Y,parfum-item-9129,Lacoste Blanc L.12.12,published,,variant_01KJFYAYTZBA5WZN6JRNCR8PAT
prod_01KJFYAXRNVF0HBKAC8R7ZT1PX,parfum-item-9132,Individuel Tonic De Montblanc,published,,variant_01KJFYAYTYEX1R9VSKGZDQ1586
prod_01KJFYAXRNWGAPH43CTNVGPBQK,parfum-item-9143,Arabians Tonka De Montale,published,,variant_01KJFYAYTYRWXBY0QF3V2NMV5Y
prod_01KJFYAXRNY432M0AEHGQMZW0S,parfum-item-9138,Hugo Boss Energise,published,,variant_01KJFYAYTYFM8DB2R9X663NDMN
prod_01KJFYAXRNYRY445HVRXCNAAVP,parfum-item-9164,Red Wood Dsquared2,published,,variant_01KJFYAYTXNBKDBWN5W3MYWT2B
prod_01KJFYAXRNZW0N2Z7K079P3M9D,parfum-item-9112,Aoud Musk De Montale,published,,variant_01KJFYAYTZNWR94B9N700QX5SW
prod_01KJFYAXRP5QW4EBA2DSD8RTBG,parfum-item-9109,Velvet Fantasy De Montale,published,,variant_01KJFYAYV0YQMYP7FXXJAN24Z6
prod_01KJFYAXRP6X891G4HY3QRF9NV,parfum-item-9079,Miss Dior Rose N'roses De Dior,published,,variant_01KJFYAYV280YRQ0FC3WATXXYA
prod_01KJFYAXRP8RN7C0MW1AAS4HAT,parfum-item-9099,The New Rose De Montale,published,,variant_01KJFYAYV0DFHMXTTPP1CA9ZV4
prod_01KJFYAXRPAV2V104CMJ9N4Z5N,parfum-item-9075,Valentino Uomo Born In Roma,published,,variant_01KJFYAYV23FXNHYM6ZST2MPK3
prod_01KJFYAXRPCTAHPKQJYGPZ2JFY,parfum-item-9073,Flower Poppy Bouquet De Kenzo,published,,variant_01KJFYAYV2GBFNXQ1MYW4C25W9
prod_01KJFYAXRPE17P3EVP21TRJ69H,parfum-item-9072,La Vie Est Belle Soleil Cristal Lancome,published,,variant_01KJFYAYV2YMGTHVWV1SMTK9G8
prod_01KJFYAXRPFD05C12E0J94DDR4,parfum-item-9100,Oud Dream De Montale,published,,variant_01KJFYAYV0FF7PS9HVEA43T5SQ
prod_01KJFYAXRPGY9Z76Z9VKDTFTYK,parfum-item-9098,Vanille Absolu De Montale,published,,variant_01KJFYAYV1HAD05QP5HGW1KKKY
prod_01KJFYAXRPHDY7KWKQXBZHE9JB,parfum-item-9077,Rose Noire De Giorgio Valenti,published,,variant_01KJFYAYV2E76PE5N9FGP5P4Y6
prod_01KJFYAXRPJ6XJ7YWWFHR4AAHV,parfum-item-9092,The Pride De Armaf,published,,variant_01KJFYAYV104WXXSTH8V6G7BX3
prod_01KJFYAXRPK0SBFZMF2CXGQMAQ,parfum-item-9074,Tommy Now De Tommy Hilfiger,published,,variant_01KJFYAYV2F01XTY9KC9Z6CYGP
prod_01KJFYAXRPP7AHAEFZ2X4CCEAF,parfum-item-9101,Sweet Flowers De Montale,published,,variant_01KJFYAYV07A4ET7376KX6ATH6
prod_01KJFYAXRPPM582PDVVNJDNTFA,parfum-item-9102,Dark Vanilla De Montale,published,,variant_01KJFYAYV0WW4KDP4K9AJXSM15
prod_01KJFYAXRPPVZEW1ARY1Z3D8GM,parfum-item-9096,Tommy Now Girl De Tommy Hilfiger,published,,variant_01KJFYAYV12DN694S180EMNNWT
prod_01KJFYAXRPREVGEE2K7XFMDB9B,parfum-item-9082,Boise Vanille De Montale,published,,variant_01KJFYAYV1TJH90XJC6VTS7AHH
prod_01KJFYAXRPS1YSXNARF6Z77BHA,parfum-item-9097,Steel Victorinox Swiss Army,published,,variant_01KJFYAYV14DTEM14CG25SR87S
prod_01KJFYAXRPSMFMRPK3YYZTMTKA,parfum-item-9081,Aoud Lime De Montale,published,,variant_01KJFYAYV2RR4GCE4GB3D8EJJ6
prod_01KJFYAXRPSWFNR6WEZCZR469M,parfum-item-9087,Nautica Voyage,published,,variant_01KJFYAYV1SV6YJP9NYN47DGCF
prod_01KJFYAXRPTJ3CZ7F5DKBTRBQV,parfum-item-7321,Wild Pears De Montale,published,,variant_01KJFYAYV06NRE78TX5Q9VCR8F
prod_01KJFYAXRPVED2QYJVC6JDKQTG,parfum-item-9085,Sweet Oriental Dream De Montale,published,,variant_01KJFYAYV1CKR1BRNAQVEJ0GC0
prod_01KJFYAXRPW3BKGYW9CXY8A645,parfum-item-7318,Uomo Born In Roma Yellow Dream De Valentino,published,,variant_01KJFYAYV0QV7SX19VJE81NS6J
prod_01KJFYAXRPY1FX12SH3GRJPHGB,parfum-item-9084,Sunset Flowers De Montale,published,,variant_01KJFYAYV1KK5EXY1ZSA5ABHT8
prod_01KJFYAXRQ07E3VR73SV4J3XZA,parfum-item-9033,Saharian Wind De Mancera,published,,variant_01KJFYAYV4F79RES4N38R4GX35
prod_01KJFYAXRQ2FS8HEVXRDVR7CC7,parfum-item-9036,Vetiver Sensuel De Mancera,published,,variant_01KJFYAYV4YRZZF6ET7ABX2T3W
prod_01KJFYAXRQ2Y9WA9F6BHAX6MA6,parfum-item-9041,Aoud Ever De Montale,published,,variant_01KJFYAYV4NV60W5MB8KH2QCVA
prod_01KJFYAXRQ363VK7RN87SD2RVJ,parfum-item-9043,Orange Flowers De Montale,published,,variant_01KJFYAYV4AY51SEB5CT424PJ1
prod_01KJFYAXRQ5D92QFF0Y42PBGE8,parfum-item-9037,Wild Leather De Mancera,published,,variant_01KJFYAYV4QC1T8PNQZD9NJGHP
prod_01KJFYAXRQ65RPZS062BHXYVMG,parfum-item-9029,Impact De Tommy Hilfiger,published,,variant_01KJFYAYV537B9KV7JP1S7JBJY
prod_01KJFYAXRQ8GNARCQYE91Z4S4S,parfum-item-9070,Intense Leather De Ferragamo,published,,variant_01KJFYAYV3DY8B0K1YPQ7SHY9K
prod_01KJFYAXRQ921Q59VJST32HQ34,parfum-item-9035,The Aoud De Mancera,published,,variant_01KJFYAYV4SV44YHANA7DQMGRR
prod_01KJFYAXRQCV16TEYD8NY8QS66,parfum-item-9063,Starry Nights De Montale,published,,variant_01KJFYAYV358AVMAJP8F4934NE
prod_01KJFYAXRQD8069QM3VNXT06RT,parfum-item-9042,Aoud Flowers De Montale,published,,variant_01KJFYAYV4HFENX9ET6W7N8RXJ
prod_01KJFYAXRQDJAZFYFJRV5E66C3,parfum-item-9067,Bleu De Bharara,published,,variant_01KJFYAYV3WJ8NDGX7A4RY0HDM
prod_01KJFYAXRQEHX1BGXC9ADJRGPQ,parfum-item-9028,Dolce & Gabbana Tradicional,published,,variant_01KJFYAYV5XD58KTENMPRPZNCR
prod_01KJFYAXRQFVH1XBVWN2ZDZP7M,parfum-item-9071,Irresistible De Givenchy Dama,published,,variant_01KJFYAYV22HRVRK6726GKSQ71
prod_01KJFYAXRQHEYGRFB5B6SBDMG6,parfum-item-9040,Aoud Damascus De Montale,published,,variant_01KJFYAYV45CAPKZ734EREPGCQ
prod_01KJFYAXRQJ3GW73HENCWDQVXT,parfum-item-9048,Aoud Lagoon De Montale,published,,variant_01KJFYAYV3CC190ZSPAXK5KADD
prod_01KJFYAXRQKV1VD3TK092QE9FF,parfum-item-9038,Wild Rose Aoud De Mancera,published,,variant_01KJFYAYV4BJFJJ943TKV9VFAX
prod_01KJFYAXRQPD3GJT724HC53706,parfum-item-9030,All√®gresse Rivi√©res De Cartier,published,,variant_01KJFYAYV5M1W511HBB7G3801C
prod_01KJFYAXRQSRM9CKS0R50XMNPN,parfum-item-9059,Cr7 Game On De Cristiano Ronaldo,published,,variant_01KJFYAYV3WZ4DZNHQKSYGMVH2
prod_01KJFYAXRQX1NEQGTN04DT1B4C,parfum-item-9046,Scandal Pour Homme De Jean Paul Gaultier,published,,variant_01KJFYAYV3H7WFBJNFDAXEAC1W
prod_01KJFYAXRQXBX8ZPDD7W89SG65,parfum-item-9044,Fresh Couture De Moschino,published,,variant_01KJFYAYV3SEFF5AJ3YTN6YBZQ
prod_01KJFYAXRQZQT2VGFXEXAXEEWP,parfum-item-9049,Aoud Legend De Montale,published,,variant_01KJFYAYV3XJXZMTMBWKM48372
prod_01KJFYAXRR0SCEXGTF3B81WT7Q,parfum-item-8935,Juicy Flowers De Mancera,published,,variant_01KJFYAYV7M8P62NHW4WYE0DYV
prod_01KJFYAXRR0VCHE1CXGMG68DC4,parfum-item-8934,Black Intensitive Aoud De Mancera,published,,variant_01KJFYAYV7YRF873B3T7M9NSD8
prod_01KJFYAXRR21MSJSW7N1JSVA7B,parfum-item-9011,Vanille Exclusive De Mancera,published,,variant_01KJFYAYV6D5DK43HW2ZNBKWBV
prod_01KJFYAXRR3RVMMT604TZF0VRA,parfum-item-8968,Mon De Guerlain Intense,published,,variant_01KJFYAYV6XV9M01DC5XTFKT7S
prod_01KJFYAXRR4Y1CNAMT7BD2BZ0X,parfum-item-9012,Viking Cologne De Creed,published,,variant_01KJFYAYV5J0J3PYBGJJKGE1ZY
prod_01KJFYAXRR5237DYXA9VEBRDJ5,parfum-item-8955,Pepe Jeans London,published,,variant_01KJFYAYV6J7JMFZ15XMG5RMEN
prod_01KJFYAXRR689SB3HRWRKM70PC,parfum-item-8946,Maritime Deep Blue De Tommy Bahama,published,,variant_01KJFYAYV7G7BH6ZN6SKQMRPCQ
prod_01KJFYAXRR8K1D40YP26ZF4FYW,parfum-item-9021,Ferragamo De Salvatore Ferragamo,published,,variant_01KJFYAYV5N6RMSS0KSC7TWKW6
prod_01KJFYAXRR9RT41Q5JD2MTTHKE,parfum-item-8936,Midnight Gold De Mancera,published,,variant_01KJFYAYV7QFVANK4JE5PZAN3B
prod_01KJFYAXRRATP7R6SG7J76YTE1,parfum-item-9018,Dolce De Dolce & Gabbana,published,,variant_01KJFYAYV543NDAEV62JAS30V8
prod_01KJFYAXRRD01MW6VFA1XHTTT4,parfum-item-9013,The Icon De Antonio Banderas,published,,variant_01KJFYAYV5VFN5ES1HFGXZ0XBX
prod_01KJFYAXRRD9C4WD21A8CXE9VV,parfum-item-8939,Wild Cherry De Mancera,published,,variant_01KJFYAYV7PTHZR2BNKQ61B2KZ
prod_01KJFYAXRRJRQQAGXG0GMKSWDP,parfum-item-8950,1920 The Origin De Tous,published,,variant_01KJFYAYV6BTM6PYY4SGGVX57Z
prod_01KJFYAXRRP2MS7B8A33AK6W8N,parfum-item-8938,Royal Vanilla Mancera,published,,variant_01KJFYAYV7ZAQGHYDBHBH2TP2D
prod_01KJFYAXRRP5QFXYZ4W83GZ8CQ,parfum-item-8952,Forget Me Not De Victorinox,published,,variant_01KJFYAYV6WRZJPKXB1Z042M29
prod_01KJFYAXRRRN70TVP2RD2KW9TA,parfum-item-8951,Black Steel De Victorinox,published,,variant_01KJFYAYV6Q3FDD31J8W2CQJ97
prod_01KJFYAXRRV47X7A2ZD59RB41H,parfum-item-8947,Maritime Journey De Tommy Bahama,published,,variant_01KJFYAYV76F1VN0QX3E7KDYM1
prod_01KJFYAXRRW0PE20WJ74ZD0AW2,parfum-item-9019,Enduring Glow De Jennifer Lopez,published,,variant_01KJFYAYV5ZXGJDW48V086R5YX
prod_01KJFYAXRRW3BSC28V6HFQR07W,parfum-item-8949,1920 The Origin De Tous,published,,variant_01KJFYAYV7SHD14N8KJQPF1VP9
prod_01KJFYAXRRWH4MP5RAH24H7VYE,parfum-item-8956,Bravo Monsieur El Ganso,published,,variant_01KJFYAYV6BZ5QPRCG9GYXPKKQ
prod_01KJFYAXRRXN9X7AHYRP33413Q,parfum-item-9001,Cool Force De Baldessarini,published,,variant_01KJFYAYV6HKWG08YFPNCZM458
prod_01KJFYAXRS35PT8ZQQ5K0GTA7B,parfum-item-8914,Ventana De Armaf,published,,variant_01KJFYAYV9EX1QDV8TKBY9GGZE
prod_01KJFYAXRS3E908PVJAHJ6MGNQ,parfum-item-8915,Versace Eros,published,,variant_01KJFYAYV98Q9JKBZ0VT73P00S
prod_01KJFYAXRS6TD3XKYZJYTCQHWC,parfum-item-8920,Grey Flannel De Geoffrey Beene,published,,variant_01KJFYAYV8AJ5E7SG377SARTWB
prod_01KJFYAXRSBGBXA5WGA7665V9P,parfum-item-8896,King De Bharara,published,,variant_01KJFYAYVAZYNWVP5SM7784N20
prod_01KJFYAXRSBRM8C9ZD8FD6SJ9E,parfum-item-8932,Gold Aoud De Mancera,published,,variant_01KJFYAYV883K4AD64H8AZSCD9
prod_01KJFYAXRSCGNV6JKKGWQ3E990,parfum-item-8898,Halloween Man X,published,,variant_01KJFYAYVANWBGAXNBE5VYKCXQ
prod_01KJFYAXRSDPNG0XJ7A6HSVE76,parfum-item-8930,Choco Violet De Mancera,published,,variant_01KJFYAYV8B04V608X7SV7B484
prod_01KJFYAXRSE1C3BJR9ZCNR34HK,parfum-item-8904,Bad Boy Le Parfum Carolina Herrera,published,,variant_01KJFYAYV9AFPKQG7N0RYPJ7D0
prod_01KJFYAXRSEYTK6ZEP4526WHJ7,parfum-item-8916,Silver Blue De Mancera,published,,variant_01KJFYAYV9HC4AYKGT82YD9FFX
prod_01KJFYAXRSF0HCRFXEXX54MPSJ,parfum-item-8931,Feminity De Mancera,published,,variant_01KJFYAYV87QJ110QKVA22PFSG
prod_01KJFYAXRSHFB0VESWA0JHHKNY,parfum-item-8893,212 Heroes De Carolina Herrera,published,,variant_01KJFYAYVA2E530KXYP11K30YA
prod_01KJFYAXRSHPPYPCKY7MQGWCE8,parfum-item-8907,Pearl De Mancera,published,,variant_01KJFYAYV9PBQ4YPGNVZ6TF9VM
prod_01KJFYAXRSJ8VF5ZHN1TXSYKN1,parfum-item-8929,Aqua Wood De Mancera,published,,variant_01KJFYAYV8W883XE2V1F7Z3HCV
prod_01KJFYAXRSNSE46ZJ1S61NH6G5,parfum-item-8909,Roses Greedy De Mancera,published,,variant_01KJFYAYV9GDN6CTKAZVT80HX9
prod_01KJFYAXRSQ9NMR8522W3R07YD,parfum-item-8902,Shine De Dolce & Gabbana,published,,variant_01KJFYAYVAHCS0D4Q16FJ59MJP
prod_01KJFYAXRSRAC2G8FVVR9MFFXM,parfum-item-8897,Halloween Man Hero,published,,variant_01KJFYAYVA8786421SQ37H87Y7
prod_01KJFYAXRSRQE8A9YBQP999FSH,parfum-item-8926,Aoud Black Candy De Mancera,published,,variant_01KJFYAYV8HPPA01BC1SBQ47R1
prod_01KJFYAXRST4EPQBHCBATVHNVH,parfum-item-8908,Pink Prestigium De Mancera,published,,variant_01KJFYAYV9TXAB2WRE6B3BC7J3
prod_01KJFYAXRSWDMJ3VFMJB4KGAH4,parfum-item-8903,Olympea Blossom Paco Rabanne,published,,variant_01KJFYAYV95F8AE1ZZWWX8PMDC
prod_01KJFYAXRSWRPMME1DMD3YGEWP,parfum-item-8927,Aoud Caf√® De Mancera,published,,variant_01KJFYAYV8YDGKW0R2496FCBW8
prod_01KJFYAXRSXQS6KKSJ2BC610HM,parfum-item-8917,Ambr√© Baldessarini,published,,variant_01KJFYAYV9ACJ3E6GWNS600JAV
prod_01KJFYAXRSYQ5Y7Q5KQHBNBNV6,parfum-item-8933,Indian Dream De Mancera,published,,variant_01KJFYAYV8N12CPY934JM2CVRF
prod_01KJFYAXRT3GJE39GJA3JJST61,parfum-item-8874,Portfolio Floral Sculpture Al Haramain,published,,variant_01KJFYAYVBPWMR198NYBTAEHEN
prod_01KJFYAXRT4J0A9N0VF5793H6S,parfum-item-8862,Twilly D'herm√®s Eau Poivr√©e De Herm√®s,published,,variant_01KJFYAYVCDBNNP12JA1FRC6HQ
prod_01KJFYAXRT8EA8YVMCGA1T1TH7,parfum-item-8880,Odyssey Homme De Armaf,published,,variant_01KJFYAYVBE58NGKF4HEVH0PQZ
prod_01KJFYAXRTAW2MJTV6E8H4E69E,parfum-item-8863,Pino Silvestre Original,published,,variant_01KJFYAYVBP76JE6AAM8Z0QDKC
prod_01KJFYAXRTD2C07VYPM9XBPSXZ,parfum-item-8869,Very Good Girl Carolina Herrera,published,,variant_01KJFYAYVBCBFW6D7J77YRHHFT
prod_01KJFYAXRTD40C70ZPCGJRJS3W,parfum-item-8845,Delina De Marly,published,,variant_01KJFYAYVCQJK7S7SCTMNFRKW3
prod_01KJFYAXRTD4Y7YDHTWEGDGEMH,parfum-item-8823,Sisterland Green Jasmine De Benetton,published,,variant_01KJFYAYVDF090SYW48299SF96
prod_01KJFYAXRTEHWHWT2PXG5N1ZY2,parfum-item-8825,Oscent Rouge De Alexandre. J,published,,variant_01KJFYAYVCRRV3TE2V3F1WWT3J
prod_01KJFYAXRTG9DSP56APHYQ76XF,parfum-item-8838,Toy 2 Bubble Gum De Moschino,published,,variant_01KJFYAYVCSA1ZGTSGN5854YY3
prod_01KJFYAXRTGFXGVF4VB065CVJR,parfum-item-8873,L.12.12 Rose Lacoste,published,,variant_01KJFYAYVBG5CGVYHGH7YWWJME
prod_01KJFYAXRTGVKMVAHHDZM8NJHH,parfum-item-8892,Invictus Victory De Paco Rabanne EDP Extr√™me,published,,variant_01KJFYAYVAVHD5129FZXGEPGJY
prod_01KJFYAXRTHMBV6C65NKTP5PY1,parfum-item-8885,Sutton Place De Bond No 9,published,,variant_01KJFYAYVA9W1ST8THKYVY80A3
prod_01KJFYAXRTMDQS30VZEWYVT64V,parfum-item-8889,Portfolio Euphoric Roots De Al Haramain,published,,variant_01KJFYAYVARERQHEE2998GD17H
prod_01KJFYAXRTPKJP9CAGV3JJWWBA,parfum-item-8860,Light Blue Love In Capri Dolce&gabbana,published,,variant_01KJFYAYVC97FEABPCV83J580S
prod_01KJFYAXRTQEMFH6ZRKYN7TVQX,parfum-item-8830,Swiss Army Classic De Victorinox,published,,variant_01KJFYAYVCH0ZYBE977M2SDKGB
prod_01KJFYAXRTRWWSAPFKGXCNTNRM,parfum-item-8881,Odyssey White De Armaf,published,,variant_01KJFYAYVBBE25MSA0705XYQHG
prod_01KJFYAXRTTE2148HM3FKNV1SS,parfum-item-8876,Dylan Turquoise De Versace,published,,variant_01KJFYAYVBJV1YZ1PM8GVFCNZF
prod_01KJFYAXRTTXRWMAQ4BVPY0W2M,parfum-item-8822,Sisterland Red Rose De Benetton,published,,variant_01KJFYAYVDJTPE4913VDTRVRSE
prod_01KJFYAXRTVA1WE7R0CNRZ9BW2,parfum-item-8827,Sauvage De Dior,published,,variant_01KJFYAYVC3EC2TGEWHN6CVV95
prod_01KJFYAXRTWFV4J9VWK9TRDEFG,parfum-item-8836,Greenwich Village De Bond No 9,published,,variant_01KJFYAYVCPJACFDMJRA7DB3Q3
prod_01KJFYAXRTYQ5PGC08AKR8Y4MG,parfum-item-8875,Portfolio Neroli Canvas De Al Haramain,published,,variant_01KJFYAYVBMW7K7J4QVH72TE40
prod_01KJFYAXRV1DZ0QC95FA3F5MCJ,parfum-item-8766,Pour Femme Oud Oriental De Versace,published,,variant_01KJFYAYVD0N6AXG1SP5CXYRGD
prod_01KJFYAXRV2PJ2VY3PE8DQF70Q,parfum-item-8719,Colors Man Blue De Benetton,published,,variant_01KJFYAYVF35MQGFP2TKRYRNJD
prod_01KJFYAXRV2XRKA5D3JFE8P1Y9,parfum-item-8772,Romantic Victoria's Secret Splash,published,,variant_01KJFYAYVDDZ813349RN4DJ35P
prod_01KJFYAXRV6RNCM5R5T7KJ92TB,parfum-item-8806,Bleu De Chanel Parfum,published,,variant_01KJFYAYVDGD4W534XZSDVAYTR
prod_01KJFYAXRV804F23YQWQHGZ22V,parfum-item-8761,Mia Me Mine Halloween,published,,variant_01KJFYAYVE9T3EXS6SCKGTM3QY
prod_01KJFYAXRV95NX7XW9R1P24N0X,parfum-item-8764,Signorina De Ferragamo,published,,variant_01KJFYAYVEYEYDAY341PG46HDQ
prod_01KJFYAXRV9MJY5XJPVCVVVBK6,parfum-item-8718,Le Male Le Parfum De Jean Paul Gaultier,published,,variant_01KJFYAYVFC6P2K6XKV217RWE3
prod_01KJFYAXRV9PP2HJ32H1N04AW3,parfum-item-8702,Versace Eros,published,,variant_01KJFYAYVFYFXFKC6EG6WYQ491
prod_01KJFYAXRVBNG661R7F8PA32SK,parfum-item-8703,Versace Bright Crystal De Versace,published,,variant_01KJFYAYVF1PC1T9JG5SJ09DPX
prod_01KJFYAXRVBT9DVYJ710YJ5FS5,parfum-item-8729,Faconnable French Riviera,published,,variant_01KJFYAYVECN7QTH4KYAJAM0M8
prod_01KJFYAXRVFTYSBKHXRM8CMMFC,parfum-item-8745,Loveme De Tous,published,,variant_01KJFYAYVEAM3CAX3RYMKY7BVM
prod_01KJFYAXRVGTGZW49ZQJG93KQ8,parfum-item-8734,Keep Glazed De Thoo,published,,variant_01KJFYAYVEC3MFMW4V21Z5H74J
prod_01KJFYAXRVJ3P3D3TDJF491E42,parfum-item-8765,Thank U Next De Ariana Grande,published,,variant_01KJFYAYVDGXSHDNHV65EEW52R
prod_01KJFYAXRVJEKTQHVQH16N32G5,parfum-item-8818,Legend De Montblanc Hombre,published,,variant_01KJFYAYVD9PQASTXNBFJT14N3
prod_01KJFYAXRVJH2JA1J042QRVMBK,parfum-item-8760,Gabrielle Essence De Chanel,published,,variant_01KJFYAYVEXWXWMR9JQ4PR9635
prod_01KJFYAXRVKGM03R67AP51QM8N,parfum-item-8799,Izia De Sisley,published,,variant_01KJFYAYVD2ESWMJYT28NB1BRA
prod_01KJFYAXRVQ6XHHT5J10KDRHJX,parfum-item-8737,Unpredictable Girl De Glenn Perri,published,,variant_01KJFYAYVEH68T8NFKVG5HPEK1
prod_01KJFYAXRVQSB68570Z7EKM2JM,parfum-item-8722,Coach New York Blue,published,,variant_01KJFYAYVFDY4RD5APH4VY4C0J
prod_01KJFYAXRVTJA1GRTB06S8KNZG,parfum-item-8808,Central Park South De Bond No 9,published,,variant_01KJFYAYVD763DWCS349Z0FZZ0
prod_01KJFYAXRVV6VGPXFBGZ6ZHCHC,parfum-item-8720,Baiser Vole Lys Rose De Cartier,published,,variant_01KJFYAYVF2QFZCW6HHD9MS2PZ
prod_01KJFYAXRVWV1XFG8X5Y4NG9EA,parfum-item-8714,Fusion D'issey Issey Miyake,published,,variant_01KJFYAYVFEH4AQ6CJGGFWH3HR
prod_01KJFYAXRVYMGVDSKV7V9TRR0D,parfum-item-8728,Faconnable Regatta Intense,published,,variant_01KJFYAYVETGFDM3819QFPYFKR
prod_01KJFYAXRW1ZN7XTY6JDZZ5ETB,parfum-item-8594,Lacoste Pour Femme De Lacoste,published,,variant_01KJFYAYVHSXZ4NVQ1P3PRGBJW
prod_01KJFYAXRW232Q2E1XWD96C7CG,parfum-item-8534,Perry 18 Orchid De Perry Ellis,published,,variant_01KJFYAYVJWJPD77G0XDSTZMA7
prod_01KJFYAXRW2JRRZGD9NAT461M5,parfum-item-8604,Park Avenue South De Bond No 9,published,,variant_01KJFYAYVH8SR0VE03CR8W1M2M
prod_01KJFYAXRW2TMCSAFCX4JNRT20,parfum-item-8608,K De Dolce & Gabbana,published,,variant_01KJFYAYVH84K5NYKP1XF4NA2M
prod_01KJFYAXRW5R9SHSJNB8211G6C,parfum-item-8677,Albane Noble Grand Palais,published,,variant_01KJFYAYVGXY57ZDZV8WSE1EY6
prod_01KJFYAXRW7HQG6DJH44WSQFV6,parfum-item-8627,Club De Nuit Sillage De Armaf,published,,variant_01KJFYAYVH3RB2YA35ES24A9XS
prod_01KJFYAXRWA40Z6JHM38NQJ07S,parfum-item-8539,L'Homme Ideal De Guerlain,published,,variant_01KJFYAYVJ7JWYJZTS6JR5CD2F
prod_01KJFYAXRWA9YQV60VMMY95QMT,parfum-item-8637,Eternity Flame De Calvin Klein,published,,variant_01KJFYAYVH16YSZ6A5HVYFR77R
prod_01KJFYAXRWAX5AGYWC95XBMWZE,parfum-item-8646,18 De Perry Ellis,published,,variant_01KJFYAYVG6PBC9GM6JPMYFPRJ
prod_01KJFYAXRWEXV4QBWWA53TMBNK,parfum-item-8675,Il Benjua De Ilmin,published,,variant_01KJFYAYVGY64M7K6DSRC65YZM
prod_01KJFYAXRWFXM869K5G145CQKA,parfum-item-8648,Ultrared De Paco Rabanne,published,,variant_01KJFYAYVG3Q5680ZD8F3JSYKN
prod_01KJFYAXRWJMV8Y5EAW4TFDSEY,parfum-item-8642,Jimmy Choo Fever,published,,variant_01KJFYAYVH3FXC8F6EMZ628CRP
prod_01KJFYAXRWJNQSC69ZP9GVKV8R,parfum-item-8624,Yellow Diamond De Versace,published,,variant_01KJFYAYVH07ZJKST6CFQW7ST9
prod_01KJFYAXRWN9RZKD57GKQ89YY1,parfum-item-8701,Rose Alba De Alexandre. J,published,,variant_01KJFYAYVGAQ6VX8T402B93GPA
prod_01KJFYAXRWRSRCDMATMXBF7KSH,parfum-item-8687,The Move Express Yourself Mercedes Benz,published,,variant_01KJFYAYVG09ZB45JMTK6HH1VY
prod_01KJFYAXRWSGVDACK0HGDKCP56,parfum-item-8562,Cloud De Ariana Grande,published,,variant_01KJFYAYVJSXHTTNTJ0NG7D0FN
prod_01KJFYAXRWW1A0C9KJ1F9GWVY7,parfum-item-8597,Gucci Bloom,published,,variant_01KJFYAYVHKKJANTFDGHRXJ2NY
prod_01KJFYAXRWWP9BNVZZGGYMWS0Z,parfum-item-8643,Cuir Orientica De Al Haramain,published,,variant_01KJFYAYVGEDFEWDXXGFNF9JNS
prod_01KJFYAXRWX1VVYKVNGBTKV0K0,parfum-item-8543,Orientica Amber Rouge De Al Haramain,published,,variant_01KJFYAYVJ7PECEPZWHTGGW7MR
prod_01KJFYAXRWXJ7QTT6F047B76RH,parfum-item-8669,Encre Noire Sport Lalique,published,,variant_01KJFYAYVG5TBKQ58SSPAPMG6S
prod_01KJFYAXRWXN41V7Z75F0MGD6M,parfum-item-8666,Bad Boy De Carolina Herrera,published,,variant_01KJFYAYVGBBHT3JQ07SYBXH1N
prod_01KJFYAXRX01Z741JZBHECB1T3,parfum-item-8529,El Paso De Lomani,published,,variant_01KJFYAYVJCYGKD6KDBPP250C6
prod_01KJFYAXRX0E5734301RM70E1N,parfum-item-8504,Nuit De Noho Bond No 9,published,,variant_01KJFYAYVMPP6ECP8BGF0E2QRD
prod_01KJFYAXRX0FEEP22MH69YAD37,parfum-item-8523,Eros Pour Femme Versace,published,,variant_01KJFYAYVJPA06HDTCYQ5GAQGG
prod_01KJFYAXRX7CCHHJJSWF5DK5HM,parfum-item-8510,The Scent Of Peace Bond No 9,published,,variant_01KJFYAYVKTDAR43BD7N02W22K
prod_01KJFYAXRX8K9K63C2SW4AA20J,parfum-item-8481,K De Dolce & Gabbana,published,,variant_01KJFYAYVMZFCT5QQZ23QYE2E7
prod_01KJFYAXRX9RFKKXM05WAFR37S,parfum-item-8531,Lapidus Pour Homme,published,,variant_01KJFYAYVJGRYQSVA70JD4GNJ8
prod_01KJFYAXRX9ZW82QA5JWTQ2R8P,parfum-item-8476,Burberry Her De Burberry EDP Intense,published,,variant_01KJFYAYVNFHSAT5QBYMBNRKMA
prod_01KJFYAXRXEAQMDZXKJ96S3GPZ,parfum-item-8503,Signature De Montblanc,published,,variant_01KJFYAYVMKD4W2XZKXY4WQQXG
prod_01KJFYAXRXHNZ03HWYM05K947H,parfum-item-8528,Chez Bond No 9,published,,variant_01KJFYAYVJ7Y53SAAANVNWQVNG
prod_01KJFYAXRXJKFF86JG264FZB1R,parfum-item-8512,Joop! Homme,published,,variant_01KJFYAYVKCA4YEG3E8JVHS8GE
prod_01KJFYAXRXM9NKEC151ARQSKW0,parfum-item-8520,Desire Blue De Alfred Dunhill,published,,variant_01KJFYAYVK3MASYCB8Z8ECS3ZH
prod_01KJFYAXRXN87X7BTTMTMJZCG8,parfum-item-8521,Insurrection Ii Pure Reyane Tradition,published,,variant_01KJFYAYVKHWQHKF59496MKP0C
prod_01KJFYAXRXNGPKNE8TVK7EE3GW,parfum-item-8479,Cabotine De Gres,published,,variant_01KJFYAYVMCSD5281GN9AGZM4N
prod_01KJFYAXRXP3P9VQ0SZ1H1KYDR,parfum-item-8483,Gentle Elsatys De Reyane,published,,variant_01KJFYAYVM03NJGNDZCV7TTMR6
prod_01KJFYAXRXPXQAG6CDJEY47GJ9,parfum-item-8489,Orientica Royal Amber De Al Haramain,published,,variant_01KJFYAYVMW1264TFXX292XXGN
prod_01KJFYAXRXQ8ZY56G29HDXHTVX,parfum-item-8477,Burberry Her De Burberry,published,,variant_01KJFYAYVMJ9H9V349SGJRKYQH
prod_01KJFYAXRXRMMGZ548KQTYH50W,parfum-item-8517,Rose Oud De Alexandre. J,published,,variant_01KJFYAYVK72M6QZQB69RY1MH2
prod_01KJFYAXRXRNH0ERPC31WMPNCW,parfum-item-8507,Bond St. Bond No 9,published,,variant_01KJFYAYVMKSB5HKWBXXKGG2XD
prod_01KJFYAXRXVAJV1SWTYFDX3A8X,parfum-item-8490,Orientica Oud Saffron De Al Haramain,published,,variant_01KJFYAYVMWBVBTZ1VW6CS9BDX
prod_01KJFYAXRXXACKP8HD1C2D23KN,parfum-item-8509,Nolita De Bond No 9,published,,variant_01KJFYAYVKFX9ZVFQ1RKG9Q7AR
prod_01KJFYAXRXZJPF419DWV89T1YS,parfum-item-8514,Iris Violet De Alexandre. J,published,,variant_01KJFYAYVKZ364KGV016JZQ6AY
prod_01KJFYAXRXZT0MX7PMA4CG6HP1,parfum-item-8516,Zafeer Oud Vanille De Alexandre. J,published,,variant_01KJFYAYVKYFTWRFETR2APANAB
prod_01KJFYAXRY125D4X5BNG1XNBTB,parfum-item-8449,Omnia Golden Citrine Bvlgari,published,,variant_01KJFYAYVNQHA026R6P8Z0840Q
prod_01KJFYAXRY25KM235XB3F1FW73,parfum-item-8443,Arsenal Black De Gilles Cantuel,published,,variant_01KJFYAYVNJHSVBRFK9AK51AE9
prod_01KJFYAXRY3CD71Y3B4W9VY0PS,parfum-item-8374,Pink Rush De Paris Hilton,published,,variant_01KJFYAYVP9PGJ7M01D5J7Q90D
prod_01KJFYAXRY4DKCTM174QATP9Q4,parfum-item-8371,Sun Java White De Franck Olivier,published,,variant_01KJFYAYVQT64JGH7WCXYZ37B6
prod_01KJFYAXRY52WBDJY5Y5RMGE97,parfum-item-8434,Contradiction De Calvin Klein,published,,variant_01KJFYAYVN807M70SCMD9F1PYH
prod_01KJFYAXRY6SDXA2WQW72W08ND,parfum-item-8424,Spring Fling De Bond No 9,published,,variant_01KJFYAYVP06Y66GMEZ2CVZXPW
prod_01KJFYAXRY74VDETG377X23XC4,parfum-item-8435,Garden De Dolce & Gabbana,published,,variant_01KJFYAYVNGHAMDT0WVYVSD4NP
prod_01KJFYAXRY7H1KWNVV6E5B1RK1,parfum-item-8361,Il Rose De Ilmin,published,,variant_01KJFYAYVQ71CCPVTBJ48EVMWJ
prod_01KJFYAXRY99Y5DPWKXZQHGH7C,parfum-item-8325,Halston Classic De Halston,published,,variant_01KJFYAYVP1JWV97NCJE41SDWW
prod_01KJFYAXRY9S548W9DWCVW5BEJ,parfum-item-8362,Il Femme De Ilmin,published,,variant_01KJFYAYVQH7505EFPQ61FW5C6
prod_01KJFYAXRYAA1ZKE0NM0SR70GT,parfum-item-8314,Pink Sugar Aquolina,published,,variant_01KJFYAYVP6WQDBVE2KZ772PYQ
prod_01KJFYAXRYD3MJYYQ6H94F2TVB,parfum-item-8365,Il Potion De Ilmin,published,,variant_01KJFYAYVQ2BGS6VXQVSX443YQ
prod_01KJFYAXRYD6QQ0H35JEV1R26B,parfum-item-8410,Mercedes Benz Club Black,published,,variant_01KJFYAYVPJQP2T1NDGYDCJ0FF
prod_01KJFYAXRYDARY48Y7ANE842ZC,parfum-item-8394,Opulent Sapphire De Al Haramain,published,,variant_01KJFYAYVP2K5Q7VZ9817Y10SK
prod_01KJFYAXRYJG90AR68Z1KPYQA2,parfum-item-8458,Pure Xs De Paco Rabanne,published,,variant_01KJFYAYVNJ1TH7TAMNVBTHCY0
prod_01KJFYAXRYKD4RNKY82RNGDDQN,parfum-item-8359,Il Lonve De Ilmin,published,,variant_01KJFYAYVQSKMFDTSVXKMC8B1V
prod_01KJFYAXRYMQZN2SEGTTRVP2GZ,parfum-item-8322,Morning Muscs De Alexandre. J,published,,variant_01KJFYAYVPYHY3JK38WH2W6788
prod_01KJFYAXRYSRA3WW40AMFQNDCS,parfum-item-8440,Joop! Homme,published,,variant_01KJFYAYVNCW8YD7YB8FWN63EF
prod_01KJFYAXRYTPW6D419J9X8PATQ,parfum-item-8437,Red Scuderia Ferrari,published,,variant_01KJFYAYVNX7BDAR16Y5NFHK3K
prod_01KJFYAXRYW6B2BXD4CZ5A884R,parfum-item-8360,Il Roso De Ilmin Para Mujer,published,,variant_01KJFYAYVQAVR3QJGZMN47NVKM
prod_01KJFYAXRYXRFBDXK53D802CM9,parfum-item-8417,Dubai Amber De Bond No 9,published,,variant_01KJFYAYVPPQQDS3G2EQ3RVPN3
prod_01KJFYAXRZ28B680XFGDV8S6NS,parfum-item-8225,Toy Boy De Moschino,published,,variant_01KJFYAYVS5BHT6263NN6ZZYD0
prod_01KJFYAXRZ3M16CH2W3TREP60S,parfum-item-8228,Deep Forest De Mancera,published,,variant_01KJFYAYVSVNAFXJ9HX9PCDRYW
prod_01KJFYAXRZ592DD93YTJNCCHGA,parfum-item-8229,Gold Intensive Aoud De Mancera,published,,variant_01KJFYAYVSPC9EVAF57P1AEMGW
prod_01KJFYAXRZ5BVH2D3W1Q705QKK,parfum-item-8234,Wind Wood De Mancera,published,,variant_01KJFYAYVRWFYGA8W8WCQSFT3V
prod_01KJFYAXRZ64D207F5X0VSAP0Z,parfum-item-8343,Il Amour De Ilmin,published,,variant_01KJFYAYVR4V0Y87Z9R6HQSMMA
prod_01KJFYAXRZ6A93Q0J6T784E0Q6,parfum-item-8348,Insurrection De Reyane Tradition,published,,variant_01KJFYAYVRTAAVT5BDB1QMFVTM
prod_01KJFYAXRZ6D3VBHVDBZ2BQGFR,parfum-item-8346,Il Blanc De Ilmin,published,,variant_01KJFYAYVRF93P6TCHRQNW6C6K
prod_01KJFYAXRZ6KJ685881964BPWW,parfum-item-8226,Crazy For Oud De Mancera,published,,variant_01KJFYAYVS2XVE5SBWHM3ES9K7
prod_01KJFYAXRZBG9B84APHXZTPQR2,parfum-item-8344,Il M√°le De Ilmin,published,,variant_01KJFYAYVRPJX9QP5NTDP5DJTT
prod_01KJFYAXRZC1S84H4T2KKDZ3DM,parfum-item-8222,Deep Blue Parfum De Ralph Lauren,published,,variant_01KJFYAYVTH1HMP539980GQERK
prod_01KJFYAXRZCBAJ05RR824X9W58,parfum-item-8358,Il Cool De Ilmin,published,,variant_01KJFYAYVQ6J1WV2P2VCD5CRB1
prod_01KJFYAXRZCF8CQZEY1WQYDT85,parfum-item-8231,Wave Musk Mancera,published,,variant_01KJFYAYVSXSFTHC2XTG2G4XSA
prod_01KJFYAXRZDQQST0GWXZWBB8X1,parfum-item-8224,Ck Everyone De Calvin Klein,published,,variant_01KJFYAYVTVCHH8KNRJDYDFB0C
prod_01KJFYAXRZH7VT5NBSGGS9B1E4,parfum-item-8354,Il Dolce De Ilmin,published,,variant_01KJFYAYVQWEQ39T3XW54AA5M7
prod_01KJFYAXRZJYKBRDVYNXJGVFKR,parfum-item-8232,Wild Candy Mancera,published,,variant_01KJFYAYVSV73QF5JR1BAJV96Q
prod_01KJFYAXRZMJED9E7SWGMMS02A,parfum-item-8345,Il Chaud De Ilmin,published,,variant_01KJFYAYVRSAY8WBAQQNK5M7TR
prod_01KJFYAXRZMN3XCMRBSXTBFZQ7,parfum-item-8230,Soleil D'italie De Mancera,published,,variant_01KJFYAYVS05MEY83FDYM6483C
prod_01KJFYAXRZP68R0QJ2ABBYNKKT,parfum-item-8236,Coach New York For Men,published,,variant_01KJFYAYVR0XV3M2SC0HBTSC16
prod_01KJFYAXRZR4C9N69JNGNDTC8B,parfum-item-8342,Il Liscio De Ilmin,published,,variant_01KJFYAYVRF4V9C6EY5RFWZ2ND
prod_01KJFYAXRZWKYNCPET4D6EA86J,parfum-item-8233,Wild Python De Mancera,published,,variant_01KJFYAYVRCJEPP35RA1JFHHQJ
prod_01KJFYAXRZYTGKB40HCG573198,parfum-item-8227,Amber Fever De Mancera,published,,variant_01KJFYAYVSNH2WV61KQYKDB7ZX
prod_01KJFYAXS01DVGAFYPXJ081YT6,parfum-item-8130,Aoud Lemon Mint De Mancera,published,,variant_01KJFYAYVWGP30XKDM7HXZ7S2J
prod_01KJFYAXS02TTWRC1ZSBRJEX2F,parfum-item-8194,Fantastic Oud De Montale,published,,variant_01KJFYAYVV153CK3A5FFMNGGBT
prod_01KJFYAXS04NM0PWT9APDJJBAF,parfum-item-8208,Your Moments De Tous,published,,variant_01KJFYAYVT6QFMXX49YXK2H87D
prod_01KJFYAXS05AAJZGAM9F2GMY43,parfum-item-8114,L¬•aventure Femme De Al Haramain,published,,variant_01KJFYAYVW4C1KS2VC4A3EDH4F
prod_01KJFYAXS05H2CTJ6ZYZ1QPF2N,parfum-item-8099,Fougeres Marines De Montale,published,,variant_01KJFYAYVWP5QVGVTQS52F00RC
prod_01KJFYAXS071EMDH68CAWHJMV6,parfum-item-8104,Velvet Vainilla Mancera,published,,variant_01KJFYAYVWQ6G4W0M9KNFPAA0D
prod_01KJFYAXS096344PCPX4ECJHDV,parfum-item-8195,Nepal Aoud De Montale,published,,variant_01KJFYAYVVSPZRMDZ4FANZVR3G
prod_01KJFYAXS0B2EX9MRKM3TBTZSS,parfum-item-8196,Red Vetiver De Montale,published,,variant_01KJFYAYVVY33TX3PN5J3E8GXQ
prod_01KJFYAXS0D1GKPPPDR9TQCD6W,parfum-item-8217,Amber Oud Gold Edition De Al Haramain Unisex,published,,variant_01KJFYAYVT478PGRZPGFDSEAN8
prod_01KJFYAXS0EH7VAQX5PNX4WQ08,parfum-item-8112,Halloween Magic,published,,variant_01KJFYAYVW0XP4HZJ00FVVMKCM
prod_01KJFYAXS0H48JE53AN3CTAKXT,parfum-item-8115,Vip Women De Cuba Paris,published,,variant_01KJFYAYVWREHDAT4M36RS1N8Q
prod_01KJFYAXS0HSXF2Q3Z7DFXZTXF,parfum-item-8148,Creed Aventus For Her,published,,variant_01KJFYAYVW7J6H4MMMGK6KCKK1
prod_01KJFYAXS0K30XX90CD4V2NKRQ,parfum-item-8200,1 Million Parfum De Paco Rabanne,published,,variant_01KJFYAYVT4VM488A3DHNDSWC1
prod_01KJFYAXS0KTSCNQD2M5S23HAQ,parfum-item-8221,Halston Z-14 Cologne,published,,variant_01KJFYAYVT7K4FHFE001QSNBQT
prod_01KJFYAXS0NRE9TAGQZAR7P13S,parfum-item-8151,Legend De Montblanc,published,,variant_01KJFYAYVVSDJ7E0XC3H8E8196
prod_01KJFYAXS0QYBVWDBMJ2JVXP2T,parfum-item-8214,La Belle De Jean Paul Gaultier,published,,variant_01KJFYAYVT9DWFSYJ1GWVJTHFF
prod_01KJFYAXS0R8YWSHXKCXHRN1AY,parfum-item-8193,Blue Amber De Montale,published,,variant_01KJFYAYVVEWBMMEBDA7SCTMGB
prod_01KJFYAXS0V2J2TEDGENPJDX1W,parfum-item-8218,Goldea Rose Blossom Delight De Bvlgari,published,,variant_01KJFYAYVT5MWCKAMQ1H0WWBR1
prod_01KJFYAXS0VPA17EB265X3168R,parfum-item-8123,Hypnotic Poison De Dior,published,,variant_01KJFYAYVWHZ21FAVMD3QMKVT2
prod_01KJFYAXS0WW1E9EY8VP6Y0DGQ,parfum-item-8199,Sweet Peony De Montale,published,,variant_01KJFYAYVVQQNFZ281XYW14MZR
prod_01KJFYAXS0Y7FQ6V18148EHGXF,parfum-item-8197,Tropical Wood De Montale,published,,variant_01KJFYAYVVRFDMRC2PSRRWJZE4
prod_01KJFYAXS0YHGPCGY25VCWN4H0,parfum-item-8191,Intense Roses Musk De Montale,published,,variant_01KJFYAYVVYQ4HHQ9CZAFQP2Z7
prod_01KJFYAXS14BP3XN88NN5RJCRH,parfum-item-8094,Ck In 2U De Calvin Klein,published,,variant_01KJFYAYVXP2TJCB02WESD119B
prod_01KJFYAXS1564X5GFW15RH9KYH,parfum-item-8044,Rochas Man,published,,variant_01KJFYAYVYZEE2FC6PAA6VE4D3
prod_01KJFYAXS1650QX490GR53SW1V,parfum-item-8079,Glistening Amber Juicy Couture,published,,variant_01KJFYAYVXQ0D4BF6APMM26HXZ
prod_01KJFYAXS16GP7Z9TPEV4DDRPS,parfum-item-8037,Club De Nuit Urban Man De Armaf,published,,variant_01KJFYAYVYHKKDZD602RXSRP97
prod_01KJFYAXS177RB8SJJSV93087F,parfum-item-8031,Daisy Love De Marc Jacobs,published,,variant_01KJFYAYVZDA25NNE47MV1GDY0
prod_01KJFYAXS18EGPEX90MTQW32PF,parfum-item-8038,Light Blue Dolce & Gabbana,published,,variant_01KJFYAYVYYP2GFEZRRJ54GS4N
prod_01KJFYAXS18XK2SCMNTMZ0XSTG,parfum-item-8041,Escape De Calvin Klein,published,,variant_01KJFYAYVY026ZCHQKYNY5CBYY
prod_01KJFYAXS1ERDM521HW1F8F2WC,parfum-item-8076,Sauvage Parfum De Dior,published,,variant_01KJFYAYVXD34E1X88PG8KE5C3
prod_01KJFYAXS1EYC9E13A8RYE5421,parfum-item-8055,Aoud Cuir D'arabie De Montale,published,,variant_01KJFYAYVYGGSKF2ZQR6XMSMRM
prod_01KJFYAXS1HJ5CBK04X3EJ1GYF,parfum-item-8090,Happy Moments De Tous,published,,variant_01KJFYAYVXGRGF8ZT1B1Y5WE00
prod_01KJFYAXS1J6QQ1NKQ15HWZENX,parfum-item-8093,L¬•aventure Femme De Al Haramain,published,,variant_01KJFYAYVX3RS3AMW0X04PW7GG
prod_01KJFYAXS1MCVQNJRQRGSC5FWC,parfum-item-8098,Embruns D'essaouira De Montale,published,,variant_01KJFYAYVW6Q3EHX2GRSYGPX4R
prod_01KJFYAXS1QWA9PF6B5FAMNHPZ,parfum-item-8087,Black Orchid De Tom Ford,published,,variant_01KJFYAYVXPD9T3Y8TST885EWT
prod_01KJFYAXS1R71V0DTVEHYPSZ63,parfum-item-8033,Stronger With You Intensely Emporio Armani,published,,variant_01KJFYAYVYZBVZY0XYHX9K0WCX
prod_01KJFYAXS1V2TXM35BRPD1BGWD,parfum-item-8054,Spicebomb Viktor & Rolf,published,,variant_01KJFYAYVYCD85KAVEQNSJGAM9
prod_01KJFYAXS1V3EVR00TGX5E2HQ4,parfum-item-8095,Uomo Urban Feel De Salvatore Ferragamo,published,,variant_01KJFYAYVXP2WBNVA195MHQZDY
prod_01KJFYAXS1WH5PAFWMMB4HC70B,parfum-item-8034,Amber Oud Rouge Al Haramain,published,,variant_01KJFYAYVYMXFRJSPD0X5RDFY5
prod_01KJFYAXS1Z38CAG7D5SBG059M,parfum-item-8077,Le Beau De Jean Paul Gaultier,published,,variant_01KJFYAYVX98JXD3JVYJM9EMK4
prod_01KJFYAXS20E0XSNCZ4RXDYE3R,parfum-item-7901,Noir L.12.12. Lacoste,published,,variant_01KJFYAYW1K2K8WTP78JJWAD7A
prod_01KJFYAXS2605CVF1PPV56RDVP,parfum-item-8018,Woman Rose United Colors De Benetton,published,,variant_01KJFYAYVZX3G0DNCZPYGGZ0CM
prod_01KJFYAXS2793XFH0JV3QRV9WG,parfum-item-8029,Club De Nuit Intense Man De Armaf,published,,variant_01KJFYAYVZBDBEJC91V131160Q
prod_01KJFYAXS29V9Y93BR2CRG1CV8,parfum-item-8015,Sand Aoud De Mancera Unisex,published,,variant_01KJFYAYW0MDS5X7SDAG5KVBT5
prod_01KJFYAXS2BPN5RQCVHTVY29DX,parfum-item-8014,So Blue De Mancera Unisex,published,,variant_01KJFYAYW0VNSVHWYRMTQ73R9Z
prod_01KJFYAXS2EHSR87W0YKY0J14N,parfum-item-7997,Roses Jasmine De Mancera Unisex,published,,variant_01KJFYAYW0HM6W6QF9XE31ZJDT
prod_01KJFYAXS2EN65KT23Q5DRRS01,parfum-item-7903,Jean Pascal Repuesto,published,,variant_01KJFYAYW1PYMKQC70B9AQ1JJ9
prod_01KJFYAXS2GWM34DSMRGW12MJA,parfum-item-8019,United Dreams Live Free De Benetton,published,,variant_01KJFYAYVZS5ZRGK853YVJ3K5G
prod_01KJFYAXS2JP8X5M6RQFH11QQD,parfum-item-8030,Club De Nuit Milestone Armaf,published,,variant_01KJFYAYVZGWPXFYN04DEC69BB
prod_01KJFYAXS2KA0VW7MKTEE2DDP0,parfum-item-7912,Spring Flower Creed,published,,variant_01KJFYAYW097TX3CPSJYF3TC36
prod_01KJFYAXS2KK8C5W5BHZ0XHA1N,parfum-item-8028,Ck Man De Calvin Klein,published,,variant_01KJFYAYVZA85FA2APCS2ZH3TH
prod_01KJFYAXS2M3ZF1P60AC9N2AZW,parfum-item-7996,Precious Oud De Mancera Unisex,published,,variant_01KJFYAYW0G8PYCKSP19FNZQ40
prod_01KJFYAXS2NX1S6RB0EJQJQ7AS,parfum-item-8020,L¬•aventure Blanche Al Haramain,published,,variant_01KJFYAYVZV6M58NAEYGYCPAY6
prod_01KJFYAXS2NZFA48JC6W5VYH8Q,parfum-item-7893,Hypnotic Poison De Dior,published,,variant_01KJFYAYW18MF33C1NMJ6N3NTE
prod_01KJFYAXS2RSQ5ZGN1W80462XN,parfum-item-8012,United Dream Aim High De Benetton,published,,variant_01KJFYAYW0RRZ1WJGBF9414BX7
prod_01KJFYAXS2VBCC9JZR27MJQE4M,parfum-item-7994,Aoud Blue Notes De Mancera Unisex,published,,variant_01KJFYAYW00KM0PH08624AS7A1
prod_01KJFYAXS2VC1V0GGPR5GRE4SQ,parfum-item-8021,United Dreams Love Yourself Benetton,published,,variant_01KJFYAYVZBCTAY231CVE1X00C
prod_01KJFYAXS2WWTCXB80K4MR3HMW,parfum-item-7914,Club De Nuit Intense De Armaf,published,,variant_01KJFYAYW0149JHV8ZZEJJQ8WF
prod_01KJFYAXS2XZBY4KTFY4DY0ZWN,parfum-item-7907,Eros Flame De Versace,published,,variant_01KJFYAYW1Q513P4CATJC9J6EA
prod_01KJFYAXS2ZWW7X9VFKCHK56CF,parfum-item-8026,My Burberry Blush,published,,variant_01KJFYAYVZFFMMRYX9THRWTJ2K
prod_01KJFYAXS33110AFEEMFPVWGMZ,parfum-item-7852,L¬•aventure De Al Haramain,published,,variant_01KJFYAYW3MBT5DHK8PRQ2D221
prod_01KJFYAXS33SXZSE4FZ6XNDV3R,parfum-item-7854,Ck Be De Calvin Klein,published,,variant_01KJFYAYW3RR0XX2JHJMWHZ0RF
prod_01KJFYAXS33VXA9S5EY5MNJHWY,parfum-item-7859,Man Intense De Jimmy Choo,published,,variant_01KJFYAYW2R68VC90HTE0BZM4P
prod_01KJFYAXS33WR5BVJDMCBBFP5K,parfum-item-7872,K De Dolce & Gabbana,published,,variant_01KJFYAYW2VGJY9YBW1N2W257Y
prod_01KJFYAXS33ZSFEDGR08FVEGC1,parfum-item-7831,Black Opium Ysl Yves Saint Laurent,published,,variant_01KJFYAYW3KB7QZXATJFCXHPB2
prod_01KJFYAXS36WE7ZAV9HG3ZBETM,parfum-item-7883,Eternity Aqua For Men De Calvin Klein,published,,variant_01KJFYAYW22AKAKV1T9MCTRQK0
prod_01KJFYAXS39FB1GPHY3Q6FGXB9,parfum-item-7873,K De Dolce & Gabbana,published,,variant_01KJFYAYW266YVXGECE6B1BWF8
prod_01KJFYAXS3B6KRG9VGSS0DXTVP,parfum-item-7858,Jean Pascal Caja,published,,variant_01KJFYAYW3GMKXJ6865HNJNCP4
prod_01KJFYAXS3BQRZWN4595J027GA,parfum-item-7892,Guess Man Gold,published,,variant_01KJFYAYW1WRA9XMAMQ5TXP0G2
prod_01KJFYAXS3CP86FQ4B57QVAYWD,parfum-item-7871,Cr7 De Cristiano Ronaldo,published,,variant_01KJFYAYW2VHQF0NVR8567B3X5
prod_01KJFYAXS3CR5W0DXAE13QYD5W,parfum-item-7869,Coach Floral De Coach New York,published,,variant_01KJFYAYW2NK1T32T2Z88CQ1E3
prod_01KJFYAXS3E8CZCFY3K80H9KPD,parfum-item-7877,The Only One De Dolce & Gabbana,published,,variant_01KJFYAYW2RSX6M6PKZAKTFAX3
prod_01KJFYAXS3K0Y2T63312CWE8MF,parfum-item-7885,F De Salvatore Ferragamo,published,,variant_01KJFYAYW1MBEF6YW8451W46DH
prod_01KJFYAXS3R3J2PFC9MA4DV0C0,parfum-item-7870,Coach Floral Blush De Coach New York,published,,variant_01KJFYAYW2W2DKS8JH34CKPBT8
prod_01KJFYAXS3R6R59TZ1EMZQ4S2P,parfum-item-7207,Reserve De Perry Ellis,published,,variant_01KJFYAYW32XEW9XRWKH5GR6D0
prod_01KJFYAXS3SE41N8074B39HHAZ,parfum-item-7860,Man De Jimmy Choo,published,,variant_01KJFYAYW20TXD3Y0YCXX55WKZ
prod_01KJFYAXS3WTV1CW4SZS5PVEDD,parfum-item-7886,Gucci Rush De Gucci,published,,variant_01KJFYAYW12C34CNPXSHCHT60P
prod_01KJFYAXS3X5D42R6AZHWGAG6F,parfum-item-7208,Red Giorgio De Beverly Hills,published,,variant_01KJFYAYW30H7E12YHXQGB1YC4
prod_01KJFYAXS3XBHVRZ3HJCDDDXBW,parfum-item-7889,Guess Man De Guess,published,,variant_01KJFYAYW13CCFQ4CVBDC33G1H
prod_01KJFYAXS3XZM2FRGVP4DV20S7,parfum-item-7856,Ch L'eau De Carolina Herrera,published,,variant_01KJFYAYW32J8H1W6F571CC5M9
prod_01KJFYAXS43XACZHQASQHB6APH,parfum-item-6746,Chocolate Greedy De Montale Paris,published,,variant_01KJFYAYW5VZ92YH2DD0EKJ7WW
prod_01KJFYAXS45SG25X0G887XEVT3,parfum-item-6743,Aqua Gold De Montale Paris,published,,variant_01KJFYAYW5RBEZZPAW9R84VTYV
prod_01KJFYAXS490P992HPAQFR0ZWZ,parfum-item-6738,Kumkat Wood De Mancera,published,,variant_01KJFYAYW627X4NVZ84J7H6NG1
prod_01KJFYAXS492V2C1CQ82JBFVD8,parfum-item-6740,Aoud Greedy De Montale Paris,published,,variant_01KJFYAYW5805YVF5VSBBQXPDE
prod_01KJFYAXS4A71GMRRKAEHJ706F,parfum-item-7192,Pink Roses De Mancera,published,,variant_01KJFYAYW48K273AVRR1BCH6X1
prod_01KJFYAXS4DSJEWBHW4AHFH814,parfum-item-6747,Himalaya De Creed,published,,variant_01KJFYAYW5PAXA5V4Z8WVZH0DD
prod_01KJFYAXS4EN6W9H1EBQX2VFHD,parfum-item-7188,Sicily De Mancera,published,,variant_01KJFYAYW40DWNA9VTB27DBGY7
prod_01KJFYAXS4EX2SK6BDE28KA7NM,parfum-item-7145,N¬∞5 Eau Premi√©re De Chanel,published,,variant_01KJFYAYW5XSWQ8218KC4YFYZR
prod_01KJFYAXS4F43EZPZ1XXG2QMMB,parfum-item-6737,Jardin Exclusif De Mancera,published,,variant_01KJFYAYW6FNBBEY6NYW8HM7QF
prod_01KJFYAXS4J62X725EQN6S4B1V,parfum-item-7187,Wild Fruits De Mancera,published,,variant_01KJFYAYW46R1WKE0REVTGFA6M
prod_01KJFYAXS4JBK7YQ4F2PSENK2A,parfum-item-7171,Club De Nuit Woman De Armaf,published,,variant_01KJFYAYW40BQG6SFSZHKVG1ZP
prod_01KJFYAXS4K8EDXYAFCDSN8Q13,parfum-item-6745,Boise Fruite De Montale Paris,published,,variant_01KJFYAYW5GWD3CXNK6MH51RVG
prod_01KJFYAXS4KSES80P13XH6PBVW,parfum-item-7146,Pasha Edition Noire Sport De Cartier,published,,variant_01KJFYAYW5A5FC0TCY1WMST8C8
prod_01KJFYAXS4NHSQWDWNQZSBDFKZ,parfum-item-7190,Musk Of Flowers De Mancera,published,,variant_01KJFYAYW4VRTE42T0GVT35HRH
prod_01KJFYAXS4QSCGA3HTQ8YSGZNP,parfum-item-7189,Amber & Roses De Mancera,published,,variant_01KJFYAYW4FX23DQN5RZKFBYKP
prod_01KJFYAXS4S33CKE1SMRAYFNEX,parfum-item-7191,Musky Garden De Mancera,published,,variant_01KJFYAYW43SGA3KV6DV5QNHA0
prod_01KJFYAXS4TRKCYWX7K58N6JFG,parfum-item-7186,Ultra Male Jean Paul Gaultier 125  Intense Hombre EDT,published,,variant_01KJFYAYW4AA3Q1HYKNWY01P91
prod_01KJFYAXS4WVPY86X9BPV340FJ,parfum-item-6739,Lemon Line De Mancera,published,,variant_01KJFYAYW5ZZBNT44QQYTQNK19
prod_01KJFYAXS4Z45H6SM6KW1KZT9R,parfum-item-7198,Eau De Lacoste L12.12 Pour Elle French Panache,published,,variant_01KJFYAYW3BB32QAJ2T23HA2JH
prod_01KJFYAXS51MCWSV7HMJNYMBQP,parfum-item-6699,Black Line De Mancera,published,,variant_01KJFYAYW8VEGV2YS42ZN66A1N
prod_01KJFYAXS538QEZDTM6D81NJP9,parfum-item-6700,Black Prestigium De Mancera,published,,variant_01KJFYAYW8ZF7GFBGTQ3V3VNEY
prod_01KJFYAXS53XAHK775PWB9BM76,parfum-item-6736,Instant Crush De Mancera,published,,variant_01KJFYAYW6XGQ5RV34MK142FE6
prod_01KJFYAXS56N8GG52S1JQ5GETK,parfum-item-6712,Aoud Forest De Montale Paris,published,,variant_01KJFYAYW7J3WGMW0ETEYG4HX0
prod_01KJFYAXS59TQM5Z8G4Y0BNR6N,parfum-item-6709,Guess Gold De Guess,published,,variant_01KJFYAYW7SHAZA9JXFBHVJ7RV
prod_01KJFYAXS5A54BJ4GN6SNKKH13,parfum-item-6697,Aoud Violet De Mancera,published,,variant_01KJFYAYW80MT27646ZZMX4Y6A
prod_01KJFYAXS5B9D7XYGSANJ9Y2TW,parfum-item-6695,Aoud Orchid De Mancera,published,,variant_01KJFYAYW8TWDA76260Y9430FQ
prod_01KJFYAXS5BNY4NJXJBHZQQBPX,parfum-item-6733,Fidi De Bond No 9,published,,variant_01KJFYAYW6J28FF14P1JBG7142
prod_01KJFYAXS5C4KHCE4BXY3DZ69G,parfum-item-6734,Cedrat Boise De Mancera,published,,variant_01KJFYAYW6R9VNXQ8EYACX0MQW
prod_01KJFYAXS5D3QFJD85N7EYJG4J,parfum-item-6714,Coco Vanille De Mancera,published,,variant_01KJFYAYW73TG199DZ9FJ5ZRZD
prod_01KJFYAXS5EV5EK4PKAPE87AEH,parfum-item-6721,Electrify De Paris Hilton 100 Mujer EDP,published,,variant_01KJFYAYW6R45T53WEY7CJ26ZM
prod_01KJFYAXS5JX1CDH0E2A33DJ9Q,parfum-item-6715,Gold Incense De Mancera,published,,variant_01KJFYAYW79X3RHEB2QY6V6S4X
prod_01KJFYAXS5NVVFS34B8X5MW89E,parfum-item-6735,Holidays De Mancera,published,,variant_01KJFYAYW6FQ0S22JJ4YV66RTB
prod_01KJFYAXS5P2FDDCCPM8VRHNN8,parfum-item-6698,Black Gold De Mancera,published,,variant_01KJFYAYW8Q6MGNGYZ6TKGEJGK
prod_01KJFYAXS5QA6HCYCBGH1TQVGS,parfum-item-6713,Black Vanilla De Mancera,published,,variant_01KJFYAYW793PG11WH6V4FNH2F
prod_01KJFYAXS5TGYKHXR4PAQ5XQ7G,parfum-item-6705,Alien Man De Mugler,published,,variant_01KJFYAYW7X5138E37MAMD1M47
prod_01KJFYAXS5XS7MZ466TZZD95T6,parfum-item-6719,La Vie Est Belle En Rose De Lancome,published,,variant_01KJFYAYW76XXVJACX93C53N6G
prod_01KJFYAXS5Y7S2SM56NBAK1VC0,parfum-item-6716,Gold Prestigium De Mancera,published,,variant_01KJFYAYW7KFA690302VTDRVER
prod_01KJFYAXS5YZARNQ1B59R144GC,parfum-item-6696,Aoud Vanille De Mancera,published,,variant_01KJFYAYW8YBAYS8JTG2S8ZM68
prod_01KJFYAXS5ZDYJ9ENG3KCPTY8H,parfum-item-6727,Dubai Garnet De Bond No 9,published,,variant_01KJFYAYW687JEAXS46FWW0RBF
prod_01KJFYAXS5ZK4K76GNP0JZSACR,parfum-item-6706,Twilly D'hermes De Hermes Paris,published,,variant_01KJFYAYW75AZX9J77KBQ0E7XG
prod_01KJFYAXS6770NMT6VC42PP1W0,parfum-item-6588,The One De Dolce & Gabbana,published,,variant_01KJFYAYWA9B6R6D4BJYGXZ0CD
prod_01KJFYAXS67J008J8EVK5QYJB4,parfum-item-6599,Shadow De Cuba Paris,published,,variant_01KJFYAYWAT7PTWQEFJQHK371F
prod_01KJFYAXS697ETJS69FZWPBBTZ,parfum-item-6693,Aoud Exclusif De Mancera,published,,variant_01KJFYAYW8K67AFJWBQ2ANF8YJ
prod_01KJFYAXS6AA8P952F0TJB455G,parfum-item-6633,Versace Woman De Versace,published,,variant_01KJFYAYW9HC963MBTCTDPKYT4
prod_01KJFYAXS6DD4CBTEWWAT20VDP,parfum-item-6592,Sweet Vainilla De Montale Paris,published,,variant_01KJFYAYWASVBPDBS2T6BRM287
prod_01KJFYAXS6HJZW4Z1DMT44M69V,parfum-item-6634,Still De Jennifer Lopez,published,,variant_01KJFYAYW9TKARSS5J31GNJ1RJ
prod_01KJFYAXS6HZG4W6AFG563EJRB,parfum-item-6595,For Her De Narciso Rodriguez,published,,variant_01KJFYAYWA6ZSG6THT7YS74A8W
prod_01KJFYAXS6K36DP7JKXCMNDWDB,parfum-item-6594,Must De Cartier,published,,variant_01KJFYAYWA2D7GYD32DSWG4BXP
prod_01KJFYAXS6NXP8CRFG6NXGD9QA,parfum-item-6623,Hugo Reversed De Hugo Boss,published,,variant_01KJFYAYW9HK3QVE10WGGZTR6S
prod_01KJFYAXS6PB4M6HRGB1F3XW17,parfum-item-6586,Bad Boy De Carolina Herrera,published,,variant_01KJFYAYWAE0JXRVRTQ2JXFDXA
prod_01KJFYAXS6PDJMXPP68TVTFF8D,parfum-item-6660,Black Edition De Bentley,published,,variant_01KJFYAYW9VH3EQT00VSR7QWWB
prod_01KJFYAXS6QPB5W7FK39VH4S89,parfum-item-6671,Women De Calvin Klein,published,,variant_01KJFYAYW997CNQ0X3VNNKZRV9
prod_01KJFYAXS6S5D2YAZ619HHZB6A,parfum-item-6598,La Vida De Cuba Paris,published,,variant_01KJFYAYWA2VCJZ3KG8NSV3RMX
prod_01KJFYAXS6TC029V8X0M2S5HM9,parfum-item-6635,Floral Touch So Fresh De Tous,published,,variant_01KJFYAYW976V9H5VHY04Y31S2
prod_01KJFYAXS6TT1ANX6X8G788GMB,parfum-item-6624,Quorum De Antonio Puig,published,,variant_01KJFYAYW9GKR7B4Q9KECSYYMA
prod_01KJFYAXS6V2DM8R3059M8P5VM,parfum-item-6570,Mediterraneo De Antonio Banderas,published,,variant_01KJFYAYWBDKEZ8MDHAYRSZPQG
prod_01KJFYAXS6V96VZ12GKFJTFE8D,parfum-item-6609,Declaration De Cartier,published,,variant_01KJFYAYW907BB36Y16T1EDFW2
prod_01KJFYAXS6X0GANR4K39BRFZFR,parfum-item-6571,Le Parfum De Mercedes Benz,published,,variant_01KJFYAYWB67SF2HRJ9H5ER2G3
prod_01KJFYAXS6YCQTKSVDMN87DT9W,parfum-item-6600,Victory De Cuba Paris,published,,variant_01KJFYAYWA0GMTPMZMB2WHF8XA
prod_01KJFYAXS6Z5M4PKM3VWYPDR0Q,parfum-item-6694,Aoud Line De Mancera,published,,variant_01KJFYAYW8RTZME653H7HEMAXQ
prod_01KJFYAXS718XFF8RTE4CFTAMZ,parfum-item-6481,Arsenal Platinum De Gilles Cantuel,published,,variant_01KJFYAYWDRECTXWCHA6QV2G26
prod_01KJFYAXS73C61J0VX4DRBFJHG,parfum-item-6460,Pure Blue De Perry Ellis,published,,variant_01KJFYAYWD3C910QG828N6YA1G
prod_01KJFYAXS73K0NHZ6XRHETQR2N,parfum-item-6476,Lady Million Empire De Paco Rabanne,published,,variant_01KJFYAYWDQ58T37D0Q20KEF4C
prod_01KJFYAXS755PGAPNY9HGPXXPK,parfum-item-6507,Guess 1981 For Men,published,,variant_01KJFYAYWCG518X5C0QMH36DQZ
prod_01KJFYAXS75EJ77J9TE0RKA2XV,parfum-item-6517,Ck In 2U For Him De Calvin Klein,published,,variant_01KJFYAYWCCG3RATTCJTE7SEQC
prod_01KJFYAXS78YCAE3WJN1AY8YG2,parfum-item-6511,Arabians De Montale Paris,published,,variant_01KJFYAYWC0NHWPFV53NGBB45F
prod_01KJFYAXS798BXWYX9W84X9FC4,parfum-item-6453,Platinum Rush De Paris Hilton,published,,variant_01KJFYAYWDHTPXJ5W1A9247AC1
prod_01KJFYAXS7A5KXK0BDA1ENX4QF,parfum-item-6560,Loewe Solo Origami De Loewe,published,,variant_01KJFYAYWBJQTN5XT29R14E8VH
prod_01KJFYAXS7AW85BBBKBRCK1WVE,parfum-item-6509,Guess 1981 Los Angeles De Guess,published,,variant_01KJFYAYWCX1XVD055PTC0VNM6
prod_01KJFYAXS7B1BTCCAQHH1YE24N,parfum-item-6566,Uomo De Salvatore Ferragamo,published,,variant_01KJFYAYWB24TDEN4ET5AR6ZC0
prod_01KJFYAXS7C10GY8ZCXT8W7161,parfum-item-6556,Signorina Ribelle De Ferragamo,published,,variant_01KJFYAYWBNGW9QW213BS0H692
prod_01KJFYAXS7D7WPS780R1ZPRXDC,parfum-item-6488,Boss The Scent De Hugo Boss,published,,variant_01KJFYAYWCHZAW0M9GE32YM4E7
prod_01KJFYAXS7HQB48SYPJK7S1CMY,parfum-item-6484,Boss Bottled De Hugo Boss,published,,variant_01KJFYAYWD3RJQNASEGHTKAMA8
prod_01KJFYAXS7JDDPXM4E7788PX1E,parfum-item-6555,Shuhrah Pour Homme De Rasasi,published,,variant_01KJFYAYWBMKA69SAKQ7VZRDEQ
prod_01KJFYAXS7JN8ZV4V0VN0CW8H0,parfum-item-6503,The One De Dolce & Gabbana,published,,variant_01KJFYAYWC1DES4FECR6CNDZ88
prod_01KJFYAXS7QENT52PRWAB22SDT,parfum-item-6569,Mediterraneo De Antonio Banderas,published,,variant_01KJFYAYWB5NEZF3ER9KEMC0NN
prod_01KJFYAXS7QQBFVBXCB8BYPJH2,parfum-item-6567,Grey Flannel De Geoffrey Beene,published,,variant_01KJFYAYWBM868CE6DB4BBGGEZ
prod_01KJFYAXS7V02142886S64CQ3M,parfum-item-6565,Fahrenheit De Christian Dior,published,,variant_01KJFYAYWB54X725NV20YQ61E5
prod_01KJFYAXS7YSGQ9XTQNZ55QRBY,parfum-item-6513,Intense Cherry De Montale Paris,published,,variant_01KJFYAYWC2ZCJQPN3AVCWP8RP
prod_01KJFYAXS7Z0RFYQGE61QQE13V,parfum-item-6515,Pretty Fruity De Montale Paris,published,,variant_01KJFYAYWC4WJQET94W3F2S7Q2
prod_01KJFYAXS8DP4FACKY50TNVZXQ,parfum-item-6443,Get Ready De Adidas,published,,variant_01KJFYAYWDF870C1JJS9GWAQF4
prod_01KJFYAXS8FR53Y96Y7YJ7BV91,parfum-item-6397,Amber Oud Gold Edition De Al Haramain,published,,variant_01KJFYAYWETAPW91FXXBJSF81B
prod_01KJFYAXS8FRE3VSQ2YST9ZDQ2,parfum-item-6400,L¬•aventure De Al Haramain,published,,variant_01KJFYAYWE0BPVTS2239Q4XDC4
prod_01KJFYAXS8G30CEHXQQWBGNSS0,parfum-item-6442,Goldea The Roman Night Absolute De Bvlgari,published,,variant_01KJFYAYWDVMKX4A9XFWGQK9EX
prod_01KJFYAXS8TSPJYN527BKE43CH,parfum-item-6401,L¬•aventure Blanche De Al Haramain,published,,variant_01KJFYAYWEMERBY3R82RMRD9CW
prod_01KJFYAXS8VX4VHKBCXQKN6GWF,parfum-item-6412,Benetton Colors Man Green,published,,variant_01KJFYAYWDKB9E6HC2BV7ZB1X0
prod_01KJFYAXS8X81E647M6A2ZBDYX,parfum-item-6402,L¬•aventure Knight De Al Haramain,published,,variant_01KJFYAYWED289GCVW682Z1CK6
prod_01KJFYB2A44S4CG9WCYB6YFBVS,parfum-item-6302,Explorer De Montblanc,published,,variant_01KJFYB2SD2NQXPF25SZ86VVVE
prod_01KJFYB2A45MYAYYAWNF6Z09GE,parfum-item-6255,Burberry London De Burberry,published,,variant_01KJFYB2SE4TNT2C3RZDRC8BJQ
prod_01KJFYB2A4748CCD3CBRXVMTWQ,parfum-item-6375,Club De Nuit Intense Man De Armaf,published,,variant_01KJFYB2SC87AN9Z3R9NHQA7A3
prod_01KJFYB2A47XMC0C3D7QSXCDDV,parfum-item-6385,Club De Nuit Man De Armaf,published,,variant_01KJFYB2SCPHENAFR6AYRD7VTK
prod_01KJFYB2A486R26S8AFF5YH7ZX,parfum-item-6267,Black Xs For Her De Paco Rabanne,published,,variant_01KJFYB2SEKHHY3AMSX1W97XTV
prod_01KJFYB2A4ANG867Q4H77HVRH1,parfum-item-6343,Jimmy Choo Man Blue De Jimmy Choo,published,,variant_01KJFYB2SDWC2QN9QWXVR37YJN
prod_01KJFYB2A4C93N7YRHYHV2T1K0,parfum-item-6345,Stronger With You De Emporio Armani,published,,variant_01KJFYB2SDTX92QY9DS9HZN21T
prod_01KJFYB2A4EDD3J8P52XJVN2P8,parfum-item-6322,Youth Dew De Estee Lauder,published,,variant_01KJFYB2SD2VWY49601V3QXEE7
prod_01KJFYB2A4FFRK15J5PW2ASWH4,parfum-item-6342,Y Yves Saint Laurent,published,,variant_01KJFYB2SDNFTK4KEB6VX6Z9RX
prod_01KJFYB2A4GNVM4F0QMAYBWBH1,parfum-item-6324,Hugo Woman Extreme De Hugo Boss,published,,variant_01KJFYB2SDRQKY8GRE18BBFDRH
prod_01KJFYB2A4MGMRAJ05JSNK7ZNE,parfum-item-6347,Wanted By Night Azzaro,published,,variant_01KJFYB2SDHM5R1YDPVNP5C8XZ
prod_01KJFYB2A4PNMTWE89ANAXN1RM,parfum-item-6344,Polo Blue Ralph Lauren,published,,variant_01KJFYB2SDTA7TQMHSBDRXXB69
prod_01KJFYB2A513E2G2KWRJ4MCFG0,parfum-item-5534,Vip Cuba De Cuba Paris,published,,variant_01KJFYB2SF9FY1K8MYKGPJTCGT
prod_01KJFYB2A52PG8VYBWC88VGPB8,parfum-item-5601,Bella Blanca De Oscar De La Renta,published,,variant_01KJFYB2SFYW56MRKEMCX1Z564
prod_01KJFYB2A54ZPJXDMBQTESZC9Z,parfum-item-6243,Eros Flame De Versace,published,,variant_01KJFYB2SEXGTB044BJP908W0R
prod_01KJFYB2A55W4WT1F29PHYK6MJ,parfum-item-5546,Red Door De Elizabeth Arden,published,,variant_01KJFYB2SF6WW10GQJFV8AJ26E
prod_01KJFYB2A57M08SSQD5XRSDMH1,parfum-item-5582,Pure Xs Her De Paco Rabanne,published,,variant_01KJFYB2SFZV5K6EPQ8YCGJ7WY
prod_01KJFYB2A58Q5QRW1TSFSM990F,parfum-item-6215,Colors Man Black De Benetton,published,,variant_01KJFYB2SEJK20N7612YEGK9Q5
prod_01KJFYB2A5E06MEEXFEYGF1JPP,parfum-item-6164,Katy Perry's Indi Visible,published,,variant_01KJFYB2SEVF45SRK6ZW3NG01Q
prod_01KJFYB2A5E29707H26VDT0AD6,parfum-item-6214,Uomo Signature De Salvatore Ferragamo,published,,variant_01KJFYB2SEZT5EP3AT3F0GRFMQ
prod_01KJFYB2A5F6D5SV8T7GTRG086,parfum-item-5567,Valentino Donna De Valentino,published,,variant_01KJFYB2SFPB5096DZH5EA8FGS
prod_01KJFYB2A5G4ABYYPE3FS65VSQ,parfum-item-5579,Toy 2 De Moschino,published,,variant_01KJFYB2SFZQ0XKJATY55DF7NV
prod_01KJFYB2A5MAC07SW2BV9BXY35,parfum-item-5509,Coach Platinum De Coach,published,,variant_01KJFYB2SG2G8C5F4E4MP9NB2M
prod_01KJFYB2A5N2QWMSXK45D0JAHA,parfum-item-6174,Bleu De Chanel Parfum,published,,variant_01KJFYB2SE4THW7RGK9NS91D8H
prod_01KJFYB2A5QC1XAYYKM4WR256N,parfum-item-5644,Gems Power De Tous,published,,variant_01KJFYB2SE2KKVN4Z34YDE4KE8
prod_01KJFYB2A5SWMG1TTN1FWS0QY7,parfum-item-5496,Sauvage De Dior,published,,variant_01KJFYB2SGA4NMZEBQ66BVFDHY
prod_01KJFYB2A5SYF0B35Y2K6ZVR3D,parfum-item-5492,Viking De Creed,published,,variant_01KJFYB2SG6QN3TCVZ3BW715T1
prod_01KJFYB2A5TM830W5WFG0321QY,parfum-item-5569,Dylan Blue Pour Femme De Versace,published,,variant_01KJFYB2SF2Y3N2RR5H3FVMS86
prod_01KJFYB2A5TZ0A986BCDP9G6RT,parfum-item-5608,Sweet Like Candy De Ariana Grande,published,,variant_01KJFYB2SEKGYPCESV91D0VBMJ
prod_01KJFYB2A5V81Y8CF5WQK19AEH,parfum-item-5564,Romance De Ralph Lauren,published,,variant_01KJFYB2SFK5EGFACZ91TBCTSG
prod_01KJFYB2A5W7PW1FV9A3ZJEYVF,parfum-item-5510,Coach New York De Coach,published,,variant_01KJFYB2SFDQBDF744M0BBYF6R
prod_01KJFYB2A6070KXA15CZ11PY1A,parfum-item-5272,Lapidus Por Homme Gold Extreme De Ted Lapidus,published,,variant_01KJFYB2SJT0PJCEXMKAJPBNQY
prod_01KJFYB2A60ZY0K6BPGBF692SY,parfum-item-5306,Halloween Man Shot De Halloween,published,,variant_01KJFYB2SHV9PADJ5NA97KYSPZ
prod_01KJFYB2A615CQX41Y0AMHJYKT,parfum-item-5269,Esencia Loewe Sport,published,,variant_01KJFYB2SJBBHD6QVHP61AT0E1
prod_01KJFYB2A61TE36RBC6FDYHTKN,parfum-item-5290,Hugo Boss Bottled Unlimited,published,,variant_01KJFYB2SHC2S632W1BG3J99VY
prod_01KJFYB2A62S5SWJFYV329C8KT,parfum-item-5255,Minotaure De Paloma Picasso,published,,variant_01KJFYB2SJ9P8783QHJ2SANPS9
prod_01KJFYB2A64VPE25PC4T6FPJ11,parfum-item-5297,Nuit D'Issey Issey Miyake,published,,variant_01KJFYB2SHNZ6ZXC21JKDA5TVY
prod_01KJFYB2A66ZSY3VPV9G8XR08T,parfum-item-5256,Mercedes Benz Club De Mercedes Benz,published,,variant_01KJFYB2SJSCQP84YF2MGD4GJR
prod_01KJFYB2A672VTFGC1G33Q4PQ0,parfum-item-5308,Boss Orange De Hugo Boss,published,,variant_01KJFYB2SHQ5H9HCX0RR2TW6V6
prod_01KJFYB2A675B8QJCQSQC1GKQ2,parfum-item-5354,Dune Pour Homme De Dior,published,,variant_01KJFYB2SHW0WHJJNYEJBH1B45
prod_01KJFYB2A67TW5MX4YZ6ZG9VMZ,parfum-item-5346,Curve Cologne Pour Homme De Liz Claiborne,published,,variant_01KJFYB2SHS4V1ZM6EDJMSD70B
prod_01KJFYB2A6C052F69QF0HVTZZR,parfum-item-5491,Green Irish Tweed Creed,published,,variant_01KJFYB2SGCVEV7AKJ465Q8G3W
prod_01KJFYB2A6DA32KXEBKHKQTXQQ,parfum-item-5482,Burberry Touch For Men Burberry,published,,variant_01KJFYB2SG9YXP355JTHNDJYEA
prod_01KJFYB2A6FC4FM5GG1TADSXJ5,parfum-item-5413,Ari De Ariana Grande,published,,variant_01KJFYB2SG2QBBKP71B4X7T3R0
prod_01KJFYB2A6FTVABBPYDFBMT2BC,parfum-item-5411,Ange Ou Demon De Givenchy,published,,variant_01KJFYB2SG56VTNWVJ83RMWJFC
prod_01KJFYB2A6H3WZK3XSQXGY4057,parfum-item-5355,Drakkar Noir De Guy Laroche Paris,published,,variant_01KJFYB2SHGJSTM3W1934XV9BG
prod_01KJFYB2A6JR2Z3XNYGH8RN8WM,parfum-item-5284,Number One De Hugo Boss,published,,variant_01KJFYB2SJY9JT05SK8NY1ARKZ
prod_01KJFYB2A6MN4WSM03XTP7ESG2,parfum-item-5486,Euphoria Men De Calvin Klein,published,,variant_01KJFYB2SG1EYZQHQ6TFKZ6TF1
prod_01KJFYB2A6MYWQ84KVAJ74EQMN,parfum-item-5483,Mr. Burberry,published,,variant_01KJFYB2SG9PSDJPYADKD3X20P
prod_01KJFYB2A6SEG127VYTQFZ0WC2,parfum-item-5293,L'eau D'issey Pure De Issey Miyake,published,,variant_01KJFYB2SHRGKGBPXFK067MD70
prod_01KJFYB2A6WDBQ21MCB41V9WJ8,parfum-item-5303,Halloween Man Rock On De Halloween,published,,variant_01KJFYB2SHX1AY19ZZVPTRFJ07
prod_01KJFYB2A6WS8KSB5YJ2MCFRS1,parfum-item-5253,Miss Dior Blooming Bouquet Christian Dior,published,,variant_01KJFYB2SJB9Y7EQQAVEYY39HE
prod_01KJFYB2A6XT9FDKXKB395WDW4,parfum-item-5412,A Men De Mugler,published,,variant_01KJFYB2SG6EFYV73PKNCS5TS9
prod_01KJFYB2A7437JFVRG4DS0ZQKA,parfum-item-4944,Cheap And Chic Stars De Moschino,published,,variant_01KJFYB2SK7DRKF1WA5CM38XF6
prod_01KJFYB2A76P9AK568MJBVZBY7,parfum-item-5224,Pasha √âdition Noire De Cartier,published,,variant_01KJFYB2SKRF2PR6GEE8X6QGWQ
prod_01KJFYB2A77WH8W94VAECKZ4W8,parfum-item-4930,Light Blue Eau Intense Dolce & Gabbana,published,,variant_01KJFYB2SK7Q0V00YD3TZP838K
prod_01KJFYB2A78CQX8N5MG3QGX9J6,parfum-item-5176,Cedar Essence De Ferrari,published,,variant_01KJFYB2SKXYC9SEFNN8EG2GSR
prod_01KJFYB2A78RSZ2X2JK7XN6VE1,parfum-item-4954,Drakkar Noir De Guy Laroche Paris,published,,variant_01KJFYB2SK5ABD84T57XC3MHBC
prod_01KJFYB2A79AG8JSFXJS2YEKCW,parfum-item-5241,Pink Fresh Couture De Moschino,published,,variant_01KJFYB2SJASG31XRFJRK6BR3S
prod_01KJFYB2A7AQDGQYAQ3MA4VZ7F,parfum-item-4914,Light Blue De Dolce & Gabbana,published,,variant_01KJFYB2SMRW913W8XHJCBCA3A
prod_01KJFYB2A7B9NXSZS67Y20PY5D,parfum-item-5210,Acqua Di Gioia 100  Giorgio Armani Mujer EDP,published,,variant_01KJFYB2SKM0027D0AV5R68K15
prod_01KJFYB2A7CS6CP2120SBYMNC2,parfum-item-5201,Luna Rossa Carbon Prada,published,,variant_01KJFYB2SKD5JP1B5FM4AAXBDW
prod_01KJFYB2A7CXJF8D5VBCKVWX0Q,parfum-item-5211,Pleasures De Est√©e Lauder,published,,variant_01KJFYB2SKFPN7VTF32JHZPB1Q
prod_01KJFYB2A7GC1NDGPSH4Z20Z3N,parfum-item-4880,Ch Men De Carolina Herrera,published,,variant_01KJFYB2SMHMPWNYJMSC7HK52N
prod_01KJFYB2A7JSHXQDVY5YKEVNCM,parfum-item-4927,Moon Moonlight De Ariana Grande,published,,variant_01KJFYB2SM3CMHC1C74N1VGCM4
prod_01KJFYB2A7N3PM62133ERD52XM,parfum-item-5240,Gold Fresh Couture De Moschino,published,,variant_01KJFYB2SJWX4CS7Y15FSEC7PB
prod_01KJFYB2A7NJT5G1YEHZ2FR3DC,parfum-item-4912,Pour Homme Intenso De Dolce & Gabbana,published,,variant_01KJFYB2SMA4PMM88RS8RRDET2
prod_01KJFYB2A7VDMWN9DXVEKCESEN,parfum-item-4893,Les Monstres Luna De Nina Ricci,published,,variant_01KJFYB2SMQMG0M8W8AHPBQM8G
prod_01KJFYB2A7W64V7G79DJNJ10FV,parfum-item-4888,Winner De Cuba Paris,published,,variant_01KJFYB2SMBFNJWEE9YX6X734X
prod_01KJFYB2A7WXV1Y6YF8D7WJE75,parfum-item-5225,Gold Rush De Paris Hilton,published,,variant_01KJFYB2SK0733YWQ1GMRX2RD7
prod_01KJFYB2A7YQ25GHEBJV8NDEZR,parfum-item-5252,Legend Spirit Montblanc,published,,variant_01KJFYB2SJ6Q1RKFQXT7CKCRMG
prod_01KJFYB2A7Z59A41HTPEQG63YK,parfum-item-4883,Sheer Beauty De Calvin Klein,published,,variant_01KJFYB2SM7SBJDCQQSQSG6G2N
prod_01KJFYB2A7ZN1Z8SFJPSXZ931J,parfum-item-4909,Dior Homme Intense De Christian Dior,published,,variant_01KJFYB2SMH69RBJ4BW21SAK11
prod_01KJFYB2A85F1KHN8JYD6Q7443,parfum-item-7045,Azzaro Pour Homme De Azzaro,published,,variant_01KJFYB2SP7TQRC2Z3ZNG8YWGV
prod_01KJFYB2A87C1YGNE1S8SD3ZJV,parfum-item-7013,Beautiful De Estee Lauder,published,,variant_01KJFYB2SPR0H63ESR3EERCD1V
prod_01KJFYB2A89P45DMRNPDFB1H2T,parfum-item-6998,Diamonds De Emporio Armani Mujer,published,,variant_01KJFYB2SQMA7APWEWGRJFRG4C
prod_01KJFYB2A8EGEXBNQ67QEYY1T9,parfum-item-6977,Cuba Gold De Parfums Des Champs,published,,variant_01KJFYB2SQEJTNKJRH4FBB4S2K
prod_01KJFYB2A8FMZW6NPAF4XJ19DM,parfum-item-4839,Allure Homme Sport Chanel,published,,variant_01KJFYB2SNPM7J8SQY1YR2CKD2
prod_01KJFYB2A8H4DN3Y2G71ZHJHZ1,parfum-item-7141,King Seduction Absolute De Antonio Banderas,published,,variant_01KJFYB2SN8XQQ8ZJH0GPME55H
prod_01KJFYB2A8H74XDXSHH6MDR7JP,parfum-item-7047,Jaipur Homme De Boucheron,published,,variant_01KJFYB2SPMH13NTSVTF571342
prod_01KJFYB2A8K0RXCHE5PC4TCYEF,parfum-item-4809,Sauvage De Dior,published,,variant_01KJFYB2SNP78G4X94MBJDACE1
prod_01KJFYB2A8M146GRXQYEXH08C3,parfum-item-7057,Lady Million Lucky De Paco Rabanne,published,,variant_01KJFYB2SPD0D6RPD9HZXNN7DD
prod_01KJFYB2A8NDV2EJRGVQTHB3F7,parfum-item-7022,My Burberry Black De Burberry,published,,variant_01KJFYB2SP9JD7R42SA90AT11N
prod_01KJFYB2A8NGHVFZAS0TCADV8G,parfum-item-7126,Lady Emblem Elixir De Montblanc,published,,variant_01KJFYB2SPPRGKXX6W0AH992C0
prod_01KJFYB2A8QVA3APBMYGVA71S2,parfum-item-7138,Animale De Animale,published,,variant_01KJFYB2SN6EQKDJT9SR8ZMYRX
prod_01KJFYB2A8TXS2Q1GSK0J7YQK0,parfum-item-7074,360¬∫ Collection Ros√© De Perry Ellis,published,,variant_01KJFYB2SP5GTFPN7EJQEWQ7WK
prod_01KJFYB2A8V3MNSFFK6P7QC0DJ,parfum-item-4819,Kouros De Yves Saint Laurent,published,,variant_01KJFYB2SNFY1CD930AJBZ8329
prod_01KJFYB2A8VEXWMD8P4X6SSTPY,parfum-item-7046,Azzaro Pour Homme De Azzaro,published,,variant_01KJFYB2SPJ0P0W68RF22WQZSJ
prod_01KJFYB2A8VJ41WSR4AKTV4XPH,parfum-item-7072,Scandal De Jean Paul Gaultier 80  Dama EDP,published,,variant_01KJFYB2SPT986D07TNMEBE25C
prod_01KJFYB2A8WGMF006PZDG4M849,parfum-item-4879,Carolina Herrera For Men,published,,variant_01KJFYB2SNKDT359D60AVTDBA3
prod_01KJFYB2A8WWPMSN2F8137GS8C,parfum-item-4845,Fancy De Jessica Simpson,published,,variant_01KJFYB2SN52EPA2YPBQ76MRW3
prod_01KJFYB2A8X1VZJEXMWP7KEWVX,parfum-item-4849,Black Xs De Paco Rabanne,published,,variant_01KJFYB2SNTBBB0RQNK1MEJ0Z7
prod_01KJFYB2A8XFP3B16H61AKSRW7,parfum-item-6997,Encre Noire Pour Homme De Lalique,published,,variant_01KJFYB2SQXSSZVPR3737FJCEV
prod_01KJFYB2A8Z9ANYD7EHBSC5C85,parfum-item-4840,Bleu De Chanel,published,,variant_01KJFYB2SNNS81J7WJ4588E6JK
prod_01KJFYB2A8ZQNR7KRA7JWGEY6E,parfum-item-4878,Carolina Herrera For Men,published,,variant_01KJFYB2SNBZXJ54KZM2495MQY
prod_01KJFYB2A90T6TM11M4FGMCYAD,parfum-item-6971,Cuba Night De Parfums Des Champs,published,,variant_01KJFYB2SQ49Y6TK1QG39STDBM
prod_01KJFYB2A92R9G3F4VF18TCNM7,parfum-item-6953,212 Vip Black De Carolina Herrera,published,,variant_01KJFYB2SRAMRFZ3J7EZK7VM57
prod_01KJFYB2A93EFZ8VVCJSXSV579,parfum-item-6960,Paris Hilton Men De Paris Hilton,published,,variant_01KJFYB2SQPX8YM2NX024W1WB9
prod_01KJFYB2A93GJ6QWXQSEQ90Q2Z,parfum-item-6949,Rock De Shakira,published,,variant_01KJFYB2SRT2VDSQBMTQGK07XX
prod_01KJFYB2A95PS0M4S546XKE0DH,parfum-item-6955,360¬∫ Very Blue Perry Ellis,published,,variant_01KJFYB2SRHB76RWAV09FZ6957
prod_01KJFYB2A97HM1TMH25PAJ67YZ,parfum-item-6943,Swiss Army Classic Sport De Victorinox,published,,variant_01KJFYB2SRWA4ZDKA8R2W4F4CD
prod_01KJFYB2A98H477C8F7HMCRD0Z,parfum-item-6968,Animale Intense De Animale,published,,variant_01KJFYB2SQFQX7VJK4F0WQ4F7F
prod_01KJFYB2A9FNCMVQSV8AY5SMH1,parfum-item-6948,Signorina In Fiore De Ferragamo,published,,variant_01KJFYB2SRY5FKXHBRQRHQZF0G
prod_01KJFYB2A9MDA6CN6DP313X6BP,parfum-item-6937,Terre D'hermes De Hermes,published,,variant_01KJFYB2SRS52H8NNXGG9MX74C
prod_01KJFYB2A9MTEJGXMCSR29VTX9,parfum-item-6947,Sirene De Vicky Tiel,published,,variant_01KJFYB2SRCHPDQ4XQ07QGY2RM
prod_01KJFYB2A9Q1SMT94Y56JK6YZN,parfum-item-6942,Swiss Army Rock De Victorinox,published,,variant_01KJFYB2SR370JP4CQETG1SG0H
prod_01KJFYB2A9SC1XEAPW5FJ2WFT3,parfum-item-6958,S De Shakira,published,,variant_01KJFYB2SQ6A81286JVKQB86SC
prod_01KJFYB2A9SK93PP3GZD71YVS8,parfum-item-6919,360¬∫ Grados De Perry Ellis,published,,variant_01KJFYB2SS7H927NSNKYSN663P
prod_01KJFYB2A9SRZT2NBXE6SHG58Q,parfum-item-6921,360¬∫ Grados De Perry Ellis,published,,variant_01KJFYB2SSX9C4AN65A1D23ZZ5
prod_01KJFYB2A9XM5W63D439GXYJPX,parfum-item-6956,Dance De Shakira,published,,variant_01KJFYB2SQVRTQMPC3Y5SKSC13
prod_01KJFYB2A9XND484G8S8RPH8CA,parfum-item-6930,Very Irresistible De Givenchy,published,,variant_01KJFYB2SSW8BHSYP1R2JR9JG9
prod_01KJFYB2A9Y1EYRVJZ6JYAZCTV,parfum-item-6962,Gold Rush De Paris Hilton,published,,variant_01KJFYB2SQXCJPS6G4WNYJN903
prod_01KJFYB2A9ZQTS11WMZG67FG7A,parfum-item-6935,Tommy De Tommy Hilfiger,published,,variant_01KJFYB2SRZKARWNRDA9B9CC34
prod_01KJFYB2AA0RZW54DMSYA4PF56,parfum-item-6910,Viva La Juicy Gold Couture De Juicy Couture,published,,variant_01KJFYB2SSR0V6JVFX06FP7W7J
prod_01KJFYB2AA6JY5PAP1TARKERAC,parfum-item-6915,360¬∫ Grados De Perry Ellis,published,,variant_01KJFYB2SSFXCP4CSTNZ9JJC8Z
prod_01KJFYB2AA7M7TW5XKD3NP4P2T,parfum-item-6782,Creed Original Vetiver,published,,variant_01KJFYB2SVS9P6WD3WMJJAB0JR
prod_01KJFYB2AA8WWFSZHADKX9QJ3Q,parfum-item-6907,Xoxo De Victory International,published,,variant_01KJFYB2SS6NW4TW2HSRWJWGYY
prod_01KJFYB2AAANN26FAZ3M66NNCZ,parfum-item-6867,L'eau D'issey De Issey Miyake,published,,variant_01KJFYB2STCQWJFQBG1V9A6V5V
prod_01KJFYB2AACP637W506PK71TFY,parfum-item-6901,Adidas Team Force,published,,variant_01KJFYB2STXTK52VJGKV2QMQTJ
prod_01KJFYB2AAEJAMK945VKDMVW48,parfum-item-6909,Viva La Juicy Rose Juicy Couture,published,,variant_01KJFYB2SSX3F8X39AE3P22FH1
prod_01KJFYB2AAMXSKYNG9YRMMD3W9,parfum-item-6914,360¬∫ Grados Perry Ellis,published,,variant_01KJFYB2SSRFTM896AERYHXJC9
prod_01KJFYB2AANGMANN82A8VVF86J,parfum-item-6882,Insens√© Ultramarine De Givenchy,published,,variant_01KJFYB2STH3EHFXV2MNW00TSC
prod_01KJFYB2AAPNS2R0BEGF1BNRAE,parfum-item-6918,Dylan Blue De Versace,published,,variant_01KJFYB2SS6MSMSJC1N3T05879
prod_01KJFYB2AAQSDQZ8TAM40REJ51,parfum-item-6780,Creed Aventus,published,,variant_01KJFYB2SVG53131T0DXXZ3614
prod_01KJFYB2AASY78ED7B5273T5AN,parfum-item-6876,Montblanc Legend Night,published,,variant_01KJFYB2STEH80M8HADWGEJ60W
prod_01KJFYB2AAVQTWF7GW2GW0D4TE,parfum-item-6904,Pure Xs De Paco Rabanne,published,,variant_01KJFYB2STC6MZRRCFMB5EYZNX
prod_01KJFYB2AAWYH6JDKQH7GTP99B,parfum-item-6783,Aberdeen Lavender Creed,published,,variant_01KJFYB2SVB5HSJA36G59E0H1Y
prod_01KJFYB2AAX7EW5XDMG9MW3TPY,parfum-item-6900,Adidas Dynamic Pulse,published,,variant_01KJFYB2STTKB8GQ3N19SKVBNB
prod_01KJFYB2AAYRGAD5JF30NK2FWY,parfum-item-6884,212 Vip Black De Carolina Herrera,published,,variant_01KJFYB2STTN4NJ0ZPFX83XZFD
prod_01KJFYB2AAZ8CNADCZAB980KKB,parfum-item-6888,Ros√© Rush De Paris Hilton,published,,variant_01KJFYB2ST0KFKTYWJT5KJ7SA4
prod_01KJFYB2AAZRVX0VQ4130BWYB7,parfum-item-6903,L'homme Lacoste,published,,variant_01KJFYB2STWYKH3JE3TE9NGX7Y
prod_01KJFYB2AB1CE97CXJ7AZS7NTW,parfum-item-5727,Guess Seductive Blue De Guess,published,,variant_01KJFYB2SWB4Q80GTWBDTMG0N8
prod_01KJFYB2AB289KZM490Q78C4HM,parfum-item-4541,Guess Night Guess,published,,variant_01KJFYB2SXFK7KCJCFYRVNHZ3B
prod_01KJFYB2AB3QP9SMHW0SNNRBVG,parfum-item-4529,Mr. Burberry De Burberry,published,,variant_01KJFYB2SYQE4GGQRTEVG8SHV4
prod_01KJFYB2AB50MBZ0ENHB21C7NS,parfum-item-4537,Very Irresistible De Givenchy,published,,variant_01KJFYB2SX63KW268CJ9E9QKAM
prod_01KJFYB2AB6P7PFWCAE603M80V,parfum-item-4526,Blue Seduction De Antonio Banderas,published,,variant_01KJFYB2SY5HHW7R5KKNA8D8YE
prod_01KJFYB2AB6XYWCT6A3YPZNXR1,parfum-item-5068,Boss Bottled Tonic De Hugo Boss,published,,variant_01KJFYB2SWCR1VQES97MSENHH4
prod_01KJFYB2AB8XF0N9MRMZYJF7XC,parfum-item-4533,Agua Brava De Antonio Puig,published,,variant_01KJFYB2SXQPD7K2ZN1BXSZB1X
prod_01KJFYB2AB9T0TNHPEPBS4FTFF,parfum-item-5022,Baiser Vole De Cartier,published,,variant_01KJFYB2SXY75YRYE52DDRBHCR
prod_01KJFYB2ABBYYV3R7AJSWQE4TY,parfum-item-5983,Cool Water De Davidoff,published,,variant_01KJFYB2SVNC235DN4VT8Q9ASF
prod_01KJFYB2ABCE9A5S9JATG6DZ2Q,parfum-item-6058,Fuel For Life Homme De Diesel,published,,variant_01KJFYB2SVYFSTQPE9613E3GGT
prod_01KJFYB2ABD400X7W82TW46WXH,parfum-item-5062,Clinique Happy De Clinique,published,,variant_01KJFYB2SW7DCZM1W6WA9VTAP1
prod_01KJFYB2ABG1RTMTACMNZWVEWD,parfum-item-5063,Clinique Happy De Clinique,published,,variant_01KJFYB2SW96VMWJ225JX5DKJY
prod_01KJFYB2ABK142825XJT6Y1QWG,parfum-item-4565,Cool Water De Davidoff,published,,variant_01KJFYB2SXTBWHZHY0NTZKGH4V
prod_01KJFYB2ABM2Y3RP39Y1KX5G5X,parfum-item-5065,Happy Heart Clinique,published,,variant_01KJFYB2SWSWW2VTM85GA2NBQ4
prod_01KJFYB2ABP6AVW5JBSS6V4HNJ,parfum-item-5990,L'imperatrice 3 De Dolce & Gabbana,published,,variant_01KJFYB2SVH9KQ0BPV5M4FB8PW
prod_01KJFYB2ABQNEHTP6GKX8A11R7,parfum-item-4560,Carolina Herrera Tradicional,published,,variant_01KJFYB2SX5YJR7857AQZ64TCC
prod_01KJFYB2ABQPTQVF5JGV1799XY,parfum-item-5965,Dkny Be Delicious Fresh Blossom Donna Karan,published,,variant_01KJFYB2SV63G8N02AQXAMSBZX
prod_01KJFYB2ABRKVEVTPSBDDWCAZB,parfum-item-5672,Touch De Fred Hayman Beverly Hills Mujer,published,,variant_01KJFYB2SVSBAETBQ2CXSYHCJF
prod_01KJFYB2ABRPQ69563N2CYH7GA,parfum-item-6136,Splendida Jasmin Noir Bvlgari,published,,variant_01KJFYB2SVJTXECD3F2CVHBFWS
prod_01KJFYB2ABTWAKCPB6RKATFNJ9,parfum-item-5726,Guess Seductive De Guess,published,,variant_01KJFYB2SWFA95PSBEYC4M35NG
prod_01KJFYB2ABV5VSH9Y8FNNP7PC4,parfum-item-4532,Agua Brava De Antonio Puig,published,,variant_01KJFYB2SXHY6J7KMCNV2HV2YM
prod_01KJFYB2ABWKDH3D3JHBV1N46C,parfum-item-5723,Guess Dare For Men De Guess Hombre,published,,variant_01KJFYB2SWBD4QRBJ5X0N71QFM
prod_01KJFYB2AC02XWCWR9Y1V2ZY73,parfum-item-4483,Boucheron Pour Homme De Boucheron,published,,variant_01KJFYB2SYV3E71JHW857KNJGR
prod_01KJFYB2AC3TQHPGSRJR9GJYEQ,parfum-item-4432,360 ¬∫ Black De Perry Ellis,published,,variant_01KJFYB2SZ2AMWN3P8QYVFVWEE
prod_01KJFYB2AC43MF0QEVET5RX56B,parfum-item-4515,Legend Spirit Montblanc,published,,variant_01KJFYB2SYGB2M9NT5P8KS9KDJ
prod_01KJFYB2AC4R9EHF1R00AACS0T,parfum-item-4452,Acqua Di Gio De Giorgio Armani,published,,variant_01KJFYB2SZHBFBYZTWX7F5NCHW
prod_01KJFYB2AC5CNEM67F4XX3E78P,parfum-item-4525,Blue Seduction De Antonio Banderas,published,,variant_01KJFYB2SYRMD3RF17ERXG3HD8
prod_01KJFYB2AC5MZJTERGAVDY1ASK,parfum-item-4519,Cuba Royal De Parfums Des Champs,published,,variant_01KJFYB2SYCC2PV1TXHA9KHQA2
prod_01KJFYB2AC6X2E1YHQV4WYPG8B,parfum-item-4459,Dylan Blue De Versace,published,,variant_01KJFYB2SZVG4G17JWM99XB5DQ
prod_01KJFYB2AC6YV856NVJ4RJZR79,parfum-item-4443,L'air Du Temps De Nina Ricci,published,,variant_01KJFYB2SZVF77SR33DPF4XHY7
prod_01KJFYB2AC89953DHYRMQYQJFT,parfum-item-4445,Rose Goldea De Bvlgari,published,,variant_01KJFYB2SZC0PJTYSREY7ZW2P9
prod_01KJFYB2AC9GHEXRWTA0KSXVNN,parfum-item-4424,Solo Loewe De Loewe,published,,variant_01KJFYB2T0K68Q39NB6NKA7K4E
prod_01KJFYB2ACCANSGBR3WW705EZN,parfum-item-4482,Boucheron Pour Homme De Boucheron,published,,variant_01KJFYB2SYJTP818X3M1XT7TAT
prod_01KJFYB2ACDRS21NVWB90FM6EE,parfum-item-4431,273 Red Fred Hayman,published,,variant_01KJFYB2T0J54TR4DAMDFVJH39
prod_01KJFYB2ACET3JBXM67W7A99BR,parfum-item-4439,Ab Spirit Millionaire Women De Lomani,published,,variant_01KJFYB2SZQAVDTR0AAD9EQ5R0
prod_01KJFYB2ACFAJ289JY2JNAGYSQ,parfum-item-4481,Paradiso Inferno Pink De Benetton,published,,variant_01KJFYB2SYVGJ8B7AAG5C5QBRF
prod_01KJFYB2ACFE60F3RA3KHCSPGN,parfum-item-4422,Tous Silver De Tous,published,,variant_01KJFYB2T0XDKPBNG6QSDGBH2N
prod_01KJFYB2ACHC52V8WFT81FCZB4,parfum-item-4472,Desire Red For A Man De Alfred Dunhill,published,,variant_01KJFYB2SZ52X3K456NME7ZVKM
prod_01KJFYB2ACK16Y859C1WE8CEEY,parfum-item-4427,Signorina Misteriosa De Ferragamo,published,,variant_01KJFYB2T0H18R5CV1TMW7E2XC
prod_01KJFYB2ACKZGKFR2CSS36AG33,parfum-item-4428,212 Vip Rose De Carolina Herrera,published,,variant_01KJFYB2T0QV2XVE4397FV0ZAW
prod_01KJFYB2ACM19RT1X58P424YSP,parfum-item-4524,Blue Seduction De Antonio Banderas,published,,variant_01KJFYB2SYZMHA670RTX83X3XW
prod_01KJFYB2ACN7DZWGZXDPGFXYEX,parfum-item-4433,360¬∫ Purple De Perry Ellis,published,,variant_01KJFYB2SZTD06XNQ2P3FW7D9J
prod_01KJFYB2ACTZR9WFE3W6Q8WPVF,parfum-item-4401,Voyage Sport Nautica,published,,variant_01KJFYB2T0N6AYV4MCAM16TSW9
prod_01KJFYB2ACYFMQFQVMRR0NW84R,parfum-item-4435,360¬∫ White For Men De Perry Ellis,published,,variant_01KJFYB2SZNYCDPN8PKND4YZDY
prod_01KJFYB2AD3897QW6WYG77NVCQ,parfum-item-4235,Ck One De Calvin Klein,published,,variant_01KJFYB2T21EWZQT6YXQ51QRM1
prod_01KJFYB2AD8M1VRK27W9JYPKAG,parfum-item-4325,Diamonds And Emeralds De Elizabeth Taylor Mujer,published,,variant_01KJFYB2T2GWP3TY119MSSPNTW
prod_01KJFYB2ADAH0RZ63QA0V4NZZN,parfum-item-4382,L.12.12 Pour Lui Magnetic Eau De Lacoste,published,,variant_01KJFYB2T16PDXKK109XK7SB2A
prod_01KJFYB2ADAXY6EGE5TQXVJ9ZK,parfum-item-4281,Loewe 7 De Loewe,published,,variant_01KJFYB2T28T2SEDQ88GHYYR37
prod_01KJFYB2ADF5VEADED225M6ESZ,parfum-item-4280,Hamptons Bond No 9 Nyc,published,,variant_01KJFYB2T2AN3E6VGS8EQ490Q6
prod_01KJFYB2ADKN2DT8D53FSGDC6B,parfum-item-4367,Versace Bright Crystal Versace,published,,variant_01KJFYB2T10XQ9EWRDZ07695D4
prod_01KJFYB2ADMEBGXBJNFENWGD2R,parfum-item-4323,Ck One Shock For Her De Calvin Klein,published,,variant_01KJFYB2T2THG47PGCW287WBC4
prod_01KJFYB2ADNHFXTVPQ68HC7BQP,parfum-item-4357,Dior Addict De Christian Dior,published,,variant_01KJFYB2T11DHWADWV0XYPEK2Z
prod_01KJFYB2ADNZSJRRZMTNCG0GGJ,parfum-item-4376,Halloween Kiss,published,,variant_01KJFYB2T1YKCQZGNJ4YXDXBQP
prod_01KJFYB2ADQS55ADDDYVHNHQ83,parfum-item-4377,Halloween Kiss Sexy,published,,variant_01KJFYB2T1NVQ7TSTSE1208763
prod_01KJFYB2ADS23BDB2D908ZK69P,parfum-item-4375,Halloween Blue Drop De J.del Pozo,published,,variant_01KJFYB2T1S2DNNRQNWB7CS78F
prod_01KJFYB2ADS9QHN1TH19WQMZGZ,parfum-item-4399,125 Years Your Companion For Life De Victorinox,published,,variant_01KJFYB2T0NF62XAZHCNAVVK0V
prod_01KJFYB2ADSYD9Q5R4DDF9P5XQ,parfum-item-4395,Adidas Team Five,published,,variant_01KJFYB2T1GBN462ZQK82792W7
prod_01KJFYB2ADTV99P1M7RKHQSVKE,parfum-item-4286,Bvlgari Goldea The Essence Of The Jeweller,published,,variant_01KJFYB2T2TP22ADDBTAFEK0EG
prod_01KJFYB2ADV3A4QVJKN2AX9JZY,parfum-item-4398,Adidas Pure Game,published,,variant_01KJFYB2T0FG81VXRKW8BATHSW
prod_01KJFYB2ADWD81FB8TZ6RN27C5,parfum-item-4322,Ck One Shock For Him De Calvin Klein,published,,variant_01KJFYB2T2896RQBNRK0D9XFXP
prod_01KJFYB2ADY3B03XTYXK09WCX3,parfum-item-4250,Curve Sport De Liz Claiborne,published,,variant_01KJFYB2T2NGQKQ71QGEVV6RZD
prod_01KJFYB2ADYDRTXY2QVWXHRPNX,parfum-item-4397,Adidas Ice Dive,published,,variant_01KJFYB2T10FYA3TYZQJ14539P
prod_01KJFYB2ADZ6F15VPYNWRE4AEF,parfum-item-4366,Ysatis De Givenchy,published,,variant_01KJFYB2T189S0PKJ9VH7J2EWN
prod_01KJFYB2ADZPY2K2XH6ST8V1XR,parfum-item-4251,Daisy Eau So Fresh De Marc Jacobs,published,,variant_01KJFYB2T2Y9JGJNWD3GAWYWCK
prod_01KJFYB2AE23AGWG6GV5BR4VQX,parfum-item-3978,Tous Man Intense De Tous,published,,variant_01KJFYB2T401GYJKWYGBF3J70Q
prod_01KJFYB2AE2X5VX0XWDNQC7RV0,parfum-item-3960,Xs Clasico De Paco Rabanne,published,,variant_01KJFYB2T5R5WT3QY74GJ8CX9W
prod_01KJFYB2AE4YRJFPJ1RF02YDDS,parfum-item-4212,Animale De Animale,published,,variant_01KJFYB2T350Y894QE1D1FEPCB
prod_01KJFYB2AE8NCBJVYZMVYSYB0X,parfum-item-3981,Solo Loewe Cedro De Loewe,published,,variant_01KJFYB2T4HDAHCV1C73ACX6MN
prod_01KJFYB2AE8V9NB96XQF0J1KS9,parfum-item-4146,Ck Free De Calvin Klein,published,,variant_01KJFYB2T3WQMJMDAFBMJBZVQ5
prod_01KJFYB2AEBA436AT3Y1G7PWP0,parfum-item-3966,Truth De Calvin Klein,published,,variant_01KJFYB2T5Z8RT82EMDSSP3DB8
prod_01KJFYB2AEDH520BHSTWNSNC15,parfum-item-4132,Alien De Thierry Mugler,published,,variant_01KJFYB2T45Q67BCAWXZJ9VPHQ
prod_01KJFYB2AEEE1F31H4C8SZQHXM,parfum-item-3996,Flowerbomb De Viktor&rolf,published,,variant_01KJFYB2T4JGFRGHRGX3RG3JN3
prod_01KJFYB2AEEXPPE0BMECKK8N7J,parfum-item-4145,Good Girl Carolina Herrera,published,,variant_01KJFYB2T3V9C1CRFQNA66XVP9
prod_01KJFYB2AEFMQ6B49DKEMC8B2H,parfum-item-4131,360 Coral Perry Ellis,published,,variant_01KJFYB2T4DDZ2B41T7HVYQKGQ
prod_01KJFYB2AEGK8BRF0QBR7BW3A5,parfum-item-3954,360¬∫ Red For Men Perry Ellis,published,,variant_01KJFYB2T50FAVZ5ZXBV3E8DK1
prod_01KJFYB2AEHY8WY8FKH6QH3FXM,parfum-item-4230,Chic De Carolina Herrera,published,,variant_01KJFYB2T33X3R8FWCNRJGTXHT
prod_01KJFYB2AENPNC40YEAWT5S23Z,parfum-item-4232,Chic For Men De Carolina Herrera,published,,variant_01KJFYB2T33QYAQVKS9SR7MPPC
prod_01KJFYB2AESPQG2EWEWA6P54FK,parfum-item-3956,N¬∞4711 De Maurer & Wirtz,published,,variant_01KJFYB2T5JSVHP6XHK20CF41H
prod_01KJFYB2AESYAH975MR232D0AG,parfum-item-4213,Blue Seduction De Antonio Banderas,published,,variant_01KJFYB2T39TZDM01PJKGXSY3N
prod_01KJFYB2AETM57S9JE7GK4YVAG,parfum-item-4147,Bad De Diesel,published,,variant_01KJFYB2T3D5X6BXTV25HKDQEK
prod_01KJFYB2AEVGCHDMEWVMPJN7E0,parfum-item-4214,Black Seduction De Antonio Banderas,published,,variant_01KJFYB2T3QTR4PRBJ14BH9RMG
prod_01KJFYB2AEXEK8ZW41RZZ7GRRE,parfum-item-3979,Love Tous Moments De Tous Mujer,published,,variant_01KJFYB2T4KSKDHHB6C5W5M7ZV
prod_01KJFYB2AEXHEKYS0ECZ5PKSXG,parfum-item-3977,Tous Man Sport De Tous,published,,variant_01KJFYB2T5BXK5N69R2N8HG2CM
prod_01KJFYB2AEYSJCJKWN8XZP7990,parfum-item-4128,212 Men De Carolina Herrera,published,,variant_01KJFYB2T4YGXTG7X5DV6QJACW
prod_01KJFYB2AF353ZBC9GB7CB7FK1,parfum-item-3795,Blue Jeans Versace,published,,variant_01KJFYB2T7VB20V838DAGF3V8A
prod_01KJFYB2AF3NT5PDPCR2FRMGZ3,parfum-item-3776,L'homme Yves Saint Laurent Ysl,published,,variant_01KJFYB2T74600Y7XX6KT3148N
prod_01KJFYB2AF49KPKREDAD6D7WAV,parfum-item-3887,Rush Victoria's Secret Splash Fragrance Mist,published,,variant_01KJFYB2T5DRWJKAT61HQST3RG
prod_01KJFYB2AF4ABXW9KDNEX2HBQM,parfum-item-3923,Lady Emblem De Montblanc,published,,variant_01KJFYB2T5532V7QESAXYPVZH8
prod_01KJFYB2AF5F9ENP568740Q9PA,parfum-item-3878,Swiss Army Altitude Victorinox,published,,variant_01KJFYB2T6A2KFK6ZQEQB7E3W2
prod_01KJFYB2AFAJS3BA0QTEKT2DN3,parfum-item-3918,S√¨ Giorgio Armani,published,,variant_01KJFYB2T59HYQ17J5XK396G4A
prod_01KJFYB2AFD92S5W3P4GK0195T,parfum-item-3777,La Nuit De L'homme Yves Saint Laurent,published,,variant_01KJFYB2T7ZSJNVDW20H2MZRHH
prod_01KJFYB2AFDBV5XFQ0BYZ9F8NN,parfum-item-3811,Kenzo Flower De Kenzo,published,,variant_01KJFYB2T76C8YER8Y8BMDQ1H4
prod_01KJFYB2AFDR40KD6ZZDJWJGWV,parfum-item-3771,Purr Katy Perry,published,,variant_01KJFYB2T7VXS06KT7CR4RY8WM
prod_01KJFYB2AFFBKE6FWESZ0ZRCSB,parfum-item-3876,Love Spell Victoria's Secret Splash Mist,published,,variant_01KJFYB2T6996FVEVPPCYMAAKX
prod_01KJFYB2AFFEAE4T07313C1GQ6,parfum-item-3847,King Of Seduction Antonio Banderas,published,,variant_01KJFYB2T6K7ZTWDCSEKT1SJSZ
prod_01KJFYB2AFG7C4766AKDBC7T1F,parfum-item-3880,Coconut Passion Victoria's Secret Splash Fragrance Mist,published,,variant_01KJFYB2T6S9FYY9BXDFCHSB4K
prod_01KJFYB2AFKS2VV301P3VEDY4A,parfum-item-3920,Signorina Eleganza De Ferragamo,published,,variant_01KJFYB2T5XXTEBXG95ZDPD9BA
prod_01KJFYB2AFP5QHEWG8JFW4QXK2,parfum-item-3818,Obsession De Calvin Klein,published,,variant_01KJFYB2T67T74S2ES3T2YC5RG
prod_01KJFYB2AFRJKTZQ3FZ82SJ3K5,parfum-item-3846,King Of Seduction Antonio Banderas,published,,variant_01KJFYB2T6BPYY6N119Z612GMJ
prod_01KJFYB2AFS0V8FHN54W5R5K67,parfum-item-3859,Bleu De Chanel,published,,variant_01KJFYB2T6B5JPWN8S8WBTQ3YE
prod_01KJFYB2AFT33RHHV6DVD719ZX,parfum-item-3860,Chance Eau Fraiche De Chanel,published,,variant_01KJFYB2T6XPR91R70S403E10Z
prod_01KJFYB2AFT8N5GTJB7B5SVAAV,parfum-item-3865,Tocade De Rochas,published,,variant_01KJFYB2T64BCEB0XYGP5FH655
prod_01KJFYB2AFTVT4TF4R20GDN5K6,parfum-item-3761,Boss The Scent Hugo Boss,published,,variant_01KJFYB2T7D72AFYX7V1VFN7CK
prod_01KJFYB2AFW394H0YE4DZJE3CM,parfum-item-3809,Jean Pascal Cubierta En Cuero,published,,variant_01KJFYB2T7HFXDXPHX5SA5VH8A
prod_01KJFYB2AFZ32T6G853TJ4JPAZ,parfum-item-3786,360¬∫ Pink De Perry Ellis,published,,variant_01KJFYB2T7S25763H4F1BX4XMJ
prod_01KJFYB2AG08EXDW3QF55WPPV4,parfum-item-3748,Scuderia Ferrari Black De Ferrari,published,,variant_01KJFYB2T8VAZJH0CRYMH1GBBM
prod_01KJFYB2AG3AFVK4PEGRME9M0D,parfum-item-3737,Big Pony Numero 2 De Ralph Lauren,published,,variant_01KJFYB2T8GRSG1M09HPQB7M86
prod_01KJFYB2AG3QGM2GKY9CPBGQ9E,parfum-item-3670,Royal Water De Creed Unisex,published,,variant_01KJFYB2T9W7EX0ZZY3H66H39C
prod_01KJFYB2AG40RH4XNMYVGBE840,parfum-item-3746,F De Ferragamo Free Time,published,,variant_01KJFYB2T8M59XA3QCN76YKQ4N
prod_01KJFYB2AG58JV4Y33SVSXXZ9J,parfum-item-3760,Hugo Boss Bottled Unlimited,published,,variant_01KJFYB2T7BFTWM7R1G7GPZSAE
prod_01KJFYB2AG5M9D248HVBSF5K97,parfum-item-3722,Floral Touch De Tous,published,,variant_01KJFYB2T90N836MX0KBMWB09T
prod_01KJFYB2AG6KPDA5PWKXV1WX9R,parfum-item-3750,Gotas De Color De Agatha Ruiz De La Prada,published,,variant_01KJFYB2T8CQYNYQFNCMB5K0D2
prod_01KJFYB2AG7GHA2QWX5SVWJWMB,parfum-item-3725,Curve Black De Liz Claiborne,published,,variant_01KJFYB2T848EWHVW87GQH4EQH
prod_01KJFYB2AG87TAW8RRSX1AB8KK,parfum-item-3665,Burberry Men Burberry,published,,variant_01KJFYB2T908DGHBPTH54ZG6NG
prod_01KJFYB2AGA9SEQPYWM846SFH1,parfum-item-3744,Acqua Essenziale Salvatore Ferragamo,published,,variant_01KJFYB2T8NNDX5KV2SA5GMGF4
prod_01KJFYB2AGBZ9WERSR0EJANEBH,parfum-item-3745,Acqua Essenziale Blu Salvatore Ferragamo,published,,variant_01KJFYB2T8PJWM8X70YFEWVK5A
prod_01KJFYB2AGCMC7Q95D9Z8XGV5F,parfum-item-3661,Olympea De Paco Rabanne,published,,variant_01KJFYB2T9N9WTK3PPXKTDCVF8
prod_01KJFYB2AGEF48X2YV004CYN4R,parfum-item-3680,L.12.12 Rose Sparkling De Lacoste,published,,variant_01KJFYB2T9KPM1SX8TJZFKERGZ
prod_01KJFYB2AGNYHK821J7GCE8Y3X,parfum-item-3664,Burberry Women Burberry,published,,variant_01KJFYB2T95JQ7R8WCQ7FAQ7XF
prod_01KJFYB2AGPR34PRSTPC1SY89A,parfum-item-3721,Sensual Touch De Tous,published,,variant_01KJFYB2T9ZPEJMRESP3S3X08Q
prod_01KJFYB2AGRFD7EBVA318200E1,parfum-item-3644,Hugo Man Boss De Hugo Boss,published,,variant_01KJFYB2T9V2DT4X06M37VVY0S
prod_01KJFYB2AGRQYK6BZDA88K9CXK,parfum-item-3723,Guess Seductive Homme De Guess,published,,variant_01KJFYB2T9R5B50NETKHJ1XGDC
prod_01KJFYB2AGTSX5APGAK9FM7PG1,parfum-item-3735,Just Me For Man Paris Hilton,published,,variant_01KJFYB2T8RR656V9KQPA8DJ14
prod_01KJFYB2AGYERJKSBABVN50AW1,parfum-item-3730,Curve Crush De Liz Claiborne,published,,variant_01KJFYB2T8G31EDPNQ7QN5VN49
prod_01KJFYB2AH2N93F2GQDPSHAY87,parfum-item-3634,Versace Eros,published,,variant_01KJFYB2TA89NNQV2JKM6QMZBT
prod_01KJFYB2AH3MDF2JE01YP7WSWZ,parfum-item-3636,Escada Magnetism Escada,published,,variant_01KJFYB2TAZZS28XGBJFBRGBW5
prod_01KJFYB2AH6VEH928VQ5XWCPXQ,parfum-item-3642,Tous Kids Girl De Tous,published,,variant_01KJFYB2TATAVZ55FNCBCVAJB0
prod_01KJFYB2AH8EDF5Z2S5F2AXTEY,parfum-item-3639,Valentina De Valentino,published,,variant_01KJFYB2TAH3HVYK54DDE5VFR5
prod_01KJFYB2AHB53AB5YDXYTKW62A,parfum-item-3641,Tous Kids Boy De Tous,published,,variant_01KJFYB2TAQA6KPBD1CXYNHPWQ
prod_01KJFYB2AHD0Q4DTHJF27BQJW7,parfum-item-2628,Kenzo Amour De Kenzo,published,,variant_01KJFYB2TBWYN5F6E5WQE4N0EJ
prod_01KJFYB2AHDG1E4V4HGJ53R1RN,parfum-item-3606,King Seduction Absolute Antonio Banderas,published,,variant_01KJFYB2TB7H1RDCPRHRW4P7A2
prod_01KJFYB2AHEB0NPMWM3F9APZ5Q,parfum-item-3633,Versace Eros,published,,variant_01KJFYB2TANC4BZ017EA52JP0E
prod_01KJFYB2AHEK5HH5262ZQGKQH5,parfum-item-3635,Eros Pour Femme De Versace,published,,variant_01KJFYB2TAMTYV0DD8CC90K4B7
prod_01KJFYB2AHF3Y9NPG56RKM9CK2,parfum-item-3613,Honey De Marc Jacobs,published,,variant_01KJFYB2TBC92EQ4BNA7FF65P4
prod_01KJFYB2AHFDQCEK8JFVJ91N4N,parfum-item-3631,Yellow Diamond Intense Versace,published,,variant_01KJFYB2TADHVEB6D7A2QP2VCZ
prod_01KJFYB2AHG99T55M31D7HDA8A,parfum-item-3615,Daisy Dream De Marc Jacobs,published,,variant_01KJFYB2TB7X8GBG3P7SE4ZVT0
prod_01KJFYB2AHJYVGJHFQDMFAM3QB,parfum-item-3616,Daisy De Marc Jacobs,published,,variant_01KJFYB2TBHPEXMH2TN2J28R8K
prod_01KJFYB2AHKJQ5RANXK0BCPCN3,parfum-item-3608,The Secret De Antonio Banderas,published,,variant_01KJFYB2TBAF6XH17HVQKJ5B1E
prod_01KJFYB2AHN77HP96KSMWDXF1S,parfum-item-3609,The Secret De Antonio Banderas,published,,variant_01KJFYB2TBWDW98HQ7HAA9TC10
prod_01KJFYB2AHP8RMVC0HHBAVVB8X,parfum-item-3623,Dkny Be Delicious De Donna Karan,published,,variant_01KJFYB2TBR45YA69276FGVQXG
prod_01KJFYB2AHVJYV9QHDBZWNJ289,parfum-item-2627,Burberry London De Burberry Dama,published,,variant_01KJFYB2TB5CK6173C9PJKZF1W
prod_01KJFYB2AHXSS4YF98DGGGN40Z,parfum-item-3638,Valentino Uomo De Valentino,published,,variant_01KJFYB2TAXKGCCEXHTDX7JNEN
prod_01KJFYB2AJ19B94ANEEVW309N2,parfum-item-3585,100Cc De Chevignon,published,,variant_01KJFYB2TC8T4S0Q7VPQR9P8MQ
prod_01KJFYB2AJ3ZSCG4EW14APZD64,parfum-item-3589,5Ta Avenue Elizabeth Arden,published,,variant_01KJFYB2TCJ0EC2M0MQ663T1GT
prod_01KJFYB2AJ5PKDXMCWAQTR6X4G,parfum-item-3227,Givenchy Gentleman Originale,published,,variant_01KJFYB2TC0HZ74N2RTKN7EBD1
prod_01KJFYB2AJ5S293KWX66H9X4M1,parfum-item-2223,The Golden Secret De Antonio Banderas,published,,variant_01KJFYB2TD3RYR5NBR7HG5CFJF
prod_01KJFYB2AJ8D7RQF6B26MB869T,parfum-item-3594,The Golden Secret De Antonio Banderas,published,,variant_01KJFYB2TCWWVCNP2NVWNRFNM6
prod_01KJFYB2AJ8S39TFHS42DF4KMH,parfum-item-3599,360 ¬∫ Red Perry Ellis,published,,variant_01KJFYB2TC3GHJBYF2S6VG2KR4
prod_01KJFYB2AJAACVPC5NCAS2T45Z,parfum-item-3579,Just Me De Paris Hilton,published,,variant_01KJFYB2TCXGV9KES2EM8092HR
prod_01KJFYB2AJG4XSXY1PENG8F8Y8,parfum-item-3225,Hugo Boss Femme,published,,variant_01KJFYB2TD23E1BG4HCRT85KXG
prod_01KJFYB2AJJ3AHREEWBGRZFYXC,parfum-item-3213,Guess Marciano De Guess,published,,variant_01KJFYB2TDSH9QCH1N6VXNJ7BW
prod_01KJFYB2AJPQ1AGHKXFYSSC2E1,parfum-item-3212,Versace Bright Crystal Absolu,published,,variant_01KJFYB2TDWGA13AR99CDSF00P
prod_01KJFYB2AJQE8T4ES4Q561MH1D,parfum-item-3223,Anais Anais L‚ÄòOriginal De Cacharel,published,,variant_01KJFYB2TD7FZW4JA26RWXS68Y
prod_01KJFYB2AJQGNTG0CA7FAHTT9R,parfum-item-3017,Aramis De Aramis,published,,variant_01KJFYB2TDZ0HN7HD7818CT5G5
prod_01KJFYB2AJWFDBFBQJ9NAVKEBX,parfum-item-3571,1 Million De Paco Rabanne,published,,variant_01KJFYB2TC9MZHGV4M705TPT1Y
prod_01KJFYB2AJWG76KQQ0Y5JS8BTE,parfum-item-3217,Burberry Weekend De Burberry,published,,variant_01KJFYB2TDHYA2BJCA96VWPV43
prod_01KJFYB2AJXCG95F49K8113K0T,parfum-item-3597,Armani Code For Women Giorgio Armani,published,,variant_01KJFYB2TCSQP8S0JNRBV7103R
prod_01KJFYB2AJXCS524HXDJCPZX65,parfum-item-3596,Armani Code De Giorgio Armani,published,,variant_01KJFYB2TCTEHFSWQ3QCYSJ1W8
prod_01KJFYB2AJZ1DXBW5Y0NK97AG2,parfum-item-3216,Katy Perry Meow De Katy Perry,published,,variant_01KJFYB2TDMTTZ56PV7AFFBBRF
prod_01KJFYB2AJZ1HC69F0RQJD03YB,parfum-item-3224,Azzaro Chrome,published,,variant_01KJFYB2TDXPXCKBXXDRDGQ3SN
prod_01KJFYB2AK0G2D5DC8AGHDGS4P,parfum-item-2788,212 Vip Men De Carolina Herrera,published,,variant_01KJFYB2TF74R4ZDDGQPN38SPY
prod_01KJFYB2AK12F7R29W42NRRX93,parfum-item-2871,Individuel Montblanc,published,,variant_01KJFYB2TF9JQKPRJQ213EHJNG
prod_01KJFYB2AK1Y103A7FHG9CV6ET,parfum-item-2897,Boss Ma Vie Pour Femme De Hugo Boss,published,,variant_01KJFYB2TEAFP4SEFTB5T6GD7H
prod_01KJFYB2AK2GZPZJYZT6BJJAPK,parfum-item-2875,Coco Noir De Chanel,published,,variant_01KJFYB2TEJPA040BX6FJ4BJ0H
prod_01KJFYB2AK2P5TQQFHQG26P3YF,parfum-item-2803,Dazzle De Paris Hilton,published,,variant_01KJFYB2TF2V1RECT3WZ7Y1HG9
prod_01KJFYB2AK57PMM58AS23HCCPE,parfum-item-3015,Boss Bottled Night De Hugo Boss,published,,variant_01KJFYB2TESVCPWNYMSX80B8KQ
prod_01KJFYB2AK5S3RPHKFAFM335Z9,parfum-item-2848,Bvlgari Man In Black,published,,variant_01KJFYB2TFB3RA1F3GA52E68B2
prod_01KJFYB2AKAG9CJW1VJV3XDX3W,parfum-item-2597,Oscar De Oscar De La Renta,published,,variant_01KJFYB2TGQR720Z3B2SWGXZAH
prod_01KJFYB2AKB67PYX7F2XH9A4AV,parfum-item-2805,Can Can Burlesque De Paris Hilton,published,,variant_01KJFYB2TF4FJ8HGT91KWCFHWT
prod_01KJFYB2AKBF8CJVAXWJGXDMNZ,parfum-item-2598,Pour Lui Oscar De La Renta,published,,variant_01KJFYB2TG42M6XGAB9SHC09GC
prod_01KJFYB2AKBP9C1EZ4NDB9FF14,parfum-item-2872,Femme Individuelle De Montblanc,published,,variant_01KJFYB2TF0NHTEH8NSCJE70CH
prod_01KJFYB2AKCV1Q4ME52PBG8T1S,parfum-item-2676,Burberry My Burberry,published,,variant_01KJFYB2TGVT5Q8DD0FCC4P1G3
prod_01KJFYB2AKDK762BNK3BGSV4EG,parfum-item-2896,360 Coral Perry Ellis,published,,variant_01KJFYB2TEGTXRG9J6T0P9YN1N
prod_01KJFYB2AKEK0B82HZQFC9AGRQ,parfum-item-2779,Poeme Lancome,published,,variant_01KJFYB2TFJKDZ3DKQ6PAFYTF8
prod_01KJFYB2AKJ0FHR0Y5ZW8GKPT7,parfum-item-2600,Volupte Oscar De La Renta,published,,variant_01KJFYB2TGR472G1PV5VCAYQDY
prod_01KJFYB2AKKSJ9P8S10HDQJ5W3,parfum-item-3012,Guess Girl Belle,published,,variant_01KJFYB2TEXZMKDMAMCZ99TXT9
prod_01KJFYB2AKM4FJEPAXT2PX8Z7T,parfum-item-2967,Nuit D‚ÄòIssey Issey Miyake,published,,variant_01KJFYB2TED3TC6XM682J8MSAV
prod_01KJFYB2AKPPVJPQF40J2010SZ,parfum-item-2780,Chanel N¬∞5,published,,variant_01KJFYB2TFTQ2XQ9XKP476XT6S
prod_01KJFYB2AKVW055M6CVK2BW4MD,parfum-item-2784,Emporio Armani Lui Giorgio Armani,published,,variant_01KJFYB2TFS2HSCB7VE1ZHMQ7D
prod_01KJFYB2AKW4TKRP2TCRBB0CVA,parfum-item-2895,Polo Red Ralph Lauren,published,,variant_01KJFYB2TEV9BM8YX225SS405V
prod_01KJFYB2AKXE6EZWJT3NEFQGZY,parfum-item-2887,Tous Man,published,,variant_01KJFYB2TE6DB05T4SANE83CQW
prod_01KJFYB2AKZ5SNA206YPBB7P0H,parfum-item-2893,Gucci Guilty Black Pour Homme,published,,variant_01KJFYB2TET5HC27D82DSTEBQT
prod_01KJFYB2AM226NTCMA3GKZENR5,parfum-item-1863,Coco Mademoiselle Chanel Paris,published,,variant_01KJFYB2TJZ0M2JX793NHDAQ7P
prod_01KJFYB2AM5R864MHKXS5TADEB,parfum-item-2576,Emblem Montblanc,published,,variant_01KJFYB2TH30FSWSR8WXA40DT5
prod_01KJFYB2AM83XG6KJYKEZPKJJV,parfum-item-2592,Burberry Touch,published,,variant_01KJFYB2TG5WWMQM47DG9807QP
prod_01KJFYB2AM896E2WE2X91G0XMD,parfum-item-2587,Burberry Brit Sheer,published,,variant_01KJFYB2TGPYGRKYQJD0DDXS9X
prod_01KJFYB2AM9Q02TB5C9GYFHWDY,parfum-item-1853,212 Vip Men De Carolina Herrera,published,,variant_01KJFYB2TJ95ESGW4XEYJSNZWZ
prod_01KJFYB2AME59YRM6EZ14R2DXR,parfum-item-2581,Polo Verde Ralph Lauren,published,,variant_01KJFYB2TG66SFD7REY40JTKDY
prod_01KJFYB2AMFK9807FBE4E2WJRE,parfum-item-2580,Pleasures De Estee Lauder,published,,variant_01KJFYB2TGZCEWVJVRJ993VHQX
prod_01KJFYB2AMH2WGV27W7HVA3XY9,parfum-item-1917,Amor Amor De Cacharel,published,,variant_01KJFYB2TJ6M35Y8HZ4BRB8PS9
prod_01KJFYB2AMHENGS3232K6CZBCD,parfum-item-2123,Terre D'hermes De Hermes,published,,variant_01KJFYB2THMMDHKHDYK3G3H1RK
prod_01KJFYB2AMHYCWMCQTW2VAWQXA,parfum-item-2112,Diamonds And Rubies Elizabeth Taylor Mujer,published,,variant_01KJFYB2THSN29KXB69087THZK
prod_01KJFYB2AMJ0E6A16DFWC5YYT1,parfum-item-1904,Burberry Brit For Men,published,,variant_01KJFYB2TJ37YZ24N2ESK4JB70
prod_01KJFYB2AMP219NMVTZZTC4KZJ,parfum-item-1795,Platinum Egoiste De Chanel,published,,variant_01KJFYB2TJPMJNYNRE88TDQQ0J
prod_01KJFYB2AMP8S6CB6DVSXJK920,parfum-item-1794,Live De Jennifer Lopez,published,,variant_01KJFYB2TJ7JADJ1QAJYH9N7KP
prod_01KJFYB2AMPM0F20WGX9PQ1NFD,parfum-item-2571,212 Vip Rose De Carolina Herrera,published,,variant_01KJFYB2THCPD1R46PQKPXA8QT
prod_01KJFYB2AMQ94JXZBTD46PVDV2,parfum-item-2119,Gentleman Only De Givenchy,published,,variant_01KJFYB2THJ0D0M73NGHC6Q418
prod_01KJFYB2AMQBJ6T24P47YJBA4F,parfum-item-2572,Lacoste L.12.12 Jaune Yellow,published,,variant_01KJFYB2THDNWBWTANYP33TYC4
prod_01KJFYB2AMQX7WR5T5WENTE0R2,parfum-item-1857,Declaration De Cartier,published,,variant_01KJFYB2TJ40S21QYGWX5DCV3E
prod_01KJFYB2AMT8JV8DR44MJVCGFN,parfum-item-2125,Jean Paul Gaultier Le Classique,published,,variant_01KJFYB2TH1AYEEVH4XT692KT5
prod_01KJFYB2AMW0KN35JR7GVNSPVR,parfum-item-2579,You & I One Direction,published,,variant_01KJFYB2TG1RJ14W22FRQ6E1AS
prod_01KJFYB2AMWA8M7X1E984YNKH0,parfum-item-2115,Eternity Calvin Klein,published,,variant_01KJFYB2TH5XDZQ9CKDT76FPXJ
prod_01KJFYB2AMYMKF85DHGRJD7VJR,parfum-item-2111,Diamonds And Sapphires Elizabeth Taylor Mujer,published,,variant_01KJFYB2TJ5P6HER0C7ZT4GB5B
prod_01KJFYB2AMZ72VATVKYXCAK0QB,parfum-item-2114,Eternity Calvin Klein,published,,variant_01KJFYB2THY786WWTXW1YFS76K
prod_01KJFYB2AN3KK2S3AHVTM25JGK,parfum-item-1765,Polo Black De Ralph Lauren,published,,variant_01KJFYB2TMZ52BJTGXP7GZJG65
prod_01KJFYB2AN3VB0W13JHV4FEDMS,parfum-item-1764,Soir De Lune De Sisley,published,,variant_01KJFYB2TMC160ZS1XWAXF5WG8
prod_01KJFYB2AN7BVXWCQWSKXPGF0A,parfum-item-1751,Nautica Classic,published,,variant_01KJFYB2TNA6HDJ7YRFJ1FRDGW
prod_01KJFYB2AN8EFB40DBCN7XMSQG,parfum-item-1780,Diesel Only The Brave,published,,variant_01KJFYB2TK6KP379WFPYXVJ6Y2
prod_01KJFYB2AN8KDBJVC4PEAH3VCR,parfum-item-1783,Diesel Only The Brave Tattoo,published,,variant_01KJFYB2TKANC8MXAAWVCSBJBN
prod_01KJFYB2AN9R4JZ330EBERSK5E,parfum-item-1774,Hugo Deep Red De Hugo Boss Mujer,published,,variant_01KJFYB2TKAF366AJACQ62WHDP
prod_01KJFYB2ANB7N81EPXHYJ3Z6K2,parfum-item-1758,Acqua Di Gio De Giorgio Armani,published,,variant_01KJFYB2TNMSEEMA3K1ZP5WQ4R
prod_01KJFYB2ANCDG013GQ430W46EG,parfum-item-1769,Black Seduction De Antonio Banderas,published,,variant_01KJFYB2TMJDM34T3FWT5TX95A
prod_01KJFYB2ANHJKS7SPBHEYVRY6X,parfum-item-1763,Versace The Dreamer,published,,variant_01KJFYB2TMSABFRXYQ9NYEQKKG
prod_01KJFYB2ANJ0C3E82RAGC70KH5,parfum-item-1773,Guess Tradicional,published,,variant_01KJFYB2TMAKMRH98Y2518NGQ2
prod_01KJFYB2ANJAMSZQYSHJYZC4SZ,parfum-item-1788,Invictus Paco Rabanne,published,,variant_01KJFYB2TKY5WB2FYKS54W0RXY
prod_01KJFYB2ANJH4ER25KGY08AS5Q,parfum-item-1762,Baby Tous De Tous,published,,variant_01KJFYB2TMWCZW3EGQ67Y2XTYM
prod_01KJFYB2ANJRRD8218XFD9W88K,parfum-item-1775,Paris De Yves Saint Laurent,published,,variant_01KJFYB2TK8YMT9JP3KE2REVHF
prod_01KJFYB2ANJT2XYPDA1PRG5XJK,parfum-item-1784,Polo Blue De Ralph Lauren,published,,variant_01KJFYB2TK36G85RHG1V0X7JPH
prod_01KJFYB2ANKTHDECJESNFSEH56,parfum-item-1760,Halloween Man De J Del Pozo,published,,variant_01KJFYB2TNHM4P52TZFBP1B49H
prod_01KJFYB2ANMX20FPNR1JKPBWW5,parfum-item-1767,Legend De Montblanc,published,,variant_01KJFYB2TMSAS6ZYFS0KF7WF55
prod_01KJFYB2ANQF64X1YN60G9NQF5,parfum-item-1761,Dark Blue De Hugo Boss,published,,variant_01KJFYB2TNB6MS4G2ST6SQFZ3W
prod_01KJFYB2ANQQEDCCWZ8VTBMEFM,parfum-item-1779,Fairy Dust De Paris Hilton,published,,variant_01KJFYB2TKQ0QX8WZQ39X10305
prod_01KJFYB2ANRAA983VSCH9CWTYB,parfum-item-1792,Live Luxe De Jennifer Lopez Mujer,published,,variant_01KJFYB2TJ46MZK69D3FZ32V29
prod_01KJFYB2ANRM80AVN3KMVFVD09,parfum-item-1786,La Vie Est Belle De Lancome,published,,variant_01KJFYB2TKSZNATSS1ZTTV2CF8
prod_01KJFYB2ANV8RZ5YYHY45T6NFK,parfum-item-1759,Ch Men Carolina Herrera,published,,variant_01KJFYB2TNJDASK92Y4QENH106
prod_01KJFYB2ANVDNASQR6ZSCE0S9E,parfum-item-1766,Nautica Voyage,published,,variant_01KJFYB2TMWKF105V6VA8F1RCX
prod_01KJFYB2AP2P5RJ9ST6JW7FGC7,parfum-item-1716,Givenchy Pour Homme,published,,variant_01KJFYB2TPNPC7CVSDVK16AHSY
prod_01KJFYB2AP52EYCB6869913GWW,parfum-item-1686,Ultraviolet Man De Paco Rabanne Hombre,published,,variant_01KJFYB2TQ4X7CWPWD43CGRJAY
prod_01KJFYB2AP5XEHT9E2702ZFKYP,parfum-item-1720,L'eau D'issey De Issey Miyake,published,,variant_01KJFYB2TPCFJVD9VDXZRVSHWY
prod_01KJFYB2AP72QAJWNJBZDC7WZK,parfum-item-1719,Guess De Marciano,published,,variant_01KJFYB2TPHWV68RCB4PYNPDQG
prod_01KJFYB2AP7W0EJPS68ZYPZ629,parfum-item-1747,Dolce & Gabbana Tradicional,published,,variant_01KJFYB2TN3ZJQ8ANHB93GKXYN
prod_01KJFYB2AP8D3KFPTRNCDWXD06,parfum-item-1697,Cool Water De Davidoff,published,,variant_01KJFYB2TQDZH342BSJW90T8EV
prod_01KJFYB2AP91A5DTA4J2D0YZQN,parfum-item-1748,Dolce & Gabbana Tradicional,published,,variant_01KJFYB2TNNWPN49QG1ZHVPESB
prod_01KJFYB2APMX06CHJRE3ZSMDZF,parfum-item-1696,Cool Water De Davidoff,published,,variant_01KJFYB2TQ0H6XB2W2CSFZXAPP
prod_01KJFYB2APNYJ4W8Y716S7GWD6,parfum-item-1713,I Love Love Cheap & Chic Moschino Mujer,published,,variant_01KJFYB2TP9KK2K72067T5C4X2
prod_01KJFYB2APREFPF6XXF0XPAPFX,parfum-item-1746,Arsenal De Gilles Cantuel,published,,variant_01KJFYB2TNMR6JG0P24N788C5A
prod_01KJFYB2APS3W2M28M0S5N107R,parfum-item-1733,Ck Be De Calvin Klein,published,,variant_01KJFYB2TNQ2R7TX6F7EWPF7JA
prod_01KJFYB2APTW6T91CMG24EZW7Q,parfum-item-1707,Pi De Givenchy,published,,variant_01KJFYB2TPJ7HS856FC92NDYP2
prod_01KJFYB2APVE2Q16QG3ZW084J1,parfum-item-1721,L'eau D'issey De Issey Miyake,published,,variant_01KJFYB2TPA95917KHY4XYK0ZN
prod_01KJFYB2APWE5QZ2D2EFXWS5YS,parfum-item-1714,Moschino Funny,published,,variant_01KJFYB2TPG0526B42A0GZDQGF
prod_01KJFYB2APY94WEXGZNXNTCC3Z,parfum-item-1702,Ck In 2U De Calvin Klein,published,,variant_01KJFYB2TPETE2D657WHFR7S4Y
prod_01KJFYB2APYK8VGSYDCT9PHZE5,parfum-item-1690,United Colors De Benetton Mujer,published,,variant_01KJFYB2TQ3MZXSFRX00V0GTCF
prod_01KJFYB2APYRT4Y4TPY4363X3H,parfum-item-1689,Boss Bottled Night De Hugo Boss,published,,variant_01KJFYB2TQWDDW40YBHWZY9J08
prod_01KJFYB2APZD5PB8Y7RD40QR5G,parfum-item-1717,Ck One De Calvin Klein,published,,variant_01KJFYB2TPT7WJKTSE06W2JFTZ
prod_01KJFYB2AQ06G4SJ06R0RDTB6B,parfum-item-1673,Versace Man Eau Fraiche,published,,variant_01KJFYB2TR38E4YQGA4DR3GD0M
prod_01KJFYB2AQ1JKW2N75XGBWF6TF,parfum-item-1672,Siren De Paris Hilton,published,,variant_01KJFYB2TRABWBSY38ETGSRP8G
prod_01KJFYB2AQ2EPJV9RRY45VPG2X,parfum-item-1642,Organza Givenchy,published,,variant_01KJFYB2TS8VK6EKDTXPPF3HBH
prod_01KJFYB2AQ2T6YQ7XN3XQGJ1M7,parfum-item-1663,Ange Ou Demon Le Secret De Givenchy,published,,variant_01KJFYB2TRNBJ8JV2RN93X7WT6
prod_01KJFYB2AQ874XPHRDK9Y8RMS8,parfum-item-1680,Hugo Boss Xy,published,,variant_01KJFYB2TQ5RGDHEWY0FF5W9XZ
prod_01KJFYB2AQ9X6YPZKA4CQYGYQF,parfum-item-1676,Tommy Girl De Tommy Hilfiger,published,,variant_01KJFYB2TQPFX2G1HB1JFG650X
prod_01KJFYB2AQDBJ71TFP4VEK7RAP,parfum-item-1674,Heiress De Paris Hilton,published,,variant_01KJFYB2TRAAYCFCPWT32JKJWX
prod_01KJFYB2AQFNF0C8GJ48CZVF4G,parfum-item-1682,Polo Pony Numero 1 Ralph Lauren,published,,variant_01KJFYB2TQ5JKWVVF5R0VRFPB6
prod_01KJFYB2AQJ23C5ZG6Y4C5Y31R,parfum-item-1658,Gucci Guilty Pour Homme,published,,variant_01KJFYB2TS4QHY8YGJNPS8GZY8
prod_01KJFYB2AQKKWJVV1PGVPVKZ2X,parfum-item-1677,Tommy De Tommy Hilfiger,published,,variant_01KJFYB2TQ4PK03MHM0CJXCVX4
prod_01KJFYB2AQM0ATQEM0C1PAD1AY,parfum-item-1668,The One De Dolce & Gabbana,published,,variant_01KJFYB2TR99C73M6CQRGKXTA8
prod_01KJFYB2AQMQRQ549FWPZ4NVJH,parfum-item-1625,Incanto Charms De Ferragamo,published,,variant_01KJFYB2TST02A6WP0V13QB6S5
prod_01KJFYB2AQPG7CWY4X429DG5A7,parfum-item-1627,Incanto Shine De Ferragamo,published,,variant_01KJFYB2TSTWD2PTSEM3HJVSP6
prod_01KJFYB2AQR5T8477FPECBGGD6,parfum-item-1641,Moschino Pink Bouquet,published,,variant_01KJFYB2TSE8HWEP2S43TAPE7T
prod_01KJFYB2AQS634EBXSMG81PSYJ,parfum-item-1671,Yellow Diamond Versace,published,,variant_01KJFYB2TR39WHB35NHXBBEGSF
prod_01KJFYB2AQV71PMC8XENZKXTXA,parfum-item-1667,The One De Dolce & Gabbana,published,,variant_01KJFYB2TR78S88HJZ1WQ6TGEQ
prod_01KJFYB2AQV9DFQM0DWFKJ2G0N,parfum-item-1629,L'eau D'issey Miyake Pour Homme Sport,published,,variant_01KJFYB2TSSNCXYQVM5PHG7KWW
prod_01KJFYB2AQVBJQNRD82780D7H0,parfum-item-1638,F De Ferragamo Black Pour Homme,published,,variant_01KJFYB2TSVCAXM32VNF4K4WR7
prod_01KJFYB2AQW1K0K9HRM7ZVY1HQ,parfum-item-1670,Tous Touch The Original Gold De Tous,published,,variant_01KJFYB2TRMW0PE9XNVYZP2EYR
prod_01KJFYB2AQXAHVXAA2Z2Q9T99V,parfum-item-1669,Tous Gold 90  De Tous Mujer,published,,variant_01KJFYB2TRJ2N8A65DM6XVPQXY
prod_01KJFYB2AQYBC1S4Y6DTP9T0PR,parfum-item-1628,L'eau D'issey Miyake Pour Homme Intense,published,,variant_01KJFYB2TSVA82PSSH0EZHP03A
prod_01KJFYB2AQZFXDSPKS79CXEXAV,parfum-item-1664,Crystal Noir Versace,published,,variant_01KJFYB2TR7HPEWVXAABQ2WFYW
prod_01KJFYB2AR048S70RGHY9E02T0,parfum-item-1624,Guess Girl De Guess,published,,variant_01KJFYB2TSMMGPKYAC048G79H9
prod_01KJFYB2AR3PWF5XQ561RS266R,parfum-item-1541,Escape De Calvin Klein,published,,variant_01KJFYB2TV3PG997J5FNJRVX2S
prod_01KJFYB2AR7VBECZJT65YQE3MX,parfum-item-1548,Versace Pour Homme,published,,variant_01KJFYB2TV097R0Q6VNPFYNA6A
prod_01KJFYB2AR8CYVC81GCR527XDK,parfum-item-1579,Nautica Blue,published,,variant_01KJFYB2TTF2YY3785EN79NACW
prod_01KJFYB2AR8QJEB7DHV4AH7Q9T,parfum-item-1623,Midnight Fantasy Britney Spears,published,,variant_01KJFYB2TTQVEA3SYWR4040NKT
prod_01KJFYB2ARAY1K8RR3S71GG9NW,parfum-item-1556,Blue Label Pour Homme Givenchy,published,,variant_01KJFYB2TTXVCQHZ4FHNS46B81
prod_01KJFYB2ARDXZYRFF3WBGR8J3N,parfum-item-1582,Ricci Ricci De Nina Ricci,published,,variant_01KJFYB2TTHYAPNW5JYR2EYYGZ
prod_01KJFYB2ARFERT3M3H4PGKM404,parfum-item-1620,Fantasy De Britney Spears,published,,variant_01KJFYB2TTQ3NVXDKSPWFC2Z7N
prod_01KJFYB2ARH06YGX2CPN50FDZW,parfum-item-1540,Calvin Klein Obsession,published,,variant_01KJFYB2TWA22NEX4GYCJAPNN6
prod_01KJFYB2ARJD2ESJWDG4BDG0CE,parfum-item-1599,Fahrenheit Christian Dior,published,,variant_01KJFYB2TTSPZ7CQ8MH9K1H9EX
prod_01KJFYB2ARK2S52G65BTCBG5PF,parfum-item-1557,Lacoste Essential,published,,variant_01KJFYB2TTSNYH8GZHVTHJX2MD
prod_01KJFYB2ARKHH9FATAVDVWCYPD,parfum-item-1549,Versace Versense,published,,variant_01KJFYB2TVA2CRYAGKQ3458X6B
prod_01KJFYB2ARKRZ01JAGP2GDYMGP,parfum-item-1554,J'adore Christian Dior,published,,variant_01KJFYB2TVGEQCND1Y0N5H786J
prod_01KJFYB2ARP8XDQRAMBB5KJRB4,parfum-item-1547,Versace Pour Homme,published,,variant_01KJFYB2TV50M1MSNZDT1EWQSJ
prod_01KJFYB2ARPB5NWY7QQ5DVVFRA,parfum-item-1577,Ch Men Sport De Carolina Herrera,published,,variant_01KJFYB2TTSHRGEJAG2EKRWENH
prod_01KJFYB2ARSK2EV1X2HK9TQ00E,parfum-item-1553,Dune De Christian Dior,published,,variant_01KJFYB2TVH6HKT8CXQPSNYVB1
prod_01KJFYB2ART1TZZ2BW3JR8M1X0,parfum-item-1569,Adidas Victory League,published,,variant_01KJFYB2TTDKSQ5FWKG2VGRSGQ
prod_01KJFYB2ARTFNM2XY1KCCXAMWD,parfum-item-1551,Allure Sport Eau Extreme Chanel,published,,variant_01KJFYB2TVKWH07NMG6D37RZN3
prod_01KJFYB2ARWZRSZSVJVSAS68RC,parfum-item-1545,Hugo Man De Hugo Boss,published,,variant_01KJFYB2TVB1V0QAZGH13VQAG4
prod_01KJFYB2ARZ5WSJG9JQFGCDVJK,parfum-item-1552,Allure Homme Edition Blanche Chanel,published,,variant_01KJFYB2TV5VQ6CHKEX2CPMJY9
prod_01KJFYB2AS0E45RKKP6MX9197G,parfum-item-431,Montblanc Presence,published,,variant_01KJFYB2TYQEW8PSPT71N7H4AH
prod_01KJFYB2AS45BWNK3F7J74DXDM,parfum-item-1524,Light Blue De Dolce & Gabbana,published,,variant_01KJFYB2TXRPWWE56Z9A64AXGK
prod_01KJFYB2AS5SV2PEMGN3J1FZ5C,parfum-item-1397,212 Vip Carolina Herrera,published,,variant_01KJFYB2TXSVZ76Q00QRMFQX00
prod_01KJFYB2AS603XNVT4GA1E3GVJ,parfum-item-1537,Bvlgari Petits Et Mamans,published,,variant_01KJFYB2TW5NY6H1M9YT5P7NC6
prod_01KJFYB2AS63524FNQ41NM0HR5,parfum-item-1533,Bleu De Chanel,published,,variant_01KJFYB2TWNPGRS14P9HKMKTS0
prod_01KJFYB2AS6FR2HP3N5AKMDYSW,parfum-item-1393,Amarige De Givenchy,published,,variant_01KJFYB2TY29R3CCR0ZDN6KM77
prod_01KJFYB2AS6H9M3M98DGY7Z82Y,parfum-item-1176,Euphoria Calvin Klein,published,,variant_01KJFYB2TYFNG0E1CBDJFQHAYR
prod_01KJFYB2AS6RMVHY88FY88PYCH,parfum-item-1401,Hugo Boss Xx,published,,variant_01KJFYB2TXCA9JQF1NJZQNNXKK
prod_01KJFYB2AS73V1KVAJTS6NNDBG,parfum-item-1535,Bleu De Chanel,published,,variant_01KJFYB2TW4FRAWS10F5YWX2NY
prod_01KJFYB2AS7WJBWPQBWTK61NFH,parfum-item-1523,Lady Million De Paco Rabanne,published,,variant_01KJFYB2TXN73XWN37WXGBKGR0
prod_01KJFYB2ASBFVER94Q2VXDD852,parfum-item-1403,Ralph De Ralph Lauren,published,,variant_01KJFYB2TX30BRS0S53WJWAZAR
prod_01KJFYB2ASEGWDBKMVZ6K6CJJ7,parfum-item-1529,Boss In Motion 100  De Hugo Boss Hombre EDT,published,,variant_01KJFYB2TW0ER1HEF4BVPST3SN
prod_01KJFYB2ASFFSM63F5YFCCHSP4,parfum-item-1526,Starwalker De Montblanc,published,,variant_01KJFYB2TWS332019YBB4BDY63
prod_01KJFYB2ASG6A3A1DRXXGCE7QZ,parfum-item-1525,Presence D' Une Femme De Montblanc,published,,variant_01KJFYB2TXWQX00W0KD3DJD6G6
prod_01KJFYB2ASJ1BE11H3BB1NJ1KF,parfum-item-423,Pasha De Cartier,published,,variant_01KJFYB2TYZGP8FCMY4XKT8H55
prod_01KJFYB2ASJJGRZ5EYFC7AGPEC,parfum-item-1398,Beauty De Calvin Klein,published,,variant_01KJFYB2TX3MBNM9A9MNQ0MWW0
prod_01KJFYB2ASKB75YTCMAKY9KEP2,parfum-item-1527,Paloma Picasso De Paloma Picasso,published,,variant_01KJFYB2TW63GT6HSWGFGAZ2QG
prod_01KJFYB2ASKKNZ0ZMM55522ERE,parfum-item-1402,Lacoste Touch Of Pink De,published,,variant_01KJFYB2TXXC3QMBSM1VGRSEBJ
prod_01KJFYB2ASP73C035JH273MG4T,parfum-item-1522,Lacoste Blanc L.12.12,published,,variant_01KJFYB2TX88ZS9T42G7W1AW3F
prod_01KJFYB2ASPH21Z0N495GG44FH,parfum-item-1539,Calvin Klein Obsession,published,,variant_01KJFYB2TW8YKSBKA6ZKSZ3S16
prod_01KJFYB2ASWM917C790H9NVBRR,parfum-item-1177,Eternity De Calvin Klein,published,,variant_01KJFYB2TYM4HWGCS98RG66VK5
prod_01KJFYB2ASZ51CFT50YGSV6CV2,parfum-item-1394,Angel De Thierry Mugler Mujer,published,,variant_01KJFYB2TYCC31JG6ZEEAMB7M6
prod_01KJFYB2ASZ646PSMBF01DE8M3,parfum-item-1531,Halloween,published,,variant_01KJFYB2TWGMC6NDS8164Y6P2G
prod_01KJFYB2AT0QTYBNKHN7EAMCKY,parfum-item-413,Boss Selection De Hugo Boss,published,,variant_01KJFYB2TZ378WYR7DE45RJMAD
prod_01KJFYB2AT0X5YVB02G2WNR1W3,parfum-item-389,273 Fred Hayman Beverly Hills,published,,variant_01KJFYB2V04SDW1S5AHZQA2DT0
prod_01KJFYB2AT2FRN0JYTR3HXSVSQ,parfum-item-411,212 Sexy Men De Carolina Herrera,published,,variant_01KJFYB2TZPGDBR6C92P1YCNP0
prod_01KJFYB2AT2HY79P0AR41R5230,parfum-item-391,Paris Hilton Tradicional,published,,variant_01KJFYB2V0Q3QCAV1JK68DZ1T3
prod_01KJFYB2AT2RJVE13HFS93D215,parfum-item-422,One Million De Paco Rabanne,published,,variant_01KJFYB2TY8W7YRCT0XXPFBWF2
prod_01KJFYB2AT34DGG1HX0MS6FZQH,parfum-item-392,Lolita Lempicka,published,,variant_01KJFYB2TZ0MA0392G2Y4GN0H9
prod_01KJFYB2AT78AT7QGM2XY4E15B,parfum-item-11779,"Set Dylan Blue Versace Pour Femme, 4 Pcs Bolso",published,,variant_01KJFYB2V0BG9T0ASXG0CQJD8A
prod_01KJFYB2AT8M12TW2FV9A8BN32,parfum-item-415,Ck In 2U For Him De Calvin Klein,published,,variant_01KJFYB2TZ0KQ1MAT8M5S08H6R
prod_01KJFYB2ATDH86466HM2D91C7Q,parfum-item-420,Le Male De Jean Paul Gaultier Hombre,published,,variant_01KJFYB2TYEHQVXSXYCY7AQJPN
prod_01KJFYB2ATEDZJVS6HFX893P71,parfum-item-11872,"Set Mod Vanilla Ariana Grande, 3 Pcs",published,,variant_01KJFYB2V0PHATXEZY892GX0G8
prod_01KJFYB2ATFC4AMNS8A00FBYST,parfum-item-421,Light Blue Pour Homme De Dolce & Gabbana,published,,variant_01KJFYB2TYANV0FRVXCTCBYGH8
prod_01KJFYB2ATJRK77Y757P3PQ3ET,parfum-item-286,212 Men De Carolina Herrera,published,,variant_01KJFYB2V04QVR57YPW49R98PX
prod_01KJFYB2ATM84YQQS5E5Q8CB6K,parfum-item-412,360¬∫ Red Perry Ellis,published,,variant_01KJFYB2TZ5ZB9XJW93WA6QF28
prod_01KJFYB2ATNPQXBFWJJ2MHR73K,parfum-item-395,212 NYC Carolina Herrera,published,,variant_01KJFYB2TZQT14CR3QFX1XRCZM
prod_01KJFYB2ATPEPM7X73EN1AXNHA,parfum-item-11470,"Set 273 Rodeo Drive Fred Hayman, 4 Pcs",published,,variant_01KJFYB2V1AYFEQ3SCA6SBDECQ
prod_01KJFYB2ATR3CRFQCXM15D1RYY,parfum-item-396,Can Can De Paris Hilton,published,,variant_01KJFYB2TZQ10FRMAMYRHP4GC8
prod_01KJFYB2ATT6VTKRH706MMHF8P,parfum-item-11955,"Set Good Girl Carolina Herrera, 3 Pcs",published,,variant_01KJFYB2V09HMTMTXCQX2KQP25
prod_01KJFYB2ATVM26Q9ZE6EC66D4A,parfum-item-11572,"Set Sense Laverne, 2 Pcs",published,,variant_01KJFYB2V0FC9EKV9M37EGFE78
prod_01KJFYB2ATVRX4NAG92VRBFCKN,parfum-item-11871,"Set Million Gold Paco Rabanne, 3 Pcs",published,,variant_01KJFYB2V04V41P0JEF9X7PJ15
prod_01KJFYB2ATVTRF4D2QN46XB62B,parfum-item-394,212 Sexy Woman Carolina Herrera,published,,variant_01KJFYB2TZMZJ3PMJDECXGGHDA
prod_01KJFYB2ATXB5A4F3K5D1SVV8S,parfum-item-393,Ch Carolina Herrera,published,,variant_01KJFYB2TZDW3B7HT6VFPEWF5Y
prod_01KJFYB2AV3PA9S2CNDQJJS42X,parfum-item-7150,"Set Olympea De Paco Rabanne, 3 Pcs Mujer",published,,variant_01KJFYB2V1Q8TA5BSQPQRVXXT2
prod_01KJFYB2AV3TRN0H5W5F8MGG5X,parfum-product-87c61827-3413-ef4a-9e2a-c5fe384ef71b,DELPHINUS CREED 100 ML EDP UNISEX,published,346e0f_3c638f08f27444bea09121d5919f08a0~mv2.webp,variant_01KJFYB2V27QC6XN30S1H6N2GM
prod_01KJFYB2AV4N0KM5HS6R440X4W,parfum-product-e2a2886f-08e5-0bbb-e9ae-ffe6c327c311,KILIAN PARIS PLAYING WITH THE DEVIL KILIAN 50 ML EDP DAMA,published,346e0f_49e64393b2954180bdfbc89c0c7feaae~mv2.webp,variant_01KJFYB2V2EV7RVMG35NHSEFQP
prod_01KJFYB2AVAB71HFAQ91KC2A1K,parfum-item-10650,"Set Double Bharara, 4 Pcs Hombre 100 Ml",published,,variant_01KJFYB2V1BRZK6EGS4RAWPCHK
prod_01KJFYB2AVABHRYQP703Y4ZQ7T,parfum-item-6318,"Set Versace Yellow Diamond, 4 Pcs Mujer",published,,variant_01KJFYB2V1P5JAYFF11TEQTVJW
prod_01KJFYB2AVC5Z70YRY497C74QM,parfum-item-5124,"Estuche Classique De Jean Paul Gaultier, 3 Pcs Mujer",published,,variant_01KJFYB2V2TJA06S4P9E7HCRNT
prod_01KJFYB2AVC8KV618FDYYTX31K,parfum-item-11349,"Set Eilish Billie Eilish No 2 Unisex, 2 Pcs",published,,variant_01KJFYB2V15HVEM7CVAJZXR4BJ
prod_01KJFYB2AVEJ3R8P6PAZA9XT7R,parfum-item-5514,"Estuche 1 Million De Paco Rabanne, 3 Pcs Hombre",published,,variant_01KJFYB2V13D0Y8PBZMTBY2N83
prod_01KJFYB2AVGKXW6WNTQ5479K2X,parfum-item-6193,"Estuche 360 Red De Perry Ellis Set X, 4 Pcs Hombre",published,,variant_01KJFYB2V1CR5YQEF9EVE0EJ6W
prod_01KJFYB2AVJ9RFG6VP9M3JT6V1,parfum-item-11276,"Discovery Set Club De Nuit Armaf, x10 Pcs",published,,variant_01KJFYB2V1YYEVCK2SZJ11TSDH
prod_01KJFYB2AVJX3F2PP00KETMN8C,parfum-item-10681,"Set Invictus Victory Paco Rabanne, 3 Pcs Hombre",published,,variant_01KJFYB2V1KWX9FM8V6JEERY6D
prod_01KJFYB2AVKME9CETPXQXEXV10,parfum-item-7008,"Set Paris Hilton Tradicional, 4 Pcs Mujer",published,,variant_01KJFYB2V272E584B4WPNH20R9